Copyright 1986-2022 Xilinx, Inc. All Rights Reserved. Copyright 2022-2025 Advanced Micro Devices, Inc. All Rights Reserved.
------------------------------------------------------------------------------------------------------------------------------------------------------------------------------------------------------------------------------------------------------------------
| Tool Version : Vivado v.2025.2 (win64) Build 6299465 Fri Nov 14 19:35:11 GMT 2025
| Date         : Tue Apr 14 04:46:20 2026
| Host         : Batu running 64-bit major release  (build 9200)
| Command      : report_timing_summary -max_paths 10 -routable_nets -report_unconstrained -file mlp_system_wrapper_timing_summary_routed.rpt -pb mlp_system_wrapper_timing_summary_routed.pb -rpx mlp_system_wrapper_timing_summary_routed.rpx -warn_on_violation
| Design       : mlp_system_wrapper
| Device       : 7z020-clg484
| Speed File   : -1  PRODUCTION 1.12 2019-11-22
| Design State : Routed
------------------------------------------------------------------------------------------------------------------------------------------------------------------------------------------------------------------------------------------------------------------

Timing Summary Report

------------------------------------------------------------------------------------------------
| Timer Settings
| --------------
------------------------------------------------------------------------------------------------

  Enable Multi Corner Analysis               :  Yes
  Enable Pessimism Removal                   :  Yes
  Pessimism Removal Resolution               :  Nearest Common Node
  Enable Input Delay Default Clock           :  No
  Enable Preset / Clear Arcs                 :  No
  Disable Flight Delays                      :  No
  Ignore I/O Paths                           :  No
  Timing Early Launch at Borrowing Latches   :  No
  Borrow Time for Max Delay Exceptions       :  Yes
  Merge Timing Exceptions                    :  Yes
  Inter-SLR Compensation                     :  Conservative

  Corner  Analyze    Analyze    
  Name    Max Paths  Min Paths  
  ------  ---------  ---------  
  Slow    Yes        Yes        
  Fast    Yes        Yes        


------------------------------------------------------------------------------------------------
| Report Methodology
| ------------------
------------------------------------------------------------------------------------------------

Rule       Severity  Description                    Violations  
---------  --------  -----------------------------  ----------  
LUTAR-1    Warning   LUT drives async reset alert   1           
TIMING-16  Warning   Large setup violation          1000        
TIMING-18  Warning   Missing input or output delay  3           

Note: This report is based on the most recent report_methodology run and may not be up-to-date. Run report_methodology on the current design for the latest report.



check_timing report

Table of Contents
-----------------
1. checking no_clock (0)
2. checking constant_clock (0)
3. checking pulse_width_clock (0)
4. checking unconstrained_internal_endpoints (0)
5. checking no_input_delay (0)
6. checking no_output_delay (3)
7. checking multiple_clock (0)
8. checking generated_clocks (0)
9. checking loops (0)
10. checking partial_input_delay (0)
11. checking partial_output_delay (0)
12. checking latch_loops (0)

1. checking no_clock (0)
------------------------
 There are 0 register/latch pins with no clock.


2. checking constant_clock (0)
------------------------------
 There are 0 register/latch pins with constant_clock.


3. checking pulse_width_clock (0)
---------------------------------
 There are 0 register/latch pins which need pulse_width check


4. checking unconstrained_internal_endpoints (0)
------------------------------------------------
 There are 0 pins that are not constrained for maximum delay.

 There are 0 pins that are not constrained for maximum delay due to constant clock.


5. checking no_input_delay (0)
------------------------------
 There are 0 input ports with no input delay specified.

 There are 0 input ports with no input delay but user has a false path constraint.


6. checking no_output_delay (3)
-------------------------------
 There are 3 ports with no output delay specified. (HIGH)

 There are 0 ports with no output delay but user has a false path constraint

 There are 0 ports with no output delay but with a timing clock defined on it or propagating through it


7. checking multiple_clock (0)
------------------------------
 There are 0 register/latch pins with multiple clocks.


8. checking generated_clocks (0)
--------------------------------
 There are 0 generated clocks that are not connected to a clock source.


9. checking loops (0)
---------------------
 There are 0 combinational loops in the design.


10. checking partial_input_delay (0)
------------------------------------
 There are 0 input ports with partial input delay specified.


11. checking partial_output_delay (0)
-------------------------------------
 There are 0 ports with partial output delay specified.


12. checking latch_loops (0)
----------------------------
 There are 0 combinational latch loops in the design through latch input



------------------------------------------------------------------------------------------------
| Design Timing Summary
| ---------------------
------------------------------------------------------------------------------------------------

    WNS(ns)      TNS(ns)  TNS Failing Endpoints  TNS Total Endpoints      WHS(ns)      THS(ns)  THS Failing Endpoints  THS Total Endpoints     WPWS(ns)     TPWS(ns)  TPWS Failing Endpoints  TPWS Total Endpoints  
    -------      -------  ---------------------  -------------------      -------      -------  ---------------------  -------------------     --------     --------  ----------------------  --------------------  
   -103.827   -32395.262                   3825                12808        0.064        0.000                      0                12808        3.750        0.000                       0                  2399  


Timing constraints are not met.


------------------------------------------------------------------------------------------------
| Clock Summary
| -------------
------------------------------------------------------------------------------------------------

Clock       Waveform(ns)       Period(ns)      Frequency(MHz)
-----       ------------       ----------      --------------
clk_fpga_0  {0.000 5.000}      10.000          100.000         


------------------------------------------------------------------------------------------------
| Intra Clock Table
| -----------------
------------------------------------------------------------------------------------------------

Clock             WNS(ns)      TNS(ns)  TNS Failing Endpoints  TNS Total Endpoints      WHS(ns)      THS(ns)  THS Failing Endpoints  THS Total Endpoints     WPWS(ns)     TPWS(ns)  TPWS Failing Endpoints  TPWS Total Endpoints  
-----             -------      -------  ---------------------  -------------------      -------      -------  ---------------------  -------------------     --------     --------  ----------------------  --------------------  
clk_fpga_0       -103.827   -32395.262                   3825                12776        0.064        0.000                      0                12776        3.750        0.000                       0                  2399  


------------------------------------------------------------------------------------------------
| Inter Clock Table
| -----------------
------------------------------------------------------------------------------------------------

From Clock    To Clock          WNS(ns)      TNS(ns)  TNS Failing Endpoints  TNS Total Endpoints      WHS(ns)      THS(ns)  THS Failing Endpoints  THS Total Endpoints  
----------    --------          -------      -------  ---------------------  -------------------      -------      -------  ---------------------  -------------------  


------------------------------------------------------------------------------------------------
| Other Path Groups Table
| -----------------------
------------------------------------------------------------------------------------------------

Path Group         From Clock         To Clock               WNS(ns)      TNS(ns)  TNS Failing Endpoints  TNS Total Endpoints      WHS(ns)      THS(ns)  THS Failing Endpoints  THS Total Endpoints  
----------         ----------         --------               -------      -------  ---------------------  -------------------      -------      -------  ---------------------  -------------------  
**async_default**  clk_fpga_0         clk_fpga_0               6.561        0.000                      0                   32        0.717        0.000                      0                   32  


------------------------------------------------------------------------------------------------
| User Ignored Path Table
| -----------------------
------------------------------------------------------------------------------------------------

Path Group    From Clock    To Clock    
----------    ----------    --------    
(none)                      clk_fpga_0    
(none)        clk_fpga_0    clk_fpga_0    


------------------------------------------------------------------------------------------------
| Unconstrained Path Table
| ------------------------
------------------------------------------------------------------------------------------------

Path Group    From Clock    To Clock    
----------    ----------    --------    
(none)        clk_fpga_0                  


------------------------------------------------------------------------------------------------
| Timing Details
| --------------
------------------------------------------------------------------------------------------------


---------------------------------------------------------------------------------------------------
From Clock:  clk_fpga_0
  To Clock:  clk_fpga_0

Setup :         3825  Failing Endpoints,  Worst Slack     -103.827ns,  Total Violation   -32395.263ns
Hold  :            0  Failing Endpoints,  Worst Slack        0.064ns,  Total Violation        0.000ns
PW    :            0  Failing Endpoints,  Worst Slack        3.750ns,  Total Violation        0.000ns
---------------------------------------------------------------------------------------------------


Max Delay Paths
--------------------------------------------------------------------------------------
Slack (VIOLATED) :        -103.827ns  (required time - arrival time)
  Source:                 mlp_system_i/mlp_axi_wrapper_0/U0/mlp_inst/l2_sum0/CLK
                            (rising edge-triggered cell DSP48E1 clocked by clk_fpga_0  {rise@0.000ns fall@5.000ns period=10.000ns})
  Destination:            mlp_system_i/mlp_axi_wrapper_0/U0/mlp_inst/l2_sum_reg[37]/D
                            (rising edge-triggered cell FDRE clocked by clk_fpga_0  {rise@0.000ns fall@5.000ns period=10.000ns})
  Path Group:             clk_fpga_0
  Path Type:              Setup (Max at Slow Process Corner)
  Requirement:            10.000ns  (clk_fpga_0 rise@10.000ns - clk_fpga_0 rise@0.000ns)
  Data Path Delay:        113.501ns  (logic 110.204ns (97.095%)  route 3.297ns (2.905%))
  Logic Levels:           71  (CARRY4=8 DSP48E1=62 LUT2=1)
  Clock Path Skew:        -0.234ns (DCD - SCD + CPR)
    Destination Clock Delay (DCD):    2.834ns = ( 12.834 - 10.000 ) 
    Source Clock Delay      (SCD):    3.184ns
    Clock Pessimism Removal (CPR):    0.115ns
  Clock Uncertainty:      0.154ns  ((TSJ^2 + TIJ^2)^1/2 + DJ) / 2 + PE
    Total System Jitter     (TSJ):    0.071ns
    Total Input Jitter      (TIJ):    0.300ns
    Discrete Jitter          (DJ):    0.000ns
    Phase Error              (PE):    0.000ns

    Location             Delay type                Incr(ns)  Path(ns)    Netlist Resource(s)
  -------------------------------------------------------------------    -------------------
                         (clock clk_fpga_0 rise edge)
                                                      0.000     0.000 r  
    PS7_X0Y0             PS7                          0.000     0.000 r  mlp_system_i/processing_system7_0/inst/PS7_i/FCLKCLK[0]
                         net (fo=1, routed)           1.193     1.193    mlp_system_i/processing_system7_0/inst/FCLK_CLK_unbuffered[0]
    BUFGCTRL_X0Y16       BUFG (Prop_bufg_I_O)         0.101     1.294 r  mlp_system_i/processing_system7_0/inst/buffer_fclk_clk_0.FCLK_CLK_0_BUFG/O
                         net (fo=2400, routed)        1.890     3.184    mlp_system_i/mlp_axi_wrapper_0/U0/mlp_inst/S_AXI_ACLK
    DSP48_X3Y1           DSP48E1                                      r  mlp_system_i/mlp_axi_wrapper_0/U0/mlp_inst/l2_sum0/CLK
  -------------------------------------------------------------------    -------------------
    DSP48_X3Y1           DSP48E1 (Prop_dsp48e1_CLK_PCOUT[47])
                                                      2.411     5.595 r  mlp_system_i/mlp_axi_wrapper_0/U0/mlp_inst/l2_sum0/PCOUT[47]
                         net (fo=1, routed)           0.002     5.597    mlp_system_i/mlp_axi_wrapper_0/U0/mlp_inst/l2_sum0_n_106
    DSP48_X3Y2           DSP48E1 (Prop_dsp48e1_PCIN[47]_PCOUT[47])
                                                      1.713     7.310 r  mlp_system_i/mlp_axi_wrapper_0/U0/mlp_inst/l2_sum0__0/PCOUT[47]
                         net (fo=1, routed)           0.002     7.312    mlp_system_i/mlp_axi_wrapper_0/U0/mlp_inst/l2_sum0__0_n_106
    DSP48_X3Y3           DSP48E1 (Prop_dsp48e1_PCIN[47]_PCOUT[47])
                                                      1.713     9.025 r  mlp_system_i/mlp_axi_wrapper_0/U0/mlp_inst/l2_sum0__1/PCOUT[47]
                         net (fo=1, routed)           0.002     9.027    mlp_system_i/mlp_axi_wrapper_0/U0/mlp_inst/l2_sum0__1_n_106
    DSP48_X3Y4           DSP48E1 (Prop_dsp48e1_PCIN[47]_PCOUT[47])
                                                      1.713    10.740 r  mlp_system_i/mlp_axi_wrapper_0/U0/mlp_inst/l2_sum0__2/PCOUT[47]
                         net (fo=1, routed)           0.002    10.742    mlp_system_i/mlp_axi_wrapper_0/U0/mlp_inst/l2_sum0__2_n_106
    DSP48_X3Y5           DSP48E1 (Prop_dsp48e1_PCIN[47]_PCOUT[47])
                                                      1.713    12.455 r  mlp_system_i/mlp_axi_wrapper_0/U0/mlp_inst/l2_sum0__3/PCOUT[47]
                         net (fo=1, routed)           0.002    12.457    mlp_system_i/mlp_axi_wrapper_0/U0/mlp_inst/l2_sum0__3_n_106
    DSP48_X3Y6           DSP48E1 (Prop_dsp48e1_PCIN[47]_PCOUT[47])
                                                      1.713    14.170 r  mlp_system_i/mlp_axi_wrapper_0/U0/mlp_inst/l2_sum0__4/PCOUT[47]
                         net (fo=1, routed)           0.002    14.172    mlp_system_i/mlp_axi_wrapper_0/U0/mlp_inst/l2_sum0__4_n_106
    DSP48_X3Y7           DSP48E1 (Prop_dsp48e1_PCIN[47]_PCOUT[47])
                                                      1.713    15.885 r  mlp_system_i/mlp_axi_wrapper_0/U0/mlp_inst/l2_sum0__5/PCOUT[47]
                         net (fo=1, routed)           0.002    15.887    mlp_system_i/mlp_axi_wrapper_0/U0/mlp_inst/l2_sum0__5_n_106
    DSP48_X3Y8           DSP48E1 (Prop_dsp48e1_PCIN[47]_PCOUT[47])
                                                      1.713    17.600 r  mlp_system_i/mlp_axi_wrapper_0/U0/mlp_inst/l2_sum0__6/PCOUT[47]
                         net (fo=1, routed)           0.002    17.602    mlp_system_i/mlp_axi_wrapper_0/U0/mlp_inst/l2_sum0__6_n_106
    DSP48_X3Y9           DSP48E1 (Prop_dsp48e1_PCIN[47]_PCOUT[47])
                                                      1.713    19.315 r  mlp_system_i/mlp_axi_wrapper_0/U0/mlp_inst/l2_sum0__7/PCOUT[47]
                         net (fo=1, routed)           0.056    19.370    mlp_system_i/mlp_axi_wrapper_0/U0/mlp_inst/l2_sum0__7_n_106
    DSP48_X3Y10          DSP48E1 (Prop_dsp48e1_PCIN[47]_PCOUT[47])
                                                      1.713    21.083 r  mlp_system_i/mlp_axi_wrapper_0/U0/mlp_inst/l2_sum0__8/PCOUT[47]
                         net (fo=1, routed)           0.002    21.085    mlp_system_i/mlp_axi_wrapper_0/U0/mlp_inst/l2_sum0__8_n_106
    DSP48_X3Y11          DSP48E1 (Prop_dsp48e1_PCIN[47]_PCOUT[47])
                                                      1.713    22.798 r  mlp_system_i/mlp_axi_wrapper_0/U0/mlp_inst/l2_sum0__9/PCOUT[47]
                         net (fo=1, routed)           0.002    22.800    mlp_system_i/mlp_axi_wrapper_0/U0/mlp_inst/l2_sum0__9_n_106
    DSP48_X3Y12          DSP48E1 (Prop_dsp48e1_PCIN[47]_PCOUT[47])
                                                      1.713    24.513 r  mlp_system_i/mlp_axi_wrapper_0/U0/mlp_inst/l2_sum0__10/PCOUT[47]
                         net (fo=1, routed)           0.002    24.515    mlp_system_i/mlp_axi_wrapper_0/U0/mlp_inst/l2_sum0__10_n_106
    DSP48_X3Y13          DSP48E1 (Prop_dsp48e1_PCIN[47]_PCOUT[47])
                                                      1.713    26.228 r  mlp_system_i/mlp_axi_wrapper_0/U0/mlp_inst/l2_sum0__11/PCOUT[47]
                         net (fo=1, routed)           0.002    26.230    mlp_system_i/mlp_axi_wrapper_0/U0/mlp_inst/l2_sum0__11_n_106
    DSP48_X3Y14          DSP48E1 (Prop_dsp48e1_PCIN[47]_PCOUT[47])
                                                      1.713    27.943 r  mlp_system_i/mlp_axi_wrapper_0/U0/mlp_inst/l2_sum0__12/PCOUT[47]
                         net (fo=1, routed)           0.002    27.945    mlp_system_i/mlp_axi_wrapper_0/U0/mlp_inst/l2_sum0__12_n_106
    DSP48_X3Y15          DSP48E1 (Prop_dsp48e1_PCIN[47]_PCOUT[47])
                                                      1.713    29.658 r  mlp_system_i/mlp_axi_wrapper_0/U0/mlp_inst/l2_sum0__13/PCOUT[47]
                         net (fo=1, routed)           0.002    29.660    mlp_system_i/mlp_axi_wrapper_0/U0/mlp_inst/l2_sum0__13_n_106
    DSP48_X3Y16          DSP48E1 (Prop_dsp48e1_PCIN[47]_PCOUT[47])
                                                      1.713    31.373 r  mlp_system_i/mlp_axi_wrapper_0/U0/mlp_inst/l2_sum0__14/PCOUT[47]
                         net (fo=1, routed)           0.002    31.375    mlp_system_i/mlp_axi_wrapper_0/U0/mlp_inst/l2_sum0__14_n_106
    DSP48_X3Y17          DSP48E1 (Prop_dsp48e1_PCIN[47]_PCOUT[47])
                                                      1.713    33.088 r  mlp_system_i/mlp_axi_wrapper_0/U0/mlp_inst/l2_sum0__15/PCOUT[47]
                         net (fo=1, routed)           0.002    33.090    mlp_system_i/mlp_axi_wrapper_0/U0/mlp_inst/l2_sum0__15_n_106
    DSP48_X3Y18          DSP48E1 (Prop_dsp48e1_PCIN[47]_PCOUT[47])
                                                      1.713    34.803 r  mlp_system_i/mlp_axi_wrapper_0/U0/mlp_inst/l2_sum0__16/PCOUT[47]
                         net (fo=1, routed)           0.002    34.805    mlp_system_i/mlp_axi_wrapper_0/U0/mlp_inst/l2_sum0__16_n_106
    DSP48_X3Y19          DSP48E1 (Prop_dsp48e1_PCIN[47]_PCOUT[47])
                                                      1.713    36.518 r  mlp_system_i/mlp_axi_wrapper_0/U0/mlp_inst/l2_sum0__17/PCOUT[47]
                         net (fo=1, routed)           0.002    36.520    mlp_system_i/mlp_axi_wrapper_0/U0/mlp_inst/l2_sum0__17_n_106
    DSP48_X3Y20          DSP48E1 (Prop_dsp48e1_PCIN[47]_PCOUT[47])
                                                      1.713    38.233 r  mlp_system_i/mlp_axi_wrapper_0/U0/mlp_inst/l2_sum0__18/PCOUT[47]
                         net (fo=1, routed)           0.002    38.235    mlp_system_i/mlp_axi_wrapper_0/U0/mlp_inst/l2_sum0__18_n_106
    DSP48_X3Y21          DSP48E1 (Prop_dsp48e1_PCIN[47]_PCOUT[47])
                                                      1.713    39.948 r  mlp_system_i/mlp_axi_wrapper_0/U0/mlp_inst/l2_sum0__19/PCOUT[47]
                         net (fo=1, routed)           0.002    39.950    mlp_system_i/mlp_axi_wrapper_0/U0/mlp_inst/l2_sum0__19_n_106
    DSP48_X3Y22          DSP48E1 (Prop_dsp48e1_PCIN[47]_PCOUT[47])
                                                      1.713    41.663 r  mlp_system_i/mlp_axi_wrapper_0/U0/mlp_inst/l2_sum0__20/PCOUT[47]
                         net (fo=1, routed)           0.002    41.665    mlp_system_i/mlp_axi_wrapper_0/U0/mlp_inst/l2_sum0__20_n_106
    DSP48_X3Y23          DSP48E1 (Prop_dsp48e1_PCIN[47]_PCOUT[47])
                                                      1.713    43.378 r  mlp_system_i/mlp_axi_wrapper_0/U0/mlp_inst/l2_sum0__21/PCOUT[47]
                         net (fo=1, routed)           0.002    43.380    mlp_system_i/mlp_axi_wrapper_0/U0/mlp_inst/l2_sum0__21_n_106
    DSP48_X3Y24          DSP48E1 (Prop_dsp48e1_PCIN[47]_PCOUT[47])
                                                      1.713    45.093 r  mlp_system_i/mlp_axi_wrapper_0/U0/mlp_inst/l2_sum0__22/PCOUT[47]
                         net (fo=1, routed)           0.002    45.095    mlp_system_i/mlp_axi_wrapper_0/U0/mlp_inst/l2_sum0__22_n_106
    DSP48_X3Y25          DSP48E1 (Prop_dsp48e1_PCIN[47]_PCOUT[47])
                                                      1.713    46.808 r  mlp_system_i/mlp_axi_wrapper_0/U0/mlp_inst/l2_sum0__23/PCOUT[47]
                         net (fo=1, routed)           0.002    46.810    mlp_system_i/mlp_axi_wrapper_0/U0/mlp_inst/l2_sum0__23_n_106
    DSP48_X3Y26          DSP48E1 (Prop_dsp48e1_PCIN[47]_PCOUT[47])
                                                      1.713    48.523 r  mlp_system_i/mlp_axi_wrapper_0/U0/mlp_inst/l2_sum0__24/PCOUT[47]
                         net (fo=1, routed)           0.002    48.525    mlp_system_i/mlp_axi_wrapper_0/U0/mlp_inst/l2_sum0__24_n_106
    DSP48_X3Y27          DSP48E1 (Prop_dsp48e1_PCIN[47]_PCOUT[47])
                                                      1.713    50.238 r  mlp_system_i/mlp_axi_wrapper_0/U0/mlp_inst/l2_sum0__25/PCOUT[47]
                         net (fo=1, routed)           0.002    50.240    mlp_system_i/mlp_axi_wrapper_0/U0/mlp_inst/l2_sum0__25_n_106
    DSP48_X3Y28          DSP48E1 (Prop_dsp48e1_PCIN[47]_PCOUT[47])
                                                      1.713    51.953 r  mlp_system_i/mlp_axi_wrapper_0/U0/mlp_inst/l2_sum0__26/PCOUT[47]
                         net (fo=1, routed)           0.002    51.955    mlp_system_i/mlp_axi_wrapper_0/U0/mlp_inst/l2_sum0__26_n_106
    DSP48_X3Y29          DSP48E1 (Prop_dsp48e1_PCIN[47]_PCOUT[47])
                                                      1.713    53.668 r  mlp_system_i/mlp_axi_wrapper_0/U0/mlp_inst/l2_sum0__27/PCOUT[47]
                         net (fo=1, routed)           0.056    53.724    mlp_system_i/mlp_axi_wrapper_0/U0/mlp_inst/l2_sum0__27_n_106
    DSP48_X3Y30          DSP48E1 (Prop_dsp48e1_PCIN[47]_PCOUT[47])
                                                      1.713    55.437 r  mlp_system_i/mlp_axi_wrapper_0/U0/mlp_inst/l2_sum0__28/PCOUT[47]
                         net (fo=1, routed)           0.002    55.439    mlp_system_i/mlp_axi_wrapper_0/U0/mlp_inst/l2_sum0__28_n_106
    DSP48_X3Y31          DSP48E1 (Prop_dsp48e1_PCIN[47]_PCOUT[47])
                                                      1.713    57.152 r  mlp_system_i/mlp_axi_wrapper_0/U0/mlp_inst/l2_sum0__29/PCOUT[47]
                         net (fo=1, routed)           0.002    57.154    mlp_system_i/mlp_axi_wrapper_0/U0/mlp_inst/l2_sum0__29_n_106
    DSP48_X3Y32          DSP48E1 (Prop_dsp48e1_PCIN[47]_PCOUT[47])
                                                      1.713    58.867 r  mlp_system_i/mlp_axi_wrapper_0/U0/mlp_inst/l2_sum0__30/PCOUT[47]
                         net (fo=1, routed)           0.002    58.869    mlp_system_i/mlp_axi_wrapper_0/U0/mlp_inst/l2_sum0__30_n_106
    DSP48_X3Y33          DSP48E1 (Prop_dsp48e1_PCIN[47]_PCOUT[47])
                                                      1.713    60.582 r  mlp_system_i/mlp_axi_wrapper_0/U0/mlp_inst/l2_sum0__31/PCOUT[47]
                         net (fo=1, routed)           0.002    60.584    mlp_system_i/mlp_axi_wrapper_0/U0/mlp_inst/l2_sum0__31_n_106
    DSP48_X3Y34          DSP48E1 (Prop_dsp48e1_PCIN[47]_PCOUT[47])
                                                      1.713    62.297 r  mlp_system_i/mlp_axi_wrapper_0/U0/mlp_inst/l2_sum0__32/PCOUT[47]
                         net (fo=1, routed)           0.002    62.299    mlp_system_i/mlp_axi_wrapper_0/U0/mlp_inst/l2_sum0__32_n_106
    DSP48_X3Y35          DSP48E1 (Prop_dsp48e1_PCIN[47]_PCOUT[47])
                                                      1.713    64.012 r  mlp_system_i/mlp_axi_wrapper_0/U0/mlp_inst/l2_sum0__33/PCOUT[47]
                         net (fo=1, routed)           0.002    64.014    mlp_system_i/mlp_axi_wrapper_0/U0/mlp_inst/l2_sum0__33_n_106
    DSP48_X3Y36          DSP48E1 (Prop_dsp48e1_PCIN[47]_PCOUT[47])
                                                      1.713    65.727 r  mlp_system_i/mlp_axi_wrapper_0/U0/mlp_inst/l2_sum0__34/PCOUT[47]
                         net (fo=1, routed)           0.002    65.729    mlp_system_i/mlp_axi_wrapper_0/U0/mlp_inst/l2_sum0__34_n_106
    DSP48_X3Y37          DSP48E1 (Prop_dsp48e1_PCIN[47]_PCOUT[47])
                                                      1.713    67.442 r  mlp_system_i/mlp_axi_wrapper_0/U0/mlp_inst/l2_sum0__35/PCOUT[47]
                         net (fo=1, routed)           0.002    67.444    mlp_system_i/mlp_axi_wrapper_0/U0/mlp_inst/l2_sum0__35_n_106
    DSP48_X3Y38          DSP48E1 (Prop_dsp48e1_PCIN[47]_PCOUT[47])
                                                      1.713    69.157 r  mlp_system_i/mlp_axi_wrapper_0/U0/mlp_inst/l2_sum0__36/PCOUT[47]
                         net (fo=1, routed)           0.002    69.159    mlp_system_i/mlp_axi_wrapper_0/U0/mlp_inst/l2_sum0__36_n_106
    DSP48_X3Y39          DSP48E1 (Prop_dsp48e1_PCIN[47]_PCOUT[47])
                                                      1.713    70.872 r  mlp_system_i/mlp_axi_wrapper_0/U0/mlp_inst/l2_sum0__37/PCOUT[47]
                         net (fo=1, routed)           0.002    70.874    mlp_system_i/mlp_axi_wrapper_0/U0/mlp_inst/l2_sum0__37_n_106
    DSP48_X3Y40          DSP48E1 (Prop_dsp48e1_PCIN[47]_PCOUT[47])
                                                      1.713    72.587 r  mlp_system_i/mlp_axi_wrapper_0/U0/mlp_inst/l2_sum0__38/PCOUT[47]
                         net (fo=1, routed)           0.002    72.589    mlp_system_i/mlp_axi_wrapper_0/U0/mlp_inst/l2_sum0__38_n_106
    DSP48_X3Y41          DSP48E1 (Prop_dsp48e1_PCIN[47]_PCOUT[47])
                                                      1.713    74.302 r  mlp_system_i/mlp_axi_wrapper_0/U0/mlp_inst/l2_sum0__39/PCOUT[47]
                         net (fo=1, routed)           0.002    74.304    mlp_system_i/mlp_axi_wrapper_0/U0/mlp_inst/l2_sum0__39_n_106
    DSP48_X3Y42          DSP48E1 (Prop_dsp48e1_PCIN[47]_PCOUT[47])
                                                      1.713    76.017 r  mlp_system_i/mlp_axi_wrapper_0/U0/mlp_inst/l2_sum0__40/PCOUT[47]
                         net (fo=1, routed)           0.002    76.019    mlp_system_i/mlp_axi_wrapper_0/U0/mlp_inst/l2_sum0__40_n_106
    DSP48_X3Y43          DSP48E1 (Prop_dsp48e1_PCIN[47]_PCOUT[47])
                                                      1.713    77.732 r  mlp_system_i/mlp_axi_wrapper_0/U0/mlp_inst/l2_sum0__41/PCOUT[47]
                         net (fo=1, routed)           0.002    77.734    mlp_system_i/mlp_axi_wrapper_0/U0/mlp_inst/l2_sum0__41_n_106
    DSP48_X3Y44          DSP48E1 (Prop_dsp48e1_PCIN[47]_PCOUT[47])
                                                      1.713    79.447 r  mlp_system_i/mlp_axi_wrapper_0/U0/mlp_inst/l2_sum0__42/PCOUT[47]
                         net (fo=1, routed)           0.002    79.449    mlp_system_i/mlp_axi_wrapper_0/U0/mlp_inst/l2_sum0__42_n_106
    DSP48_X3Y45          DSP48E1 (Prop_dsp48e1_PCIN[47]_PCOUT[47])
                                                      1.713    81.162 r  mlp_system_i/mlp_axi_wrapper_0/U0/mlp_inst/l2_sum0__43/PCOUT[47]
                         net (fo=1, routed)           0.002    81.164    mlp_system_i/mlp_axi_wrapper_0/U0/mlp_inst/l2_sum0__43_n_106
    DSP48_X3Y46          DSP48E1 (Prop_dsp48e1_PCIN[47]_PCOUT[47])
                                                      1.713    82.877 r  mlp_system_i/mlp_axi_wrapper_0/U0/mlp_inst/l2_sum0__44/PCOUT[47]
                         net (fo=1, routed)           0.002    82.879    mlp_system_i/mlp_axi_wrapper_0/U0/mlp_inst/l2_sum0__44_n_106
    DSP48_X3Y47          DSP48E1 (Prop_dsp48e1_PCIN[47]_PCOUT[47])
                                                      1.713    84.592 r  mlp_system_i/mlp_axi_wrapper_0/U0/mlp_inst/l2_sum0__45/PCOUT[47]
                         net (fo=1, routed)           0.002    84.594    mlp_system_i/mlp_axi_wrapper_0/U0/mlp_inst/l2_sum0__45_n_106
    DSP48_X3Y48          DSP48E1 (Prop_dsp48e1_PCIN[47]_PCOUT[47])
                                                      1.713    86.307 r  mlp_system_i/mlp_axi_wrapper_0/U0/mlp_inst/l2_sum0__46/PCOUT[47]
                         net (fo=1, routed)           0.002    86.309    mlp_system_i/mlp_axi_wrapper_0/U0/mlp_inst/l2_sum0__46_n_106
    DSP48_X3Y49          DSP48E1 (Prop_dsp48e1_PCIN[47]_PCOUT[47])
                                                      1.713    88.022 r  mlp_system_i/mlp_axi_wrapper_0/U0/mlp_inst/l2_sum0__47/PCOUT[47]
                         net (fo=1, routed)           0.056    88.078    mlp_system_i/mlp_axi_wrapper_0/U0/mlp_inst/l2_sum0__47_n_106
    DSP48_X3Y50          DSP48E1 (Prop_dsp48e1_PCIN[47]_PCOUT[47])
                                                      1.713    89.791 r  mlp_system_i/mlp_axi_wrapper_0/U0/mlp_inst/l2_sum0__48/PCOUT[47]
                         net (fo=1, routed)           0.002    89.793    mlp_system_i/mlp_axi_wrapper_0/U0/mlp_inst/l2_sum0__48_n_106
    DSP48_X3Y51          DSP48E1 (Prop_dsp48e1_PCIN[47]_PCOUT[47])
                                                      1.713    91.506 r  mlp_system_i/mlp_axi_wrapper_0/U0/mlp_inst/l2_sum0__49/PCOUT[47]
                         net (fo=1, routed)           0.002    91.508    mlp_system_i/mlp_axi_wrapper_0/U0/mlp_inst/l2_sum0__49_n_106
    DSP48_X3Y52          DSP48E1 (Prop_dsp48e1_PCIN[47]_PCOUT[47])
                                                      1.713    93.221 r  mlp_system_i/mlp_axi_wrapper_0/U0/mlp_inst/l2_sum0__50/PCOUT[47]
                         net (fo=1, routed)           0.002    93.223    mlp_system_i/mlp_axi_wrapper_0/U0/mlp_inst/l2_sum0__50_n_106
    DSP48_X3Y53          DSP48E1 (Prop_dsp48e1_PCIN[47]_PCOUT[47])
                                                      1.713    94.936 r  mlp_system_i/mlp_axi_wrapper_0/U0/mlp_inst/l2_sum0__51/PCOUT[47]
                         net (fo=1, routed)           0.002    94.938    mlp_system_i/mlp_axi_wrapper_0/U0/mlp_inst/l2_sum0__51_n_106
    DSP48_X3Y54          DSP48E1 (Prop_dsp48e1_PCIN[47]_PCOUT[47])
                                                      1.713    96.651 r  mlp_system_i/mlp_axi_wrapper_0/U0/mlp_inst/l2_sum0__52/PCOUT[47]
                         net (fo=1, routed)           0.002    96.653    mlp_system_i/mlp_axi_wrapper_0/U0/mlp_inst/l2_sum0__52_n_106
    DSP48_X3Y55          DSP48E1 (Prop_dsp48e1_PCIN[47]_PCOUT[47])
                                                      1.713    98.366 r  mlp_system_i/mlp_axi_wrapper_0/U0/mlp_inst/l2_sum0__53/PCOUT[47]
                         net (fo=1, routed)           0.002    98.368    mlp_system_i/mlp_axi_wrapper_0/U0/mlp_inst/l2_sum0__53_n_106
    DSP48_X3Y56          DSP48E1 (Prop_dsp48e1_PCIN[47]_PCOUT[47])
                                                      1.713   100.081 r  mlp_system_i/mlp_axi_wrapper_0/U0/mlp_inst/l2_sum0__54/PCOUT[47]
                         net (fo=1, routed)           0.002   100.083    mlp_system_i/mlp_axi_wrapper_0/U0/mlp_inst/l2_sum0__54_n_106
    DSP48_X3Y57          DSP48E1 (Prop_dsp48e1_PCIN[47]_PCOUT[47])
                                                      1.713   101.796 r  mlp_system_i/mlp_axi_wrapper_0/U0/mlp_inst/l2_sum0__55/PCOUT[47]
                         net (fo=1, routed)           0.002   101.798    mlp_system_i/mlp_axi_wrapper_0/U0/mlp_inst/l2_sum0__55_n_106
    DSP48_X3Y58          DSP48E1 (Prop_dsp48e1_PCIN[47]_PCOUT[47])
                                                      1.713   103.511 r  mlp_system_i/mlp_axi_wrapper_0/U0/mlp_inst/l2_sum0__56/PCOUT[47]
                         net (fo=1, routed)           0.002   103.513    mlp_system_i/mlp_axi_wrapper_0/U0/mlp_inst/l2_sum0__56_n_106
    DSP48_X3Y59          DSP48E1 (Prop_dsp48e1_PCIN[47]_P[2])
                                                      1.518   105.031 r  mlp_system_i/mlp_axi_wrapper_0/U0/mlp_inst/l2_sum0__57/P[2]
                         net (fo=1, routed)           2.118   107.149    mlp_system_i/mlp_axi_wrapper_0/U0/mlp_inst/I415[2]
    DSP48_X2Y56          DSP48E1 (Prop_dsp48e1_C[2]_PCOUT[47])
                                                      2.016   109.165 r  mlp_system_i/mlp_axi_wrapper_0/U0/mlp_inst/l2_sum0__58/PCOUT[47]
                         net (fo=1, routed)           0.002   109.167    mlp_system_i/mlp_axi_wrapper_0/U0/mlp_inst/l2_sum0__58_n_106
    DSP48_X2Y57          DSP48E1 (Prop_dsp48e1_PCIN[47]_PCOUT[47])
                                                      1.713   110.880 r  mlp_system_i/mlp_axi_wrapper_0/U0/mlp_inst/l2_sum0__59/PCOUT[47]
                         net (fo=1, routed)           0.002   110.882    mlp_system_i/mlp_axi_wrapper_0/U0/mlp_inst/l2_sum0__59_n_106
    DSP48_X2Y58          DSP48E1 (Prop_dsp48e1_PCIN[47]_PCOUT[47])
                                                      1.713   112.595 r  mlp_system_i/mlp_axi_wrapper_0/U0/mlp_inst/l2_sum0__60/PCOUT[47]
                         net (fo=1, routed)           0.002   112.597    mlp_system_i/mlp_axi_wrapper_0/U0/mlp_inst/l2_sum0__60_n_106
    DSP48_X2Y59          DSP48E1 (Prop_dsp48e1_PCIN[47]_P[8])
                                                      1.518   114.115 r  mlp_system_i/mlp_axi_wrapper_0/U0/mlp_inst/l2_sum0__61/P[8]
                         net (fo=1, routed)           0.895   115.010    mlp_system_i/mlp_axi_wrapper_0/U0/mlp_inst/l2_sum0__61_n_97
    SLICE_X35Y142        LUT2 (Prop_lut2_I1_O)        0.124   115.134 r  mlp_system_i/mlp_axi_wrapper_0/U0/mlp_inst/l2_sum[11]_i_5/O
                         net (fo=1, routed)           0.000   115.134    mlp_system_i/mlp_axi_wrapper_0/U0/mlp_inst/l2_sum[11]_i_5_n_0
    SLICE_X35Y142        CARRY4 (Prop_carry4_S[0]_CO[3])
                                                      0.532   115.666 r  mlp_system_i/mlp_axi_wrapper_0/U0/mlp_inst/l2_sum_reg[11]_i_1/CO[3]
                         net (fo=1, routed)           0.000   115.666    mlp_system_i/mlp_axi_wrapper_0/U0/mlp_inst/l2_sum_reg[11]_i_1_n_0
    SLICE_X35Y143        CARRY4 (Prop_carry4_CI_CO[3])
                                                      0.114   115.780 r  mlp_system_i/mlp_axi_wrapper_0/U0/mlp_inst/l2_sum_reg[15]_i_1/CO[3]
                         net (fo=1, routed)           0.000   115.780    mlp_system_i/mlp_axi_wrapper_0/U0/mlp_inst/l2_sum_reg[15]_i_1_n_0
    SLICE_X35Y144        CARRY4 (Prop_carry4_CI_CO[3])
                                                      0.114   115.894 r  mlp_system_i/mlp_axi_wrapper_0/U0/mlp_inst/l2_sum_reg[19]_i_1/CO[3]
                         net (fo=1, routed)           0.000   115.894    mlp_system_i/mlp_axi_wrapper_0/U0/mlp_inst/l2_sum_reg[19]_i_1_n_0
    SLICE_X35Y145        CARRY4 (Prop_carry4_CI_CO[3])
                                                      0.114   116.008 r  mlp_system_i/mlp_axi_wrapper_0/U0/mlp_inst/l2_sum_reg[23]_i_1/CO[3]
                         net (fo=1, routed)           0.000   116.008    mlp_system_i/mlp_axi_wrapper_0/U0/mlp_inst/l2_sum_reg[23]_i_1_n_0
    SLICE_X35Y146        CARRY4 (Prop_carry4_CI_CO[3])
                                                      0.114   116.122 r  mlp_system_i/mlp_axi_wrapper_0/U0/mlp_inst/l2_sum_reg[27]_i_1/CO[3]
                         net (fo=1, routed)           0.000   116.122    mlp_system_i/mlp_axi_wrapper_0/U0/mlp_inst/l2_sum_reg[27]_i_1_n_0
    SLICE_X35Y147        CARRY4 (Prop_carry4_CI_CO[3])
                                                      0.114   116.236 r  mlp_system_i/mlp_axi_wrapper_0/U0/mlp_inst/l2_sum_reg[31]_i_1/CO[3]
                         net (fo=1, routed)           0.000   116.236    mlp_system_i/mlp_axi_wrapper_0/U0/mlp_inst/l2_sum_reg[31]_i_1_n_0
    SLICE_X35Y148        CARRY4 (Prop_carry4_CI_CO[3])
                                                      0.114   116.350 r  mlp_system_i/mlp_axi_wrapper_0/U0/mlp_inst/l2_sum_reg[35]_i_1/CO[3]
                         net (fo=1, routed)           0.000   116.350    mlp_system_i/mlp_axi_wrapper_0/U0/mlp_inst/l2_sum_reg[35]_i_1_n_0
    SLICE_X35Y149        CARRY4 (Prop_carry4_CI_O[1])
                                                      0.334   116.684 r  mlp_system_i/mlp_axi_wrapper_0/U0/mlp_inst/l2_sum_reg[39]_i_2/O[1]
                         net (fo=1, routed)           0.000   116.684    mlp_system_i/mlp_axi_wrapper_0/U0/mlp_inst/l2_sum0__62[37]
    SLICE_X35Y149        FDRE                                         r  mlp_system_i/mlp_axi_wrapper_0/U0/mlp_inst/l2_sum_reg[37]/D
  -------------------------------------------------------------------    -------------------

                         (clock clk_fpga_0 rise edge)
                                                     10.000    10.000 r  
    PS7_X0Y0             PS7                          0.000    10.000 r  mlp_system_i/processing_system7_0/inst/PS7_i/FCLKCLK[0]
                         net (fo=1, routed)           1.088    11.088    mlp_system_i/processing_system7_0/inst/FCLK_CLK_unbuffered[0]
    BUFGCTRL_X0Y16       BUFG (Prop_bufg_I_O)         0.091    11.179 r  mlp_system_i/processing_system7_0/inst/buffer_fclk_clk_0.FCLK_CLK_0_BUFG/O
                         net (fo=2400, routed)        1.655    12.834    mlp_system_i/mlp_axi_wrapper_0/U0/mlp_inst/S_AXI_ACLK
    SLICE_X35Y149        FDRE                                         r  mlp_system_i/mlp_axi_wrapper_0/U0/mlp_inst/l2_sum_reg[37]/C
                         clock pessimism              0.115    12.949    
                         clock uncertainty           -0.154    12.795    
    SLICE_X35Y149        FDRE (Setup_fdre_C_D)        0.062    12.857    mlp_system_i/mlp_axi_wrapper_0/U0/mlp_inst/l2_sum_reg[37]
  -------------------------------------------------------------------
                         required time                         12.857    
                         arrival time                        -116.684    
  -------------------------------------------------------------------
                         slack                               -103.827    

Slack (VIOLATED) :        -103.806ns  (required time - arrival time)
  Source:                 mlp_system_i/mlp_axi_wrapper_0/U0/mlp_inst/l2_sum0/CLK
                            (rising edge-triggered cell DSP48E1 clocked by clk_fpga_0  {rise@0.000ns fall@5.000ns period=10.000ns})
  Destination:            mlp_system_i/mlp_axi_wrapper_0/U0/mlp_inst/l2_sum_reg[39]/D
                            (rising edge-triggered cell FDRE clocked by clk_fpga_0  {rise@0.000ns fall@5.000ns period=10.000ns})
  Path Group:             clk_fpga_0
  Path Type:              Setup (Max at Slow Process Corner)
  Requirement:            10.000ns  (clk_fpga_0 rise@10.000ns - clk_fpga_0 rise@0.000ns)
  Data Path Delay:        113.480ns  (logic 110.183ns (97.095%)  route 3.297ns (2.905%))
  Logic Levels:           71  (CARRY4=8 DSP48E1=62 LUT2=1)
  Clock Path Skew:        -0.234ns (DCD - SCD + CPR)
    Destination Clock Delay (DCD):    2.834ns = ( 12.834 - 10.000 ) 
    Source Clock Delay      (SCD):    3.184ns
    Clock Pessimism Removal (CPR):    0.115ns
  Clock Uncertainty:      0.154ns  ((TSJ^2 + TIJ^2)^1/2 + DJ) / 2 + PE
    Total System Jitter     (TSJ):    0.071ns
    Total Input Jitter      (TIJ):    0.300ns
    Discrete Jitter          (DJ):    0.000ns
    Phase Error              (PE):    0.000ns

    Location             Delay type                Incr(ns)  Path(ns)    Netlist Resource(s)
  -------------------------------------------------------------------    -------------------
                         (clock clk_fpga_0 rise edge)
                                                      0.000     0.000 r  
    PS7_X0Y0             PS7                          0.000     0.000 r  mlp_system_i/processing_system7_0/inst/PS7_i/FCLKCLK[0]
                         net (fo=1, routed)           1.193     1.193    mlp_system_i/processing_system7_0/inst/FCLK_CLK_unbuffered[0]
    BUFGCTRL_X0Y16       BUFG (Prop_bufg_I_O)         0.101     1.294 r  mlp_system_i/processing_system7_0/inst/buffer_fclk_clk_0.FCLK_CLK_0_BUFG/O
                         net (fo=2400, routed)        1.890     3.184    mlp_system_i/mlp_axi_wrapper_0/U0/mlp_inst/S_AXI_ACLK
    DSP48_X3Y1           DSP48E1                                      r  mlp_system_i/mlp_axi_wrapper_0/U0/mlp_inst/l2_sum0/CLK
  -------------------------------------------------------------------    -------------------
    DSP48_X3Y1           DSP48E1 (Prop_dsp48e1_CLK_PCOUT[47])
                                                      2.411     5.595 r  mlp_system_i/mlp_axi_wrapper_0/U0/mlp_inst/l2_sum0/PCOUT[47]
                         net (fo=1, routed)           0.002     5.597    mlp_system_i/mlp_axi_wrapper_0/U0/mlp_inst/l2_sum0_n_106
    DSP48_X3Y2           DSP48E1 (Prop_dsp48e1_PCIN[47]_PCOUT[47])
                                                      1.713     7.310 r  mlp_system_i/mlp_axi_wrapper_0/U0/mlp_inst/l2_sum0__0/PCOUT[47]
                         net (fo=1, routed)           0.002     7.312    mlp_system_i/mlp_axi_wrapper_0/U0/mlp_inst/l2_sum0__0_n_106
    DSP48_X3Y3           DSP48E1 (Prop_dsp48e1_PCIN[47]_PCOUT[47])
                                                      1.713     9.025 r  mlp_system_i/mlp_axi_wrapper_0/U0/mlp_inst/l2_sum0__1/PCOUT[47]
                         net (fo=1, routed)           0.002     9.027    mlp_system_i/mlp_axi_wrapper_0/U0/mlp_inst/l2_sum0__1_n_106
    DSP48_X3Y4           DSP48E1 (Prop_dsp48e1_PCIN[47]_PCOUT[47])
                                                      1.713    10.740 r  mlp_system_i/mlp_axi_wrapper_0/U0/mlp_inst/l2_sum0__2/PCOUT[47]
                         net (fo=1, routed)           0.002    10.742    mlp_system_i/mlp_axi_wrapper_0/U0/mlp_inst/l2_sum0__2_n_106
    DSP48_X3Y5           DSP48E1 (Prop_dsp48e1_PCIN[47]_PCOUT[47])
                                                      1.713    12.455 r  mlp_system_i/mlp_axi_wrapper_0/U0/mlp_inst/l2_sum0__3/PCOUT[47]
                         net (fo=1, routed)           0.002    12.457    mlp_system_i/mlp_axi_wrapper_0/U0/mlp_inst/l2_sum0__3_n_106
    DSP48_X3Y6           DSP48E1 (Prop_dsp48e1_PCIN[47]_PCOUT[47])
                                                      1.713    14.170 r  mlp_system_i/mlp_axi_wrapper_0/U0/mlp_inst/l2_sum0__4/PCOUT[47]
                         net (fo=1, routed)           0.002    14.172    mlp_system_i/mlp_axi_wrapper_0/U0/mlp_inst/l2_sum0__4_n_106
    DSP48_X3Y7           DSP48E1 (Prop_dsp48e1_PCIN[47]_PCOUT[47])
                                                      1.713    15.885 r  mlp_system_i/mlp_axi_wrapper_0/U0/mlp_inst/l2_sum0__5/PCOUT[47]
                         net (fo=1, routed)           0.002    15.887    mlp_system_i/mlp_axi_wrapper_0/U0/mlp_inst/l2_sum0__5_n_106
    DSP48_X3Y8           DSP48E1 (Prop_dsp48e1_PCIN[47]_PCOUT[47])
                                                      1.713    17.600 r  mlp_system_i/mlp_axi_wrapper_0/U0/mlp_inst/l2_sum0__6/PCOUT[47]
                         net (fo=1, routed)           0.002    17.602    mlp_system_i/mlp_axi_wrapper_0/U0/mlp_inst/l2_sum0__6_n_106
    DSP48_X3Y9           DSP48E1 (Prop_dsp48e1_PCIN[47]_PCOUT[47])
                                                      1.713    19.315 r  mlp_system_i/mlp_axi_wrapper_0/U0/mlp_inst/l2_sum0__7/PCOUT[47]
                         net (fo=1, routed)           0.056    19.370    mlp_system_i/mlp_axi_wrapper_0/U0/mlp_inst/l2_sum0__7_n_106
    DSP48_X3Y10          DSP48E1 (Prop_dsp48e1_PCIN[47]_PCOUT[47])
                                                      1.713    21.083 r  mlp_system_i/mlp_axi_wrapper_0/U0/mlp_inst/l2_sum0__8/PCOUT[47]
                         net (fo=1, routed)           0.002    21.085    mlp_system_i/mlp_axi_wrapper_0/U0/mlp_inst/l2_sum0__8_n_106
    DSP48_X3Y11          DSP48E1 (Prop_dsp48e1_PCIN[47]_PCOUT[47])
                                                      1.713    22.798 r  mlp_system_i/mlp_axi_wrapper_0/U0/mlp_inst/l2_sum0__9/PCOUT[47]
                         net (fo=1, routed)           0.002    22.800    mlp_system_i/mlp_axi_wrapper_0/U0/mlp_inst/l2_sum0__9_n_106
    DSP48_X3Y12          DSP48E1 (Prop_dsp48e1_PCIN[47]_PCOUT[47])
                                                      1.713    24.513 r  mlp_system_i/mlp_axi_wrapper_0/U0/mlp_inst/l2_sum0__10/PCOUT[47]
                         net (fo=1, routed)           0.002    24.515    mlp_system_i/mlp_axi_wrapper_0/U0/mlp_inst/l2_sum0__10_n_106
    DSP48_X3Y13          DSP48E1 (Prop_dsp48e1_PCIN[47]_PCOUT[47])
                                                      1.713    26.228 r  mlp_system_i/mlp_axi_wrapper_0/U0/mlp_inst/l2_sum0__11/PCOUT[47]
                         net (fo=1, routed)           0.002    26.230    mlp_system_i/mlp_axi_wrapper_0/U0/mlp_inst/l2_sum0__11_n_106
    DSP48_X3Y14          DSP48E1 (Prop_dsp48e1_PCIN[47]_PCOUT[47])
                                                      1.713    27.943 r  mlp_system_i/mlp_axi_wrapper_0/U0/mlp_inst/l2_sum0__12/PCOUT[47]
                         net (fo=1, routed)           0.002    27.945    mlp_system_i/mlp_axi_wrapper_0/U0/mlp_inst/l2_sum0__12_n_106
    DSP48_X3Y15          DSP48E1 (Prop_dsp48e1_PCIN[47]_PCOUT[47])
                                                      1.713    29.658 r  mlp_system_i/mlp_axi_wrapper_0/U0/mlp_inst/l2_sum0__13/PCOUT[47]
                         net (fo=1, routed)           0.002    29.660    mlp_system_i/mlp_axi_wrapper_0/U0/mlp_inst/l2_sum0__13_n_106
    DSP48_X3Y16          DSP48E1 (Prop_dsp48e1_PCIN[47]_PCOUT[47])
                                                      1.713    31.373 r  mlp_system_i/mlp_axi_wrapper_0/U0/mlp_inst/l2_sum0__14/PCOUT[47]
                         net (fo=1, routed)           0.002    31.375    mlp_system_i/mlp_axi_wrapper_0/U0/mlp_inst/l2_sum0__14_n_106
    DSP48_X3Y17          DSP48E1 (Prop_dsp48e1_PCIN[47]_PCOUT[47])
                                                      1.713    33.088 r  mlp_system_i/mlp_axi_wrapper_0/U0/mlp_inst/l2_sum0__15/PCOUT[47]
                         net (fo=1, routed)           0.002    33.090    mlp_system_i/mlp_axi_wrapper_0/U0/mlp_inst/l2_sum0__15_n_106
    DSP48_X3Y18          DSP48E1 (Prop_dsp48e1_PCIN[47]_PCOUT[47])
                                                      1.713    34.803 r  mlp_system_i/mlp_axi_wrapper_0/U0/mlp_inst/l2_sum0__16/PCOUT[47]
                         net (fo=1, routed)           0.002    34.805    mlp_system_i/mlp_axi_wrapper_0/U0/mlp_inst/l2_sum0__16_n_106
    DSP48_X3Y19          DSP48E1 (Prop_dsp48e1_PCIN[47]_PCOUT[47])
                                                      1.713    36.518 r  mlp_system_i/mlp_axi_wrapper_0/U0/mlp_inst/l2_sum0__17/PCOUT[47]
                         net (fo=1, routed)           0.002    36.520    mlp_system_i/mlp_axi_wrapper_0/U0/mlp_inst/l2_sum0__17_n_106
    DSP48_X3Y20          DSP48E1 (Prop_dsp48e1_PCIN[47]_PCOUT[47])
                                                      1.713    38.233 r  mlp_system_i/mlp_axi_wrapper_0/U0/mlp_inst/l2_sum0__18/PCOUT[47]
                         net (fo=1, routed)           0.002    38.235    mlp_system_i/mlp_axi_wrapper_0/U0/mlp_inst/l2_sum0__18_n_106
    DSP48_X3Y21          DSP48E1 (Prop_dsp48e1_PCIN[47]_PCOUT[47])
                                                      1.713    39.948 r  mlp_system_i/mlp_axi_wrapper_0/U0/mlp_inst/l2_sum0__19/PCOUT[47]
                         net (fo=1, routed)           0.002    39.950    mlp_system_i/mlp_axi_wrapper_0/U0/mlp_inst/l2_sum0__19_n_106
    DSP48_X3Y22          DSP48E1 (Prop_dsp48e1_PCIN[47]_PCOUT[47])
                                                      1.713    41.663 r  mlp_system_i/mlp_axi_wrapper_0/U0/mlp_inst/l2_sum0__20/PCOUT[47]
                         net (fo=1, routed)           0.002    41.665    mlp_system_i/mlp_axi_wrapper_0/U0/mlp_inst/l2_sum0__20_n_106
    DSP48_X3Y23          DSP48E1 (Prop_dsp48e1_PCIN[47]_PCOUT[47])
                                                      1.713    43.378 r  mlp_system_i/mlp_axi_wrapper_0/U0/mlp_inst/l2_sum0__21/PCOUT[47]
                         net (fo=1, routed)           0.002    43.380    mlp_system_i/mlp_axi_wrapper_0/U0/mlp_inst/l2_sum0__21_n_106
    DSP48_X3Y24          DSP48E1 (Prop_dsp48e1_PCIN[47]_PCOUT[47])
                                                      1.713    45.093 r  mlp_system_i/mlp_axi_wrapper_0/U0/mlp_inst/l2_sum0__22/PCOUT[47]
                         net (fo=1, routed)           0.002    45.095    mlp_system_i/mlp_axi_wrapper_0/U0/mlp_inst/l2_sum0__22_n_106
    DSP48_X3Y25          DSP48E1 (Prop_dsp48e1_PCIN[47]_PCOUT[47])
                                                      1.713    46.808 r  mlp_system_i/mlp_axi_wrapper_0/U0/mlp_inst/l2_sum0__23/PCOUT[47]
                         net (fo=1, routed)           0.002    46.810    mlp_system_i/mlp_axi_wrapper_0/U0/mlp_inst/l2_sum0__23_n_106
    DSP48_X3Y26          DSP48E1 (Prop_dsp48e1_PCIN[47]_PCOUT[47])
                                                      1.713    48.523 r  mlp_system_i/mlp_axi_wrapper_0/U0/mlp_inst/l2_sum0__24/PCOUT[47]
                         net (fo=1, routed)           0.002    48.525    mlp_system_i/mlp_axi_wrapper_0/U0/mlp_inst/l2_sum0__24_n_106
    DSP48_X3Y27          DSP48E1 (Prop_dsp48e1_PCIN[47]_PCOUT[47])
                                                      1.713    50.238 r  mlp_system_i/mlp_axi_wrapper_0/U0/mlp_inst/l2_sum0__25/PCOUT[47]
                         net (fo=1, routed)           0.002    50.240    mlp_system_i/mlp_axi_wrapper_0/U0/mlp_inst/l2_sum0__25_n_106
    DSP48_X3Y28          DSP48E1 (Prop_dsp48e1_PCIN[47]_PCOUT[47])
                                                      1.713    51.953 r  mlp_system_i/mlp_axi_wrapper_0/U0/mlp_inst/l2_sum0__26/PCOUT[47]
                         net (fo=1, routed)           0.002    51.955    mlp_system_i/mlp_axi_wrapper_0/U0/mlp_inst/l2_sum0__26_n_106
    DSP48_X3Y29          DSP48E1 (Prop_dsp48e1_PCIN[47]_PCOUT[47])
                                                      1.713    53.668 r  mlp_system_i/mlp_axi_wrapper_0/U0/mlp_inst/l2_sum0__27/PCOUT[47]
                         net (fo=1, routed)           0.056    53.724    mlp_system_i/mlp_axi_wrapper_0/U0/mlp_inst/l2_sum0__27_n_106
    DSP48_X3Y30          DSP48E1 (Prop_dsp48e1_PCIN[47]_PCOUT[47])
                                                      1.713    55.437 r  mlp_system_i/mlp_axi_wrapper_0/U0/mlp_inst/l2_sum0__28/PCOUT[47]
                         net (fo=1, routed)           0.002    55.439    mlp_system_i/mlp_axi_wrapper_0/U0/mlp_inst/l2_sum0__28_n_106
    DSP48_X3Y31          DSP48E1 (Prop_dsp48e1_PCIN[47]_PCOUT[47])
                                                      1.713    57.152 r  mlp_system_i/mlp_axi_wrapper_0/U0/mlp_inst/l2_sum0__29/PCOUT[47]
                         net (fo=1, routed)           0.002    57.154    mlp_system_i/mlp_axi_wrapper_0/U0/mlp_inst/l2_sum0__29_n_106
    DSP48_X3Y32          DSP48E1 (Prop_dsp48e1_PCIN[47]_PCOUT[47])
                                                      1.713    58.867 r  mlp_system_i/mlp_axi_wrapper_0/U0/mlp_inst/l2_sum0__30/PCOUT[47]
                         net (fo=1, routed)           0.002    58.869    mlp_system_i/mlp_axi_wrapper_0/U0/mlp_inst/l2_sum0__30_n_106
    DSP48_X3Y33          DSP48E1 (Prop_dsp48e1_PCIN[47]_PCOUT[47])
                                                      1.713    60.582 r  mlp_system_i/mlp_axi_wrapper_0/U0/mlp_inst/l2_sum0__31/PCOUT[47]
                         net (fo=1, routed)           0.002    60.584    mlp_system_i/mlp_axi_wrapper_0/U0/mlp_inst/l2_sum0__31_n_106
    DSP48_X3Y34          DSP48E1 (Prop_dsp48e1_PCIN[47]_PCOUT[47])
                                                      1.713    62.297 r  mlp_system_i/mlp_axi_wrapper_0/U0/mlp_inst/l2_sum0__32/PCOUT[47]
                         net (fo=1, routed)           0.002    62.299    mlp_system_i/mlp_axi_wrapper_0/U0/mlp_inst/l2_sum0__32_n_106
    DSP48_X3Y35          DSP48E1 (Prop_dsp48e1_PCIN[47]_PCOUT[47])
                                                      1.713    64.012 r  mlp_system_i/mlp_axi_wrapper_0/U0/mlp_inst/l2_sum0__33/PCOUT[47]
                         net (fo=1, routed)           0.002    64.014    mlp_system_i/mlp_axi_wrapper_0/U0/mlp_inst/l2_sum0__33_n_106
    DSP48_X3Y36          DSP48E1 (Prop_dsp48e1_PCIN[47]_PCOUT[47])
                                                      1.713    65.727 r  mlp_system_i/mlp_axi_wrapper_0/U0/mlp_inst/l2_sum0__34/PCOUT[47]
                         net (fo=1, routed)           0.002    65.729    mlp_system_i/mlp_axi_wrapper_0/U0/mlp_inst/l2_sum0__34_n_106
    DSP48_X3Y37          DSP48E1 (Prop_dsp48e1_PCIN[47]_PCOUT[47])
                                                      1.713    67.442 r  mlp_system_i/mlp_axi_wrapper_0/U0/mlp_inst/l2_sum0__35/PCOUT[47]
                         net (fo=1, routed)           0.002    67.444    mlp_system_i/mlp_axi_wrapper_0/U0/mlp_inst/l2_sum0__35_n_106
    DSP48_X3Y38          DSP48E1 (Prop_dsp48e1_PCIN[47]_PCOUT[47])
                                                      1.713    69.157 r  mlp_system_i/mlp_axi_wrapper_0/U0/mlp_inst/l2_sum0__36/PCOUT[47]
                         net (fo=1, routed)           0.002    69.159    mlp_system_i/mlp_axi_wrapper_0/U0/mlp_inst/l2_sum0__36_n_106
    DSP48_X3Y39          DSP48E1 (Prop_dsp48e1_PCIN[47]_PCOUT[47])
                                                      1.713    70.872 r  mlp_system_i/mlp_axi_wrapper_0/U0/mlp_inst/l2_sum0__37/PCOUT[47]
                         net (fo=1, routed)           0.002    70.874    mlp_system_i/mlp_axi_wrapper_0/U0/mlp_inst/l2_sum0__37_n_106
    DSP48_X3Y40          DSP48E1 (Prop_dsp48e1_PCIN[47]_PCOUT[47])
                                                      1.713    72.587 r  mlp_system_i/mlp_axi_wrapper_0/U0/mlp_inst/l2_sum0__38/PCOUT[47]
                         net (fo=1, routed)           0.002    72.589    mlp_system_i/mlp_axi_wrapper_0/U0/mlp_inst/l2_sum0__38_n_106
    DSP48_X3Y41          DSP48E1 (Prop_dsp48e1_PCIN[47]_PCOUT[47])
                                                      1.713    74.302 r  mlp_system_i/mlp_axi_wrapper_0/U0/mlp_inst/l2_sum0__39/PCOUT[47]
                         net (fo=1, routed)           0.002    74.304    mlp_system_i/mlp_axi_wrapper_0/U0/mlp_inst/l2_sum0__39_n_106
    DSP48_X3Y42          DSP48E1 (Prop_dsp48e1_PCIN[47]_PCOUT[47])
                                                      1.713    76.017 r  mlp_system_i/mlp_axi_wrapper_0/U0/mlp_inst/l2_sum0__40/PCOUT[47]
                         net (fo=1, routed)           0.002    76.019    mlp_system_i/mlp_axi_wrapper_0/U0/mlp_inst/l2_sum0__40_n_106
    DSP48_X3Y43          DSP48E1 (Prop_dsp48e1_PCIN[47]_PCOUT[47])
                                                      1.713    77.732 r  mlp_system_i/mlp_axi_wrapper_0/U0/mlp_inst/l2_sum0__41/PCOUT[47]
                         net (fo=1, routed)           0.002    77.734    mlp_system_i/mlp_axi_wrapper_0/U0/mlp_inst/l2_sum0__41_n_106
    DSP48_X3Y44          DSP48E1 (Prop_dsp48e1_PCIN[47]_PCOUT[47])
                                                      1.713    79.447 r  mlp_system_i/mlp_axi_wrapper_0/U0/mlp_inst/l2_sum0__42/PCOUT[47]
                         net (fo=1, routed)           0.002    79.449    mlp_system_i/mlp_axi_wrapper_0/U0/mlp_inst/l2_sum0__42_n_106
    DSP48_X3Y45          DSP48E1 (Prop_dsp48e1_PCIN[47]_PCOUT[47])
                                                      1.713    81.162 r  mlp_system_i/mlp_axi_wrapper_0/U0/mlp_inst/l2_sum0__43/PCOUT[47]
                         net (fo=1, routed)           0.002    81.164    mlp_system_i/mlp_axi_wrapper_0/U0/mlp_inst/l2_sum0__43_n_106
    DSP48_X3Y46          DSP48E1 (Prop_dsp48e1_PCIN[47]_PCOUT[47])
                                                      1.713    82.877 r  mlp_system_i/mlp_axi_wrapper_0/U0/mlp_inst/l2_sum0__44/PCOUT[47]
                         net (fo=1, routed)           0.002    82.879    mlp_system_i/mlp_axi_wrapper_0/U0/mlp_inst/l2_sum0__44_n_106
    DSP48_X3Y47          DSP48E1 (Prop_dsp48e1_PCIN[47]_PCOUT[47])
                                                      1.713    84.592 r  mlp_system_i/mlp_axi_wrapper_0/U0/mlp_inst/l2_sum0__45/PCOUT[47]
                         net (fo=1, routed)           0.002    84.594    mlp_system_i/mlp_axi_wrapper_0/U0/mlp_inst/l2_sum0__45_n_106
    DSP48_X3Y48          DSP48E1 (Prop_dsp48e1_PCIN[47]_PCOUT[47])
                                                      1.713    86.307 r  mlp_system_i/mlp_axi_wrapper_0/U0/mlp_inst/l2_sum0__46/PCOUT[47]
                         net (fo=1, routed)           0.002    86.309    mlp_system_i/mlp_axi_wrapper_0/U0/mlp_inst/l2_sum0__46_n_106
    DSP48_X3Y49          DSP48E1 (Prop_dsp48e1_PCIN[47]_PCOUT[47])
                                                      1.713    88.022 r  mlp_system_i/mlp_axi_wrapper_0/U0/mlp_inst/l2_sum0__47/PCOUT[47]
                         net (fo=1, routed)           0.056    88.078    mlp_system_i/mlp_axi_wrapper_0/U0/mlp_inst/l2_sum0__47_n_106
    DSP48_X3Y50          DSP48E1 (Prop_dsp48e1_PCIN[47]_PCOUT[47])
                                                      1.713    89.791 r  mlp_system_i/mlp_axi_wrapper_0/U0/mlp_inst/l2_sum0__48/PCOUT[47]
                         net (fo=1, routed)           0.002    89.793    mlp_system_i/mlp_axi_wrapper_0/U0/mlp_inst/l2_sum0__48_n_106
    DSP48_X3Y51          DSP48E1 (Prop_dsp48e1_PCIN[47]_PCOUT[47])
                                                      1.713    91.506 r  mlp_system_i/mlp_axi_wrapper_0/U0/mlp_inst/l2_sum0__49/PCOUT[47]
                         net (fo=1, routed)           0.002    91.508    mlp_system_i/mlp_axi_wrapper_0/U0/mlp_inst/l2_sum0__49_n_106
    DSP48_X3Y52          DSP48E1 (Prop_dsp48e1_PCIN[47]_PCOUT[47])
                                                      1.713    93.221 r  mlp_system_i/mlp_axi_wrapper_0/U0/mlp_inst/l2_sum0__50/PCOUT[47]
                         net (fo=1, routed)           0.002    93.223    mlp_system_i/mlp_axi_wrapper_0/U0/mlp_inst/l2_sum0__50_n_106
    DSP48_X3Y53          DSP48E1 (Prop_dsp48e1_PCIN[47]_PCOUT[47])
                                                      1.713    94.936 r  mlp_system_i/mlp_axi_wrapper_0/U0/mlp_inst/l2_sum0__51/PCOUT[47]
                         net (fo=1, routed)           0.002    94.938    mlp_system_i/mlp_axi_wrapper_0/U0/mlp_inst/l2_sum0__51_n_106
    DSP48_X3Y54          DSP48E1 (Prop_dsp48e1_PCIN[47]_PCOUT[47])
                                                      1.713    96.651 r  mlp_system_i/mlp_axi_wrapper_0/U0/mlp_inst/l2_sum0__52/PCOUT[47]
                         net (fo=1, routed)           0.002    96.653    mlp_system_i/mlp_axi_wrapper_0/U0/mlp_inst/l2_sum0__52_n_106
    DSP48_X3Y55          DSP48E1 (Prop_dsp48e1_PCIN[47]_PCOUT[47])
                                                      1.713    98.366 r  mlp_system_i/mlp_axi_wrapper_0/U0/mlp_inst/l2_sum0__53/PCOUT[47]
                         net (fo=1, routed)           0.002    98.368    mlp_system_i/mlp_axi_wrapper_0/U0/mlp_inst/l2_sum0__53_n_106
    DSP48_X3Y56          DSP48E1 (Prop_dsp48e1_PCIN[47]_PCOUT[47])
                                                      1.713   100.081 r  mlp_system_i/mlp_axi_wrapper_0/U0/mlp_inst/l2_sum0__54/PCOUT[47]
                         net (fo=1, routed)           0.002   100.083    mlp_system_i/mlp_axi_wrapper_0/U0/mlp_inst/l2_sum0__54_n_106
    DSP48_X3Y57          DSP48E1 (Prop_dsp48e1_PCIN[47]_PCOUT[47])
                                                      1.713   101.796 r  mlp_system_i/mlp_axi_wrapper_0/U0/mlp_inst/l2_sum0__55/PCOUT[47]
                         net (fo=1, routed)           0.002   101.798    mlp_system_i/mlp_axi_wrapper_0/U0/mlp_inst/l2_sum0__55_n_106
    DSP48_X3Y58          DSP48E1 (Prop_dsp48e1_PCIN[47]_PCOUT[47])
                                                      1.713   103.511 r  mlp_system_i/mlp_axi_wrapper_0/U0/mlp_inst/l2_sum0__56/PCOUT[47]
                         net (fo=1, routed)           0.002   103.513    mlp_system_i/mlp_axi_wrapper_0/U0/mlp_inst/l2_sum0__56_n_106
    DSP48_X3Y59          DSP48E1 (Prop_dsp48e1_PCIN[47]_P[2])
                                                      1.518   105.031 r  mlp_system_i/mlp_axi_wrapper_0/U0/mlp_inst/l2_sum0__57/P[2]
                         net (fo=1, routed)           2.118   107.149    mlp_system_i/mlp_axi_wrapper_0/U0/mlp_inst/I415[2]
    DSP48_X2Y56          DSP48E1 (Prop_dsp48e1_C[2]_PCOUT[47])
                                                      2.016   109.165 r  mlp_system_i/mlp_axi_wrapper_0/U0/mlp_inst/l2_sum0__58/PCOUT[47]
                         net (fo=1, routed)           0.002   109.167    mlp_system_i/mlp_axi_wrapper_0/U0/mlp_inst/l2_sum0__58_n_106
    DSP48_X2Y57          DSP48E1 (Prop_dsp48e1_PCIN[47]_PCOUT[47])
                                                      1.713   110.880 r  mlp_system_i/mlp_axi_wrapper_0/U0/mlp_inst/l2_sum0__59/PCOUT[47]
                         net (fo=1, routed)           0.002   110.882    mlp_system_i/mlp_axi_wrapper_0/U0/mlp_inst/l2_sum0__59_n_106
    DSP48_X2Y58          DSP48E1 (Prop_dsp48e1_PCIN[47]_PCOUT[47])
                                                      1.713   112.595 r  mlp_system_i/mlp_axi_wrapper_0/U0/mlp_inst/l2_sum0__60/PCOUT[47]
                         net (fo=1, routed)           0.002   112.597    mlp_system_i/mlp_axi_wrapper_0/U0/mlp_inst/l2_sum0__60_n_106
    DSP48_X2Y59          DSP48E1 (Prop_dsp48e1_PCIN[47]_P[8])
                                                      1.518   114.115 r  mlp_system_i/mlp_axi_wrapper_0/U0/mlp_inst/l2_sum0__61/P[8]
                         net (fo=1, routed)           0.895   115.010    mlp_system_i/mlp_axi_wrapper_0/U0/mlp_inst/l2_sum0__61_n_97
    SLICE_X35Y142        LUT2 (Prop_lut2_I1_O)        0.124   115.134 r  mlp_system_i/mlp_axi_wrapper_0/U0/mlp_inst/l2_sum[11]_i_5/O
                         net (fo=1, routed)           0.000   115.134    mlp_system_i/mlp_axi_wrapper_0/U0/mlp_inst/l2_sum[11]_i_5_n_0
    SLICE_X35Y142        CARRY4 (Prop_carry4_S[0]_CO[3])
                                                      0.532   115.666 r  mlp_system_i/mlp_axi_wrapper_0/U0/mlp_inst/l2_sum_reg[11]_i_1/CO[3]
                         net (fo=1, routed)           0.000   115.666    mlp_system_i/mlp_axi_wrapper_0/U0/mlp_inst/l2_sum_reg[11]_i_1_n_0
    SLICE_X35Y143        CARRY4 (Prop_carry4_CI_CO[3])
                                                      0.114   115.780 r  mlp_system_i/mlp_axi_wrapper_0/U0/mlp_inst/l2_sum_reg[15]_i_1/CO[3]
                         net (fo=1, routed)           0.000   115.780    mlp_system_i/mlp_axi_wrapper_0/U0/mlp_inst/l2_sum_reg[15]_i_1_n_0
    SLICE_X35Y144        CARRY4 (Prop_carry4_CI_CO[3])
                                                      0.114   115.894 r  mlp_system_i/mlp_axi_wrapper_0/U0/mlp_inst/l2_sum_reg[19]_i_1/CO[3]
                         net (fo=1, routed)           0.000   115.894    mlp_system_i/mlp_axi_wrapper_0/U0/mlp_inst/l2_sum_reg[19]_i_1_n_0
    SLICE_X35Y145        CARRY4 (Prop_carry4_CI_CO[3])
                                                      0.114   116.008 r  mlp_system_i/mlp_axi_wrapper_0/U0/mlp_inst/l2_sum_reg[23]_i_1/CO[3]
                         net (fo=1, routed)           0.000   116.008    mlp_system_i/mlp_axi_wrapper_0/U0/mlp_inst/l2_sum_reg[23]_i_1_n_0
    SLICE_X35Y146        CARRY4 (Prop_carry4_CI_CO[3])
                                                      0.114   116.122 r  mlp_system_i/mlp_axi_wrapper_0/U0/mlp_inst/l2_sum_reg[27]_i_1/CO[3]
                         net (fo=1, routed)           0.000   116.122    mlp_system_i/mlp_axi_wrapper_0/U0/mlp_inst/l2_sum_reg[27]_i_1_n_0
    SLICE_X35Y147        CARRY4 (Prop_carry4_CI_CO[3])
                                                      0.114   116.236 r  mlp_system_i/mlp_axi_wrapper_0/U0/mlp_inst/l2_sum_reg[31]_i_1/CO[3]
                         net (fo=1, routed)           0.000   116.236    mlp_system_i/mlp_axi_wrapper_0/U0/mlp_inst/l2_sum_reg[31]_i_1_n_0
    SLICE_X35Y148        CARRY4 (Prop_carry4_CI_CO[3])
                                                      0.114   116.350 r  mlp_system_i/mlp_axi_wrapper_0/U0/mlp_inst/l2_sum_reg[35]_i_1/CO[3]
                         net (fo=1, routed)           0.000   116.350    mlp_system_i/mlp_axi_wrapper_0/U0/mlp_inst/l2_sum_reg[35]_i_1_n_0
    SLICE_X35Y149        CARRY4 (Prop_carry4_CI_O[3])
                                                      0.313   116.663 r  mlp_system_i/mlp_axi_wrapper_0/U0/mlp_inst/l2_sum_reg[39]_i_2/O[3]
                         net (fo=1, routed)           0.000   116.663    mlp_system_i/mlp_axi_wrapper_0/U0/mlp_inst/l2_sum0__62[39]
    SLICE_X35Y149        FDRE                                         r  mlp_system_i/mlp_axi_wrapper_0/U0/mlp_inst/l2_sum_reg[39]/D
  -------------------------------------------------------------------    -------------------

                         (clock clk_fpga_0 rise edge)
                                                     10.000    10.000 r  
    PS7_X0Y0             PS7                          0.000    10.000 r  mlp_system_i/processing_system7_0/inst/PS7_i/FCLKCLK[0]
                         net (fo=1, routed)           1.088    11.088    mlp_system_i/processing_system7_0/inst/FCLK_CLK_unbuffered[0]
    BUFGCTRL_X0Y16       BUFG (Prop_bufg_I_O)         0.091    11.179 r  mlp_system_i/processing_system7_0/inst/buffer_fclk_clk_0.FCLK_CLK_0_BUFG/O
                         net (fo=2400, routed)        1.655    12.834    mlp_system_i/mlp_axi_wrapper_0/U0/mlp_inst/S_AXI_ACLK
    SLICE_X35Y149        FDRE                                         r  mlp_system_i/mlp_axi_wrapper_0/U0/mlp_inst/l2_sum_reg[39]/C
                         clock pessimism              0.115    12.949    
                         clock uncertainty           -0.154    12.795    
    SLICE_X35Y149        FDRE (Setup_fdre_C_D)        0.062    12.857    mlp_system_i/mlp_axi_wrapper_0/U0/mlp_inst/l2_sum_reg[39]
  -------------------------------------------------------------------
                         required time                         12.857    
                         arrival time                        -116.663    
  -------------------------------------------------------------------
                         slack                               -103.806    

Slack (VIOLATED) :        -103.732ns  (required time - arrival time)
  Source:                 mlp_system_i/mlp_axi_wrapper_0/U0/mlp_inst/l2_sum0/CLK
                            (rising edge-triggered cell DSP48E1 clocked by clk_fpga_0  {rise@0.000ns fall@5.000ns period=10.000ns})
  Destination:            mlp_system_i/mlp_axi_wrapper_0/U0/mlp_inst/l2_sum_reg[38]/D
                            (rising edge-triggered cell FDRE clocked by clk_fpga_0  {rise@0.000ns fall@5.000ns period=10.000ns})
  Path Group:             clk_fpga_0
  Path Type:              Setup (Max at Slow Process Corner)
  Requirement:            10.000ns  (clk_fpga_0 rise@10.000ns - clk_fpga_0 rise@0.000ns)
  Data Path Delay:        113.406ns  (logic 110.109ns (97.093%)  route 3.297ns (2.907%))
  Logic Levels:           71  (CARRY4=8 DSP48E1=62 LUT2=1)
  Clock Path Skew:        -0.234ns (DCD - SCD + CPR)
    Destination Clock Delay (DCD):    2.834ns = ( 12.834 - 10.000 ) 
    Source Clock Delay      (SCD):    3.184ns
    Clock Pessimism Removal (CPR):    0.115ns
  Clock Uncertainty:      0.154ns  ((TSJ^2 + TIJ^2)^1/2 + DJ) / 2 + PE
    Total System Jitter     (TSJ):    0.071ns
    Total Input Jitter      (TIJ):    0.300ns
    Discrete Jitter          (DJ):    0.000ns
    Phase Error              (PE):    0.000ns

    Location             Delay type                Incr(ns)  Path(ns)    Netlist Resource(s)
  -------------------------------------------------------------------    -------------------
                         (clock clk_fpga_0 rise edge)
                                                      0.000     0.000 r  
    PS7_X0Y0             PS7                          0.000     0.000 r  mlp_system_i/processing_system7_0/inst/PS7_i/FCLKCLK[0]
                         net (fo=1, routed)           1.193     1.193    mlp_system_i/processing_system7_0/inst/FCLK_CLK_unbuffered[0]
    BUFGCTRL_X0Y16       BUFG (Prop_bufg_I_O)         0.101     1.294 r  mlp_system_i/processing_system7_0/inst/buffer_fclk_clk_0.FCLK_CLK_0_BUFG/O
                         net (fo=2400, routed)        1.890     3.184    mlp_system_i/mlp_axi_wrapper_0/U0/mlp_inst/S_AXI_ACLK
    DSP48_X3Y1           DSP48E1                                      r  mlp_system_i/mlp_axi_wrapper_0/U0/mlp_inst/l2_sum0/CLK
  -------------------------------------------------------------------    -------------------
    DSP48_X3Y1           DSP48E1 (Prop_dsp48e1_CLK_PCOUT[47])
                                                      2.411     5.595 r  mlp_system_i/mlp_axi_wrapper_0/U0/mlp_inst/l2_sum0/PCOUT[47]
                         net (fo=1, routed)           0.002     5.597    mlp_system_i/mlp_axi_wrapper_0/U0/mlp_inst/l2_sum0_n_106
    DSP48_X3Y2           DSP48E1 (Prop_dsp48e1_PCIN[47]_PCOUT[47])
                                                      1.713     7.310 r  mlp_system_i/mlp_axi_wrapper_0/U0/mlp_inst/l2_sum0__0/PCOUT[47]
                         net (fo=1, routed)           0.002     7.312    mlp_system_i/mlp_axi_wrapper_0/U0/mlp_inst/l2_sum0__0_n_106
    DSP48_X3Y3           DSP48E1 (Prop_dsp48e1_PCIN[47]_PCOUT[47])
                                                      1.713     9.025 r  mlp_system_i/mlp_axi_wrapper_0/U0/mlp_inst/l2_sum0__1/PCOUT[47]
                         net (fo=1, routed)           0.002     9.027    mlp_system_i/mlp_axi_wrapper_0/U0/mlp_inst/l2_sum0__1_n_106
    DSP48_X3Y4           DSP48E1 (Prop_dsp48e1_PCIN[47]_PCOUT[47])
                                                      1.713    10.740 r  mlp_system_i/mlp_axi_wrapper_0/U0/mlp_inst/l2_sum0__2/PCOUT[47]
                         net (fo=1, routed)           0.002    10.742    mlp_system_i/mlp_axi_wrapper_0/U0/mlp_inst/l2_sum0__2_n_106
    DSP48_X3Y5           DSP48E1 (Prop_dsp48e1_PCIN[47]_PCOUT[47])
                                                      1.713    12.455 r  mlp_system_i/mlp_axi_wrapper_0/U0/mlp_inst/l2_sum0__3/PCOUT[47]
                         net (fo=1, routed)           0.002    12.457    mlp_system_i/mlp_axi_wrapper_0/U0/mlp_inst/l2_sum0__3_n_106
    DSP48_X3Y6           DSP48E1 (Prop_dsp48e1_PCIN[47]_PCOUT[47])
                                                      1.713    14.170 r  mlp_system_i/mlp_axi_wrapper_0/U0/mlp_inst/l2_sum0__4/PCOUT[47]
                         net (fo=1, routed)           0.002    14.172    mlp_system_i/mlp_axi_wrapper_0/U0/mlp_inst/l2_sum0__4_n_106
    DSP48_X3Y7           DSP48E1 (Prop_dsp48e1_PCIN[47]_PCOUT[47])
                                                      1.713    15.885 r  mlp_system_i/mlp_axi_wrapper_0/U0/mlp_inst/l2_sum0__5/PCOUT[47]
                         net (fo=1, routed)           0.002    15.887    mlp_system_i/mlp_axi_wrapper_0/U0/mlp_inst/l2_sum0__5_n_106
    DSP48_X3Y8           DSP48E1 (Prop_dsp48e1_PCIN[47]_PCOUT[47])
                                                      1.713    17.600 r  mlp_system_i/mlp_axi_wrapper_0/U0/mlp_inst/l2_sum0__6/PCOUT[47]
                         net (fo=1, routed)           0.002    17.602    mlp_system_i/mlp_axi_wrapper_0/U0/mlp_inst/l2_sum0__6_n_106
    DSP48_X3Y9           DSP48E1 (Prop_dsp48e1_PCIN[47]_PCOUT[47])
                                                      1.713    19.315 r  mlp_system_i/mlp_axi_wrapper_0/U0/mlp_inst/l2_sum0__7/PCOUT[47]
                         net (fo=1, routed)           0.056    19.370    mlp_system_i/mlp_axi_wrapper_0/U0/mlp_inst/l2_sum0__7_n_106
    DSP48_X3Y10          DSP48E1 (Prop_dsp48e1_PCIN[47]_PCOUT[47])
                                                      1.713    21.083 r  mlp_system_i/mlp_axi_wrapper_0/U0/mlp_inst/l2_sum0__8/PCOUT[47]
                         net (fo=1, routed)           0.002    21.085    mlp_system_i/mlp_axi_wrapper_0/U0/mlp_inst/l2_sum0__8_n_106
    DSP48_X3Y11          DSP48E1 (Prop_dsp48e1_PCIN[47]_PCOUT[47])
                                                      1.713    22.798 r  mlp_system_i/mlp_axi_wrapper_0/U0/mlp_inst/l2_sum0__9/PCOUT[47]
                         net (fo=1, routed)           0.002    22.800    mlp_system_i/mlp_axi_wrapper_0/U0/mlp_inst/l2_sum0__9_n_106
    DSP48_X3Y12          DSP48E1 (Prop_dsp48e1_PCIN[47]_PCOUT[47])
                                                      1.713    24.513 r  mlp_system_i/mlp_axi_wrapper_0/U0/mlp_inst/l2_sum0__10/PCOUT[47]
                         net (fo=1, routed)           0.002    24.515    mlp_system_i/mlp_axi_wrapper_0/U0/mlp_inst/l2_sum0__10_n_106
    DSP48_X3Y13          DSP48E1 (Prop_dsp48e1_PCIN[47]_PCOUT[47])
                                                      1.713    26.228 r  mlp_system_i/mlp_axi_wrapper_0/U0/mlp_inst/l2_sum0__11/PCOUT[47]
                         net (fo=1, routed)           0.002    26.230    mlp_system_i/mlp_axi_wrapper_0/U0/mlp_inst/l2_sum0__11_n_106
    DSP48_X3Y14          DSP48E1 (Prop_dsp48e1_PCIN[47]_PCOUT[47])
                                                      1.713    27.943 r  mlp_system_i/mlp_axi_wrapper_0/U0/mlp_inst/l2_sum0__12/PCOUT[47]
                         net (fo=1, routed)           0.002    27.945    mlp_system_i/mlp_axi_wrapper_0/U0/mlp_inst/l2_sum0__12_n_106
    DSP48_X3Y15          DSP48E1 (Prop_dsp48e1_PCIN[47]_PCOUT[47])
                                                      1.713    29.658 r  mlp_system_i/mlp_axi_wrapper_0/U0/mlp_inst/l2_sum0__13/PCOUT[47]
                         net (fo=1, routed)           0.002    29.660    mlp_system_i/mlp_axi_wrapper_0/U0/mlp_inst/l2_sum0__13_n_106
    DSP48_X3Y16          DSP48E1 (Prop_dsp48e1_PCIN[47]_PCOUT[47])
                                                      1.713    31.373 r  mlp_system_i/mlp_axi_wrapper_0/U0/mlp_inst/l2_sum0__14/PCOUT[47]
                         net (fo=1, routed)           0.002    31.375    mlp_system_i/mlp_axi_wrapper_0/U0/mlp_inst/l2_sum0__14_n_106
    DSP48_X3Y17          DSP48E1 (Prop_dsp48e1_PCIN[47]_PCOUT[47])
                                                      1.713    33.088 r  mlp_system_i/mlp_axi_wrapper_0/U0/mlp_inst/l2_sum0__15/PCOUT[47]
                         net (fo=1, routed)           0.002    33.090    mlp_system_i/mlp_axi_wrapper_0/U0/mlp_inst/l2_sum0__15_n_106
    DSP48_X3Y18          DSP48E1 (Prop_dsp48e1_PCIN[47]_PCOUT[47])
                                                      1.713    34.803 r  mlp_system_i/mlp_axi_wrapper_0/U0/mlp_inst/l2_sum0__16/PCOUT[47]
                         net (fo=1, routed)           0.002    34.805    mlp_system_i/mlp_axi_wrapper_0/U0/mlp_inst/l2_sum0__16_n_106
    DSP48_X3Y19          DSP48E1 (Prop_dsp48e1_PCIN[47]_PCOUT[47])
                                                      1.713    36.518 r  mlp_system_i/mlp_axi_wrapper_0/U0/mlp_inst/l2_sum0__17/PCOUT[47]
                         net (fo=1, routed)           0.002    36.520    mlp_system_i/mlp_axi_wrapper_0/U0/mlp_inst/l2_sum0__17_n_106
    DSP48_X3Y20          DSP48E1 (Prop_dsp48e1_PCIN[47]_PCOUT[47])
                                                      1.713    38.233 r  mlp_system_i/mlp_axi_wrapper_0/U0/mlp_inst/l2_sum0__18/PCOUT[47]
                         net (fo=1, routed)           0.002    38.235    mlp_system_i/mlp_axi_wrapper_0/U0/mlp_inst/l2_sum0__18_n_106
    DSP48_X3Y21          DSP48E1 (Prop_dsp48e1_PCIN[47]_PCOUT[47])
                                                      1.713    39.948 r  mlp_system_i/mlp_axi_wrapper_0/U0/mlp_inst/l2_sum0__19/PCOUT[47]
                         net (fo=1, routed)           0.002    39.950    mlp_system_i/mlp_axi_wrapper_0/U0/mlp_inst/l2_sum0__19_n_106
    DSP48_X3Y22          DSP48E1 (Prop_dsp48e1_PCIN[47]_PCOUT[47])
                                                      1.713    41.663 r  mlp_system_i/mlp_axi_wrapper_0/U0/mlp_inst/l2_sum0__20/PCOUT[47]
                         net (fo=1, routed)           0.002    41.665    mlp_system_i/mlp_axi_wrapper_0/U0/mlp_inst/l2_sum0__20_n_106
    DSP48_X3Y23          DSP48E1 (Prop_dsp48e1_PCIN[47]_PCOUT[47])
                                                      1.713    43.378 r  mlp_system_i/mlp_axi_wrapper_0/U0/mlp_inst/l2_sum0__21/PCOUT[47]
                         net (fo=1, routed)           0.002    43.380    mlp_system_i/mlp_axi_wrapper_0/U0/mlp_inst/l2_sum0__21_n_106
    DSP48_X3Y24          DSP48E1 (Prop_dsp48e1_PCIN[47]_PCOUT[47])
                                                      1.713    45.093 r  mlp_system_i/mlp_axi_wrapper_0/U0/mlp_inst/l2_sum0__22/PCOUT[47]
                         net (fo=1, routed)           0.002    45.095    mlp_system_i/mlp_axi_wrapper_0/U0/mlp_inst/l2_sum0__22_n_106
    DSP48_X3Y25          DSP48E1 (Prop_dsp48e1_PCIN[47]_PCOUT[47])
                                                      1.713    46.808 r  mlp_system_i/mlp_axi_wrapper_0/U0/mlp_inst/l2_sum0__23/PCOUT[47]
                         net (fo=1, routed)           0.002    46.810    mlp_system_i/mlp_axi_wrapper_0/U0/mlp_inst/l2_sum0__23_n_106
    DSP48_X3Y26          DSP48E1 (Prop_dsp48e1_PCIN[47]_PCOUT[47])
                                                      1.713    48.523 r  mlp_system_i/mlp_axi_wrapper_0/U0/mlp_inst/l2_sum0__24/PCOUT[47]
                         net (fo=1, routed)           0.002    48.525    mlp_system_i/mlp_axi_wrapper_0/U0/mlp_inst/l2_sum0__24_n_106
    DSP48_X3Y27          DSP48E1 (Prop_dsp48e1_PCIN[47]_PCOUT[47])
                                                      1.713    50.238 r  mlp_system_i/mlp_axi_wrapper_0/U0/mlp_inst/l2_sum0__25/PCOUT[47]
                         net (fo=1, routed)           0.002    50.240    mlp_system_i/mlp_axi_wrapper_0/U0/mlp_inst/l2_sum0__25_n_106
    DSP48_X3Y28          DSP48E1 (Prop_dsp48e1_PCIN[47]_PCOUT[47])
                                                      1.713    51.953 r  mlp_system_i/mlp_axi_wrapper_0/U0/mlp_inst/l2_sum0__26/PCOUT[47]
                         net (fo=1, routed)           0.002    51.955    mlp_system_i/mlp_axi_wrapper_0/U0/mlp_inst/l2_sum0__26_n_106
    DSP48_X3Y29          DSP48E1 (Prop_dsp48e1_PCIN[47]_PCOUT[47])
                                                      1.713    53.668 r  mlp_system_i/mlp_axi_wrapper_0/U0/mlp_inst/l2_sum0__27/PCOUT[47]
                         net (fo=1, routed)           0.056    53.724    mlp_system_i/mlp_axi_wrapper_0/U0/mlp_inst/l2_sum0__27_n_106
    DSP48_X3Y30          DSP48E1 (Prop_dsp48e1_PCIN[47]_PCOUT[47])
                                                      1.713    55.437 r  mlp_system_i/mlp_axi_wrapper_0/U0/mlp_inst/l2_sum0__28/PCOUT[47]
                         net (fo=1, routed)           0.002    55.439    mlp_system_i/mlp_axi_wrapper_0/U0/mlp_inst/l2_sum0__28_n_106
    DSP48_X3Y31          DSP48E1 (Prop_dsp48e1_PCIN[47]_PCOUT[47])
                                                      1.713    57.152 r  mlp_system_i/mlp_axi_wrapper_0/U0/mlp_inst/l2_sum0__29/PCOUT[47]
                         net (fo=1, routed)           0.002    57.154    mlp_system_i/mlp_axi_wrapper_0/U0/mlp_inst/l2_sum0__29_n_106
    DSP48_X3Y32          DSP48E1 (Prop_dsp48e1_PCIN[47]_PCOUT[47])
                                                      1.713    58.867 r  mlp_system_i/mlp_axi_wrapper_0/U0/mlp_inst/l2_sum0__30/PCOUT[47]
                         net (fo=1, routed)           0.002    58.869    mlp_system_i/mlp_axi_wrapper_0/U0/mlp_inst/l2_sum0__30_n_106
    DSP48_X3Y33          DSP48E1 (Prop_dsp48e1_PCIN[47]_PCOUT[47])
                                                      1.713    60.582 r  mlp_system_i/mlp_axi_wrapper_0/U0/mlp_inst/l2_sum0__31/PCOUT[47]
                         net (fo=1, routed)           0.002    60.584    mlp_system_i/mlp_axi_wrapper_0/U0/mlp_inst/l2_sum0__31_n_106
    DSP48_X3Y34          DSP48E1 (Prop_dsp48e1_PCIN[47]_PCOUT[47])
                                                      1.713    62.297 r  mlp_system_i/mlp_axi_wrapper_0/U0/mlp_inst/l2_sum0__32/PCOUT[47]
                         net (fo=1, routed)           0.002    62.299    mlp_system_i/mlp_axi_wrapper_0/U0/mlp_inst/l2_sum0__32_n_106
    DSP48_X3Y35          DSP48E1 (Prop_dsp48e1_PCIN[47]_PCOUT[47])
                                                      1.713    64.012 r  mlp_system_i/mlp_axi_wrapper_0/U0/mlp_inst/l2_sum0__33/PCOUT[47]
                         net (fo=1, routed)           0.002    64.014    mlp_system_i/mlp_axi_wrapper_0/U0/mlp_inst/l2_sum0__33_n_106
    DSP48_X3Y36          DSP48E1 (Prop_dsp48e1_PCIN[47]_PCOUT[47])
                                                      1.713    65.727 r  mlp_system_i/mlp_axi_wrapper_0/U0/mlp_inst/l2_sum0__34/PCOUT[47]
                         net (fo=1, routed)           0.002    65.729    mlp_system_i/mlp_axi_wrapper_0/U0/mlp_inst/l2_sum0__34_n_106
    DSP48_X3Y37          DSP48E1 (Prop_dsp48e1_PCIN[47]_PCOUT[47])
                                                      1.713    67.442 r  mlp_system_i/mlp_axi_wrapper_0/U0/mlp_inst/l2_sum0__35/PCOUT[47]
                         net (fo=1, routed)           0.002    67.444    mlp_system_i/mlp_axi_wrapper_0/U0/mlp_inst/l2_sum0__35_n_106
    DSP48_X3Y38          DSP48E1 (Prop_dsp48e1_PCIN[47]_PCOUT[47])
                                                      1.713    69.157 r  mlp_system_i/mlp_axi_wrapper_0/U0/mlp_inst/l2_sum0__36/PCOUT[47]
                         net (fo=1, routed)           0.002    69.159    mlp_system_i/mlp_axi_wrapper_0/U0/mlp_inst/l2_sum0__36_n_106
    DSP48_X3Y39          DSP48E1 (Prop_dsp48e1_PCIN[47]_PCOUT[47])
                                                      1.713    70.872 r  mlp_system_i/mlp_axi_wrapper_0/U0/mlp_inst/l2_sum0__37/PCOUT[47]
                         net (fo=1, routed)           0.002    70.874    mlp_system_i/mlp_axi_wrapper_0/U0/mlp_inst/l2_sum0__37_n_106
    DSP48_X3Y40          DSP48E1 (Prop_dsp48e1_PCIN[47]_PCOUT[47])
                                                      1.713    72.587 r  mlp_system_i/mlp_axi_wrapper_0/U0/mlp_inst/l2_sum0__38/PCOUT[47]
                         net (fo=1, routed)           0.002    72.589    mlp_system_i/mlp_axi_wrapper_0/U0/mlp_inst/l2_sum0__38_n_106
    DSP48_X3Y41          DSP48E1 (Prop_dsp48e1_PCIN[47]_PCOUT[47])
                                                      1.713    74.302 r  mlp_system_i/mlp_axi_wrapper_0/U0/mlp_inst/l2_sum0__39/PCOUT[47]
                         net (fo=1, routed)           0.002    74.304    mlp_system_i/mlp_axi_wrapper_0/U0/mlp_inst/l2_sum0__39_n_106
    DSP48_X3Y42          DSP48E1 (Prop_dsp48e1_PCIN[47]_PCOUT[47])
                                                      1.713    76.017 r  mlp_system_i/mlp_axi_wrapper_0/U0/mlp_inst/l2_sum0__40/PCOUT[47]
                         net (fo=1, routed)           0.002    76.019    mlp_system_i/mlp_axi_wrapper_0/U0/mlp_inst/l2_sum0__40_n_106
    DSP48_X3Y43          DSP48E1 (Prop_dsp48e1_PCIN[47]_PCOUT[47])
                                                      1.713    77.732 r  mlp_system_i/mlp_axi_wrapper_0/U0/mlp_inst/l2_sum0__41/PCOUT[47]
                         net (fo=1, routed)           0.002    77.734    mlp_system_i/mlp_axi_wrapper_0/U0/mlp_inst/l2_sum0__41_n_106
    DSP48_X3Y44          DSP48E1 (Prop_dsp48e1_PCIN[47]_PCOUT[47])
                                                      1.713    79.447 r  mlp_system_i/mlp_axi_wrapper_0/U0/mlp_inst/l2_sum0__42/PCOUT[47]
                         net (fo=1, routed)           0.002    79.449    mlp_system_i/mlp_axi_wrapper_0/U0/mlp_inst/l2_sum0__42_n_106
    DSP48_X3Y45          DSP48E1 (Prop_dsp48e1_PCIN[47]_PCOUT[47])
                                                      1.713    81.162 r  mlp_system_i/mlp_axi_wrapper_0/U0/mlp_inst/l2_sum0__43/PCOUT[47]
                         net (fo=1, routed)           0.002    81.164    mlp_system_i/mlp_axi_wrapper_0/U0/mlp_inst/l2_sum0__43_n_106
    DSP48_X3Y46          DSP48E1 (Prop_dsp48e1_PCIN[47]_PCOUT[47])
                                                      1.713    82.877 r  mlp_system_i/mlp_axi_wrapper_0/U0/mlp_inst/l2_sum0__44/PCOUT[47]
                         net (fo=1, routed)           0.002    82.879    mlp_system_i/mlp_axi_wrapper_0/U0/mlp_inst/l2_sum0__44_n_106
    DSP48_X3Y47          DSP48E1 (Prop_dsp48e1_PCIN[47]_PCOUT[47])
                                                      1.713    84.592 r  mlp_system_i/mlp_axi_wrapper_0/U0/mlp_inst/l2_sum0__45/PCOUT[47]
                         net (fo=1, routed)           0.002    84.594    mlp_system_i/mlp_axi_wrapper_0/U0/mlp_inst/l2_sum0__45_n_106
    DSP48_X3Y48          DSP48E1 (Prop_dsp48e1_PCIN[47]_PCOUT[47])
                                                      1.713    86.307 r  mlp_system_i/mlp_axi_wrapper_0/U0/mlp_inst/l2_sum0__46/PCOUT[47]
                         net (fo=1, routed)           0.002    86.309    mlp_system_i/mlp_axi_wrapper_0/U0/mlp_inst/l2_sum0__46_n_106
    DSP48_X3Y49          DSP48E1 (Prop_dsp48e1_PCIN[47]_PCOUT[47])
                                                      1.713    88.022 r  mlp_system_i/mlp_axi_wrapper_0/U0/mlp_inst/l2_sum0__47/PCOUT[47]
                         net (fo=1, routed)           0.056    88.078    mlp_system_i/mlp_axi_wrapper_0/U0/mlp_inst/l2_sum0__47_n_106
    DSP48_X3Y50          DSP48E1 (Prop_dsp48e1_PCIN[47]_PCOUT[47])
                                                      1.713    89.791 r  mlp_system_i/mlp_axi_wrapper_0/U0/mlp_inst/l2_sum0__48/PCOUT[47]
                         net (fo=1, routed)           0.002    89.793    mlp_system_i/mlp_axi_wrapper_0/U0/mlp_inst/l2_sum0__48_n_106
    DSP48_X3Y51          DSP48E1 (Prop_dsp48e1_PCIN[47]_PCOUT[47])
                                                      1.713    91.506 r  mlp_system_i/mlp_axi_wrapper_0/U0/mlp_inst/l2_sum0__49/PCOUT[47]
                         net (fo=1, routed)           0.002    91.508    mlp_system_i/mlp_axi_wrapper_0/U0/mlp_inst/l2_sum0__49_n_106
    DSP48_X3Y52          DSP48E1 (Prop_dsp48e1_PCIN[47]_PCOUT[47])
                                                      1.713    93.221 r  mlp_system_i/mlp_axi_wrapper_0/U0/mlp_inst/l2_sum0__50/PCOUT[47]
                         net (fo=1, routed)           0.002    93.223    mlp_system_i/mlp_axi_wrapper_0/U0/mlp_inst/l2_sum0__50_n_106
    DSP48_X3Y53          DSP48E1 (Prop_dsp48e1_PCIN[47]_PCOUT[47])
                                                      1.713    94.936 r  mlp_system_i/mlp_axi_wrapper_0/U0/mlp_inst/l2_sum0__51/PCOUT[47]
                         net (fo=1, routed)           0.002    94.938    mlp_system_i/mlp_axi_wrapper_0/U0/mlp_inst/l2_sum0__51_n_106
    DSP48_X3Y54          DSP48E1 (Prop_dsp48e1_PCIN[47]_PCOUT[47])
                                                      1.713    96.651 r  mlp_system_i/mlp_axi_wrapper_0/U0/mlp_inst/l2_sum0__52/PCOUT[47]
                         net (fo=1, routed)           0.002    96.653    mlp_system_i/mlp_axi_wrapper_0/U0/mlp_inst/l2_sum0__52_n_106
    DSP48_X3Y55          DSP48E1 (Prop_dsp48e1_PCIN[47]_PCOUT[47])
                                                      1.713    98.366 r  mlp_system_i/mlp_axi_wrapper_0/U0/mlp_inst/l2_sum0__53/PCOUT[47]
                         net (fo=1, routed)           0.002    98.368    mlp_system_i/mlp_axi_wrapper_0/U0/mlp_inst/l2_sum0__53_n_106
    DSP48_X3Y56          DSP48E1 (Prop_dsp48e1_PCIN[47]_PCOUT[47])
                                                      1.713   100.081 r  mlp_system_i/mlp_axi_wrapper_0/U0/mlp_inst/l2_sum0__54/PCOUT[47]
                         net (fo=1, routed)           0.002   100.083    mlp_system_i/mlp_axi_wrapper_0/U0/mlp_inst/l2_sum0__54_n_106
    DSP48_X3Y57          DSP48E1 (Prop_dsp48e1_PCIN[47]_PCOUT[47])
                                                      1.713   101.796 r  mlp_system_i/mlp_axi_wrapper_0/U0/mlp_inst/l2_sum0__55/PCOUT[47]
                         net (fo=1, routed)           0.002   101.798    mlp_system_i/mlp_axi_wrapper_0/U0/mlp_inst/l2_sum0__55_n_106
    DSP48_X3Y58          DSP48E1 (Prop_dsp48e1_PCIN[47]_PCOUT[47])
                                                      1.713   103.511 r  mlp_system_i/mlp_axi_wrapper_0/U0/mlp_inst/l2_sum0__56/PCOUT[47]
                         net (fo=1, routed)           0.002   103.513    mlp_system_i/mlp_axi_wrapper_0/U0/mlp_inst/l2_sum0__56_n_106
    DSP48_X3Y59          DSP48E1 (Prop_dsp48e1_PCIN[47]_P[2])
                                                      1.518   105.031 r  mlp_system_i/mlp_axi_wrapper_0/U0/mlp_inst/l2_sum0__57/P[2]
                         net (fo=1, routed)           2.118   107.149    mlp_system_i/mlp_axi_wrapper_0/U0/mlp_inst/I415[2]
    DSP48_X2Y56          DSP48E1 (Prop_dsp48e1_C[2]_PCOUT[47])
                                                      2.016   109.165 r  mlp_system_i/mlp_axi_wrapper_0/U0/mlp_inst/l2_sum0__58/PCOUT[47]
                         net (fo=1, routed)           0.002   109.167    mlp_system_i/mlp_axi_wrapper_0/U0/mlp_inst/l2_sum0__58_n_106
    DSP48_X2Y57          DSP48E1 (Prop_dsp48e1_PCIN[47]_PCOUT[47])
                                                      1.713   110.880 r  mlp_system_i/mlp_axi_wrapper_0/U0/mlp_inst/l2_sum0__59/PCOUT[47]
                         net (fo=1, routed)           0.002   110.882    mlp_system_i/mlp_axi_wrapper_0/U0/mlp_inst/l2_sum0__59_n_106
    DSP48_X2Y58          DSP48E1 (Prop_dsp48e1_PCIN[47]_PCOUT[47])
                                                      1.713   112.595 r  mlp_system_i/mlp_axi_wrapper_0/U0/mlp_inst/l2_sum0__60/PCOUT[47]
                         net (fo=1, routed)           0.002   112.597    mlp_system_i/mlp_axi_wrapper_0/U0/mlp_inst/l2_sum0__60_n_106
    DSP48_X2Y59          DSP48E1 (Prop_dsp48e1_PCIN[47]_P[8])
                                                      1.518   114.115 r  mlp_system_i/mlp_axi_wrapper_0/U0/mlp_inst/l2_sum0__61/P[8]
                         net (fo=1, routed)           0.895   115.010    mlp_system_i/mlp_axi_wrapper_0/U0/mlp_inst/l2_sum0__61_n_97
    SLICE_X35Y142        LUT2 (Prop_lut2_I1_O)        0.124   115.134 r  mlp_system_i/mlp_axi_wrapper_0/U0/mlp_inst/l2_sum[11]_i_5/O
                         net (fo=1, routed)           0.000   115.134    mlp_system_i/mlp_axi_wrapper_0/U0/mlp_inst/l2_sum[11]_i_5_n_0
    SLICE_X35Y142        CARRY4 (Prop_carry4_S[0]_CO[3])
                                                      0.532   115.666 r  mlp_system_i/mlp_axi_wrapper_0/U0/mlp_inst/l2_sum_reg[11]_i_1/CO[3]
                         net (fo=1, routed)           0.000   115.666    mlp_system_i/mlp_axi_wrapper_0/U0/mlp_inst/l2_sum_reg[11]_i_1_n_0
    SLICE_X35Y143        CARRY4 (Prop_carry4_CI_CO[3])
                                                      0.114   115.780 r  mlp_system_i/mlp_axi_wrapper_0/U0/mlp_inst/l2_sum_reg[15]_i_1/CO[3]
                         net (fo=1, routed)           0.000   115.780    mlp_system_i/mlp_axi_wrapper_0/U0/mlp_inst/l2_sum_reg[15]_i_1_n_0
    SLICE_X35Y144        CARRY4 (Prop_carry4_CI_CO[3])
                                                      0.114   115.894 r  mlp_system_i/mlp_axi_wrapper_0/U0/mlp_inst/l2_sum_reg[19]_i_1/CO[3]
                         net (fo=1, routed)           0.000   115.894    mlp_system_i/mlp_axi_wrapper_0/U0/mlp_inst/l2_sum_reg[19]_i_1_n_0
    SLICE_X35Y145        CARRY4 (Prop_carry4_CI_CO[3])
                                                      0.114   116.008 r  mlp_system_i/mlp_axi_wrapper_0/U0/mlp_inst/l2_sum_reg[23]_i_1/CO[3]
                         net (fo=1, routed)           0.000   116.008    mlp_system_i/mlp_axi_wrapper_0/U0/mlp_inst/l2_sum_reg[23]_i_1_n_0
    SLICE_X35Y146        CARRY4 (Prop_carry4_CI_CO[3])
                                                      0.114   116.122 r  mlp_system_i/mlp_axi_wrapper_0/U0/mlp_inst/l2_sum_reg[27]_i_1/CO[3]
                         net (fo=1, routed)           0.000   116.122    mlp_system_i/mlp_axi_wrapper_0/U0/mlp_inst/l2_sum_reg[27]_i_1_n_0
    SLICE_X35Y147        CARRY4 (Prop_carry4_CI_CO[3])
                                                      0.114   116.236 r  mlp_system_i/mlp_axi_wrapper_0/U0/mlp_inst/l2_sum_reg[31]_i_1/CO[3]
                         net (fo=1, routed)           0.000   116.236    mlp_system_i/mlp_axi_wrapper_0/U0/mlp_inst/l2_sum_reg[31]_i_1_n_0
    SLICE_X35Y148        CARRY4 (Prop_carry4_CI_CO[3])
                                                      0.114   116.350 r  mlp_system_i/mlp_axi_wrapper_0/U0/mlp_inst/l2_sum_reg[35]_i_1/CO[3]
                         net (fo=1, routed)           0.000   116.350    mlp_system_i/mlp_axi_wrapper_0/U0/mlp_inst/l2_sum_reg[35]_i_1_n_0
    SLICE_X35Y149        CARRY4 (Prop_carry4_CI_O[2])
                                                      0.239   116.589 r  mlp_system_i/mlp_axi_wrapper_0/U0/mlp_inst/l2_sum_reg[39]_i_2/O[2]
                         net (fo=1, routed)           0.000   116.589    mlp_system_i/mlp_axi_wrapper_0/U0/mlp_inst/l2_sum0__62[38]
    SLICE_X35Y149        FDRE                                         r  mlp_system_i/mlp_axi_wrapper_0/U0/mlp_inst/l2_sum_reg[38]/D
  -------------------------------------------------------------------    -------------------

                         (clock clk_fpga_0 rise edge)
                                                     10.000    10.000 r  
    PS7_X0Y0             PS7                          0.000    10.000 r  mlp_system_i/processing_system7_0/inst/PS7_i/FCLKCLK[0]
                         net (fo=1, routed)           1.088    11.088    mlp_system_i/processing_system7_0/inst/FCLK_CLK_unbuffered[0]
    BUFGCTRL_X0Y16       BUFG (Prop_bufg_I_O)         0.091    11.179 r  mlp_system_i/processing_system7_0/inst/buffer_fclk_clk_0.FCLK_CLK_0_BUFG/O
                         net (fo=2400, routed)        1.655    12.834    mlp_system_i/mlp_axi_wrapper_0/U0/mlp_inst/S_AXI_ACLK
    SLICE_X35Y149        FDRE                                         r  mlp_system_i/mlp_axi_wrapper_0/U0/mlp_inst/l2_sum_reg[38]/C
                         clock pessimism              0.115    12.949    
                         clock uncertainty           -0.154    12.795    
    SLICE_X35Y149        FDRE (Setup_fdre_C_D)        0.062    12.857    mlp_system_i/mlp_axi_wrapper_0/U0/mlp_inst/l2_sum_reg[38]
  -------------------------------------------------------------------
                         required time                         12.857    
                         arrival time                        -116.589    
  -------------------------------------------------------------------
                         slack                               -103.732    

Slack (VIOLATED) :        -103.716ns  (required time - arrival time)
  Source:                 mlp_system_i/mlp_axi_wrapper_0/U0/mlp_inst/l2_sum0/CLK
                            (rising edge-triggered cell DSP48E1 clocked by clk_fpga_0  {rise@0.000ns fall@5.000ns period=10.000ns})
  Destination:            mlp_system_i/mlp_axi_wrapper_0/U0/mlp_inst/l2_sum_reg[36]/D
                            (rising edge-triggered cell FDRE clocked by clk_fpga_0  {rise@0.000ns fall@5.000ns period=10.000ns})
  Path Group:             clk_fpga_0
  Path Type:              Setup (Max at Slow Process Corner)
  Requirement:            10.000ns  (clk_fpga_0 rise@10.000ns - clk_fpga_0 rise@0.000ns)
  Data Path Delay:        113.390ns  (logic 110.093ns (97.093%)  route 3.297ns (2.907%))
  Logic Levels:           71  (CARRY4=8 DSP48E1=62 LUT2=1)
  Clock Path Skew:        -0.234ns (DCD - SCD + CPR)
    Destination Clock Delay (DCD):    2.834ns = ( 12.834 - 10.000 ) 
    Source Clock Delay      (SCD):    3.184ns
    Clock Pessimism Removal (CPR):    0.115ns
  Clock Uncertainty:      0.154ns  ((TSJ^2 + TIJ^2)^1/2 + DJ) / 2 + PE
    Total System Jitter     (TSJ):    0.071ns
    Total Input Jitter      (TIJ):    0.300ns
    Discrete Jitter          (DJ):    0.000ns
    Phase Error              (PE):    0.000ns

    Location             Delay type                Incr(ns)  Path(ns)    Netlist Resource(s)
  -------------------------------------------------------------------    -------------------
                         (clock clk_fpga_0 rise edge)
                                                      0.000     0.000 r  
    PS7_X0Y0             PS7                          0.000     0.000 r  mlp_system_i/processing_system7_0/inst/PS7_i/FCLKCLK[0]
                         net (fo=1, routed)           1.193     1.193    mlp_system_i/processing_system7_0/inst/FCLK_CLK_unbuffered[0]
    BUFGCTRL_X0Y16       BUFG (Prop_bufg_I_O)         0.101     1.294 r  mlp_system_i/processing_system7_0/inst/buffer_fclk_clk_0.FCLK_CLK_0_BUFG/O
                         net (fo=2400, routed)        1.890     3.184    mlp_system_i/mlp_axi_wrapper_0/U0/mlp_inst/S_AXI_ACLK
    DSP48_X3Y1           DSP48E1                                      r  mlp_system_i/mlp_axi_wrapper_0/U0/mlp_inst/l2_sum0/CLK
  -------------------------------------------------------------------    -------------------
    DSP48_X3Y1           DSP48E1 (Prop_dsp48e1_CLK_PCOUT[47])
                                                      2.411     5.595 r  mlp_system_i/mlp_axi_wrapper_0/U0/mlp_inst/l2_sum0/PCOUT[47]
                         net (fo=1, routed)           0.002     5.597    mlp_system_i/mlp_axi_wrapper_0/U0/mlp_inst/l2_sum0_n_106
    DSP48_X3Y2           DSP48E1 (Prop_dsp48e1_PCIN[47]_PCOUT[47])
                                                      1.713     7.310 r  mlp_system_i/mlp_axi_wrapper_0/U0/mlp_inst/l2_sum0__0/PCOUT[47]
                         net (fo=1, routed)           0.002     7.312    mlp_system_i/mlp_axi_wrapper_0/U0/mlp_inst/l2_sum0__0_n_106
    DSP48_X3Y3           DSP48E1 (Prop_dsp48e1_PCIN[47]_PCOUT[47])
                                                      1.713     9.025 r  mlp_system_i/mlp_axi_wrapper_0/U0/mlp_inst/l2_sum0__1/PCOUT[47]
                         net (fo=1, routed)           0.002     9.027    mlp_system_i/mlp_axi_wrapper_0/U0/mlp_inst/l2_sum0__1_n_106
    DSP48_X3Y4           DSP48E1 (Prop_dsp48e1_PCIN[47]_PCOUT[47])
                                                      1.713    10.740 r  mlp_system_i/mlp_axi_wrapper_0/U0/mlp_inst/l2_sum0__2/PCOUT[47]
                         net (fo=1, routed)           0.002    10.742    mlp_system_i/mlp_axi_wrapper_0/U0/mlp_inst/l2_sum0__2_n_106
    DSP48_X3Y5           DSP48E1 (Prop_dsp48e1_PCIN[47]_PCOUT[47])
                                                      1.713    12.455 r  mlp_system_i/mlp_axi_wrapper_0/U0/mlp_inst/l2_sum0__3/PCOUT[47]
                         net (fo=1, routed)           0.002    12.457    mlp_system_i/mlp_axi_wrapper_0/U0/mlp_inst/l2_sum0__3_n_106
    DSP48_X3Y6           DSP48E1 (Prop_dsp48e1_PCIN[47]_PCOUT[47])
                                                      1.713    14.170 r  mlp_system_i/mlp_axi_wrapper_0/U0/mlp_inst/l2_sum0__4/PCOUT[47]
                         net (fo=1, routed)           0.002    14.172    mlp_system_i/mlp_axi_wrapper_0/U0/mlp_inst/l2_sum0__4_n_106
    DSP48_X3Y7           DSP48E1 (Prop_dsp48e1_PCIN[47]_PCOUT[47])
                                                      1.713    15.885 r  mlp_system_i/mlp_axi_wrapper_0/U0/mlp_inst/l2_sum0__5/PCOUT[47]
                         net (fo=1, routed)           0.002    15.887    mlp_system_i/mlp_axi_wrapper_0/U0/mlp_inst/l2_sum0__5_n_106
    DSP48_X3Y8           DSP48E1 (Prop_dsp48e1_PCIN[47]_PCOUT[47])
                                                      1.713    17.600 r  mlp_system_i/mlp_axi_wrapper_0/U0/mlp_inst/l2_sum0__6/PCOUT[47]
                         net (fo=1, routed)           0.002    17.602    mlp_system_i/mlp_axi_wrapper_0/U0/mlp_inst/l2_sum0__6_n_106
    DSP48_X3Y9           DSP48E1 (Prop_dsp48e1_PCIN[47]_PCOUT[47])
                                                      1.713    19.315 r  mlp_system_i/mlp_axi_wrapper_0/U0/mlp_inst/l2_sum0__7/PCOUT[47]
                         net (fo=1, routed)           0.056    19.370    mlp_system_i/mlp_axi_wrapper_0/U0/mlp_inst/l2_sum0__7_n_106
    DSP48_X3Y10          DSP48E1 (Prop_dsp48e1_PCIN[47]_PCOUT[47])
                                                      1.713    21.083 r  mlp_system_i/mlp_axi_wrapper_0/U0/mlp_inst/l2_sum0__8/PCOUT[47]
                         net (fo=1, routed)           0.002    21.085    mlp_system_i/mlp_axi_wrapper_0/U0/mlp_inst/l2_sum0__8_n_106
    DSP48_X3Y11          DSP48E1 (Prop_dsp48e1_PCIN[47]_PCOUT[47])
                                                      1.713    22.798 r  mlp_system_i/mlp_axi_wrapper_0/U0/mlp_inst/l2_sum0__9/PCOUT[47]
                         net (fo=1, routed)           0.002    22.800    mlp_system_i/mlp_axi_wrapper_0/U0/mlp_inst/l2_sum0__9_n_106
    DSP48_X3Y12          DSP48E1 (Prop_dsp48e1_PCIN[47]_PCOUT[47])
                                                      1.713    24.513 r  mlp_system_i/mlp_axi_wrapper_0/U0/mlp_inst/l2_sum0__10/PCOUT[47]
                         net (fo=1, routed)           0.002    24.515    mlp_system_i/mlp_axi_wrapper_0/U0/mlp_inst/l2_sum0__10_n_106
    DSP48_X3Y13          DSP48E1 (Prop_dsp48e1_PCIN[47]_PCOUT[47])
                                                      1.713    26.228 r  mlp_system_i/mlp_axi_wrapper_0/U0/mlp_inst/l2_sum0__11/PCOUT[47]
                         net (fo=1, routed)           0.002    26.230    mlp_system_i/mlp_axi_wrapper_0/U0/mlp_inst/l2_sum0__11_n_106
    DSP48_X3Y14          DSP48E1 (Prop_dsp48e1_PCIN[47]_PCOUT[47])
                                                      1.713    27.943 r  mlp_system_i/mlp_axi_wrapper_0/U0/mlp_inst/l2_sum0__12/PCOUT[47]
                         net (fo=1, routed)           0.002    27.945    mlp_system_i/mlp_axi_wrapper_0/U0/mlp_inst/l2_sum0__12_n_106
    DSP48_X3Y15          DSP48E1 (Prop_dsp48e1_PCIN[47]_PCOUT[47])
                                                      1.713    29.658 r  mlp_system_i/mlp_axi_wrapper_0/U0/mlp_inst/l2_sum0__13/PCOUT[47]
                         net (fo=1, routed)           0.002    29.660    mlp_system_i/mlp_axi_wrapper_0/U0/mlp_inst/l2_sum0__13_n_106
    DSP48_X3Y16          DSP48E1 (Prop_dsp48e1_PCIN[47]_PCOUT[47])
                                                      1.713    31.373 r  mlp_system_i/mlp_axi_wrapper_0/U0/mlp_inst/l2_sum0__14/PCOUT[47]
                         net (fo=1, routed)           0.002    31.375    mlp_system_i/mlp_axi_wrapper_0/U0/mlp_inst/l2_sum0__14_n_106
    DSP48_X3Y17          DSP48E1 (Prop_dsp48e1_PCIN[47]_PCOUT[47])
                                                      1.713    33.088 r  mlp_system_i/mlp_axi_wrapper_0/U0/mlp_inst/l2_sum0__15/PCOUT[47]
                         net (fo=1, routed)           0.002    33.090    mlp_system_i/mlp_axi_wrapper_0/U0/mlp_inst/l2_sum0__15_n_106
    DSP48_X3Y18          DSP48E1 (Prop_dsp48e1_PCIN[47]_PCOUT[47])
                                                      1.713    34.803 r  mlp_system_i/mlp_axi_wrapper_0/U0/mlp_inst/l2_sum0__16/PCOUT[47]
                         net (fo=1, routed)           0.002    34.805    mlp_system_i/mlp_axi_wrapper_0/U0/mlp_inst/l2_sum0__16_n_106
    DSP48_X3Y19          DSP48E1 (Prop_dsp48e1_PCIN[47]_PCOUT[47])
                                                      1.713    36.518 r  mlp_system_i/mlp_axi_wrapper_0/U0/mlp_inst/l2_sum0__17/PCOUT[47]
                         net (fo=1, routed)           0.002    36.520    mlp_system_i/mlp_axi_wrapper_0/U0/mlp_inst/l2_sum0__17_n_106
    DSP48_X3Y20          DSP48E1 (Prop_dsp48e1_PCIN[47]_PCOUT[47])
                                                      1.713    38.233 r  mlp_system_i/mlp_axi_wrapper_0/U0/mlp_inst/l2_sum0__18/PCOUT[47]
                         net (fo=1, routed)           0.002    38.235    mlp_system_i/mlp_axi_wrapper_0/U0/mlp_inst/l2_sum0__18_n_106
    DSP48_X3Y21          DSP48E1 (Prop_dsp48e1_PCIN[47]_PCOUT[47])
                                                      1.713    39.948 r  mlp_system_i/mlp_axi_wrapper_0/U0/mlp_inst/l2_sum0__19/PCOUT[47]
                         net (fo=1, routed)           0.002    39.950    mlp_system_i/mlp_axi_wrapper_0/U0/mlp_inst/l2_sum0__19_n_106
    DSP48_X3Y22          DSP48E1 (Prop_dsp48e1_PCIN[47]_PCOUT[47])
                                                      1.713    41.663 r  mlp_system_i/mlp_axi_wrapper_0/U0/mlp_inst/l2_sum0__20/PCOUT[47]
                         net (fo=1, routed)           0.002    41.665    mlp_system_i/mlp_axi_wrapper_0/U0/mlp_inst/l2_sum0__20_n_106
    DSP48_X3Y23          DSP48E1 (Prop_dsp48e1_PCIN[47]_PCOUT[47])
                                                      1.713    43.378 r  mlp_system_i/mlp_axi_wrapper_0/U0/mlp_inst/l2_sum0__21/PCOUT[47]
                         net (fo=1, routed)           0.002    43.380    mlp_system_i/mlp_axi_wrapper_0/U0/mlp_inst/l2_sum0__21_n_106
    DSP48_X3Y24          DSP48E1 (Prop_dsp48e1_PCIN[47]_PCOUT[47])
                                                      1.713    45.093 r  mlp_system_i/mlp_axi_wrapper_0/U0/mlp_inst/l2_sum0__22/PCOUT[47]
                         net (fo=1, routed)           0.002    45.095    mlp_system_i/mlp_axi_wrapper_0/U0/mlp_inst/l2_sum0__22_n_106
    DSP48_X3Y25          DSP48E1 (Prop_dsp48e1_PCIN[47]_PCOUT[47])
                                                      1.713    46.808 r  mlp_system_i/mlp_axi_wrapper_0/U0/mlp_inst/l2_sum0__23/PCOUT[47]
                         net (fo=1, routed)           0.002    46.810    mlp_system_i/mlp_axi_wrapper_0/U0/mlp_inst/l2_sum0__23_n_106
    DSP48_X3Y26          DSP48E1 (Prop_dsp48e1_PCIN[47]_PCOUT[47])
                                                      1.713    48.523 r  mlp_system_i/mlp_axi_wrapper_0/U0/mlp_inst/l2_sum0__24/PCOUT[47]
                         net (fo=1, routed)           0.002    48.525    mlp_system_i/mlp_axi_wrapper_0/U0/mlp_inst/l2_sum0__24_n_106
    DSP48_X3Y27          DSP48E1 (Prop_dsp48e1_PCIN[47]_PCOUT[47])
                                                      1.713    50.238 r  mlp_system_i/mlp_axi_wrapper_0/U0/mlp_inst/l2_sum0__25/PCOUT[47]
                         net (fo=1, routed)           0.002    50.240    mlp_system_i/mlp_axi_wrapper_0/U0/mlp_inst/l2_sum0__25_n_106
    DSP48_X3Y28          DSP48E1 (Prop_dsp48e1_PCIN[47]_PCOUT[47])
                                                      1.713    51.953 r  mlp_system_i/mlp_axi_wrapper_0/U0/mlp_inst/l2_sum0__26/PCOUT[47]
                         net (fo=1, routed)           0.002    51.955    mlp_system_i/mlp_axi_wrapper_0/U0/mlp_inst/l2_sum0__26_n_106
    DSP48_X3Y29          DSP48E1 (Prop_dsp48e1_PCIN[47]_PCOUT[47])
                                                      1.713    53.668 r  mlp_system_i/mlp_axi_wrapper_0/U0/mlp_inst/l2_sum0__27/PCOUT[47]
                         net (fo=1, routed)           0.056    53.724    mlp_system_i/mlp_axi_wrapper_0/U0/mlp_inst/l2_sum0__27_n_106
    DSP48_X3Y30          DSP48E1 (Prop_dsp48e1_PCIN[47]_PCOUT[47])
                                                      1.713    55.437 r  mlp_system_i/mlp_axi_wrapper_0/U0/mlp_inst/l2_sum0__28/PCOUT[47]
                         net (fo=1, routed)           0.002    55.439    mlp_system_i/mlp_axi_wrapper_0/U0/mlp_inst/l2_sum0__28_n_106
    DSP48_X3Y31          DSP48E1 (Prop_dsp48e1_PCIN[47]_PCOUT[47])
                                                      1.713    57.152 r  mlp_system_i/mlp_axi_wrapper_0/U0/mlp_inst/l2_sum0__29/PCOUT[47]
                         net (fo=1, routed)           0.002    57.154    mlp_system_i/mlp_axi_wrapper_0/U0/mlp_inst/l2_sum0__29_n_106
    DSP48_X3Y32          DSP48E1 (Prop_dsp48e1_PCIN[47]_PCOUT[47])
                                                      1.713    58.867 r  mlp_system_i/mlp_axi_wrapper_0/U0/mlp_inst/l2_sum0__30/PCOUT[47]
                         net (fo=1, routed)           0.002    58.869    mlp_system_i/mlp_axi_wrapper_0/U0/mlp_inst/l2_sum0__30_n_106
    DSP48_X3Y33          DSP48E1 (Prop_dsp48e1_PCIN[47]_PCOUT[47])
                                                      1.713    60.582 r  mlp_system_i/mlp_axi_wrapper_0/U0/mlp_inst/l2_sum0__31/PCOUT[47]
                         net (fo=1, routed)           0.002    60.584    mlp_system_i/mlp_axi_wrapper_0/U0/mlp_inst/l2_sum0__31_n_106
    DSP48_X3Y34          DSP48E1 (Prop_dsp48e1_PCIN[47]_PCOUT[47])
                                                      1.713    62.297 r  mlp_system_i/mlp_axi_wrapper_0/U0/mlp_inst/l2_sum0__32/PCOUT[47]
                         net (fo=1, routed)           0.002    62.299    mlp_system_i/mlp_axi_wrapper_0/U0/mlp_inst/l2_sum0__32_n_106
    DSP48_X3Y35          DSP48E1 (Prop_dsp48e1_PCIN[47]_PCOUT[47])
                                                      1.713    64.012 r  mlp_system_i/mlp_axi_wrapper_0/U0/mlp_inst/l2_sum0__33/PCOUT[47]
                         net (fo=1, routed)           0.002    64.014    mlp_system_i/mlp_axi_wrapper_0/U0/mlp_inst/l2_sum0__33_n_106
    DSP48_X3Y36          DSP48E1 (Prop_dsp48e1_PCIN[47]_PCOUT[47])
                                                      1.713    65.727 r  mlp_system_i/mlp_axi_wrapper_0/U0/mlp_inst/l2_sum0__34/PCOUT[47]
                         net (fo=1, routed)           0.002    65.729    mlp_system_i/mlp_axi_wrapper_0/U0/mlp_inst/l2_sum0__34_n_106
    DSP48_X3Y37          DSP48E1 (Prop_dsp48e1_PCIN[47]_PCOUT[47])
                                                      1.713    67.442 r  mlp_system_i/mlp_axi_wrapper_0/U0/mlp_inst/l2_sum0__35/PCOUT[47]
                         net (fo=1, routed)           0.002    67.444    mlp_system_i/mlp_axi_wrapper_0/U0/mlp_inst/l2_sum0__35_n_106
    DSP48_X3Y38          DSP48E1 (Prop_dsp48e1_PCIN[47]_PCOUT[47])
                                                      1.713    69.157 r  mlp_system_i/mlp_axi_wrapper_0/U0/mlp_inst/l2_sum0__36/PCOUT[47]
                         net (fo=1, routed)           0.002    69.159    mlp_system_i/mlp_axi_wrapper_0/U0/mlp_inst/l2_sum0__36_n_106
    DSP48_X3Y39          DSP48E1 (Prop_dsp48e1_PCIN[47]_PCOUT[47])
                                                      1.713    70.872 r  mlp_system_i/mlp_axi_wrapper_0/U0/mlp_inst/l2_sum0__37/PCOUT[47]
                         net (fo=1, routed)           0.002    70.874    mlp_system_i/mlp_axi_wrapper_0/U0/mlp_inst/l2_sum0__37_n_106
    DSP48_X3Y40          DSP48E1 (Prop_dsp48e1_PCIN[47]_PCOUT[47])
                                                      1.713    72.587 r  mlp_system_i/mlp_axi_wrapper_0/U0/mlp_inst/l2_sum0__38/PCOUT[47]
                         net (fo=1, routed)           0.002    72.589    mlp_system_i/mlp_axi_wrapper_0/U0/mlp_inst/l2_sum0__38_n_106
    DSP48_X3Y41          DSP48E1 (Prop_dsp48e1_PCIN[47]_PCOUT[47])
                                                      1.713    74.302 r  mlp_system_i/mlp_axi_wrapper_0/U0/mlp_inst/l2_sum0__39/PCOUT[47]
                         net (fo=1, routed)           0.002    74.304    mlp_system_i/mlp_axi_wrapper_0/U0/mlp_inst/l2_sum0__39_n_106
    DSP48_X3Y42          DSP48E1 (Prop_dsp48e1_PCIN[47]_PCOUT[47])
                                                      1.713    76.017 r  mlp_system_i/mlp_axi_wrapper_0/U0/mlp_inst/l2_sum0__40/PCOUT[47]
                         net (fo=1, routed)           0.002    76.019    mlp_system_i/mlp_axi_wrapper_0/U0/mlp_inst/l2_sum0__40_n_106
    DSP48_X3Y43          DSP48E1 (Prop_dsp48e1_PCIN[47]_PCOUT[47])
                                                      1.713    77.732 r  mlp_system_i/mlp_axi_wrapper_0/U0/mlp_inst/l2_sum0__41/PCOUT[47]
                         net (fo=1, routed)           0.002    77.734    mlp_system_i/mlp_axi_wrapper_0/U0/mlp_inst/l2_sum0__41_n_106
    DSP48_X3Y44          DSP48E1 (Prop_dsp48e1_PCIN[47]_PCOUT[47])
                                                      1.713    79.447 r  mlp_system_i/mlp_axi_wrapper_0/U0/mlp_inst/l2_sum0__42/PCOUT[47]
                         net (fo=1, routed)           0.002    79.449    mlp_system_i/mlp_axi_wrapper_0/U0/mlp_inst/l2_sum0__42_n_106
    DSP48_X3Y45          DSP48E1 (Prop_dsp48e1_PCIN[47]_PCOUT[47])
                                                      1.713    81.162 r  mlp_system_i/mlp_axi_wrapper_0/U0/mlp_inst/l2_sum0__43/PCOUT[47]
                         net (fo=1, routed)           0.002    81.164    mlp_system_i/mlp_axi_wrapper_0/U0/mlp_inst/l2_sum0__43_n_106
    DSP48_X3Y46          DSP48E1 (Prop_dsp48e1_PCIN[47]_PCOUT[47])
                                                      1.713    82.877 r  mlp_system_i/mlp_axi_wrapper_0/U0/mlp_inst/l2_sum0__44/PCOUT[47]
                         net (fo=1, routed)           0.002    82.879    mlp_system_i/mlp_axi_wrapper_0/U0/mlp_inst/l2_sum0__44_n_106
    DSP48_X3Y47          DSP48E1 (Prop_dsp48e1_PCIN[47]_PCOUT[47])
                                                      1.713    84.592 r  mlp_system_i/mlp_axi_wrapper_0/U0/mlp_inst/l2_sum0__45/PCOUT[47]
                         net (fo=1, routed)           0.002    84.594    mlp_system_i/mlp_axi_wrapper_0/U0/mlp_inst/l2_sum0__45_n_106
    DSP48_X3Y48          DSP48E1 (Prop_dsp48e1_PCIN[47]_PCOUT[47])
                                                      1.713    86.307 r  mlp_system_i/mlp_axi_wrapper_0/U0/mlp_inst/l2_sum0__46/PCOUT[47]
                         net (fo=1, routed)           0.002    86.309    mlp_system_i/mlp_axi_wrapper_0/U0/mlp_inst/l2_sum0__46_n_106
    DSP48_X3Y49          DSP48E1 (Prop_dsp48e1_PCIN[47]_PCOUT[47])
                                                      1.713    88.022 r  mlp_system_i/mlp_axi_wrapper_0/U0/mlp_inst/l2_sum0__47/PCOUT[47]
                         net (fo=1, routed)           0.056    88.078    mlp_system_i/mlp_axi_wrapper_0/U0/mlp_inst/l2_sum0__47_n_106
    DSP48_X3Y50          DSP48E1 (Prop_dsp48e1_PCIN[47]_PCOUT[47])
                                                      1.713    89.791 r  mlp_system_i/mlp_axi_wrapper_0/U0/mlp_inst/l2_sum0__48/PCOUT[47]
                         net (fo=1, routed)           0.002    89.793    mlp_system_i/mlp_axi_wrapper_0/U0/mlp_inst/l2_sum0__48_n_106
    DSP48_X3Y51          DSP48E1 (Prop_dsp48e1_PCIN[47]_PCOUT[47])
                                                      1.713    91.506 r  mlp_system_i/mlp_axi_wrapper_0/U0/mlp_inst/l2_sum0__49/PCOUT[47]
                         net (fo=1, routed)           0.002    91.508    mlp_system_i/mlp_axi_wrapper_0/U0/mlp_inst/l2_sum0__49_n_106
    DSP48_X3Y52          DSP48E1 (Prop_dsp48e1_PCIN[47]_PCOUT[47])
                                                      1.713    93.221 r  mlp_system_i/mlp_axi_wrapper_0/U0/mlp_inst/l2_sum0__50/PCOUT[47]
                         net (fo=1, routed)           0.002    93.223    mlp_system_i/mlp_axi_wrapper_0/U0/mlp_inst/l2_sum0__50_n_106
    DSP48_X3Y53          DSP48E1 (Prop_dsp48e1_PCIN[47]_PCOUT[47])
                                                      1.713    94.936 r  mlp_system_i/mlp_axi_wrapper_0/U0/mlp_inst/l2_sum0__51/PCOUT[47]
                         net (fo=1, routed)           0.002    94.938    mlp_system_i/mlp_axi_wrapper_0/U0/mlp_inst/l2_sum0__51_n_106
    DSP48_X3Y54          DSP48E1 (Prop_dsp48e1_PCIN[47]_PCOUT[47])
                                                      1.713    96.651 r  mlp_system_i/mlp_axi_wrapper_0/U0/mlp_inst/l2_sum0__52/PCOUT[47]
                         net (fo=1, routed)           0.002    96.653    mlp_system_i/mlp_axi_wrapper_0/U0/mlp_inst/l2_sum0__52_n_106
    DSP48_X3Y55          DSP48E1 (Prop_dsp48e1_PCIN[47]_PCOUT[47])
                                                      1.713    98.366 r  mlp_system_i/mlp_axi_wrapper_0/U0/mlp_inst/l2_sum0__53/PCOUT[47]
                         net (fo=1, routed)           0.002    98.368    mlp_system_i/mlp_axi_wrapper_0/U0/mlp_inst/l2_sum0__53_n_106
    DSP48_X3Y56          DSP48E1 (Prop_dsp48e1_PCIN[47]_PCOUT[47])
                                                      1.713   100.081 r  mlp_system_i/mlp_axi_wrapper_0/U0/mlp_inst/l2_sum0__54/PCOUT[47]
                         net (fo=1, routed)           0.002   100.083    mlp_system_i/mlp_axi_wrapper_0/U0/mlp_inst/l2_sum0__54_n_106
    DSP48_X3Y57          DSP48E1 (Prop_dsp48e1_PCIN[47]_PCOUT[47])
                                                      1.713   101.796 r  mlp_system_i/mlp_axi_wrapper_0/U0/mlp_inst/l2_sum0__55/PCOUT[47]
                         net (fo=1, routed)           0.002   101.798    mlp_system_i/mlp_axi_wrapper_0/U0/mlp_inst/l2_sum0__55_n_106
    DSP48_X3Y58          DSP48E1 (Prop_dsp48e1_PCIN[47]_PCOUT[47])
                                                      1.713   103.511 r  mlp_system_i/mlp_axi_wrapper_0/U0/mlp_inst/l2_sum0__56/PCOUT[47]
                         net (fo=1, routed)           0.002   103.513    mlp_system_i/mlp_axi_wrapper_0/U0/mlp_inst/l2_sum0__56_n_106
    DSP48_X3Y59          DSP48E1 (Prop_dsp48e1_PCIN[47]_P[2])
                                                      1.518   105.031 r  mlp_system_i/mlp_axi_wrapper_0/U0/mlp_inst/l2_sum0__57/P[2]
                         net (fo=1, routed)           2.118   107.149    mlp_system_i/mlp_axi_wrapper_0/U0/mlp_inst/I415[2]
    DSP48_X2Y56          DSP48E1 (Prop_dsp48e1_C[2]_PCOUT[47])
                                                      2.016   109.165 r  mlp_system_i/mlp_axi_wrapper_0/U0/mlp_inst/l2_sum0__58/PCOUT[47]
                         net (fo=1, routed)           0.002   109.167    mlp_system_i/mlp_axi_wrapper_0/U0/mlp_inst/l2_sum0__58_n_106
    DSP48_X2Y57          DSP48E1 (Prop_dsp48e1_PCIN[47]_PCOUT[47])
                                                      1.713   110.880 r  mlp_system_i/mlp_axi_wrapper_0/U0/mlp_inst/l2_sum0__59/PCOUT[47]
                         net (fo=1, routed)           0.002   110.882    mlp_system_i/mlp_axi_wrapper_0/U0/mlp_inst/l2_sum0__59_n_106
    DSP48_X2Y58          DSP48E1 (Prop_dsp48e1_PCIN[47]_PCOUT[47])
                                                      1.713   112.595 r  mlp_system_i/mlp_axi_wrapper_0/U0/mlp_inst/l2_sum0__60/PCOUT[47]
                         net (fo=1, routed)           0.002   112.597    mlp_system_i/mlp_axi_wrapper_0/U0/mlp_inst/l2_sum0__60_n_106
    DSP48_X2Y59          DSP48E1 (Prop_dsp48e1_PCIN[47]_P[8])
                                                      1.518   114.115 r  mlp_system_i/mlp_axi_wrapper_0/U0/mlp_inst/l2_sum0__61/P[8]
                         net (fo=1, routed)           0.895   115.010    mlp_system_i/mlp_axi_wrapper_0/U0/mlp_inst/l2_sum0__61_n_97
    SLICE_X35Y142        LUT2 (Prop_lut2_I1_O)        0.124   115.134 r  mlp_system_i/mlp_axi_wrapper_0/U0/mlp_inst/l2_sum[11]_i_5/O
                         net (fo=1, routed)           0.000   115.134    mlp_system_i/mlp_axi_wrapper_0/U0/mlp_inst/l2_sum[11]_i_5_n_0
    SLICE_X35Y142        CARRY4 (Prop_carry4_S[0]_CO[3])
                                                      0.532   115.666 r  mlp_system_i/mlp_axi_wrapper_0/U0/mlp_inst/l2_sum_reg[11]_i_1/CO[3]
                         net (fo=1, routed)           0.000   115.666    mlp_system_i/mlp_axi_wrapper_0/U0/mlp_inst/l2_sum_reg[11]_i_1_n_0
    SLICE_X35Y143        CARRY4 (Prop_carry4_CI_CO[3])
                                                      0.114   115.780 r  mlp_system_i/mlp_axi_wrapper_0/U0/mlp_inst/l2_sum_reg[15]_i_1/CO[3]
                         net (fo=1, routed)           0.000   115.780    mlp_system_i/mlp_axi_wrapper_0/U0/mlp_inst/l2_sum_reg[15]_i_1_n_0
    SLICE_X35Y144        CARRY4 (Prop_carry4_CI_CO[3])
                                                      0.114   115.894 r  mlp_system_i/mlp_axi_wrapper_0/U0/mlp_inst/l2_sum_reg[19]_i_1/CO[3]
                         net (fo=1, routed)           0.000   115.894    mlp_system_i/mlp_axi_wrapper_0/U0/mlp_inst/l2_sum_reg[19]_i_1_n_0
    SLICE_X35Y145        CARRY4 (Prop_carry4_CI_CO[3])
                                                      0.114   116.008 r  mlp_system_i/mlp_axi_wrapper_0/U0/mlp_inst/l2_sum_reg[23]_i_1/CO[3]
                         net (fo=1, routed)           0.000   116.008    mlp_system_i/mlp_axi_wrapper_0/U0/mlp_inst/l2_sum_reg[23]_i_1_n_0
    SLICE_X35Y146        CARRY4 (Prop_carry4_CI_CO[3])
                                                      0.114   116.122 r  mlp_system_i/mlp_axi_wrapper_0/U0/mlp_inst/l2_sum_reg[27]_i_1/CO[3]
                         net (fo=1, routed)           0.000   116.122    mlp_system_i/mlp_axi_wrapper_0/U0/mlp_inst/l2_sum_reg[27]_i_1_n_0
    SLICE_X35Y147        CARRY4 (Prop_carry4_CI_CO[3])
                                                      0.114   116.236 r  mlp_system_i/mlp_axi_wrapper_0/U0/mlp_inst/l2_sum_reg[31]_i_1/CO[3]
                         net (fo=1, routed)           0.000   116.236    mlp_system_i/mlp_axi_wrapper_0/U0/mlp_inst/l2_sum_reg[31]_i_1_n_0
    SLICE_X35Y148        CARRY4 (Prop_carry4_CI_CO[3])
                                                      0.114   116.350 r  mlp_system_i/mlp_axi_wrapper_0/U0/mlp_inst/l2_sum_reg[35]_i_1/CO[3]
                         net (fo=1, routed)           0.000   116.350    mlp_system_i/mlp_axi_wrapper_0/U0/mlp_inst/l2_sum_reg[35]_i_1_n_0
    SLICE_X35Y149        CARRY4 (Prop_carry4_CI_O[0])
                                                      0.223   116.573 r  mlp_system_i/mlp_axi_wrapper_0/U0/mlp_inst/l2_sum_reg[39]_i_2/O[0]
                         net (fo=1, routed)           0.000   116.573    mlp_system_i/mlp_axi_wrapper_0/U0/mlp_inst/l2_sum0__62[36]
    SLICE_X35Y149        FDRE                                         r  mlp_system_i/mlp_axi_wrapper_0/U0/mlp_inst/l2_sum_reg[36]/D
  -------------------------------------------------------------------    -------------------

                         (clock clk_fpga_0 rise edge)
                                                     10.000    10.000 r  
    PS7_X0Y0             PS7                          0.000    10.000 r  mlp_system_i/processing_system7_0/inst/PS7_i/FCLKCLK[0]
                         net (fo=1, routed)           1.088    11.088    mlp_system_i/processing_system7_0/inst/FCLK_CLK_unbuffered[0]
    BUFGCTRL_X0Y16       BUFG (Prop_bufg_I_O)         0.091    11.179 r  mlp_system_i/processing_system7_0/inst/buffer_fclk_clk_0.FCLK_CLK_0_BUFG/O
                         net (fo=2400, routed)        1.655    12.834    mlp_system_i/mlp_axi_wrapper_0/U0/mlp_inst/S_AXI_ACLK
    SLICE_X35Y149        FDRE                                         r  mlp_system_i/mlp_axi_wrapper_0/U0/mlp_inst/l2_sum_reg[36]/C
                         clock pessimism              0.115    12.949    
                         clock uncertainty           -0.154    12.795    
    SLICE_X35Y149        FDRE (Setup_fdre_C_D)        0.062    12.857    mlp_system_i/mlp_axi_wrapper_0/U0/mlp_inst/l2_sum_reg[36]
  -------------------------------------------------------------------
                         required time                         12.857    
                         arrival time                        -116.573    
  -------------------------------------------------------------------
                         slack                               -103.716    

Slack (VIOLATED) :        -103.713ns  (required time - arrival time)
  Source:                 mlp_system_i/mlp_axi_wrapper_0/U0/mlp_inst/l2_sum0/CLK
                            (rising edge-triggered cell DSP48E1 clocked by clk_fpga_0  {rise@0.000ns fall@5.000ns period=10.000ns})
  Destination:            mlp_system_i/mlp_axi_wrapper_0/U0/mlp_inst/l2_sum_reg[33]/D
                            (rising edge-triggered cell FDRE clocked by clk_fpga_0  {rise@0.000ns fall@5.000ns period=10.000ns})
  Path Group:             clk_fpga_0
  Path Type:              Setup (Max at Slow Process Corner)
  Requirement:            10.000ns  (clk_fpga_0 rise@10.000ns - clk_fpga_0 rise@0.000ns)
  Data Path Delay:        113.387ns  (logic 110.090ns (97.093%)  route 3.297ns (2.908%))
  Logic Levels:           70  (CARRY4=7 DSP48E1=62 LUT2=1)
  Clock Path Skew:        -0.234ns (DCD - SCD + CPR)
    Destination Clock Delay (DCD):    2.834ns = ( 12.834 - 10.000 ) 
    Source Clock Delay      (SCD):    3.184ns
    Clock Pessimism Removal (CPR):    0.115ns
  Clock Uncertainty:      0.154ns  ((TSJ^2 + TIJ^2)^1/2 + DJ) / 2 + PE
    Total System Jitter     (TSJ):    0.071ns
    Total Input Jitter      (TIJ):    0.300ns
    Discrete Jitter          (DJ):    0.000ns
    Phase Error              (PE):    0.000ns

    Location             Delay type                Incr(ns)  Path(ns)    Netlist Resource(s)
  -------------------------------------------------------------------    -------------------
                         (clock clk_fpga_0 rise edge)
                                                      0.000     0.000 r  
    PS7_X0Y0             PS7                          0.000     0.000 r  mlp_system_i/processing_system7_0/inst/PS7_i/FCLKCLK[0]
                         net (fo=1, routed)           1.193     1.193    mlp_system_i/processing_system7_0/inst/FCLK_CLK_unbuffered[0]
    BUFGCTRL_X0Y16       BUFG (Prop_bufg_I_O)         0.101     1.294 r  mlp_system_i/processing_system7_0/inst/buffer_fclk_clk_0.FCLK_CLK_0_BUFG/O
                         net (fo=2400, routed)        1.890     3.184    mlp_system_i/mlp_axi_wrapper_0/U0/mlp_inst/S_AXI_ACLK
    DSP48_X3Y1           DSP48E1                                      r  mlp_system_i/mlp_axi_wrapper_0/U0/mlp_inst/l2_sum0/CLK
  -------------------------------------------------------------------    -------------------
    DSP48_X3Y1           DSP48E1 (Prop_dsp48e1_CLK_PCOUT[47])
                                                      2.411     5.595 r  mlp_system_i/mlp_axi_wrapper_0/U0/mlp_inst/l2_sum0/PCOUT[47]
                         net (fo=1, routed)           0.002     5.597    mlp_system_i/mlp_axi_wrapper_0/U0/mlp_inst/l2_sum0_n_106
    DSP48_X3Y2           DSP48E1 (Prop_dsp48e1_PCIN[47]_PCOUT[47])
                                                      1.713     7.310 r  mlp_system_i/mlp_axi_wrapper_0/U0/mlp_inst/l2_sum0__0/PCOUT[47]
                         net (fo=1, routed)           0.002     7.312    mlp_system_i/mlp_axi_wrapper_0/U0/mlp_inst/l2_sum0__0_n_106
    DSP48_X3Y3           DSP48E1 (Prop_dsp48e1_PCIN[47]_PCOUT[47])
                                                      1.713     9.025 r  mlp_system_i/mlp_axi_wrapper_0/U0/mlp_inst/l2_sum0__1/PCOUT[47]
                         net (fo=1, routed)           0.002     9.027    mlp_system_i/mlp_axi_wrapper_0/U0/mlp_inst/l2_sum0__1_n_106
    DSP48_X3Y4           DSP48E1 (Prop_dsp48e1_PCIN[47]_PCOUT[47])
                                                      1.713    10.740 r  mlp_system_i/mlp_axi_wrapper_0/U0/mlp_inst/l2_sum0__2/PCOUT[47]
                         net (fo=1, routed)           0.002    10.742    mlp_system_i/mlp_axi_wrapper_0/U0/mlp_inst/l2_sum0__2_n_106
    DSP48_X3Y5           DSP48E1 (Prop_dsp48e1_PCIN[47]_PCOUT[47])
                                                      1.713    12.455 r  mlp_system_i/mlp_axi_wrapper_0/U0/mlp_inst/l2_sum0__3/PCOUT[47]
                         net (fo=1, routed)           0.002    12.457    mlp_system_i/mlp_axi_wrapper_0/U0/mlp_inst/l2_sum0__3_n_106
    DSP48_X3Y6           DSP48E1 (Prop_dsp48e1_PCIN[47]_PCOUT[47])
                                                      1.713    14.170 r  mlp_system_i/mlp_axi_wrapper_0/U0/mlp_inst/l2_sum0__4/PCOUT[47]
                         net (fo=1, routed)           0.002    14.172    mlp_system_i/mlp_axi_wrapper_0/U0/mlp_inst/l2_sum0__4_n_106
    DSP48_X3Y7           DSP48E1 (Prop_dsp48e1_PCIN[47]_PCOUT[47])
                                                      1.713    15.885 r  mlp_system_i/mlp_axi_wrapper_0/U0/mlp_inst/l2_sum0__5/PCOUT[47]
                         net (fo=1, routed)           0.002    15.887    mlp_system_i/mlp_axi_wrapper_0/U0/mlp_inst/l2_sum0__5_n_106
    DSP48_X3Y8           DSP48E1 (Prop_dsp48e1_PCIN[47]_PCOUT[47])
                                                      1.713    17.600 r  mlp_system_i/mlp_axi_wrapper_0/U0/mlp_inst/l2_sum0__6/PCOUT[47]
                         net (fo=1, routed)           0.002    17.602    mlp_system_i/mlp_axi_wrapper_0/U0/mlp_inst/l2_sum0__6_n_106
    DSP48_X3Y9           DSP48E1 (Prop_dsp48e1_PCIN[47]_PCOUT[47])
                                                      1.713    19.315 r  mlp_system_i/mlp_axi_wrapper_0/U0/mlp_inst/l2_sum0__7/PCOUT[47]
                         net (fo=1, routed)           0.056    19.370    mlp_system_i/mlp_axi_wrapper_0/U0/mlp_inst/l2_sum0__7_n_106
    DSP48_X3Y10          DSP48E1 (Prop_dsp48e1_PCIN[47]_PCOUT[47])
                                                      1.713    21.083 r  mlp_system_i/mlp_axi_wrapper_0/U0/mlp_inst/l2_sum0__8/PCOUT[47]
                         net (fo=1, routed)           0.002    21.085    mlp_system_i/mlp_axi_wrapper_0/U0/mlp_inst/l2_sum0__8_n_106
    DSP48_X3Y11          DSP48E1 (Prop_dsp48e1_PCIN[47]_PCOUT[47])
                                                      1.713    22.798 r  mlp_system_i/mlp_axi_wrapper_0/U0/mlp_inst/l2_sum0__9/PCOUT[47]
                         net (fo=1, routed)           0.002    22.800    mlp_system_i/mlp_axi_wrapper_0/U0/mlp_inst/l2_sum0__9_n_106
    DSP48_X3Y12          DSP48E1 (Prop_dsp48e1_PCIN[47]_PCOUT[47])
                                                      1.713    24.513 r  mlp_system_i/mlp_axi_wrapper_0/U0/mlp_inst/l2_sum0__10/PCOUT[47]
                         net (fo=1, routed)           0.002    24.515    mlp_system_i/mlp_axi_wrapper_0/U0/mlp_inst/l2_sum0__10_n_106
    DSP48_X3Y13          DSP48E1 (Prop_dsp48e1_PCIN[47]_PCOUT[47])
                                                      1.713    26.228 r  mlp_system_i/mlp_axi_wrapper_0/U0/mlp_inst/l2_sum0__11/PCOUT[47]
                         net (fo=1, routed)           0.002    26.230    mlp_system_i/mlp_axi_wrapper_0/U0/mlp_inst/l2_sum0__11_n_106
    DSP48_X3Y14          DSP48E1 (Prop_dsp48e1_PCIN[47]_PCOUT[47])
                                                      1.713    27.943 r  mlp_system_i/mlp_axi_wrapper_0/U0/mlp_inst/l2_sum0__12/PCOUT[47]
                         net (fo=1, routed)           0.002    27.945    mlp_system_i/mlp_axi_wrapper_0/U0/mlp_inst/l2_sum0__12_n_106
    DSP48_X3Y15          DSP48E1 (Prop_dsp48e1_PCIN[47]_PCOUT[47])
                                                      1.713    29.658 r  mlp_system_i/mlp_axi_wrapper_0/U0/mlp_inst/l2_sum0__13/PCOUT[47]
                         net (fo=1, routed)           0.002    29.660    mlp_system_i/mlp_axi_wrapper_0/U0/mlp_inst/l2_sum0__13_n_106
    DSP48_X3Y16          DSP48E1 (Prop_dsp48e1_PCIN[47]_PCOUT[47])
                                                      1.713    31.373 r  mlp_system_i/mlp_axi_wrapper_0/U0/mlp_inst/l2_sum0__14/PCOUT[47]
                         net (fo=1, routed)           0.002    31.375    mlp_system_i/mlp_axi_wrapper_0/U0/mlp_inst/l2_sum0__14_n_106
    DSP48_X3Y17          DSP48E1 (Prop_dsp48e1_PCIN[47]_PCOUT[47])
                                                      1.713    33.088 r  mlp_system_i/mlp_axi_wrapper_0/U0/mlp_inst/l2_sum0__15/PCOUT[47]
                         net (fo=1, routed)           0.002    33.090    mlp_system_i/mlp_axi_wrapper_0/U0/mlp_inst/l2_sum0__15_n_106
    DSP48_X3Y18          DSP48E1 (Prop_dsp48e1_PCIN[47]_PCOUT[47])
                                                      1.713    34.803 r  mlp_system_i/mlp_axi_wrapper_0/U0/mlp_inst/l2_sum0__16/PCOUT[47]
                         net (fo=1, routed)           0.002    34.805    mlp_system_i/mlp_axi_wrapper_0/U0/mlp_inst/l2_sum0__16_n_106
    DSP48_X3Y19          DSP48E1 (Prop_dsp48e1_PCIN[47]_PCOUT[47])
                                                      1.713    36.518 r  mlp_system_i/mlp_axi_wrapper_0/U0/mlp_inst/l2_sum0__17/PCOUT[47]
                         net (fo=1, routed)           0.002    36.520    mlp_system_i/mlp_axi_wrapper_0/U0/mlp_inst/l2_sum0__17_n_106
    DSP48_X3Y20          DSP48E1 (Prop_dsp48e1_PCIN[47]_PCOUT[47])
                                                      1.713    38.233 r  mlp_system_i/mlp_axi_wrapper_0/U0/mlp_inst/l2_sum0__18/PCOUT[47]
                         net (fo=1, routed)           0.002    38.235    mlp_system_i/mlp_axi_wrapper_0/U0/mlp_inst/l2_sum0__18_n_106
    DSP48_X3Y21          DSP48E1 (Prop_dsp48e1_PCIN[47]_PCOUT[47])
                                                      1.713    39.948 r  mlp_system_i/mlp_axi_wrapper_0/U0/mlp_inst/l2_sum0__19/PCOUT[47]
                         net (fo=1, routed)           0.002    39.950    mlp_system_i/mlp_axi_wrapper_0/U0/mlp_inst/l2_sum0__19_n_106
    DSP48_X3Y22          DSP48E1 (Prop_dsp48e1_PCIN[47]_PCOUT[47])
                                                      1.713    41.663 r  mlp_system_i/mlp_axi_wrapper_0/U0/mlp_inst/l2_sum0__20/PCOUT[47]
                         net (fo=1, routed)           0.002    41.665    mlp_system_i/mlp_axi_wrapper_0/U0/mlp_inst/l2_sum0__20_n_106
    DSP48_X3Y23          DSP48E1 (Prop_dsp48e1_PCIN[47]_PCOUT[47])
                                                      1.713    43.378 r  mlp_system_i/mlp_axi_wrapper_0/U0/mlp_inst/l2_sum0__21/PCOUT[47]
                         net (fo=1, routed)           0.002    43.380    mlp_system_i/mlp_axi_wrapper_0/U0/mlp_inst/l2_sum0__21_n_106
    DSP48_X3Y24          DSP48E1 (Prop_dsp48e1_PCIN[47]_PCOUT[47])
                                                      1.713    45.093 r  mlp_system_i/mlp_axi_wrapper_0/U0/mlp_inst/l2_sum0__22/PCOUT[47]
                         net (fo=1, routed)           0.002    45.095    mlp_system_i/mlp_axi_wrapper_0/U0/mlp_inst/l2_sum0__22_n_106
    DSP48_X3Y25          DSP48E1 (Prop_dsp48e1_PCIN[47]_PCOUT[47])
                                                      1.713    46.808 r  mlp_system_i/mlp_axi_wrapper_0/U0/mlp_inst/l2_sum0__23/PCOUT[47]
                         net (fo=1, routed)           0.002    46.810    mlp_system_i/mlp_axi_wrapper_0/U0/mlp_inst/l2_sum0__23_n_106
    DSP48_X3Y26          DSP48E1 (Prop_dsp48e1_PCIN[47]_PCOUT[47])
                                                      1.713    48.523 r  mlp_system_i/mlp_axi_wrapper_0/U0/mlp_inst/l2_sum0__24/PCOUT[47]
                         net (fo=1, routed)           0.002    48.525    mlp_system_i/mlp_axi_wrapper_0/U0/mlp_inst/l2_sum0__24_n_106
    DSP48_X3Y27          DSP48E1 (Prop_dsp48e1_PCIN[47]_PCOUT[47])
                                                      1.713    50.238 r  mlp_system_i/mlp_axi_wrapper_0/U0/mlp_inst/l2_sum0__25/PCOUT[47]
                         net (fo=1, routed)           0.002    50.240    mlp_system_i/mlp_axi_wrapper_0/U0/mlp_inst/l2_sum0__25_n_106
    DSP48_X3Y28          DSP48E1 (Prop_dsp48e1_PCIN[47]_PCOUT[47])
                                                      1.713    51.953 r  mlp_system_i/mlp_axi_wrapper_0/U0/mlp_inst/l2_sum0__26/PCOUT[47]
                         net (fo=1, routed)           0.002    51.955    mlp_system_i/mlp_axi_wrapper_0/U0/mlp_inst/l2_sum0__26_n_106
    DSP48_X3Y29          DSP48E1 (Prop_dsp48e1_PCIN[47]_PCOUT[47])
                                                      1.713    53.668 r  mlp_system_i/mlp_axi_wrapper_0/U0/mlp_inst/l2_sum0__27/PCOUT[47]
                         net (fo=1, routed)           0.056    53.724    mlp_system_i/mlp_axi_wrapper_0/U0/mlp_inst/l2_sum0__27_n_106
    DSP48_X3Y30          DSP48E1 (Prop_dsp48e1_PCIN[47]_PCOUT[47])
                                                      1.713    55.437 r  mlp_system_i/mlp_axi_wrapper_0/U0/mlp_inst/l2_sum0__28/PCOUT[47]
                         net (fo=1, routed)           0.002    55.439    mlp_system_i/mlp_axi_wrapper_0/U0/mlp_inst/l2_sum0__28_n_106
    DSP48_X3Y31          DSP48E1 (Prop_dsp48e1_PCIN[47]_PCOUT[47])
                                                      1.713    57.152 r  mlp_system_i/mlp_axi_wrapper_0/U0/mlp_inst/l2_sum0__29/PCOUT[47]
                         net (fo=1, routed)           0.002    57.154    mlp_system_i/mlp_axi_wrapper_0/U0/mlp_inst/l2_sum0__29_n_106
    DSP48_X3Y32          DSP48E1 (Prop_dsp48e1_PCIN[47]_PCOUT[47])
                                                      1.713    58.867 r  mlp_system_i/mlp_axi_wrapper_0/U0/mlp_inst/l2_sum0__30/PCOUT[47]
                         net (fo=1, routed)           0.002    58.869    mlp_system_i/mlp_axi_wrapper_0/U0/mlp_inst/l2_sum0__30_n_106
    DSP48_X3Y33          DSP48E1 (Prop_dsp48e1_PCIN[47]_PCOUT[47])
                                                      1.713    60.582 r  mlp_system_i/mlp_axi_wrapper_0/U0/mlp_inst/l2_sum0__31/PCOUT[47]
                         net (fo=1, routed)           0.002    60.584    mlp_system_i/mlp_axi_wrapper_0/U0/mlp_inst/l2_sum0__31_n_106
    DSP48_X3Y34          DSP48E1 (Prop_dsp48e1_PCIN[47]_PCOUT[47])
                                                      1.713    62.297 r  mlp_system_i/mlp_axi_wrapper_0/U0/mlp_inst/l2_sum0__32/PCOUT[47]
                         net (fo=1, routed)           0.002    62.299    mlp_system_i/mlp_axi_wrapper_0/U0/mlp_inst/l2_sum0__32_n_106
    DSP48_X3Y35          DSP48E1 (Prop_dsp48e1_PCIN[47]_PCOUT[47])
                                                      1.713    64.012 r  mlp_system_i/mlp_axi_wrapper_0/U0/mlp_inst/l2_sum0__33/PCOUT[47]
                         net (fo=1, routed)           0.002    64.014    mlp_system_i/mlp_axi_wrapper_0/U0/mlp_inst/l2_sum0__33_n_106
    DSP48_X3Y36          DSP48E1 (Prop_dsp48e1_PCIN[47]_PCOUT[47])
                                                      1.713    65.727 r  mlp_system_i/mlp_axi_wrapper_0/U0/mlp_inst/l2_sum0__34/PCOUT[47]
                         net (fo=1, routed)           0.002    65.729    mlp_system_i/mlp_axi_wrapper_0/U0/mlp_inst/l2_sum0__34_n_106
    DSP48_X3Y37          DSP48E1 (Prop_dsp48e1_PCIN[47]_PCOUT[47])
                                                      1.713    67.442 r  mlp_system_i/mlp_axi_wrapper_0/U0/mlp_inst/l2_sum0__35/PCOUT[47]
                         net (fo=1, routed)           0.002    67.444    mlp_system_i/mlp_axi_wrapper_0/U0/mlp_inst/l2_sum0__35_n_106
    DSP48_X3Y38          DSP48E1 (Prop_dsp48e1_PCIN[47]_PCOUT[47])
                                                      1.713    69.157 r  mlp_system_i/mlp_axi_wrapper_0/U0/mlp_inst/l2_sum0__36/PCOUT[47]
                         net (fo=1, routed)           0.002    69.159    mlp_system_i/mlp_axi_wrapper_0/U0/mlp_inst/l2_sum0__36_n_106
    DSP48_X3Y39          DSP48E1 (Prop_dsp48e1_PCIN[47]_PCOUT[47])
                                                      1.713    70.872 r  mlp_system_i/mlp_axi_wrapper_0/U0/mlp_inst/l2_sum0__37/PCOUT[47]
                         net (fo=1, routed)           0.002    70.874    mlp_system_i/mlp_axi_wrapper_0/U0/mlp_inst/l2_sum0__37_n_106
    DSP48_X3Y40          DSP48E1 (Prop_dsp48e1_PCIN[47]_PCOUT[47])
                                                      1.713    72.587 r  mlp_system_i/mlp_axi_wrapper_0/U0/mlp_inst/l2_sum0__38/PCOUT[47]
                         net (fo=1, routed)           0.002    72.589    mlp_system_i/mlp_axi_wrapper_0/U0/mlp_inst/l2_sum0__38_n_106
    DSP48_X3Y41          DSP48E1 (Prop_dsp48e1_PCIN[47]_PCOUT[47])
                                                      1.713    74.302 r  mlp_system_i/mlp_axi_wrapper_0/U0/mlp_inst/l2_sum0__39/PCOUT[47]
                         net (fo=1, routed)           0.002    74.304    mlp_system_i/mlp_axi_wrapper_0/U0/mlp_inst/l2_sum0__39_n_106
    DSP48_X3Y42          DSP48E1 (Prop_dsp48e1_PCIN[47]_PCOUT[47])
                                                      1.713    76.017 r  mlp_system_i/mlp_axi_wrapper_0/U0/mlp_inst/l2_sum0__40/PCOUT[47]
                         net (fo=1, routed)           0.002    76.019    mlp_system_i/mlp_axi_wrapper_0/U0/mlp_inst/l2_sum0__40_n_106
    DSP48_X3Y43          DSP48E1 (Prop_dsp48e1_PCIN[47]_PCOUT[47])
                                                      1.713    77.732 r  mlp_system_i/mlp_axi_wrapper_0/U0/mlp_inst/l2_sum0__41/PCOUT[47]
                         net (fo=1, routed)           0.002    77.734    mlp_system_i/mlp_axi_wrapper_0/U0/mlp_inst/l2_sum0__41_n_106
    DSP48_X3Y44          DSP48E1 (Prop_dsp48e1_PCIN[47]_PCOUT[47])
                                                      1.713    79.447 r  mlp_system_i/mlp_axi_wrapper_0/U0/mlp_inst/l2_sum0__42/PCOUT[47]
                         net (fo=1, routed)           0.002    79.449    mlp_system_i/mlp_axi_wrapper_0/U0/mlp_inst/l2_sum0__42_n_106
    DSP48_X3Y45          DSP48E1 (Prop_dsp48e1_PCIN[47]_PCOUT[47])
                                                      1.713    81.162 r  mlp_system_i/mlp_axi_wrapper_0/U0/mlp_inst/l2_sum0__43/PCOUT[47]
                         net (fo=1, routed)           0.002    81.164    mlp_system_i/mlp_axi_wrapper_0/U0/mlp_inst/l2_sum0__43_n_106
    DSP48_X3Y46          DSP48E1 (Prop_dsp48e1_PCIN[47]_PCOUT[47])
                                                      1.713    82.877 r  mlp_system_i/mlp_axi_wrapper_0/U0/mlp_inst/l2_sum0__44/PCOUT[47]
                         net (fo=1, routed)           0.002    82.879    mlp_system_i/mlp_axi_wrapper_0/U0/mlp_inst/l2_sum0__44_n_106
    DSP48_X3Y47          DSP48E1 (Prop_dsp48e1_PCIN[47]_PCOUT[47])
                                                      1.713    84.592 r  mlp_system_i/mlp_axi_wrapper_0/U0/mlp_inst/l2_sum0__45/PCOUT[47]
                         net (fo=1, routed)           0.002    84.594    mlp_system_i/mlp_axi_wrapper_0/U0/mlp_inst/l2_sum0__45_n_106
    DSP48_X3Y48          DSP48E1 (Prop_dsp48e1_PCIN[47]_PCOUT[47])
                                                      1.713    86.307 r  mlp_system_i/mlp_axi_wrapper_0/U0/mlp_inst/l2_sum0__46/PCOUT[47]
                         net (fo=1, routed)           0.002    86.309    mlp_system_i/mlp_axi_wrapper_0/U0/mlp_inst/l2_sum0__46_n_106
    DSP48_X3Y49          DSP48E1 (Prop_dsp48e1_PCIN[47]_PCOUT[47])
                                                      1.713    88.022 r  mlp_system_i/mlp_axi_wrapper_0/U0/mlp_inst/l2_sum0__47/PCOUT[47]
                         net (fo=1, routed)           0.056    88.078    mlp_system_i/mlp_axi_wrapper_0/U0/mlp_inst/l2_sum0__47_n_106
    DSP48_X3Y50          DSP48E1 (Prop_dsp48e1_PCIN[47]_PCOUT[47])
                                                      1.713    89.791 r  mlp_system_i/mlp_axi_wrapper_0/U0/mlp_inst/l2_sum0__48/PCOUT[47]
                         net (fo=1, routed)           0.002    89.793    mlp_system_i/mlp_axi_wrapper_0/U0/mlp_inst/l2_sum0__48_n_106
    DSP48_X3Y51          DSP48E1 (Prop_dsp48e1_PCIN[47]_PCOUT[47])
                                                      1.713    91.506 r  mlp_system_i/mlp_axi_wrapper_0/U0/mlp_inst/l2_sum0__49/PCOUT[47]
                         net (fo=1, routed)           0.002    91.508    mlp_system_i/mlp_axi_wrapper_0/U0/mlp_inst/l2_sum0__49_n_106
    DSP48_X3Y52          DSP48E1 (Prop_dsp48e1_PCIN[47]_PCOUT[47])
                                                      1.713    93.221 r  mlp_system_i/mlp_axi_wrapper_0/U0/mlp_inst/l2_sum0__50/PCOUT[47]
                         net (fo=1, routed)           0.002    93.223    mlp_system_i/mlp_axi_wrapper_0/U0/mlp_inst/l2_sum0__50_n_106
    DSP48_X3Y53          DSP48E1 (Prop_dsp48e1_PCIN[47]_PCOUT[47])
                                                      1.713    94.936 r  mlp_system_i/mlp_axi_wrapper_0/U0/mlp_inst/l2_sum0__51/PCOUT[47]
                         net (fo=1, routed)           0.002    94.938    mlp_system_i/mlp_axi_wrapper_0/U0/mlp_inst/l2_sum0__51_n_106
    DSP48_X3Y54          DSP48E1 (Prop_dsp48e1_PCIN[47]_PCOUT[47])
                                                      1.713    96.651 r  mlp_system_i/mlp_axi_wrapper_0/U0/mlp_inst/l2_sum0__52/PCOUT[47]
                         net (fo=1, routed)           0.002    96.653    mlp_system_i/mlp_axi_wrapper_0/U0/mlp_inst/l2_sum0__52_n_106
    DSP48_X3Y55          DSP48E1 (Prop_dsp48e1_PCIN[47]_PCOUT[47])
                                                      1.713    98.366 r  mlp_system_i/mlp_axi_wrapper_0/U0/mlp_inst/l2_sum0__53/PCOUT[47]
                         net (fo=1, routed)           0.002    98.368    mlp_system_i/mlp_axi_wrapper_0/U0/mlp_inst/l2_sum0__53_n_106
    DSP48_X3Y56          DSP48E1 (Prop_dsp48e1_PCIN[47]_PCOUT[47])
                                                      1.713   100.081 r  mlp_system_i/mlp_axi_wrapper_0/U0/mlp_inst/l2_sum0__54/PCOUT[47]
                         net (fo=1, routed)           0.002   100.083    mlp_system_i/mlp_axi_wrapper_0/U0/mlp_inst/l2_sum0__54_n_106
    DSP48_X3Y57          DSP48E1 (Prop_dsp48e1_PCIN[47]_PCOUT[47])
                                                      1.713   101.796 r  mlp_system_i/mlp_axi_wrapper_0/U0/mlp_inst/l2_sum0__55/PCOUT[47]
                         net (fo=1, routed)           0.002   101.798    mlp_system_i/mlp_axi_wrapper_0/U0/mlp_inst/l2_sum0__55_n_106
    DSP48_X3Y58          DSP48E1 (Prop_dsp48e1_PCIN[47]_PCOUT[47])
                                                      1.713   103.511 r  mlp_system_i/mlp_axi_wrapper_0/U0/mlp_inst/l2_sum0__56/PCOUT[47]
                         net (fo=1, routed)           0.002   103.513    mlp_system_i/mlp_axi_wrapper_0/U0/mlp_inst/l2_sum0__56_n_106
    DSP48_X3Y59          DSP48E1 (Prop_dsp48e1_PCIN[47]_P[2])
                                                      1.518   105.031 r  mlp_system_i/mlp_axi_wrapper_0/U0/mlp_inst/l2_sum0__57/P[2]
                         net (fo=1, routed)           2.118   107.149    mlp_system_i/mlp_axi_wrapper_0/U0/mlp_inst/I415[2]
    DSP48_X2Y56          DSP48E1 (Prop_dsp48e1_C[2]_PCOUT[47])
                                                      2.016   109.165 r  mlp_system_i/mlp_axi_wrapper_0/U0/mlp_inst/l2_sum0__58/PCOUT[47]
                         net (fo=1, routed)           0.002   109.167    mlp_system_i/mlp_axi_wrapper_0/U0/mlp_inst/l2_sum0__58_n_106
    DSP48_X2Y57          DSP48E1 (Prop_dsp48e1_PCIN[47]_PCOUT[47])
                                                      1.713   110.880 r  mlp_system_i/mlp_axi_wrapper_0/U0/mlp_inst/l2_sum0__59/PCOUT[47]
                         net (fo=1, routed)           0.002   110.882    mlp_system_i/mlp_axi_wrapper_0/U0/mlp_inst/l2_sum0__59_n_106
    DSP48_X2Y58          DSP48E1 (Prop_dsp48e1_PCIN[47]_PCOUT[47])
                                                      1.713   112.595 r  mlp_system_i/mlp_axi_wrapper_0/U0/mlp_inst/l2_sum0__60/PCOUT[47]
                         net (fo=1, routed)           0.002   112.597    mlp_system_i/mlp_axi_wrapper_0/U0/mlp_inst/l2_sum0__60_n_106
    DSP48_X2Y59          DSP48E1 (Prop_dsp48e1_PCIN[47]_P[8])
                                                      1.518   114.115 r  mlp_system_i/mlp_axi_wrapper_0/U0/mlp_inst/l2_sum0__61/P[8]
                         net (fo=1, routed)           0.895   115.010    mlp_system_i/mlp_axi_wrapper_0/U0/mlp_inst/l2_sum0__61_n_97
    SLICE_X35Y142        LUT2 (Prop_lut2_I1_O)        0.124   115.134 r  mlp_system_i/mlp_axi_wrapper_0/U0/mlp_inst/l2_sum[11]_i_5/O
                         net (fo=1, routed)           0.000   115.134    mlp_system_i/mlp_axi_wrapper_0/U0/mlp_inst/l2_sum[11]_i_5_n_0
    SLICE_X35Y142        CARRY4 (Prop_carry4_S[0]_CO[3])
                                                      0.532   115.666 r  mlp_system_i/mlp_axi_wrapper_0/U0/mlp_inst/l2_sum_reg[11]_i_1/CO[3]
                         net (fo=1, routed)           0.000   115.666    mlp_system_i/mlp_axi_wrapper_0/U0/mlp_inst/l2_sum_reg[11]_i_1_n_0
    SLICE_X35Y143        CARRY4 (Prop_carry4_CI_CO[3])
                                                      0.114   115.780 r  mlp_system_i/mlp_axi_wrapper_0/U0/mlp_inst/l2_sum_reg[15]_i_1/CO[3]
                         net (fo=1, routed)           0.000   115.780    mlp_system_i/mlp_axi_wrapper_0/U0/mlp_inst/l2_sum_reg[15]_i_1_n_0
    SLICE_X35Y144        CARRY4 (Prop_carry4_CI_CO[3])
                                                      0.114   115.894 r  mlp_system_i/mlp_axi_wrapper_0/U0/mlp_inst/l2_sum_reg[19]_i_1/CO[3]
                         net (fo=1, routed)           0.000   115.894    mlp_system_i/mlp_axi_wrapper_0/U0/mlp_inst/l2_sum_reg[19]_i_1_n_0
    SLICE_X35Y145        CARRY4 (Prop_carry4_CI_CO[3])
                                                      0.114   116.008 r  mlp_system_i/mlp_axi_wrapper_0/U0/mlp_inst/l2_sum_reg[23]_i_1/CO[3]
                         net (fo=1, routed)           0.000   116.008    mlp_system_i/mlp_axi_wrapper_0/U0/mlp_inst/l2_sum_reg[23]_i_1_n_0
    SLICE_X35Y146        CARRY4 (Prop_carry4_CI_CO[3])
                                                      0.114   116.122 r  mlp_system_i/mlp_axi_wrapper_0/U0/mlp_inst/l2_sum_reg[27]_i_1/CO[3]
                         net (fo=1, routed)           0.000   116.122    mlp_system_i/mlp_axi_wrapper_0/U0/mlp_inst/l2_sum_reg[27]_i_1_n_0
    SLICE_X35Y147        CARRY4 (Prop_carry4_CI_CO[3])
                                                      0.114   116.236 r  mlp_system_i/mlp_axi_wrapper_0/U0/mlp_inst/l2_sum_reg[31]_i_1/CO[3]
                         net (fo=1, routed)           0.000   116.236    mlp_system_i/mlp_axi_wrapper_0/U0/mlp_inst/l2_sum_reg[31]_i_1_n_0
    SLICE_X35Y148        CARRY4 (Prop_carry4_CI_O[1])
                                                      0.334   116.570 r  mlp_system_i/mlp_axi_wrapper_0/U0/mlp_inst/l2_sum_reg[35]_i_1/O[1]
                         net (fo=1, routed)           0.000   116.570    mlp_system_i/mlp_axi_wrapper_0/U0/mlp_inst/l2_sum0__62[33]
    SLICE_X35Y148        FDRE                                         r  mlp_system_i/mlp_axi_wrapper_0/U0/mlp_inst/l2_sum_reg[33]/D
  -------------------------------------------------------------------    -------------------

                         (clock clk_fpga_0 rise edge)
                                                     10.000    10.000 r  
    PS7_X0Y0             PS7                          0.000    10.000 r  mlp_system_i/processing_system7_0/inst/PS7_i/FCLKCLK[0]
                         net (fo=1, routed)           1.088    11.088    mlp_system_i/processing_system7_0/inst/FCLK_CLK_unbuffered[0]
    BUFGCTRL_X0Y16       BUFG (Prop_bufg_I_O)         0.091    11.179 r  mlp_system_i/processing_system7_0/inst/buffer_fclk_clk_0.FCLK_CLK_0_BUFG/O
                         net (fo=2400, routed)        1.655    12.834    mlp_system_i/mlp_axi_wrapper_0/U0/mlp_inst/S_AXI_ACLK
    SLICE_X35Y148        FDRE                                         r  mlp_system_i/mlp_axi_wrapper_0/U0/mlp_inst/l2_sum_reg[33]/C
                         clock pessimism              0.115    12.949    
                         clock uncertainty           -0.154    12.795    
    SLICE_X35Y148        FDRE (Setup_fdre_C_D)        0.062    12.857    mlp_system_i/mlp_axi_wrapper_0/U0/mlp_inst/l2_sum_reg[33]
  -------------------------------------------------------------------
                         required time                         12.857    
                         arrival time                        -116.570    
  -------------------------------------------------------------------
                         slack                               -103.713    

Slack (VIOLATED) :        -103.692ns  (required time - arrival time)
  Source:                 mlp_system_i/mlp_axi_wrapper_0/U0/mlp_inst/l2_sum0/CLK
                            (rising edge-triggered cell DSP48E1 clocked by clk_fpga_0  {rise@0.000ns fall@5.000ns period=10.000ns})
  Destination:            mlp_system_i/mlp_axi_wrapper_0/U0/mlp_inst/l2_sum_reg[35]/D
                            (rising edge-triggered cell FDRE clocked by clk_fpga_0  {rise@0.000ns fall@5.000ns period=10.000ns})
  Path Group:             clk_fpga_0
  Path Type:              Setup (Max at Slow Process Corner)
  Requirement:            10.000ns  (clk_fpga_0 rise@10.000ns - clk_fpga_0 rise@0.000ns)
  Data Path Delay:        113.366ns  (logic 110.069ns (97.092%)  route 3.297ns (2.908%))
  Logic Levels:           70  (CARRY4=7 DSP48E1=62 LUT2=1)
  Clock Path Skew:        -0.234ns (DCD - SCD + CPR)
    Destination Clock Delay (DCD):    2.834ns = ( 12.834 - 10.000 ) 
    Source Clock Delay      (SCD):    3.184ns
    Clock Pessimism Removal (CPR):    0.115ns
  Clock Uncertainty:      0.154ns  ((TSJ^2 + TIJ^2)^1/2 + DJ) / 2 + PE
    Total System Jitter     (TSJ):    0.071ns
    Total Input Jitter      (TIJ):    0.300ns
    Discrete Jitter          (DJ):    0.000ns
    Phase Error              (PE):    0.000ns

    Location             Delay type                Incr(ns)  Path(ns)    Netlist Resource(s)
  -------------------------------------------------------------------    -------------------
                         (clock clk_fpga_0 rise edge)
                                                      0.000     0.000 r  
    PS7_X0Y0             PS7                          0.000     0.000 r  mlp_system_i/processing_system7_0/inst/PS7_i/FCLKCLK[0]
                         net (fo=1, routed)           1.193     1.193    mlp_system_i/processing_system7_0/inst/FCLK_CLK_unbuffered[0]
    BUFGCTRL_X0Y16       BUFG (Prop_bufg_I_O)         0.101     1.294 r  mlp_system_i/processing_system7_0/inst/buffer_fclk_clk_0.FCLK_CLK_0_BUFG/O
                         net (fo=2400, routed)        1.890     3.184    mlp_system_i/mlp_axi_wrapper_0/U0/mlp_inst/S_AXI_ACLK
    DSP48_X3Y1           DSP48E1                                      r  mlp_system_i/mlp_axi_wrapper_0/U0/mlp_inst/l2_sum0/CLK
  -------------------------------------------------------------------    -------------------
    DSP48_X3Y1           DSP48E1 (Prop_dsp48e1_CLK_PCOUT[47])
                                                      2.411     5.595 r  mlp_system_i/mlp_axi_wrapper_0/U0/mlp_inst/l2_sum0/PCOUT[47]
                         net (fo=1, routed)           0.002     5.597    mlp_system_i/mlp_axi_wrapper_0/U0/mlp_inst/l2_sum0_n_106
    DSP48_X3Y2           DSP48E1 (Prop_dsp48e1_PCIN[47]_PCOUT[47])
                                                      1.713     7.310 r  mlp_system_i/mlp_axi_wrapper_0/U0/mlp_inst/l2_sum0__0/PCOUT[47]
                         net (fo=1, routed)           0.002     7.312    mlp_system_i/mlp_axi_wrapper_0/U0/mlp_inst/l2_sum0__0_n_106
    DSP48_X3Y3           DSP48E1 (Prop_dsp48e1_PCIN[47]_PCOUT[47])
                                                      1.713     9.025 r  mlp_system_i/mlp_axi_wrapper_0/U0/mlp_inst/l2_sum0__1/PCOUT[47]
                         net (fo=1, routed)           0.002     9.027    mlp_system_i/mlp_axi_wrapper_0/U0/mlp_inst/l2_sum0__1_n_106
    DSP48_X3Y4           DSP48E1 (Prop_dsp48e1_PCIN[47]_PCOUT[47])
                                                      1.713    10.740 r  mlp_system_i/mlp_axi_wrapper_0/U0/mlp_inst/l2_sum0__2/PCOUT[47]
                         net (fo=1, routed)           0.002    10.742    mlp_system_i/mlp_axi_wrapper_0/U0/mlp_inst/l2_sum0__2_n_106
    DSP48_X3Y5           DSP48E1 (Prop_dsp48e1_PCIN[47]_PCOUT[47])
                                                      1.713    12.455 r  mlp_system_i/mlp_axi_wrapper_0/U0/mlp_inst/l2_sum0__3/PCOUT[47]
                         net (fo=1, routed)           0.002    12.457    mlp_system_i/mlp_axi_wrapper_0/U0/mlp_inst/l2_sum0__3_n_106
    DSP48_X3Y6           DSP48E1 (Prop_dsp48e1_PCIN[47]_PCOUT[47])
                                                      1.713    14.170 r  mlp_system_i/mlp_axi_wrapper_0/U0/mlp_inst/l2_sum0__4/PCOUT[47]
                         net (fo=1, routed)           0.002    14.172    mlp_system_i/mlp_axi_wrapper_0/U0/mlp_inst/l2_sum0__4_n_106
    DSP48_X3Y7           DSP48E1 (Prop_dsp48e1_PCIN[47]_PCOUT[47])
                                                      1.713    15.885 r  mlp_system_i/mlp_axi_wrapper_0/U0/mlp_inst/l2_sum0__5/PCOUT[47]
                         net (fo=1, routed)           0.002    15.887    mlp_system_i/mlp_axi_wrapper_0/U0/mlp_inst/l2_sum0__5_n_106
    DSP48_X3Y8           DSP48E1 (Prop_dsp48e1_PCIN[47]_PCOUT[47])
                                                      1.713    17.600 r  mlp_system_i/mlp_axi_wrapper_0/U0/mlp_inst/l2_sum0__6/PCOUT[47]
                         net (fo=1, routed)           0.002    17.602    mlp_system_i/mlp_axi_wrapper_0/U0/mlp_inst/l2_sum0__6_n_106
    DSP48_X3Y9           DSP48E1 (Prop_dsp48e1_PCIN[47]_PCOUT[47])
                                                      1.713    19.315 r  mlp_system_i/mlp_axi_wrapper_0/U0/mlp_inst/l2_sum0__7/PCOUT[47]
                         net (fo=1, routed)           0.056    19.370    mlp_system_i/mlp_axi_wrapper_0/U0/mlp_inst/l2_sum0__7_n_106
    DSP48_X3Y10          DSP48E1 (Prop_dsp48e1_PCIN[47]_PCOUT[47])
                                                      1.713    21.083 r  mlp_system_i/mlp_axi_wrapper_0/U0/mlp_inst/l2_sum0__8/PCOUT[47]
                         net (fo=1, routed)           0.002    21.085    mlp_system_i/mlp_axi_wrapper_0/U0/mlp_inst/l2_sum0__8_n_106
    DSP48_X3Y11          DSP48E1 (Prop_dsp48e1_PCIN[47]_PCOUT[47])
                                                      1.713    22.798 r  mlp_system_i/mlp_axi_wrapper_0/U0/mlp_inst/l2_sum0__9/PCOUT[47]
                         net (fo=1, routed)           0.002    22.800    mlp_system_i/mlp_axi_wrapper_0/U0/mlp_inst/l2_sum0__9_n_106
    DSP48_X3Y12          DSP48E1 (Prop_dsp48e1_PCIN[47]_PCOUT[47])
                                                      1.713    24.513 r  mlp_system_i/mlp_axi_wrapper_0/U0/mlp_inst/l2_sum0__10/PCOUT[47]
                         net (fo=1, routed)           0.002    24.515    mlp_system_i/mlp_axi_wrapper_0/U0/mlp_inst/l2_sum0__10_n_106
    DSP48_X3Y13          DSP48E1 (Prop_dsp48e1_PCIN[47]_PCOUT[47])
                                                      1.713    26.228 r  mlp_system_i/mlp_axi_wrapper_0/U0/mlp_inst/l2_sum0__11/PCOUT[47]
                         net (fo=1, routed)           0.002    26.230    mlp_system_i/mlp_axi_wrapper_0/U0/mlp_inst/l2_sum0__11_n_106
    DSP48_X3Y14          DSP48E1 (Prop_dsp48e1_PCIN[47]_PCOUT[47])
                                                      1.713    27.943 r  mlp_system_i/mlp_axi_wrapper_0/U0/mlp_inst/l2_sum0__12/PCOUT[47]
                         net (fo=1, routed)           0.002    27.945    mlp_system_i/mlp_axi_wrapper_0/U0/mlp_inst/l2_sum0__12_n_106
    DSP48_X3Y15          DSP48E1 (Prop_dsp48e1_PCIN[47]_PCOUT[47])
                                                      1.713    29.658 r  mlp_system_i/mlp_axi_wrapper_0/U0/mlp_inst/l2_sum0__13/PCOUT[47]
                         net (fo=1, routed)           0.002    29.660    mlp_system_i/mlp_axi_wrapper_0/U0/mlp_inst/l2_sum0__13_n_106
    DSP48_X3Y16          DSP48E1 (Prop_dsp48e1_PCIN[47]_PCOUT[47])
                                                      1.713    31.373 r  mlp_system_i/mlp_axi_wrapper_0/U0/mlp_inst/l2_sum0__14/PCOUT[47]
                         net (fo=1, routed)           0.002    31.375    mlp_system_i/mlp_axi_wrapper_0/U0/mlp_inst/l2_sum0__14_n_106
    DSP48_X3Y17          DSP48E1 (Prop_dsp48e1_PCIN[47]_PCOUT[47])
                                                      1.713    33.088 r  mlp_system_i/mlp_axi_wrapper_0/U0/mlp_inst/l2_sum0__15/PCOUT[47]
                         net (fo=1, routed)           0.002    33.090    mlp_system_i/mlp_axi_wrapper_0/U0/mlp_inst/l2_sum0__15_n_106
    DSP48_X3Y18          DSP48E1 (Prop_dsp48e1_PCIN[47]_PCOUT[47])
                                                      1.713    34.803 r  mlp_system_i/mlp_axi_wrapper_0/U0/mlp_inst/l2_sum0__16/PCOUT[47]
                         net (fo=1, routed)           0.002    34.805    mlp_system_i/mlp_axi_wrapper_0/U0/mlp_inst/l2_sum0__16_n_106
    DSP48_X3Y19          DSP48E1 (Prop_dsp48e1_PCIN[47]_PCOUT[47])
                                                      1.713    36.518 r  mlp_system_i/mlp_axi_wrapper_0/U0/mlp_inst/l2_sum0__17/PCOUT[47]
                         net (fo=1, routed)           0.002    36.520    mlp_system_i/mlp_axi_wrapper_0/U0/mlp_inst/l2_sum0__17_n_106
    DSP48_X3Y20          DSP48E1 (Prop_dsp48e1_PCIN[47]_PCOUT[47])
                                                      1.713    38.233 r  mlp_system_i/mlp_axi_wrapper_0/U0/mlp_inst/l2_sum0__18/PCOUT[47]
                         net (fo=1, routed)           0.002    38.235    mlp_system_i/mlp_axi_wrapper_0/U0/mlp_inst/l2_sum0__18_n_106
    DSP48_X3Y21          DSP48E1 (Prop_dsp48e1_PCIN[47]_PCOUT[47])
                                                      1.713    39.948 r  mlp_system_i/mlp_axi_wrapper_0/U0/mlp_inst/l2_sum0__19/PCOUT[47]
                         net (fo=1, routed)           0.002    39.950    mlp_system_i/mlp_axi_wrapper_0/U0/mlp_inst/l2_sum0__19_n_106
    DSP48_X3Y22          DSP48E1 (Prop_dsp48e1_PCIN[47]_PCOUT[47])
                                                      1.713    41.663 r  mlp_system_i/mlp_axi_wrapper_0/U0/mlp_inst/l2_sum0__20/PCOUT[47]
                         net (fo=1, routed)           0.002    41.665    mlp_system_i/mlp_axi_wrapper_0/U0/mlp_inst/l2_sum0__20_n_106
    DSP48_X3Y23          DSP48E1 (Prop_dsp48e1_PCIN[47]_PCOUT[47])
                                                      1.713    43.378 r  mlp_system_i/mlp_axi_wrapper_0/U0/mlp_inst/l2_sum0__21/PCOUT[47]
                         net (fo=1, routed)           0.002    43.380    mlp_system_i/mlp_axi_wrapper_0/U0/mlp_inst/l2_sum0__21_n_106
    DSP48_X3Y24          DSP48E1 (Prop_dsp48e1_PCIN[47]_PCOUT[47])
                                                      1.713    45.093 r  mlp_system_i/mlp_axi_wrapper_0/U0/mlp_inst/l2_sum0__22/PCOUT[47]
                         net (fo=1, routed)           0.002    45.095    mlp_system_i/mlp_axi_wrapper_0/U0/mlp_inst/l2_sum0__22_n_106
    DSP48_X3Y25          DSP48E1 (Prop_dsp48e1_PCIN[47]_PCOUT[47])
                                                      1.713    46.808 r  mlp_system_i/mlp_axi_wrapper_0/U0/mlp_inst/l2_sum0__23/PCOUT[47]
                         net (fo=1, routed)           0.002    46.810    mlp_system_i/mlp_axi_wrapper_0/U0/mlp_inst/l2_sum0__23_n_106
    DSP48_X3Y26          DSP48E1 (Prop_dsp48e1_PCIN[47]_PCOUT[47])
                                                      1.713    48.523 r  mlp_system_i/mlp_axi_wrapper_0/U0/mlp_inst/l2_sum0__24/PCOUT[47]
                         net (fo=1, routed)           0.002    48.525    mlp_system_i/mlp_axi_wrapper_0/U0/mlp_inst/l2_sum0__24_n_106
    DSP48_X3Y27          DSP48E1 (Prop_dsp48e1_PCIN[47]_PCOUT[47])
                                                      1.713    50.238 r  mlp_system_i/mlp_axi_wrapper_0/U0/mlp_inst/l2_sum0__25/PCOUT[47]
                         net (fo=1, routed)           0.002    50.240    mlp_system_i/mlp_axi_wrapper_0/U0/mlp_inst/l2_sum0__25_n_106
    DSP48_X3Y28          DSP48E1 (Prop_dsp48e1_PCIN[47]_PCOUT[47])
                                                      1.713    51.953 r  mlp_system_i/mlp_axi_wrapper_0/U0/mlp_inst/l2_sum0__26/PCOUT[47]
                         net (fo=1, routed)           0.002    51.955    mlp_system_i/mlp_axi_wrapper_0/U0/mlp_inst/l2_sum0__26_n_106
    DSP48_X3Y29          DSP48E1 (Prop_dsp48e1_PCIN[47]_PCOUT[47])
                                                      1.713    53.668 r  mlp_system_i/mlp_axi_wrapper_0/U0/mlp_inst/l2_sum0__27/PCOUT[47]
                         net (fo=1, routed)           0.056    53.724    mlp_system_i/mlp_axi_wrapper_0/U0/mlp_inst/l2_sum0__27_n_106
    DSP48_X3Y30          DSP48E1 (Prop_dsp48e1_PCIN[47]_PCOUT[47])
                                                      1.713    55.437 r  mlp_system_i/mlp_axi_wrapper_0/U0/mlp_inst/l2_sum0__28/PCOUT[47]
                         net (fo=1, routed)           0.002    55.439    mlp_system_i/mlp_axi_wrapper_0/U0/mlp_inst/l2_sum0__28_n_106
    DSP48_X3Y31          DSP48E1 (Prop_dsp48e1_PCIN[47]_PCOUT[47])
                                                      1.713    57.152 r  mlp_system_i/mlp_axi_wrapper_0/U0/mlp_inst/l2_sum0__29/PCOUT[47]
                         net (fo=1, routed)           0.002    57.154    mlp_system_i/mlp_axi_wrapper_0/U0/mlp_inst/l2_sum0__29_n_106
    DSP48_X3Y32          DSP48E1 (Prop_dsp48e1_PCIN[47]_PCOUT[47])
                                                      1.713    58.867 r  mlp_system_i/mlp_axi_wrapper_0/U0/mlp_inst/l2_sum0__30/PCOUT[47]
                         net (fo=1, routed)           0.002    58.869    mlp_system_i/mlp_axi_wrapper_0/U0/mlp_inst/l2_sum0__30_n_106
    DSP48_X3Y33          DSP48E1 (Prop_dsp48e1_PCIN[47]_PCOUT[47])
                                                      1.713    60.582 r  mlp_system_i/mlp_axi_wrapper_0/U0/mlp_inst/l2_sum0__31/PCOUT[47]
                         net (fo=1, routed)           0.002    60.584    mlp_system_i/mlp_axi_wrapper_0/U0/mlp_inst/l2_sum0__31_n_106
    DSP48_X3Y34          DSP48E1 (Prop_dsp48e1_PCIN[47]_PCOUT[47])
                                                      1.713    62.297 r  mlp_system_i/mlp_axi_wrapper_0/U0/mlp_inst/l2_sum0__32/PCOUT[47]
                         net (fo=1, routed)           0.002    62.299    mlp_system_i/mlp_axi_wrapper_0/U0/mlp_inst/l2_sum0__32_n_106
    DSP48_X3Y35          DSP48E1 (Prop_dsp48e1_PCIN[47]_PCOUT[47])
                                                      1.713    64.012 r  mlp_system_i/mlp_axi_wrapper_0/U0/mlp_inst/l2_sum0__33/PCOUT[47]
                         net (fo=1, routed)           0.002    64.014    mlp_system_i/mlp_axi_wrapper_0/U0/mlp_inst/l2_sum0__33_n_106
    DSP48_X3Y36          DSP48E1 (Prop_dsp48e1_PCIN[47]_PCOUT[47])
                                                      1.713    65.727 r  mlp_system_i/mlp_axi_wrapper_0/U0/mlp_inst/l2_sum0__34/PCOUT[47]
                         net (fo=1, routed)           0.002    65.729    mlp_system_i/mlp_axi_wrapper_0/U0/mlp_inst/l2_sum0__34_n_106
    DSP48_X3Y37          DSP48E1 (Prop_dsp48e1_PCIN[47]_PCOUT[47])
                                                      1.713    67.442 r  mlp_system_i/mlp_axi_wrapper_0/U0/mlp_inst/l2_sum0__35/PCOUT[47]
                         net (fo=1, routed)           0.002    67.444    mlp_system_i/mlp_axi_wrapper_0/U0/mlp_inst/l2_sum0__35_n_106
    DSP48_X3Y38          DSP48E1 (Prop_dsp48e1_PCIN[47]_PCOUT[47])
                                                      1.713    69.157 r  mlp_system_i/mlp_axi_wrapper_0/U0/mlp_inst/l2_sum0__36/PCOUT[47]
                         net (fo=1, routed)           0.002    69.159    mlp_system_i/mlp_axi_wrapper_0/U0/mlp_inst/l2_sum0__36_n_106
    DSP48_X3Y39          DSP48E1 (Prop_dsp48e1_PCIN[47]_PCOUT[47])
                                                      1.713    70.872 r  mlp_system_i/mlp_axi_wrapper_0/U0/mlp_inst/l2_sum0__37/PCOUT[47]
                         net (fo=1, routed)           0.002    70.874    mlp_system_i/mlp_axi_wrapper_0/U0/mlp_inst/l2_sum0__37_n_106
    DSP48_X3Y40          DSP48E1 (Prop_dsp48e1_PCIN[47]_PCOUT[47])
                                                      1.713    72.587 r  mlp_system_i/mlp_axi_wrapper_0/U0/mlp_inst/l2_sum0__38/PCOUT[47]
                         net (fo=1, routed)           0.002    72.589    mlp_system_i/mlp_axi_wrapper_0/U0/mlp_inst/l2_sum0__38_n_106
    DSP48_X3Y41          DSP48E1 (Prop_dsp48e1_PCIN[47]_PCOUT[47])
                                                      1.713    74.302 r  mlp_system_i/mlp_axi_wrapper_0/U0/mlp_inst/l2_sum0__39/PCOUT[47]
                         net (fo=1, routed)           0.002    74.304    mlp_system_i/mlp_axi_wrapper_0/U0/mlp_inst/l2_sum0__39_n_106
    DSP48_X3Y42          DSP48E1 (Prop_dsp48e1_PCIN[47]_PCOUT[47])
                                                      1.713    76.017 r  mlp_system_i/mlp_axi_wrapper_0/U0/mlp_inst/l2_sum0__40/PCOUT[47]
                         net (fo=1, routed)           0.002    76.019    mlp_system_i/mlp_axi_wrapper_0/U0/mlp_inst/l2_sum0__40_n_106
    DSP48_X3Y43          DSP48E1 (Prop_dsp48e1_PCIN[47]_PCOUT[47])
                                                      1.713    77.732 r  mlp_system_i/mlp_axi_wrapper_0/U0/mlp_inst/l2_sum0__41/PCOUT[47]
                         net (fo=1, routed)           0.002    77.734    mlp_system_i/mlp_axi_wrapper_0/U0/mlp_inst/l2_sum0__41_n_106
    DSP48_X3Y44          DSP48E1 (Prop_dsp48e1_PCIN[47]_PCOUT[47])
                                                      1.713    79.447 r  mlp_system_i/mlp_axi_wrapper_0/U0/mlp_inst/l2_sum0__42/PCOUT[47]
                         net (fo=1, routed)           0.002    79.449    mlp_system_i/mlp_axi_wrapper_0/U0/mlp_inst/l2_sum0__42_n_106
    DSP48_X3Y45          DSP48E1 (Prop_dsp48e1_PCIN[47]_PCOUT[47])
                                                      1.713    81.162 r  mlp_system_i/mlp_axi_wrapper_0/U0/mlp_inst/l2_sum0__43/PCOUT[47]
                         net (fo=1, routed)           0.002    81.164    mlp_system_i/mlp_axi_wrapper_0/U0/mlp_inst/l2_sum0__43_n_106
    DSP48_X3Y46          DSP48E1 (Prop_dsp48e1_PCIN[47]_PCOUT[47])
                                                      1.713    82.877 r  mlp_system_i/mlp_axi_wrapper_0/U0/mlp_inst/l2_sum0__44/PCOUT[47]
                         net (fo=1, routed)           0.002    82.879    mlp_system_i/mlp_axi_wrapper_0/U0/mlp_inst/l2_sum0__44_n_106
    DSP48_X3Y47          DSP48E1 (Prop_dsp48e1_PCIN[47]_PCOUT[47])
                                                      1.713    84.592 r  mlp_system_i/mlp_axi_wrapper_0/U0/mlp_inst/l2_sum0__45/PCOUT[47]
                         net (fo=1, routed)           0.002    84.594    mlp_system_i/mlp_axi_wrapper_0/U0/mlp_inst/l2_sum0__45_n_106
    DSP48_X3Y48          DSP48E1 (Prop_dsp48e1_PCIN[47]_PCOUT[47])
                                                      1.713    86.307 r  mlp_system_i/mlp_axi_wrapper_0/U0/mlp_inst/l2_sum0__46/PCOUT[47]
                         net (fo=1, routed)           0.002    86.309    mlp_system_i/mlp_axi_wrapper_0/U0/mlp_inst/l2_sum0__46_n_106
    DSP48_X3Y49          DSP48E1 (Prop_dsp48e1_PCIN[47]_PCOUT[47])
                                                      1.713    88.022 r  mlp_system_i/mlp_axi_wrapper_0/U0/mlp_inst/l2_sum0__47/PCOUT[47]
                         net (fo=1, routed)           0.056    88.078    mlp_system_i/mlp_axi_wrapper_0/U0/mlp_inst/l2_sum0__47_n_106
    DSP48_X3Y50          DSP48E1 (Prop_dsp48e1_PCIN[47]_PCOUT[47])
                                                      1.713    89.791 r  mlp_system_i/mlp_axi_wrapper_0/U0/mlp_inst/l2_sum0__48/PCOUT[47]
                         net (fo=1, routed)           0.002    89.793    mlp_system_i/mlp_axi_wrapper_0/U0/mlp_inst/l2_sum0__48_n_106
    DSP48_X3Y51          DSP48E1 (Prop_dsp48e1_PCIN[47]_PCOUT[47])
                                                      1.713    91.506 r  mlp_system_i/mlp_axi_wrapper_0/U0/mlp_inst/l2_sum0__49/PCOUT[47]
                         net (fo=1, routed)           0.002    91.508    mlp_system_i/mlp_axi_wrapper_0/U0/mlp_inst/l2_sum0__49_n_106
    DSP48_X3Y52          DSP48E1 (Prop_dsp48e1_PCIN[47]_PCOUT[47])
                                                      1.713    93.221 r  mlp_system_i/mlp_axi_wrapper_0/U0/mlp_inst/l2_sum0__50/PCOUT[47]
                         net (fo=1, routed)           0.002    93.223    mlp_system_i/mlp_axi_wrapper_0/U0/mlp_inst/l2_sum0__50_n_106
    DSP48_X3Y53          DSP48E1 (Prop_dsp48e1_PCIN[47]_PCOUT[47])
                                                      1.713    94.936 r  mlp_system_i/mlp_axi_wrapper_0/U0/mlp_inst/l2_sum0__51/PCOUT[47]
                         net (fo=1, routed)           0.002    94.938    mlp_system_i/mlp_axi_wrapper_0/U0/mlp_inst/l2_sum0__51_n_106
    DSP48_X3Y54          DSP48E1 (Prop_dsp48e1_PCIN[47]_PCOUT[47])
                                                      1.713    96.651 r  mlp_system_i/mlp_axi_wrapper_0/U0/mlp_inst/l2_sum0__52/PCOUT[47]
                         net (fo=1, routed)           0.002    96.653    mlp_system_i/mlp_axi_wrapper_0/U0/mlp_inst/l2_sum0__52_n_106
    DSP48_X3Y55          DSP48E1 (Prop_dsp48e1_PCIN[47]_PCOUT[47])
                                                      1.713    98.366 r  mlp_system_i/mlp_axi_wrapper_0/U0/mlp_inst/l2_sum0__53/PCOUT[47]
                         net (fo=1, routed)           0.002    98.368    mlp_system_i/mlp_axi_wrapper_0/U0/mlp_inst/l2_sum0__53_n_106
    DSP48_X3Y56          DSP48E1 (Prop_dsp48e1_PCIN[47]_PCOUT[47])
                                                      1.713   100.081 r  mlp_system_i/mlp_axi_wrapper_0/U0/mlp_inst/l2_sum0__54/PCOUT[47]
                         net (fo=1, routed)           0.002   100.083    mlp_system_i/mlp_axi_wrapper_0/U0/mlp_inst/l2_sum0__54_n_106
    DSP48_X3Y57          DSP48E1 (Prop_dsp48e1_PCIN[47]_PCOUT[47])
                                                      1.713   101.796 r  mlp_system_i/mlp_axi_wrapper_0/U0/mlp_inst/l2_sum0__55/PCOUT[47]
                         net (fo=1, routed)           0.002   101.798    mlp_system_i/mlp_axi_wrapper_0/U0/mlp_inst/l2_sum0__55_n_106
    DSP48_X3Y58          DSP48E1 (Prop_dsp48e1_PCIN[47]_PCOUT[47])
                                                      1.713   103.511 r  mlp_system_i/mlp_axi_wrapper_0/U0/mlp_inst/l2_sum0__56/PCOUT[47]
                         net (fo=1, routed)           0.002   103.513    mlp_system_i/mlp_axi_wrapper_0/U0/mlp_inst/l2_sum0__56_n_106
    DSP48_X3Y59          DSP48E1 (Prop_dsp48e1_PCIN[47]_P[2])
                                                      1.518   105.031 r  mlp_system_i/mlp_axi_wrapper_0/U0/mlp_inst/l2_sum0__57/P[2]
                         net (fo=1, routed)           2.118   107.149    mlp_system_i/mlp_axi_wrapper_0/U0/mlp_inst/I415[2]
    DSP48_X2Y56          DSP48E1 (Prop_dsp48e1_C[2]_PCOUT[47])
                                                      2.016   109.165 r  mlp_system_i/mlp_axi_wrapper_0/U0/mlp_inst/l2_sum0__58/PCOUT[47]
                         net (fo=1, routed)           0.002   109.167    mlp_system_i/mlp_axi_wrapper_0/U0/mlp_inst/l2_sum0__58_n_106
    DSP48_X2Y57          DSP48E1 (Prop_dsp48e1_PCIN[47]_PCOUT[47])
                                                      1.713   110.880 r  mlp_system_i/mlp_axi_wrapper_0/U0/mlp_inst/l2_sum0__59/PCOUT[47]
                         net (fo=1, routed)           0.002   110.882    mlp_system_i/mlp_axi_wrapper_0/U0/mlp_inst/l2_sum0__59_n_106
    DSP48_X2Y58          DSP48E1 (Prop_dsp48e1_PCIN[47]_PCOUT[47])
                                                      1.713   112.595 r  mlp_system_i/mlp_axi_wrapper_0/U0/mlp_inst/l2_sum0__60/PCOUT[47]
                         net (fo=1, routed)           0.002   112.597    mlp_system_i/mlp_axi_wrapper_0/U0/mlp_inst/l2_sum0__60_n_106
    DSP48_X2Y59          DSP48E1 (Prop_dsp48e1_PCIN[47]_P[8])
                                                      1.518   114.115 r  mlp_system_i/mlp_axi_wrapper_0/U0/mlp_inst/l2_sum0__61/P[8]
                         net (fo=1, routed)           0.895   115.010    mlp_system_i/mlp_axi_wrapper_0/U0/mlp_inst/l2_sum0__61_n_97
    SLICE_X35Y142        LUT2 (Prop_lut2_I1_O)        0.124   115.134 r  mlp_system_i/mlp_axi_wrapper_0/U0/mlp_inst/l2_sum[11]_i_5/O
                         net (fo=1, routed)           0.000   115.134    mlp_system_i/mlp_axi_wrapper_0/U0/mlp_inst/l2_sum[11]_i_5_n_0
    SLICE_X35Y142        CARRY4 (Prop_carry4_S[0]_CO[3])
                                                      0.532   115.666 r  mlp_system_i/mlp_axi_wrapper_0/U0/mlp_inst/l2_sum_reg[11]_i_1/CO[3]
                         net (fo=1, routed)           0.000   115.666    mlp_system_i/mlp_axi_wrapper_0/U0/mlp_inst/l2_sum_reg[11]_i_1_n_0
    SLICE_X35Y143        CARRY4 (Prop_carry4_CI_CO[3])
                                                      0.114   115.780 r  mlp_system_i/mlp_axi_wrapper_0/U0/mlp_inst/l2_sum_reg[15]_i_1/CO[3]
                         net (fo=1, routed)           0.000   115.780    mlp_system_i/mlp_axi_wrapper_0/U0/mlp_inst/l2_sum_reg[15]_i_1_n_0
    SLICE_X35Y144        CARRY4 (Prop_carry4_CI_CO[3])
                                                      0.114   115.894 r  mlp_system_i/mlp_axi_wrapper_0/U0/mlp_inst/l2_sum_reg[19]_i_1/CO[3]
                         net (fo=1, routed)           0.000   115.894    mlp_system_i/mlp_axi_wrapper_0/U0/mlp_inst/l2_sum_reg[19]_i_1_n_0
    SLICE_X35Y145        CARRY4 (Prop_carry4_CI_CO[3])
                                                      0.114   116.008 r  mlp_system_i/mlp_axi_wrapper_0/U0/mlp_inst/l2_sum_reg[23]_i_1/CO[3]
                         net (fo=1, routed)           0.000   116.008    mlp_system_i/mlp_axi_wrapper_0/U0/mlp_inst/l2_sum_reg[23]_i_1_n_0
    SLICE_X35Y146        CARRY4 (Prop_carry4_CI_CO[3])
                                                      0.114   116.122 r  mlp_system_i/mlp_axi_wrapper_0/U0/mlp_inst/l2_sum_reg[27]_i_1/CO[3]
                         net (fo=1, routed)           0.000   116.122    mlp_system_i/mlp_axi_wrapper_0/U0/mlp_inst/l2_sum_reg[27]_i_1_n_0
    SLICE_X35Y147        CARRY4 (Prop_carry4_CI_CO[3])
                                                      0.114   116.236 r  mlp_system_i/mlp_axi_wrapper_0/U0/mlp_inst/l2_sum_reg[31]_i_1/CO[3]
                         net (fo=1, routed)           0.000   116.236    mlp_system_i/mlp_axi_wrapper_0/U0/mlp_inst/l2_sum_reg[31]_i_1_n_0
    SLICE_X35Y148        CARRY4 (Prop_carry4_CI_O[3])
                                                      0.313   116.549 r  mlp_system_i/mlp_axi_wrapper_0/U0/mlp_inst/l2_sum_reg[35]_i_1/O[3]
                         net (fo=1, routed)           0.000   116.549    mlp_system_i/mlp_axi_wrapper_0/U0/mlp_inst/l2_sum0__62[35]
    SLICE_X35Y148        FDRE                                         r  mlp_system_i/mlp_axi_wrapper_0/U0/mlp_inst/l2_sum_reg[35]/D
  -------------------------------------------------------------------    -------------------

                         (clock clk_fpga_0 rise edge)
                                                     10.000    10.000 r  
    PS7_X0Y0             PS7                          0.000    10.000 r  mlp_system_i/processing_system7_0/inst/PS7_i/FCLKCLK[0]
                         net (fo=1, routed)           1.088    11.088    mlp_system_i/processing_system7_0/inst/FCLK_CLK_unbuffered[0]
    BUFGCTRL_X0Y16       BUFG (Prop_bufg_I_O)         0.091    11.179 r  mlp_system_i/processing_system7_0/inst/buffer_fclk_clk_0.FCLK_CLK_0_BUFG/O
                         net (fo=2400, routed)        1.655    12.834    mlp_system_i/mlp_axi_wrapper_0/U0/mlp_inst/S_AXI_ACLK
    SLICE_X35Y148        FDRE                                         r  mlp_system_i/mlp_axi_wrapper_0/U0/mlp_inst/l2_sum_reg[35]/C
                         clock pessimism              0.115    12.949    
                         clock uncertainty           -0.154    12.795    
    SLICE_X35Y148        FDRE (Setup_fdre_C_D)        0.062    12.857    mlp_system_i/mlp_axi_wrapper_0/U0/mlp_inst/l2_sum_reg[35]
  -------------------------------------------------------------------
                         required time                         12.857    
                         arrival time                        -116.549    
  -------------------------------------------------------------------
                         slack                               -103.692    

Slack (VIOLATED) :        -103.618ns  (required time - arrival time)
  Source:                 mlp_system_i/mlp_axi_wrapper_0/U0/mlp_inst/l2_sum0/CLK
                            (rising edge-triggered cell DSP48E1 clocked by clk_fpga_0  {rise@0.000ns fall@5.000ns period=10.000ns})
  Destination:            mlp_system_i/mlp_axi_wrapper_0/U0/mlp_inst/l2_sum_reg[34]/D
                            (rising edge-triggered cell FDRE clocked by clk_fpga_0  {rise@0.000ns fall@5.000ns period=10.000ns})
  Path Group:             clk_fpga_0
  Path Type:              Setup (Max at Slow Process Corner)
  Requirement:            10.000ns  (clk_fpga_0 rise@10.000ns - clk_fpga_0 rise@0.000ns)
  Data Path Delay:        113.292ns  (logic 109.995ns (97.090%)  route 3.297ns (2.910%))
  Logic Levels:           70  (CARRY4=7 DSP48E1=62 LUT2=1)
  Clock Path Skew:        -0.234ns (DCD - SCD + CPR)
    Destination Clock Delay (DCD):    2.834ns = ( 12.834 - 10.000 ) 
    Source Clock Delay      (SCD):    3.184ns
    Clock Pessimism Removal (CPR):    0.115ns
  Clock Uncertainty:      0.154ns  ((TSJ^2 + TIJ^2)^1/2 + DJ) / 2 + PE
    Total System Jitter     (TSJ):    0.071ns
    Total Input Jitter      (TIJ):    0.300ns
    Discrete Jitter          (DJ):    0.000ns
    Phase Error              (PE):    0.000ns

    Location             Delay type                Incr(ns)  Path(ns)    Netlist Resource(s)
  -------------------------------------------------------------------    -------------------
                         (clock clk_fpga_0 rise edge)
                                                      0.000     0.000 r  
    PS7_X0Y0             PS7                          0.000     0.000 r  mlp_system_i/processing_system7_0/inst/PS7_i/FCLKCLK[0]
                         net (fo=1, routed)           1.193     1.193    mlp_system_i/processing_system7_0/inst/FCLK_CLK_unbuffered[0]
    BUFGCTRL_X0Y16       BUFG (Prop_bufg_I_O)         0.101     1.294 r  mlp_system_i/processing_system7_0/inst/buffer_fclk_clk_0.FCLK_CLK_0_BUFG/O
                         net (fo=2400, routed)        1.890     3.184    mlp_system_i/mlp_axi_wrapper_0/U0/mlp_inst/S_AXI_ACLK
    DSP48_X3Y1           DSP48E1                                      r  mlp_system_i/mlp_axi_wrapper_0/U0/mlp_inst/l2_sum0/CLK
  -------------------------------------------------------------------    -------------------
    DSP48_X3Y1           DSP48E1 (Prop_dsp48e1_CLK_PCOUT[47])
                                                      2.411     5.595 r  mlp_system_i/mlp_axi_wrapper_0/U0/mlp_inst/l2_sum0/PCOUT[47]
                         net (fo=1, routed)           0.002     5.597    mlp_system_i/mlp_axi_wrapper_0/U0/mlp_inst/l2_sum0_n_106
    DSP48_X3Y2           DSP48E1 (Prop_dsp48e1_PCIN[47]_PCOUT[47])
                                                      1.713     7.310 r  mlp_system_i/mlp_axi_wrapper_0/U0/mlp_inst/l2_sum0__0/PCOUT[47]
                         net (fo=1, routed)           0.002     7.312    mlp_system_i/mlp_axi_wrapper_0/U0/mlp_inst/l2_sum0__0_n_106
    DSP48_X3Y3           DSP48E1 (Prop_dsp48e1_PCIN[47]_PCOUT[47])
                                                      1.713     9.025 r  mlp_system_i/mlp_axi_wrapper_0/U0/mlp_inst/l2_sum0__1/PCOUT[47]
                         net (fo=1, routed)           0.002     9.027    mlp_system_i/mlp_axi_wrapper_0/U0/mlp_inst/l2_sum0__1_n_106
    DSP48_X3Y4           DSP48E1 (Prop_dsp48e1_PCIN[47]_PCOUT[47])
                                                      1.713    10.740 r  mlp_system_i/mlp_axi_wrapper_0/U0/mlp_inst/l2_sum0__2/PCOUT[47]
                         net (fo=1, routed)           0.002    10.742    mlp_system_i/mlp_axi_wrapper_0/U0/mlp_inst/l2_sum0__2_n_106
    DSP48_X3Y5           DSP48E1 (Prop_dsp48e1_PCIN[47]_PCOUT[47])
                                                      1.713    12.455 r  mlp_system_i/mlp_axi_wrapper_0/U0/mlp_inst/l2_sum0__3/PCOUT[47]
                         net (fo=1, routed)           0.002    12.457    mlp_system_i/mlp_axi_wrapper_0/U0/mlp_inst/l2_sum0__3_n_106
    DSP48_X3Y6           DSP48E1 (Prop_dsp48e1_PCIN[47]_PCOUT[47])
                                                      1.713    14.170 r  mlp_system_i/mlp_axi_wrapper_0/U0/mlp_inst/l2_sum0__4/PCOUT[47]
                         net (fo=1, routed)           0.002    14.172    mlp_system_i/mlp_axi_wrapper_0/U0/mlp_inst/l2_sum0__4_n_106
    DSP48_X3Y7           DSP48E1 (Prop_dsp48e1_PCIN[47]_PCOUT[47])
                                                      1.713    15.885 r  mlp_system_i/mlp_axi_wrapper_0/U0/mlp_inst/l2_sum0__5/PCOUT[47]
                         net (fo=1, routed)           0.002    15.887    mlp_system_i/mlp_axi_wrapper_0/U0/mlp_inst/l2_sum0__5_n_106
    DSP48_X3Y8           DSP48E1 (Prop_dsp48e1_PCIN[47]_PCOUT[47])
                                                      1.713    17.600 r  mlp_system_i/mlp_axi_wrapper_0/U0/mlp_inst/l2_sum0__6/PCOUT[47]
                         net (fo=1, routed)           0.002    17.602    mlp_system_i/mlp_axi_wrapper_0/U0/mlp_inst/l2_sum0__6_n_106
    DSP48_X3Y9           DSP48E1 (Prop_dsp48e1_PCIN[47]_PCOUT[47])
                                                      1.713    19.315 r  mlp_system_i/mlp_axi_wrapper_0/U0/mlp_inst/l2_sum0__7/PCOUT[47]
                         net (fo=1, routed)           0.056    19.370    mlp_system_i/mlp_axi_wrapper_0/U0/mlp_inst/l2_sum0__7_n_106
    DSP48_X3Y10          DSP48E1 (Prop_dsp48e1_PCIN[47]_PCOUT[47])
                                                      1.713    21.083 r  mlp_system_i/mlp_axi_wrapper_0/U0/mlp_inst/l2_sum0__8/PCOUT[47]
                         net (fo=1, routed)           0.002    21.085    mlp_system_i/mlp_axi_wrapper_0/U0/mlp_inst/l2_sum0__8_n_106
    DSP48_X3Y11          DSP48E1 (Prop_dsp48e1_PCIN[47]_PCOUT[47])
                                                      1.713    22.798 r  mlp_system_i/mlp_axi_wrapper_0/U0/mlp_inst/l2_sum0__9/PCOUT[47]
                         net (fo=1, routed)           0.002    22.800    mlp_system_i/mlp_axi_wrapper_0/U0/mlp_inst/l2_sum0__9_n_106
    DSP48_X3Y12          DSP48E1 (Prop_dsp48e1_PCIN[47]_PCOUT[47])
                                                      1.713    24.513 r  mlp_system_i/mlp_axi_wrapper_0/U0/mlp_inst/l2_sum0__10/PCOUT[47]
                         net (fo=1, routed)           0.002    24.515    mlp_system_i/mlp_axi_wrapper_0/U0/mlp_inst/l2_sum0__10_n_106
    DSP48_X3Y13          DSP48E1 (Prop_dsp48e1_PCIN[47]_PCOUT[47])
                                                      1.713    26.228 r  mlp_system_i/mlp_axi_wrapper_0/U0/mlp_inst/l2_sum0__11/PCOUT[47]
                         net (fo=1, routed)           0.002    26.230    mlp_system_i/mlp_axi_wrapper_0/U0/mlp_inst/l2_sum0__11_n_106
    DSP48_X3Y14          DSP48E1 (Prop_dsp48e1_PCIN[47]_PCOUT[47])
                                                      1.713    27.943 r  mlp_system_i/mlp_axi_wrapper_0/U0/mlp_inst/l2_sum0__12/PCOUT[47]
                         net (fo=1, routed)           0.002    27.945    mlp_system_i/mlp_axi_wrapper_0/U0/mlp_inst/l2_sum0__12_n_106
    DSP48_X3Y15          DSP48E1 (Prop_dsp48e1_PCIN[47]_PCOUT[47])
                                                      1.713    29.658 r  mlp_system_i/mlp_axi_wrapper_0/U0/mlp_inst/l2_sum0__13/PCOUT[47]
                         net (fo=1, routed)           0.002    29.660    mlp_system_i/mlp_axi_wrapper_0/U0/mlp_inst/l2_sum0__13_n_106
    DSP48_X3Y16          DSP48E1 (Prop_dsp48e1_PCIN[47]_PCOUT[47])
                                                      1.713    31.373 r  mlp_system_i/mlp_axi_wrapper_0/U0/mlp_inst/l2_sum0__14/PCOUT[47]
                         net (fo=1, routed)           0.002    31.375    mlp_system_i/mlp_axi_wrapper_0/U0/mlp_inst/l2_sum0__14_n_106
    DSP48_X3Y17          DSP48E1 (Prop_dsp48e1_PCIN[47]_PCOUT[47])
                                                      1.713    33.088 r  mlp_system_i/mlp_axi_wrapper_0/U0/mlp_inst/l2_sum0__15/PCOUT[47]
                         net (fo=1, routed)           0.002    33.090    mlp_system_i/mlp_axi_wrapper_0/U0/mlp_inst/l2_sum0__15_n_106
    DSP48_X3Y18          DSP48E1 (Prop_dsp48e1_PCIN[47]_PCOUT[47])
                                                      1.713    34.803 r  mlp_system_i/mlp_axi_wrapper_0/U0/mlp_inst/l2_sum0__16/PCOUT[47]
                         net (fo=1, routed)           0.002    34.805    mlp_system_i/mlp_axi_wrapper_0/U0/mlp_inst/l2_sum0__16_n_106
    DSP48_X3Y19          DSP48E1 (Prop_dsp48e1_PCIN[47]_PCOUT[47])
                                                      1.713    36.518 r  mlp_system_i/mlp_axi_wrapper_0/U0/mlp_inst/l2_sum0__17/PCOUT[47]
                         net (fo=1, routed)           0.002    36.520    mlp_system_i/mlp_axi_wrapper_0/U0/mlp_inst/l2_sum0__17_n_106
    DSP48_X3Y20          DSP48E1 (Prop_dsp48e1_PCIN[47]_PCOUT[47])
                                                      1.713    38.233 r  mlp_system_i/mlp_axi_wrapper_0/U0/mlp_inst/l2_sum0__18/PCOUT[47]
                         net (fo=1, routed)           0.002    38.235    mlp_system_i/mlp_axi_wrapper_0/U0/mlp_inst/l2_sum0__18_n_106
    DSP48_X3Y21          DSP48E1 (Prop_dsp48e1_PCIN[47]_PCOUT[47])
                                                      1.713    39.948 r  mlp_system_i/mlp_axi_wrapper_0/U0/mlp_inst/l2_sum0__19/PCOUT[47]
                         net (fo=1, routed)           0.002    39.950    mlp_system_i/mlp_axi_wrapper_0/U0/mlp_inst/l2_sum0__19_n_106
    DSP48_X3Y22          DSP48E1 (Prop_dsp48e1_PCIN[47]_PCOUT[47])
                                                      1.713    41.663 r  mlp_system_i/mlp_axi_wrapper_0/U0/mlp_inst/l2_sum0__20/PCOUT[47]
                         net (fo=1, routed)           0.002    41.665    mlp_system_i/mlp_axi_wrapper_0/U0/mlp_inst/l2_sum0__20_n_106
    DSP48_X3Y23          DSP48E1 (Prop_dsp48e1_PCIN[47]_PCOUT[47])
                                                      1.713    43.378 r  mlp_system_i/mlp_axi_wrapper_0/U0/mlp_inst/l2_sum0__21/PCOUT[47]
                         net (fo=1, routed)           0.002    43.380    mlp_system_i/mlp_axi_wrapper_0/U0/mlp_inst/l2_sum0__21_n_106
    DSP48_X3Y24          DSP48E1 (Prop_dsp48e1_PCIN[47]_PCOUT[47])
                                                      1.713    45.093 r  mlp_system_i/mlp_axi_wrapper_0/U0/mlp_inst/l2_sum0__22/PCOUT[47]
                         net (fo=1, routed)           0.002    45.095    mlp_system_i/mlp_axi_wrapper_0/U0/mlp_inst/l2_sum0__22_n_106
    DSP48_X3Y25          DSP48E1 (Prop_dsp48e1_PCIN[47]_PCOUT[47])
                                                      1.713    46.808 r  mlp_system_i/mlp_axi_wrapper_0/U0/mlp_inst/l2_sum0__23/PCOUT[47]
                         net (fo=1, routed)           0.002    46.810    mlp_system_i/mlp_axi_wrapper_0/U0/mlp_inst/l2_sum0__23_n_106
    DSP48_X3Y26          DSP48E1 (Prop_dsp48e1_PCIN[47]_PCOUT[47])
                                                      1.713    48.523 r  mlp_system_i/mlp_axi_wrapper_0/U0/mlp_inst/l2_sum0__24/PCOUT[47]
                         net (fo=1, routed)           0.002    48.525    mlp_system_i/mlp_axi_wrapper_0/U0/mlp_inst/l2_sum0__24_n_106
    DSP48_X3Y27          DSP48E1 (Prop_dsp48e1_PCIN[47]_PCOUT[47])
                                                      1.713    50.238 r  mlp_system_i/mlp_axi_wrapper_0/U0/mlp_inst/l2_sum0__25/PCOUT[47]
                         net (fo=1, routed)           0.002    50.240    mlp_system_i/mlp_axi_wrapper_0/U0/mlp_inst/l2_sum0__25_n_106
    DSP48_X3Y28          DSP48E1 (Prop_dsp48e1_PCIN[47]_PCOUT[47])
                                                      1.713    51.953 r  mlp_system_i/mlp_axi_wrapper_0/U0/mlp_inst/l2_sum0__26/PCOUT[47]
                         net (fo=1, routed)           0.002    51.955    mlp_system_i/mlp_axi_wrapper_0/U0/mlp_inst/l2_sum0__26_n_106
    DSP48_X3Y29          DSP48E1 (Prop_dsp48e1_PCIN[47]_PCOUT[47])
                                                      1.713    53.668 r  mlp_system_i/mlp_axi_wrapper_0/U0/mlp_inst/l2_sum0__27/PCOUT[47]
                         net (fo=1, routed)           0.056    53.724    mlp_system_i/mlp_axi_wrapper_0/U0/mlp_inst/l2_sum0__27_n_106
    DSP48_X3Y30          DSP48E1 (Prop_dsp48e1_PCIN[47]_PCOUT[47])
                                                      1.713    55.437 r  mlp_system_i/mlp_axi_wrapper_0/U0/mlp_inst/l2_sum0__28/PCOUT[47]
                         net (fo=1, routed)           0.002    55.439    mlp_system_i/mlp_axi_wrapper_0/U0/mlp_inst/l2_sum0__28_n_106
    DSP48_X3Y31          DSP48E1 (Prop_dsp48e1_PCIN[47]_PCOUT[47])
                                                      1.713    57.152 r  mlp_system_i/mlp_axi_wrapper_0/U0/mlp_inst/l2_sum0__29/PCOUT[47]
                         net (fo=1, routed)           0.002    57.154    mlp_system_i/mlp_axi_wrapper_0/U0/mlp_inst/l2_sum0__29_n_106
    DSP48_X3Y32          DSP48E1 (Prop_dsp48e1_PCIN[47]_PCOUT[47])
                                                      1.713    58.867 r  mlp_system_i/mlp_axi_wrapper_0/U0/mlp_inst/l2_sum0__30/PCOUT[47]
                         net (fo=1, routed)           0.002    58.869    mlp_system_i/mlp_axi_wrapper_0/U0/mlp_inst/l2_sum0__30_n_106
    DSP48_X3Y33          DSP48E1 (Prop_dsp48e1_PCIN[47]_PCOUT[47])
                                                      1.713    60.582 r  mlp_system_i/mlp_axi_wrapper_0/U0/mlp_inst/l2_sum0__31/PCOUT[47]
                         net (fo=1, routed)           0.002    60.584    mlp_system_i/mlp_axi_wrapper_0/U0/mlp_inst/l2_sum0__31_n_106
    DSP48_X3Y34          DSP48E1 (Prop_dsp48e1_PCIN[47]_PCOUT[47])
                                                      1.713    62.297 r  mlp_system_i/mlp_axi_wrapper_0/U0/mlp_inst/l2_sum0__32/PCOUT[47]
                         net (fo=1, routed)           0.002    62.299    mlp_system_i/mlp_axi_wrapper_0/U0/mlp_inst/l2_sum0__32_n_106
    DSP48_X3Y35          DSP48E1 (Prop_dsp48e1_PCIN[47]_PCOUT[47])
                                                      1.713    64.012 r  mlp_system_i/mlp_axi_wrapper_0/U0/mlp_inst/l2_sum0__33/PCOUT[47]
                         net (fo=1, routed)           0.002    64.014    mlp_system_i/mlp_axi_wrapper_0/U0/mlp_inst/l2_sum0__33_n_106
    DSP48_X3Y36          DSP48E1 (Prop_dsp48e1_PCIN[47]_PCOUT[47])
                                                      1.713    65.727 r  mlp_system_i/mlp_axi_wrapper_0/U0/mlp_inst/l2_sum0__34/PCOUT[47]
                         net (fo=1, routed)           0.002    65.729    mlp_system_i/mlp_axi_wrapper_0/U0/mlp_inst/l2_sum0__34_n_106
    DSP48_X3Y37          DSP48E1 (Prop_dsp48e1_PCIN[47]_PCOUT[47])
                                                      1.713    67.442 r  mlp_system_i/mlp_axi_wrapper_0/U0/mlp_inst/l2_sum0__35/PCOUT[47]
                         net (fo=1, routed)           0.002    67.444    mlp_system_i/mlp_axi_wrapper_0/U0/mlp_inst/l2_sum0__35_n_106
    DSP48_X3Y38          DSP48E1 (Prop_dsp48e1_PCIN[47]_PCOUT[47])
                                                      1.713    69.157 r  mlp_system_i/mlp_axi_wrapper_0/U0/mlp_inst/l2_sum0__36/PCOUT[47]
                         net (fo=1, routed)           0.002    69.159    mlp_system_i/mlp_axi_wrapper_0/U0/mlp_inst/l2_sum0__36_n_106
    DSP48_X3Y39          DSP48E1 (Prop_dsp48e1_PCIN[47]_PCOUT[47])
                                                      1.713    70.872 r  mlp_system_i/mlp_axi_wrapper_0/U0/mlp_inst/l2_sum0__37/PCOUT[47]
                         net (fo=1, routed)           0.002    70.874    mlp_system_i/mlp_axi_wrapper_0/U0/mlp_inst/l2_sum0__37_n_106
    DSP48_X3Y40          DSP48E1 (Prop_dsp48e1_PCIN[47]_PCOUT[47])
                                                      1.713    72.587 r  mlp_system_i/mlp_axi_wrapper_0/U0/mlp_inst/l2_sum0__38/PCOUT[47]
                         net (fo=1, routed)           0.002    72.589    mlp_system_i/mlp_axi_wrapper_0/U0/mlp_inst/l2_sum0__38_n_106
    DSP48_X3Y41          DSP48E1 (Prop_dsp48e1_PCIN[47]_PCOUT[47])
                                                      1.713    74.302 r  mlp_system_i/mlp_axi_wrapper_0/U0/mlp_inst/l2_sum0__39/PCOUT[47]
                         net (fo=1, routed)           0.002    74.304    mlp_system_i/mlp_axi_wrapper_0/U0/mlp_inst/l2_sum0__39_n_106
    DSP48_X3Y42          DSP48E1 (Prop_dsp48e1_PCIN[47]_PCOUT[47])
                                                      1.713    76.017 r  mlp_system_i/mlp_axi_wrapper_0/U0/mlp_inst/l2_sum0__40/PCOUT[47]
                         net (fo=1, routed)           0.002    76.019    mlp_system_i/mlp_axi_wrapper_0/U0/mlp_inst/l2_sum0__40_n_106
    DSP48_X3Y43          DSP48E1 (Prop_dsp48e1_PCIN[47]_PCOUT[47])
                                                      1.713    77.732 r  mlp_system_i/mlp_axi_wrapper_0/U0/mlp_inst/l2_sum0__41/PCOUT[47]
                         net (fo=1, routed)           0.002    77.734    mlp_system_i/mlp_axi_wrapper_0/U0/mlp_inst/l2_sum0__41_n_106
    DSP48_X3Y44          DSP48E1 (Prop_dsp48e1_PCIN[47]_PCOUT[47])
                                                      1.713    79.447 r  mlp_system_i/mlp_axi_wrapper_0/U0/mlp_inst/l2_sum0__42/PCOUT[47]
                         net (fo=1, routed)           0.002    79.449    mlp_system_i/mlp_axi_wrapper_0/U0/mlp_inst/l2_sum0__42_n_106
    DSP48_X3Y45          DSP48E1 (Prop_dsp48e1_PCIN[47]_PCOUT[47])
                                                      1.713    81.162 r  mlp_system_i/mlp_axi_wrapper_0/U0/mlp_inst/l2_sum0__43/PCOUT[47]
                         net (fo=1, routed)           0.002    81.164    mlp_system_i/mlp_axi_wrapper_0/U0/mlp_inst/l2_sum0__43_n_106
    DSP48_X3Y46          DSP48E1 (Prop_dsp48e1_PCIN[47]_PCOUT[47])
                                                      1.713    82.877 r  mlp_system_i/mlp_axi_wrapper_0/U0/mlp_inst/l2_sum0__44/PCOUT[47]
                         net (fo=1, routed)           0.002    82.879    mlp_system_i/mlp_axi_wrapper_0/U0/mlp_inst/l2_sum0__44_n_106
    DSP48_X3Y47          DSP48E1 (Prop_dsp48e1_PCIN[47]_PCOUT[47])
                                                      1.713    84.592 r  mlp_system_i/mlp_axi_wrapper_0/U0/mlp_inst/l2_sum0__45/PCOUT[47]
                         net (fo=1, routed)           0.002    84.594    mlp_system_i/mlp_axi_wrapper_0/U0/mlp_inst/l2_sum0__45_n_106
    DSP48_X3Y48          DSP48E1 (Prop_dsp48e1_PCIN[47]_PCOUT[47])
                                                      1.713    86.307 r  mlp_system_i/mlp_axi_wrapper_0/U0/mlp_inst/l2_sum0__46/PCOUT[47]
                         net (fo=1, routed)           0.002    86.309    mlp_system_i/mlp_axi_wrapper_0/U0/mlp_inst/l2_sum0__46_n_106
    DSP48_X3Y49          DSP48E1 (Prop_dsp48e1_PCIN[47]_PCOUT[47])
                                                      1.713    88.022 r  mlp_system_i/mlp_axi_wrapper_0/U0/mlp_inst/l2_sum0__47/PCOUT[47]
                         net (fo=1, routed)           0.056    88.078    mlp_system_i/mlp_axi_wrapper_0/U0/mlp_inst/l2_sum0__47_n_106
    DSP48_X3Y50          DSP48E1 (Prop_dsp48e1_PCIN[47]_PCOUT[47])
                                                      1.713    89.791 r  mlp_system_i/mlp_axi_wrapper_0/U0/mlp_inst/l2_sum0__48/PCOUT[47]
                         net (fo=1, routed)           0.002    89.793    mlp_system_i/mlp_axi_wrapper_0/U0/mlp_inst/l2_sum0__48_n_106
    DSP48_X3Y51          DSP48E1 (Prop_dsp48e1_PCIN[47]_PCOUT[47])
                                                      1.713    91.506 r  mlp_system_i/mlp_axi_wrapper_0/U0/mlp_inst/l2_sum0__49/PCOUT[47]
                         net (fo=1, routed)           0.002    91.508    mlp_system_i/mlp_axi_wrapper_0/U0/mlp_inst/l2_sum0__49_n_106
    DSP48_X3Y52          DSP48E1 (Prop_dsp48e1_PCIN[47]_PCOUT[47])
                                                      1.713    93.221 r  mlp_system_i/mlp_axi_wrapper_0/U0/mlp_inst/l2_sum0__50/PCOUT[47]
                         net (fo=1, routed)           0.002    93.223    mlp_system_i/mlp_axi_wrapper_0/U0/mlp_inst/l2_sum0__50_n_106
    DSP48_X3Y53          DSP48E1 (Prop_dsp48e1_PCIN[47]_PCOUT[47])
                                                      1.713    94.936 r  mlp_system_i/mlp_axi_wrapper_0/U0/mlp_inst/l2_sum0__51/PCOUT[47]
                         net (fo=1, routed)           0.002    94.938    mlp_system_i/mlp_axi_wrapper_0/U0/mlp_inst/l2_sum0__51_n_106
    DSP48_X3Y54          DSP48E1 (Prop_dsp48e1_PCIN[47]_PCOUT[47])
                                                      1.713    96.651 r  mlp_system_i/mlp_axi_wrapper_0/U0/mlp_inst/l2_sum0__52/PCOUT[47]
                         net (fo=1, routed)           0.002    96.653    mlp_system_i/mlp_axi_wrapper_0/U0/mlp_inst/l2_sum0__52_n_106
    DSP48_X3Y55          DSP48E1 (Prop_dsp48e1_PCIN[47]_PCOUT[47])
                                                      1.713    98.366 r  mlp_system_i/mlp_axi_wrapper_0/U0/mlp_inst/l2_sum0__53/PCOUT[47]
                         net (fo=1, routed)           0.002    98.368    mlp_system_i/mlp_axi_wrapper_0/U0/mlp_inst/l2_sum0__53_n_106
    DSP48_X3Y56          DSP48E1 (Prop_dsp48e1_PCIN[47]_PCOUT[47])
                                                      1.713   100.081 r  mlp_system_i/mlp_axi_wrapper_0/U0/mlp_inst/l2_sum0__54/PCOUT[47]
                         net (fo=1, routed)           0.002   100.083    mlp_system_i/mlp_axi_wrapper_0/U0/mlp_inst/l2_sum0__54_n_106
    DSP48_X3Y57          DSP48E1 (Prop_dsp48e1_PCIN[47]_PCOUT[47])
                                                      1.713   101.796 r  mlp_system_i/mlp_axi_wrapper_0/U0/mlp_inst/l2_sum0__55/PCOUT[47]
                         net (fo=1, routed)           0.002   101.798    mlp_system_i/mlp_axi_wrapper_0/U0/mlp_inst/l2_sum0__55_n_106
    DSP48_X3Y58          DSP48E1 (Prop_dsp48e1_PCIN[47]_PCOUT[47])
                                                      1.713   103.511 r  mlp_system_i/mlp_axi_wrapper_0/U0/mlp_inst/l2_sum0__56/PCOUT[47]
                         net (fo=1, routed)           0.002   103.513    mlp_system_i/mlp_axi_wrapper_0/U0/mlp_inst/l2_sum0__56_n_106
    DSP48_X3Y59          DSP48E1 (Prop_dsp48e1_PCIN[47]_P[2])
                                                      1.518   105.031 r  mlp_system_i/mlp_axi_wrapper_0/U0/mlp_inst/l2_sum0__57/P[2]
                         net (fo=1, routed)           2.118   107.149    mlp_system_i/mlp_axi_wrapper_0/U0/mlp_inst/I415[2]
    DSP48_X2Y56          DSP48E1 (Prop_dsp48e1_C[2]_PCOUT[47])
                                                      2.016   109.165 r  mlp_system_i/mlp_axi_wrapper_0/U0/mlp_inst/l2_sum0__58/PCOUT[47]
                         net (fo=1, routed)           0.002   109.167    mlp_system_i/mlp_axi_wrapper_0/U0/mlp_inst/l2_sum0__58_n_106
    DSP48_X2Y57          DSP48E1 (Prop_dsp48e1_PCIN[47]_PCOUT[47])
                                                      1.713   110.880 r  mlp_system_i/mlp_axi_wrapper_0/U0/mlp_inst/l2_sum0__59/PCOUT[47]
                         net (fo=1, routed)           0.002   110.882    mlp_system_i/mlp_axi_wrapper_0/U0/mlp_inst/l2_sum0__59_n_106
    DSP48_X2Y58          DSP48E1 (Prop_dsp48e1_PCIN[47]_PCOUT[47])
                                                      1.713   112.595 r  mlp_system_i/mlp_axi_wrapper_0/U0/mlp_inst/l2_sum0__60/PCOUT[47]
                         net (fo=1, routed)           0.002   112.597    mlp_system_i/mlp_axi_wrapper_0/U0/mlp_inst/l2_sum0__60_n_106
    DSP48_X2Y59          DSP48E1 (Prop_dsp48e1_PCIN[47]_P[8])
                                                      1.518   114.115 r  mlp_system_i/mlp_axi_wrapper_0/U0/mlp_inst/l2_sum0__61/P[8]
                         net (fo=1, routed)           0.895   115.010    mlp_system_i/mlp_axi_wrapper_0/U0/mlp_inst/l2_sum0__61_n_97
    SLICE_X35Y142        LUT2 (Prop_lut2_I1_O)        0.124   115.134 r  mlp_system_i/mlp_axi_wrapper_0/U0/mlp_inst/l2_sum[11]_i_5/O
                         net (fo=1, routed)           0.000   115.134    mlp_system_i/mlp_axi_wrapper_0/U0/mlp_inst/l2_sum[11]_i_5_n_0
    SLICE_X35Y142        CARRY4 (Prop_carry4_S[0]_CO[3])
                                                      0.532   115.666 r  mlp_system_i/mlp_axi_wrapper_0/U0/mlp_inst/l2_sum_reg[11]_i_1/CO[3]
                         net (fo=1, routed)           0.000   115.666    mlp_system_i/mlp_axi_wrapper_0/U0/mlp_inst/l2_sum_reg[11]_i_1_n_0
    SLICE_X35Y143        CARRY4 (Prop_carry4_CI_CO[3])
                                                      0.114   115.780 r  mlp_system_i/mlp_axi_wrapper_0/U0/mlp_inst/l2_sum_reg[15]_i_1/CO[3]
                         net (fo=1, routed)           0.000   115.780    mlp_system_i/mlp_axi_wrapper_0/U0/mlp_inst/l2_sum_reg[15]_i_1_n_0
    SLICE_X35Y144        CARRY4 (Prop_carry4_CI_CO[3])
                                                      0.114   115.894 r  mlp_system_i/mlp_axi_wrapper_0/U0/mlp_inst/l2_sum_reg[19]_i_1/CO[3]
                         net (fo=1, routed)           0.000   115.894    mlp_system_i/mlp_axi_wrapper_0/U0/mlp_inst/l2_sum_reg[19]_i_1_n_0
    SLICE_X35Y145        CARRY4 (Prop_carry4_CI_CO[3])
                                                      0.114   116.008 r  mlp_system_i/mlp_axi_wrapper_0/U0/mlp_inst/l2_sum_reg[23]_i_1/CO[3]
                         net (fo=1, routed)           0.000   116.008    mlp_system_i/mlp_axi_wrapper_0/U0/mlp_inst/l2_sum_reg[23]_i_1_n_0
    SLICE_X35Y146        CARRY4 (Prop_carry4_CI_CO[3])
                                                      0.114   116.122 r  mlp_system_i/mlp_axi_wrapper_0/U0/mlp_inst/l2_sum_reg[27]_i_1/CO[3]
                         net (fo=1, routed)           0.000   116.122    mlp_system_i/mlp_axi_wrapper_0/U0/mlp_inst/l2_sum_reg[27]_i_1_n_0
    SLICE_X35Y147        CARRY4 (Prop_carry4_CI_CO[3])
                                                      0.114   116.236 r  mlp_system_i/mlp_axi_wrapper_0/U0/mlp_inst/l2_sum_reg[31]_i_1/CO[3]
                         net (fo=1, routed)           0.000   116.236    mlp_system_i/mlp_axi_wrapper_0/U0/mlp_inst/l2_sum_reg[31]_i_1_n_0
    SLICE_X35Y148        CARRY4 (Prop_carry4_CI_O[2])
                                                      0.239   116.475 r  mlp_system_i/mlp_axi_wrapper_0/U0/mlp_inst/l2_sum_reg[35]_i_1/O[2]
                         net (fo=1, routed)           0.000   116.475    mlp_system_i/mlp_axi_wrapper_0/U0/mlp_inst/l2_sum0__62[34]
    SLICE_X35Y148        FDRE                                         r  mlp_system_i/mlp_axi_wrapper_0/U0/mlp_inst/l2_sum_reg[34]/D
  -------------------------------------------------------------------    -------------------

                         (clock clk_fpga_0 rise edge)
                                                     10.000    10.000 r  
    PS7_X0Y0             PS7                          0.000    10.000 r  mlp_system_i/processing_system7_0/inst/PS7_i/FCLKCLK[0]
                         net (fo=1, routed)           1.088    11.088    mlp_system_i/processing_system7_0/inst/FCLK_CLK_unbuffered[0]
    BUFGCTRL_X0Y16       BUFG (Prop_bufg_I_O)         0.091    11.179 r  mlp_system_i/processing_system7_0/inst/buffer_fclk_clk_0.FCLK_CLK_0_BUFG/O
                         net (fo=2400, routed)        1.655    12.834    mlp_system_i/mlp_axi_wrapper_0/U0/mlp_inst/S_AXI_ACLK
    SLICE_X35Y148        FDRE                                         r  mlp_system_i/mlp_axi_wrapper_0/U0/mlp_inst/l2_sum_reg[34]/C
                         clock pessimism              0.115    12.949    
                         clock uncertainty           -0.154    12.795    
    SLICE_X35Y148        FDRE (Setup_fdre_C_D)        0.062    12.857    mlp_system_i/mlp_axi_wrapper_0/U0/mlp_inst/l2_sum_reg[34]
  -------------------------------------------------------------------
                         required time                         12.857    
                         arrival time                        -116.475    
  -------------------------------------------------------------------
                         slack                               -103.618    

Slack (VIOLATED) :        -103.602ns  (required time - arrival time)
  Source:                 mlp_system_i/mlp_axi_wrapper_0/U0/mlp_inst/l2_sum0/CLK
                            (rising edge-triggered cell DSP48E1 clocked by clk_fpga_0  {rise@0.000ns fall@5.000ns period=10.000ns})
  Destination:            mlp_system_i/mlp_axi_wrapper_0/U0/mlp_inst/l2_sum_reg[32]/D
                            (rising edge-triggered cell FDRE clocked by clk_fpga_0  {rise@0.000ns fall@5.000ns period=10.000ns})
  Path Group:             clk_fpga_0
  Path Type:              Setup (Max at Slow Process Corner)
  Requirement:            10.000ns  (clk_fpga_0 rise@10.000ns - clk_fpga_0 rise@0.000ns)
  Data Path Delay:        113.276ns  (logic 109.979ns (97.090%)  route 3.297ns (2.910%))
  Logic Levels:           70  (CARRY4=7 DSP48E1=62 LUT2=1)
  Clock Path Skew:        -0.234ns (DCD - SCD + CPR)
    Destination Clock Delay (DCD):    2.834ns = ( 12.834 - 10.000 ) 
    Source Clock Delay      (SCD):    3.184ns
    Clock Pessimism Removal (CPR):    0.115ns
  Clock Uncertainty:      0.154ns  ((TSJ^2 + TIJ^2)^1/2 + DJ) / 2 + PE
    Total System Jitter     (TSJ):    0.071ns
    Total Input Jitter      (TIJ):    0.300ns
    Discrete Jitter          (DJ):    0.000ns
    Phase Error              (PE):    0.000ns

    Location             Delay type                Incr(ns)  Path(ns)    Netlist Resource(s)
  -------------------------------------------------------------------    -------------------
                         (clock clk_fpga_0 rise edge)
                                                      0.000     0.000 r  
    PS7_X0Y0             PS7                          0.000     0.000 r  mlp_system_i/processing_system7_0/inst/PS7_i/FCLKCLK[0]
                         net (fo=1, routed)           1.193     1.193    mlp_system_i/processing_system7_0/inst/FCLK_CLK_unbuffered[0]
    BUFGCTRL_X0Y16       BUFG (Prop_bufg_I_O)         0.101     1.294 r  mlp_system_i/processing_system7_0/inst/buffer_fclk_clk_0.FCLK_CLK_0_BUFG/O
                         net (fo=2400, routed)        1.890     3.184    mlp_system_i/mlp_axi_wrapper_0/U0/mlp_inst/S_AXI_ACLK
    DSP48_X3Y1           DSP48E1                                      r  mlp_system_i/mlp_axi_wrapper_0/U0/mlp_inst/l2_sum0/CLK
  -------------------------------------------------------------------    -------------------
    DSP48_X3Y1           DSP48E1 (Prop_dsp48e1_CLK_PCOUT[47])
                                                      2.411     5.595 r  mlp_system_i/mlp_axi_wrapper_0/U0/mlp_inst/l2_sum0/PCOUT[47]
                         net (fo=1, routed)           0.002     5.597    mlp_system_i/mlp_axi_wrapper_0/U0/mlp_inst/l2_sum0_n_106
    DSP48_X3Y2           DSP48E1 (Prop_dsp48e1_PCIN[47]_PCOUT[47])
                                                      1.713     7.310 r  mlp_system_i/mlp_axi_wrapper_0/U0/mlp_inst/l2_sum0__0/PCOUT[47]
                         net (fo=1, routed)           0.002     7.312    mlp_system_i/mlp_axi_wrapper_0/U0/mlp_inst/l2_sum0__0_n_106
    DSP48_X3Y3           DSP48E1 (Prop_dsp48e1_PCIN[47]_PCOUT[47])
                                                      1.713     9.025 r  mlp_system_i/mlp_axi_wrapper_0/U0/mlp_inst/l2_sum0__1/PCOUT[47]
                         net (fo=1, routed)           0.002     9.027    mlp_system_i/mlp_axi_wrapper_0/U0/mlp_inst/l2_sum0__1_n_106
    DSP48_X3Y4           DSP48E1 (Prop_dsp48e1_PCIN[47]_PCOUT[47])
                                                      1.713    10.740 r  mlp_system_i/mlp_axi_wrapper_0/U0/mlp_inst/l2_sum0__2/PCOUT[47]
                         net (fo=1, routed)           0.002    10.742    mlp_system_i/mlp_axi_wrapper_0/U0/mlp_inst/l2_sum0__2_n_106
    DSP48_X3Y5           DSP48E1 (Prop_dsp48e1_PCIN[47]_PCOUT[47])
                                                      1.713    12.455 r  mlp_system_i/mlp_axi_wrapper_0/U0/mlp_inst/l2_sum0__3/PCOUT[47]
                         net (fo=1, routed)           0.002    12.457    mlp_system_i/mlp_axi_wrapper_0/U0/mlp_inst/l2_sum0__3_n_106
    DSP48_X3Y6           DSP48E1 (Prop_dsp48e1_PCIN[47]_PCOUT[47])
                                                      1.713    14.170 r  mlp_system_i/mlp_axi_wrapper_0/U0/mlp_inst/l2_sum0__4/PCOUT[47]
                         net (fo=1, routed)           0.002    14.172    mlp_system_i/mlp_axi_wrapper_0/U0/mlp_inst/l2_sum0__4_n_106
    DSP48_X3Y7           DSP48E1 (Prop_dsp48e1_PCIN[47]_PCOUT[47])
                                                      1.713    15.885 r  mlp_system_i/mlp_axi_wrapper_0/U0/mlp_inst/l2_sum0__5/PCOUT[47]
                         net (fo=1, routed)           0.002    15.887    mlp_system_i/mlp_axi_wrapper_0/U0/mlp_inst/l2_sum0__5_n_106
    DSP48_X3Y8           DSP48E1 (Prop_dsp48e1_PCIN[47]_PCOUT[47])
                                                      1.713    17.600 r  mlp_system_i/mlp_axi_wrapper_0/U0/mlp_inst/l2_sum0__6/PCOUT[47]
                         net (fo=1, routed)           0.002    17.602    mlp_system_i/mlp_axi_wrapper_0/U0/mlp_inst/l2_sum0__6_n_106
    DSP48_X3Y9           DSP48E1 (Prop_dsp48e1_PCIN[47]_PCOUT[47])
                                                      1.713    19.315 r  mlp_system_i/mlp_axi_wrapper_0/U0/mlp_inst/l2_sum0__7/PCOUT[47]
                         net (fo=1, routed)           0.056    19.370    mlp_system_i/mlp_axi_wrapper_0/U0/mlp_inst/l2_sum0__7_n_106
    DSP48_X3Y10          DSP48E1 (Prop_dsp48e1_PCIN[47]_PCOUT[47])
                                                      1.713    21.083 r  mlp_system_i/mlp_axi_wrapper_0/U0/mlp_inst/l2_sum0__8/PCOUT[47]
                         net (fo=1, routed)           0.002    21.085    mlp_system_i/mlp_axi_wrapper_0/U0/mlp_inst/l2_sum0__8_n_106
    DSP48_X3Y11          DSP48E1 (Prop_dsp48e1_PCIN[47]_PCOUT[47])
                                                      1.713    22.798 r  mlp_system_i/mlp_axi_wrapper_0/U0/mlp_inst/l2_sum0__9/PCOUT[47]
                         net (fo=1, routed)           0.002    22.800    mlp_system_i/mlp_axi_wrapper_0/U0/mlp_inst/l2_sum0__9_n_106
    DSP48_X3Y12          DSP48E1 (Prop_dsp48e1_PCIN[47]_PCOUT[47])
                                                      1.713    24.513 r  mlp_system_i/mlp_axi_wrapper_0/U0/mlp_inst/l2_sum0__10/PCOUT[47]
                         net (fo=1, routed)           0.002    24.515    mlp_system_i/mlp_axi_wrapper_0/U0/mlp_inst/l2_sum0__10_n_106
    DSP48_X3Y13          DSP48E1 (Prop_dsp48e1_PCIN[47]_PCOUT[47])
                                                      1.713    26.228 r  mlp_system_i/mlp_axi_wrapper_0/U0/mlp_inst/l2_sum0__11/PCOUT[47]
                         net (fo=1, routed)           0.002    26.230    mlp_system_i/mlp_axi_wrapper_0/U0/mlp_inst/l2_sum0__11_n_106
    DSP48_X3Y14          DSP48E1 (Prop_dsp48e1_PCIN[47]_PCOUT[47])
                                                      1.713    27.943 r  mlp_system_i/mlp_axi_wrapper_0/U0/mlp_inst/l2_sum0__12/PCOUT[47]
                         net (fo=1, routed)           0.002    27.945    mlp_system_i/mlp_axi_wrapper_0/U0/mlp_inst/l2_sum0__12_n_106
    DSP48_X3Y15          DSP48E1 (Prop_dsp48e1_PCIN[47]_PCOUT[47])
                                                      1.713    29.658 r  mlp_system_i/mlp_axi_wrapper_0/U0/mlp_inst/l2_sum0__13/PCOUT[47]
                         net (fo=1, routed)           0.002    29.660    mlp_system_i/mlp_axi_wrapper_0/U0/mlp_inst/l2_sum0__13_n_106
    DSP48_X3Y16          DSP48E1 (Prop_dsp48e1_PCIN[47]_PCOUT[47])
                                                      1.713    31.373 r  mlp_system_i/mlp_axi_wrapper_0/U0/mlp_inst/l2_sum0__14/PCOUT[47]
                         net (fo=1, routed)           0.002    31.375    mlp_system_i/mlp_axi_wrapper_0/U0/mlp_inst/l2_sum0__14_n_106
    DSP48_X3Y17          DSP48E1 (Prop_dsp48e1_PCIN[47]_PCOUT[47])
                                                      1.713    33.088 r  mlp_system_i/mlp_axi_wrapper_0/U0/mlp_inst/l2_sum0__15/PCOUT[47]
                         net (fo=1, routed)           0.002    33.090    mlp_system_i/mlp_axi_wrapper_0/U0/mlp_inst/l2_sum0__15_n_106
    DSP48_X3Y18          DSP48E1 (Prop_dsp48e1_PCIN[47]_PCOUT[47])
                                                      1.713    34.803 r  mlp_system_i/mlp_axi_wrapper_0/U0/mlp_inst/l2_sum0__16/PCOUT[47]
                         net (fo=1, routed)           0.002    34.805    mlp_system_i/mlp_axi_wrapper_0/U0/mlp_inst/l2_sum0__16_n_106
    DSP48_X3Y19          DSP48E1 (Prop_dsp48e1_PCIN[47]_PCOUT[47])
                                                      1.713    36.518 r  mlp_system_i/mlp_axi_wrapper_0/U0/mlp_inst/l2_sum0__17/PCOUT[47]
                         net (fo=1, routed)           0.002    36.520    mlp_system_i/mlp_axi_wrapper_0/U0/mlp_inst/l2_sum0__17_n_106
    DSP48_X3Y20          DSP48E1 (Prop_dsp48e1_PCIN[47]_PCOUT[47])
                                                      1.713    38.233 r  mlp_system_i/mlp_axi_wrapper_0/U0/mlp_inst/l2_sum0__18/PCOUT[47]
                         net (fo=1, routed)           0.002    38.235    mlp_system_i/mlp_axi_wrapper_0/U0/mlp_inst/l2_sum0__18_n_106
    DSP48_X3Y21          DSP48E1 (Prop_dsp48e1_PCIN[47]_PCOUT[47])
                                                      1.713    39.948 r  mlp_system_i/mlp_axi_wrapper_0/U0/mlp_inst/l2_sum0__19/PCOUT[47]
                         net (fo=1, routed)           0.002    39.950    mlp_system_i/mlp_axi_wrapper_0/U0/mlp_inst/l2_sum0__19_n_106
    DSP48_X3Y22          DSP48E1 (Prop_dsp48e1_PCIN[47]_PCOUT[47])
                                                      1.713    41.663 r  mlp_system_i/mlp_axi_wrapper_0/U0/mlp_inst/l2_sum0__20/PCOUT[47]
                         net (fo=1, routed)           0.002    41.665    mlp_system_i/mlp_axi_wrapper_0/U0/mlp_inst/l2_sum0__20_n_106
    DSP48_X3Y23          DSP48E1 (Prop_dsp48e1_PCIN[47]_PCOUT[47])
                                                      1.713    43.378 r  mlp_system_i/mlp_axi_wrapper_0/U0/mlp_inst/l2_sum0__21/PCOUT[47]
                         net (fo=1, routed)           0.002    43.380    mlp_system_i/mlp_axi_wrapper_0/U0/mlp_inst/l2_sum0__21_n_106
    DSP48_X3Y24          DSP48E1 (Prop_dsp48e1_PCIN[47]_PCOUT[47])
                                                      1.713    45.093 r  mlp_system_i/mlp_axi_wrapper_0/U0/mlp_inst/l2_sum0__22/PCOUT[47]
                         net (fo=1, routed)           0.002    45.095    mlp_system_i/mlp_axi_wrapper_0/U0/mlp_inst/l2_sum0__22_n_106
    DSP48_X3Y25          DSP48E1 (Prop_dsp48e1_PCIN[47]_PCOUT[47])
                                                      1.713    46.808 r  mlp_system_i/mlp_axi_wrapper_0/U0/mlp_inst/l2_sum0__23/PCOUT[47]
                         net (fo=1, routed)           0.002    46.810    mlp_system_i/mlp_axi_wrapper_0/U0/mlp_inst/l2_sum0__23_n_106
    DSP48_X3Y26          DSP48E1 (Prop_dsp48e1_PCIN[47]_PCOUT[47])
                                                      1.713    48.523 r  mlp_system_i/mlp_axi_wrapper_0/U0/mlp_inst/l2_sum0__24/PCOUT[47]
                         net (fo=1, routed)           0.002    48.525    mlp_system_i/mlp_axi_wrapper_0/U0/mlp_inst/l2_sum0__24_n_106
    DSP48_X3Y27          DSP48E1 (Prop_dsp48e1_PCIN[47]_PCOUT[47])
                                                      1.713    50.238 r  mlp_system_i/mlp_axi_wrapper_0/U0/mlp_inst/l2_sum0__25/PCOUT[47]
                         net (fo=1, routed)           0.002    50.240    mlp_system_i/mlp_axi_wrapper_0/U0/mlp_inst/l2_sum0__25_n_106
    DSP48_X3Y28          DSP48E1 (Prop_dsp48e1_PCIN[47]_PCOUT[47])
                                                      1.713    51.953 r  mlp_system_i/mlp_axi_wrapper_0/U0/mlp_inst/l2_sum0__26/PCOUT[47]
                         net (fo=1, routed)           0.002    51.955    mlp_system_i/mlp_axi_wrapper_0/U0/mlp_inst/l2_sum0__26_n_106
    DSP48_X3Y29          DSP48E1 (Prop_dsp48e1_PCIN[47]_PCOUT[47])
                                                      1.713    53.668 r  mlp_system_i/mlp_axi_wrapper_0/U0/mlp_inst/l2_sum0__27/PCOUT[47]
                         net (fo=1, routed)           0.056    53.724    mlp_system_i/mlp_axi_wrapper_0/U0/mlp_inst/l2_sum0__27_n_106
    DSP48_X3Y30          DSP48E1 (Prop_dsp48e1_PCIN[47]_PCOUT[47])
                                                      1.713    55.437 r  mlp_system_i/mlp_axi_wrapper_0/U0/mlp_inst/l2_sum0__28/PCOUT[47]
                         net (fo=1, routed)           0.002    55.439    mlp_system_i/mlp_axi_wrapper_0/U0/mlp_inst/l2_sum0__28_n_106
    DSP48_X3Y31          DSP48E1 (Prop_dsp48e1_PCIN[47]_PCOUT[47])
                                                      1.713    57.152 r  mlp_system_i/mlp_axi_wrapper_0/U0/mlp_inst/l2_sum0__29/PCOUT[47]
                         net (fo=1, routed)           0.002    57.154    mlp_system_i/mlp_axi_wrapper_0/U0/mlp_inst/l2_sum0__29_n_106
    DSP48_X3Y32          DSP48E1 (Prop_dsp48e1_PCIN[47]_PCOUT[47])
                                                      1.713    58.867 r  mlp_system_i/mlp_axi_wrapper_0/U0/mlp_inst/l2_sum0__30/PCOUT[47]
                         net (fo=1, routed)           0.002    58.869    mlp_system_i/mlp_axi_wrapper_0/U0/mlp_inst/l2_sum0__30_n_106
    DSP48_X3Y33          DSP48E1 (Prop_dsp48e1_PCIN[47]_PCOUT[47])
                                                      1.713    60.582 r  mlp_system_i/mlp_axi_wrapper_0/U0/mlp_inst/l2_sum0__31/PCOUT[47]
                         net (fo=1, routed)           0.002    60.584    mlp_system_i/mlp_axi_wrapper_0/U0/mlp_inst/l2_sum0__31_n_106
    DSP48_X3Y34          DSP48E1 (Prop_dsp48e1_PCIN[47]_PCOUT[47])
                                                      1.713    62.297 r  mlp_system_i/mlp_axi_wrapper_0/U0/mlp_inst/l2_sum0__32/PCOUT[47]
                         net (fo=1, routed)           0.002    62.299    mlp_system_i/mlp_axi_wrapper_0/U0/mlp_inst/l2_sum0__32_n_106
    DSP48_X3Y35          DSP48E1 (Prop_dsp48e1_PCIN[47]_PCOUT[47])
                                                      1.713    64.012 r  mlp_system_i/mlp_axi_wrapper_0/U0/mlp_inst/l2_sum0__33/PCOUT[47]
                         net (fo=1, routed)           0.002    64.014    mlp_system_i/mlp_axi_wrapper_0/U0/mlp_inst/l2_sum0__33_n_106
    DSP48_X3Y36          DSP48E1 (Prop_dsp48e1_PCIN[47]_PCOUT[47])
                                                      1.713    65.727 r  mlp_system_i/mlp_axi_wrapper_0/U0/mlp_inst/l2_sum0__34/PCOUT[47]
                         net (fo=1, routed)           0.002    65.729    mlp_system_i/mlp_axi_wrapper_0/U0/mlp_inst/l2_sum0__34_n_106
    DSP48_X3Y37          DSP48E1 (Prop_dsp48e1_PCIN[47]_PCOUT[47])
                                                      1.713    67.442 r  mlp_system_i/mlp_axi_wrapper_0/U0/mlp_inst/l2_sum0__35/PCOUT[47]
                         net (fo=1, routed)           0.002    67.444    mlp_system_i/mlp_axi_wrapper_0/U0/mlp_inst/l2_sum0__35_n_106
    DSP48_X3Y38          DSP48E1 (Prop_dsp48e1_PCIN[47]_PCOUT[47])
                                                      1.713    69.157 r  mlp_system_i/mlp_axi_wrapper_0/U0/mlp_inst/l2_sum0__36/PCOUT[47]
                         net (fo=1, routed)           0.002    69.159    mlp_system_i/mlp_axi_wrapper_0/U0/mlp_inst/l2_sum0__36_n_106
    DSP48_X3Y39          DSP48E1 (Prop_dsp48e1_PCIN[47]_PCOUT[47])
                                                      1.713    70.872 r  mlp_system_i/mlp_axi_wrapper_0/U0/mlp_inst/l2_sum0__37/PCOUT[47]
                         net (fo=1, routed)           0.002    70.874    mlp_system_i/mlp_axi_wrapper_0/U0/mlp_inst/l2_sum0__37_n_106
    DSP48_X3Y40          DSP48E1 (Prop_dsp48e1_PCIN[47]_PCOUT[47])
                                                      1.713    72.587 r  mlp_system_i/mlp_axi_wrapper_0/U0/mlp_inst/l2_sum0__38/PCOUT[47]
                         net (fo=1, routed)           0.002    72.589    mlp_system_i/mlp_axi_wrapper_0/U0/mlp_inst/l2_sum0__38_n_106
    DSP48_X3Y41          DSP48E1 (Prop_dsp48e1_PCIN[47]_PCOUT[47])
                                                      1.713    74.302 r  mlp_system_i/mlp_axi_wrapper_0/U0/mlp_inst/l2_sum0__39/PCOUT[47]
                         net (fo=1, routed)           0.002    74.304    mlp_system_i/mlp_axi_wrapper_0/U0/mlp_inst/l2_sum0__39_n_106
    DSP48_X3Y42          DSP48E1 (Prop_dsp48e1_PCIN[47]_PCOUT[47])
                                                      1.713    76.017 r  mlp_system_i/mlp_axi_wrapper_0/U0/mlp_inst/l2_sum0__40/PCOUT[47]
                         net (fo=1, routed)           0.002    76.019    mlp_system_i/mlp_axi_wrapper_0/U0/mlp_inst/l2_sum0__40_n_106
    DSP48_X3Y43          DSP48E1 (Prop_dsp48e1_PCIN[47]_PCOUT[47])
                                                      1.713    77.732 r  mlp_system_i/mlp_axi_wrapper_0/U0/mlp_inst/l2_sum0__41/PCOUT[47]
                         net (fo=1, routed)           0.002    77.734    mlp_system_i/mlp_axi_wrapper_0/U0/mlp_inst/l2_sum0__41_n_106
    DSP48_X3Y44          DSP48E1 (Prop_dsp48e1_PCIN[47]_PCOUT[47])
                                                      1.713    79.447 r  mlp_system_i/mlp_axi_wrapper_0/U0/mlp_inst/l2_sum0__42/PCOUT[47]
                         net (fo=1, routed)           0.002    79.449    mlp_system_i/mlp_axi_wrapper_0/U0/mlp_inst/l2_sum0__42_n_106
    DSP48_X3Y45          DSP48E1 (Prop_dsp48e1_PCIN[47]_PCOUT[47])
                                                      1.713    81.162 r  mlp_system_i/mlp_axi_wrapper_0/U0/mlp_inst/l2_sum0__43/PCOUT[47]
                         net (fo=1, routed)           0.002    81.164    mlp_system_i/mlp_axi_wrapper_0/U0/mlp_inst/l2_sum0__43_n_106
    DSP48_X3Y46          DSP48E1 (Prop_dsp48e1_PCIN[47]_PCOUT[47])
                                                      1.713    82.877 r  mlp_system_i/mlp_axi_wrapper_0/U0/mlp_inst/l2_sum0__44/PCOUT[47]
                         net (fo=1, routed)           0.002    82.879    mlp_system_i/mlp_axi_wrapper_0/U0/mlp_inst/l2_sum0__44_n_106
    DSP48_X3Y47          DSP48E1 (Prop_dsp48e1_PCIN[47]_PCOUT[47])
                                                      1.713    84.592 r  mlp_system_i/mlp_axi_wrapper_0/U0/mlp_inst/l2_sum0__45/PCOUT[47]
                         net (fo=1, routed)           0.002    84.594    mlp_system_i/mlp_axi_wrapper_0/U0/mlp_inst/l2_sum0__45_n_106
    DSP48_X3Y48          DSP48E1 (Prop_dsp48e1_PCIN[47]_PCOUT[47])
                                                      1.713    86.307 r  mlp_system_i/mlp_axi_wrapper_0/U0/mlp_inst/l2_sum0__46/PCOUT[47]
                         net (fo=1, routed)           0.002    86.309    mlp_system_i/mlp_axi_wrapper_0/U0/mlp_inst/l2_sum0__46_n_106
    DSP48_X3Y49          DSP48E1 (Prop_dsp48e1_PCIN[47]_PCOUT[47])
                                                      1.713    88.022 r  mlp_system_i/mlp_axi_wrapper_0/U0/mlp_inst/l2_sum0__47/PCOUT[47]
                         net (fo=1, routed)           0.056    88.078    mlp_system_i/mlp_axi_wrapper_0/U0/mlp_inst/l2_sum0__47_n_106
    DSP48_X3Y50          DSP48E1 (Prop_dsp48e1_PCIN[47]_PCOUT[47])
                                                      1.713    89.791 r  mlp_system_i/mlp_axi_wrapper_0/U0/mlp_inst/l2_sum0__48/PCOUT[47]
                         net (fo=1, routed)           0.002    89.793    mlp_system_i/mlp_axi_wrapper_0/U0/mlp_inst/l2_sum0__48_n_106
    DSP48_X3Y51          DSP48E1 (Prop_dsp48e1_PCIN[47]_PCOUT[47])
                                                      1.713    91.506 r  mlp_system_i/mlp_axi_wrapper_0/U0/mlp_inst/l2_sum0__49/PCOUT[47]
                         net (fo=1, routed)           0.002    91.508    mlp_system_i/mlp_axi_wrapper_0/U0/mlp_inst/l2_sum0__49_n_106
    DSP48_X3Y52          DSP48E1 (Prop_dsp48e1_PCIN[47]_PCOUT[47])
                                                      1.713    93.221 r  mlp_system_i/mlp_axi_wrapper_0/U0/mlp_inst/l2_sum0__50/PCOUT[47]
                         net (fo=1, routed)           0.002    93.223    mlp_system_i/mlp_axi_wrapper_0/U0/mlp_inst/l2_sum0__50_n_106
    DSP48_X3Y53          DSP48E1 (Prop_dsp48e1_PCIN[47]_PCOUT[47])
                                                      1.713    94.936 r  mlp_system_i/mlp_axi_wrapper_0/U0/mlp_inst/l2_sum0__51/PCOUT[47]
                         net (fo=1, routed)           0.002    94.938    mlp_system_i/mlp_axi_wrapper_0/U0/mlp_inst/l2_sum0__51_n_106
    DSP48_X3Y54          DSP48E1 (Prop_dsp48e1_PCIN[47]_PCOUT[47])
                                                      1.713    96.651 r  mlp_system_i/mlp_axi_wrapper_0/U0/mlp_inst/l2_sum0__52/PCOUT[47]
                         net (fo=1, routed)           0.002    96.653    mlp_system_i/mlp_axi_wrapper_0/U0/mlp_inst/l2_sum0__52_n_106
    DSP48_X3Y55          DSP48E1 (Prop_dsp48e1_PCIN[47]_PCOUT[47])
                                                      1.713    98.366 r  mlp_system_i/mlp_axi_wrapper_0/U0/mlp_inst/l2_sum0__53/PCOUT[47]
                         net (fo=1, routed)           0.002    98.368    mlp_system_i/mlp_axi_wrapper_0/U0/mlp_inst/l2_sum0__53_n_106
    DSP48_X3Y56          DSP48E1 (Prop_dsp48e1_PCIN[47]_PCOUT[47])
                                                      1.713   100.081 r  mlp_system_i/mlp_axi_wrapper_0/U0/mlp_inst/l2_sum0__54/PCOUT[47]
                         net (fo=1, routed)           0.002   100.083    mlp_system_i/mlp_axi_wrapper_0/U0/mlp_inst/l2_sum0__54_n_106
    DSP48_X3Y57          DSP48E1 (Prop_dsp48e1_PCIN[47]_PCOUT[47])
                                                      1.713   101.796 r  mlp_system_i/mlp_axi_wrapper_0/U0/mlp_inst/l2_sum0__55/PCOUT[47]
                         net (fo=1, routed)           0.002   101.798    mlp_system_i/mlp_axi_wrapper_0/U0/mlp_inst/l2_sum0__55_n_106
    DSP48_X3Y58          DSP48E1 (Prop_dsp48e1_PCIN[47]_PCOUT[47])
                                                      1.713   103.511 r  mlp_system_i/mlp_axi_wrapper_0/U0/mlp_inst/l2_sum0__56/PCOUT[47]
                         net (fo=1, routed)           0.002   103.513    mlp_system_i/mlp_axi_wrapper_0/U0/mlp_inst/l2_sum0__56_n_106
    DSP48_X3Y59          DSP48E1 (Prop_dsp48e1_PCIN[47]_P[2])
                                                      1.518   105.031 r  mlp_system_i/mlp_axi_wrapper_0/U0/mlp_inst/l2_sum0__57/P[2]
                         net (fo=1, routed)           2.118   107.149    mlp_system_i/mlp_axi_wrapper_0/U0/mlp_inst/I415[2]
    DSP48_X2Y56          DSP48E1 (Prop_dsp48e1_C[2]_PCOUT[47])
                                                      2.016   109.165 r  mlp_system_i/mlp_axi_wrapper_0/U0/mlp_inst/l2_sum0__58/PCOUT[47]
                         net (fo=1, routed)           0.002   109.167    mlp_system_i/mlp_axi_wrapper_0/U0/mlp_inst/l2_sum0__58_n_106
    DSP48_X2Y57          DSP48E1 (Prop_dsp48e1_PCIN[47]_PCOUT[47])
                                                      1.713   110.880 r  mlp_system_i/mlp_axi_wrapper_0/U0/mlp_inst/l2_sum0__59/PCOUT[47]
                         net (fo=1, routed)           0.002   110.882    mlp_system_i/mlp_axi_wrapper_0/U0/mlp_inst/l2_sum0__59_n_106
    DSP48_X2Y58          DSP48E1 (Prop_dsp48e1_PCIN[47]_PCOUT[47])
                                                      1.713   112.595 r  mlp_system_i/mlp_axi_wrapper_0/U0/mlp_inst/l2_sum0__60/PCOUT[47]
                         net (fo=1, routed)           0.002   112.597    mlp_system_i/mlp_axi_wrapper_0/U0/mlp_inst/l2_sum0__60_n_106
    DSP48_X2Y59          DSP48E1 (Prop_dsp48e1_PCIN[47]_P[8])
                                                      1.518   114.115 r  mlp_system_i/mlp_axi_wrapper_0/U0/mlp_inst/l2_sum0__61/P[8]
                         net (fo=1, routed)           0.895   115.010    mlp_system_i/mlp_axi_wrapper_0/U0/mlp_inst/l2_sum0__61_n_97
    SLICE_X35Y142        LUT2 (Prop_lut2_I1_O)        0.124   115.134 r  mlp_system_i/mlp_axi_wrapper_0/U0/mlp_inst/l2_sum[11]_i_5/O
                         net (fo=1, routed)           0.000   115.134    mlp_system_i/mlp_axi_wrapper_0/U0/mlp_inst/l2_sum[11]_i_5_n_0
    SLICE_X35Y142        CARRY4 (Prop_carry4_S[0]_CO[3])
                                                      0.532   115.666 r  mlp_system_i/mlp_axi_wrapper_0/U0/mlp_inst/l2_sum_reg[11]_i_1/CO[3]
                         net (fo=1, routed)           0.000   115.666    mlp_system_i/mlp_axi_wrapper_0/U0/mlp_inst/l2_sum_reg[11]_i_1_n_0
    SLICE_X35Y143        CARRY4 (Prop_carry4_CI_CO[3])
                                                      0.114   115.780 r  mlp_system_i/mlp_axi_wrapper_0/U0/mlp_inst/l2_sum_reg[15]_i_1/CO[3]
                         net (fo=1, routed)           0.000   115.780    mlp_system_i/mlp_axi_wrapper_0/U0/mlp_inst/l2_sum_reg[15]_i_1_n_0
    SLICE_X35Y144        CARRY4 (Prop_carry4_CI_CO[3])
                                                      0.114   115.894 r  mlp_system_i/mlp_axi_wrapper_0/U0/mlp_inst/l2_sum_reg[19]_i_1/CO[3]
                         net (fo=1, routed)           0.000   115.894    mlp_system_i/mlp_axi_wrapper_0/U0/mlp_inst/l2_sum_reg[19]_i_1_n_0
    SLICE_X35Y145        CARRY4 (Prop_carry4_CI_CO[3])
                                                      0.114   116.008 r  mlp_system_i/mlp_axi_wrapper_0/U0/mlp_inst/l2_sum_reg[23]_i_1/CO[3]
                         net (fo=1, routed)           0.000   116.008    mlp_system_i/mlp_axi_wrapper_0/U0/mlp_inst/l2_sum_reg[23]_i_1_n_0
    SLICE_X35Y146        CARRY4 (Prop_carry4_CI_CO[3])
                                                      0.114   116.122 r  mlp_system_i/mlp_axi_wrapper_0/U0/mlp_inst/l2_sum_reg[27]_i_1/CO[3]
                         net (fo=1, routed)           0.000   116.122    mlp_system_i/mlp_axi_wrapper_0/U0/mlp_inst/l2_sum_reg[27]_i_1_n_0
    SLICE_X35Y147        CARRY4 (Prop_carry4_CI_CO[3])
                                                      0.114   116.236 r  mlp_system_i/mlp_axi_wrapper_0/U0/mlp_inst/l2_sum_reg[31]_i_1/CO[3]
                         net (fo=1, routed)           0.000   116.236    mlp_system_i/mlp_axi_wrapper_0/U0/mlp_inst/l2_sum_reg[31]_i_1_n_0
    SLICE_X35Y148        CARRY4 (Prop_carry4_CI_O[0])
                                                      0.223   116.459 r  mlp_system_i/mlp_axi_wrapper_0/U0/mlp_inst/l2_sum_reg[35]_i_1/O[0]
                         net (fo=1, routed)           0.000   116.459    mlp_system_i/mlp_axi_wrapper_0/U0/mlp_inst/l2_sum0__62[32]
    SLICE_X35Y148        FDRE                                         r  mlp_system_i/mlp_axi_wrapper_0/U0/mlp_inst/l2_sum_reg[32]/D
  -------------------------------------------------------------------    -------------------

                         (clock clk_fpga_0 rise edge)
                                                     10.000    10.000 r  
    PS7_X0Y0             PS7                          0.000    10.000 r  mlp_system_i/processing_system7_0/inst/PS7_i/FCLKCLK[0]
                         net (fo=1, routed)           1.088    11.088    mlp_system_i/processing_system7_0/inst/FCLK_CLK_unbuffered[0]
    BUFGCTRL_X0Y16       BUFG (Prop_bufg_I_O)         0.091    11.179 r  mlp_system_i/processing_system7_0/inst/buffer_fclk_clk_0.FCLK_CLK_0_BUFG/O
                         net (fo=2400, routed)        1.655    12.834    mlp_system_i/mlp_axi_wrapper_0/U0/mlp_inst/S_AXI_ACLK
    SLICE_X35Y148        FDRE                                         r  mlp_system_i/mlp_axi_wrapper_0/U0/mlp_inst/l2_sum_reg[32]/C
                         clock pessimism              0.115    12.949    
                         clock uncertainty           -0.154    12.795    
    SLICE_X35Y148        FDRE (Setup_fdre_C_D)        0.062    12.857    mlp_system_i/mlp_axi_wrapper_0/U0/mlp_inst/l2_sum_reg[32]
  -------------------------------------------------------------------
                         required time                         12.857    
                         arrival time                        -116.459    
  -------------------------------------------------------------------
                         slack                               -103.602    

Slack (VIOLATED) :        -103.599ns  (required time - arrival time)
  Source:                 mlp_system_i/mlp_axi_wrapper_0/U0/mlp_inst/l2_sum0/CLK
                            (rising edge-triggered cell DSP48E1 clocked by clk_fpga_0  {rise@0.000ns fall@5.000ns period=10.000ns})
  Destination:            mlp_system_i/mlp_axi_wrapper_0/U0/mlp_inst/l2_sum_reg[29]/D
                            (rising edge-triggered cell FDRE clocked by clk_fpga_0  {rise@0.000ns fall@5.000ns period=10.000ns})
  Path Group:             clk_fpga_0
  Path Type:              Setup (Max at Slow Process Corner)
  Requirement:            10.000ns  (clk_fpga_0 rise@10.000ns - clk_fpga_0 rise@0.000ns)
  Data Path Delay:        113.273ns  (logic 109.976ns (97.090%)  route 3.297ns (2.910%))
  Logic Levels:           69  (CARRY4=6 DSP48E1=62 LUT2=1)
  Clock Path Skew:        -0.234ns (DCD - SCD + CPR)
    Destination Clock Delay (DCD):    2.834ns = ( 12.834 - 10.000 ) 
    Source Clock Delay      (SCD):    3.184ns
    Clock Pessimism Removal (CPR):    0.115ns
  Clock Uncertainty:      0.154ns  ((TSJ^2 + TIJ^2)^1/2 + DJ) / 2 + PE
    Total System Jitter     (TSJ):    0.071ns
    Total Input Jitter      (TIJ):    0.300ns
    Discrete Jitter          (DJ):    0.000ns
    Phase Error              (PE):    0.000ns

    Location             Delay type                Incr(ns)  Path(ns)    Netlist Resource(s)
  -------------------------------------------------------------------    -------------------
                         (clock clk_fpga_0 rise edge)
                                                      0.000     0.000 r  
    PS7_X0Y0             PS7                          0.000     0.000 r  mlp_system_i/processing_system7_0/inst/PS7_i/FCLKCLK[0]
                         net (fo=1, routed)           1.193     1.193    mlp_system_i/processing_system7_0/inst/FCLK_CLK_unbuffered[0]
    BUFGCTRL_X0Y16       BUFG (Prop_bufg_I_O)         0.101     1.294 r  mlp_system_i/processing_system7_0/inst/buffer_fclk_clk_0.FCLK_CLK_0_BUFG/O
                         net (fo=2400, routed)        1.890     3.184    mlp_system_i/mlp_axi_wrapper_0/U0/mlp_inst/S_AXI_ACLK
    DSP48_X3Y1           DSP48E1                                      r  mlp_system_i/mlp_axi_wrapper_0/U0/mlp_inst/l2_sum0/CLK
  -------------------------------------------------------------------    -------------------
    DSP48_X3Y1           DSP48E1 (Prop_dsp48e1_CLK_PCOUT[47])
                                                      2.411     5.595 r  mlp_system_i/mlp_axi_wrapper_0/U0/mlp_inst/l2_sum0/PCOUT[47]
                         net (fo=1, routed)           0.002     5.597    mlp_system_i/mlp_axi_wrapper_0/U0/mlp_inst/l2_sum0_n_106
    DSP48_X3Y2           DSP48E1 (Prop_dsp48e1_PCIN[47]_PCOUT[47])
                                                      1.713     7.310 r  mlp_system_i/mlp_axi_wrapper_0/U0/mlp_inst/l2_sum0__0/PCOUT[47]
                         net (fo=1, routed)           0.002     7.312    mlp_system_i/mlp_axi_wrapper_0/U0/mlp_inst/l2_sum0__0_n_106
    DSP48_X3Y3           DSP48E1 (Prop_dsp48e1_PCIN[47]_PCOUT[47])
                                                      1.713     9.025 r  mlp_system_i/mlp_axi_wrapper_0/U0/mlp_inst/l2_sum0__1/PCOUT[47]
                         net (fo=1, routed)           0.002     9.027    mlp_system_i/mlp_axi_wrapper_0/U0/mlp_inst/l2_sum0__1_n_106
    DSP48_X3Y4           DSP48E1 (Prop_dsp48e1_PCIN[47]_PCOUT[47])
                                                      1.713    10.740 r  mlp_system_i/mlp_axi_wrapper_0/U0/mlp_inst/l2_sum0__2/PCOUT[47]
                         net (fo=1, routed)           0.002    10.742    mlp_system_i/mlp_axi_wrapper_0/U0/mlp_inst/l2_sum0__2_n_106
    DSP48_X3Y5           DSP48E1 (Prop_dsp48e1_PCIN[47]_PCOUT[47])
                                                      1.713    12.455 r  mlp_system_i/mlp_axi_wrapper_0/U0/mlp_inst/l2_sum0__3/PCOUT[47]
                         net (fo=1, routed)           0.002    12.457    mlp_system_i/mlp_axi_wrapper_0/U0/mlp_inst/l2_sum0__3_n_106
    DSP48_X3Y6           DSP48E1 (Prop_dsp48e1_PCIN[47]_PCOUT[47])
                                                      1.713    14.170 r  mlp_system_i/mlp_axi_wrapper_0/U0/mlp_inst/l2_sum0__4/PCOUT[47]
                         net (fo=1, routed)           0.002    14.172    mlp_system_i/mlp_axi_wrapper_0/U0/mlp_inst/l2_sum0__4_n_106
    DSP48_X3Y7           DSP48E1 (Prop_dsp48e1_PCIN[47]_PCOUT[47])
                                                      1.713    15.885 r  mlp_system_i/mlp_axi_wrapper_0/U0/mlp_inst/l2_sum0__5/PCOUT[47]
                         net (fo=1, routed)           0.002    15.887    mlp_system_i/mlp_axi_wrapper_0/U0/mlp_inst/l2_sum0__5_n_106
    DSP48_X3Y8           DSP48E1 (Prop_dsp48e1_PCIN[47]_PCOUT[47])
                                                      1.713    17.600 r  mlp_system_i/mlp_axi_wrapper_0/U0/mlp_inst/l2_sum0__6/PCOUT[47]
                         net (fo=1, routed)           0.002    17.602    mlp_system_i/mlp_axi_wrapper_0/U0/mlp_inst/l2_sum0__6_n_106
    DSP48_X3Y9           DSP48E1 (Prop_dsp48e1_PCIN[47]_PCOUT[47])
                                                      1.713    19.315 r  mlp_system_i/mlp_axi_wrapper_0/U0/mlp_inst/l2_sum0__7/PCOUT[47]
                         net (fo=1, routed)           0.056    19.370    mlp_system_i/mlp_axi_wrapper_0/U0/mlp_inst/l2_sum0__7_n_106
    DSP48_X3Y10          DSP48E1 (Prop_dsp48e1_PCIN[47]_PCOUT[47])
                                                      1.713    21.083 r  mlp_system_i/mlp_axi_wrapper_0/U0/mlp_inst/l2_sum0__8/PCOUT[47]
                         net (fo=1, routed)           0.002    21.085    mlp_system_i/mlp_axi_wrapper_0/U0/mlp_inst/l2_sum0__8_n_106
    DSP48_X3Y11          DSP48E1 (Prop_dsp48e1_PCIN[47]_PCOUT[47])
                                                      1.713    22.798 r  mlp_system_i/mlp_axi_wrapper_0/U0/mlp_inst/l2_sum0__9/PCOUT[47]
                         net (fo=1, routed)           0.002    22.800    mlp_system_i/mlp_axi_wrapper_0/U0/mlp_inst/l2_sum0__9_n_106
    DSP48_X3Y12          DSP48E1 (Prop_dsp48e1_PCIN[47]_PCOUT[47])
                                                      1.713    24.513 r  mlp_system_i/mlp_axi_wrapper_0/U0/mlp_inst/l2_sum0__10/PCOUT[47]
                         net (fo=1, routed)           0.002    24.515    mlp_system_i/mlp_axi_wrapper_0/U0/mlp_inst/l2_sum0__10_n_106
    DSP48_X3Y13          DSP48E1 (Prop_dsp48e1_PCIN[47]_PCOUT[47])
                                                      1.713    26.228 r  mlp_system_i/mlp_axi_wrapper_0/U0/mlp_inst/l2_sum0__11/PCOUT[47]
                         net (fo=1, routed)           0.002    26.230    mlp_system_i/mlp_axi_wrapper_0/U0/mlp_inst/l2_sum0__11_n_106
    DSP48_X3Y14          DSP48E1 (Prop_dsp48e1_PCIN[47]_PCOUT[47])
                                                      1.713    27.943 r  mlp_system_i/mlp_axi_wrapper_0/U0/mlp_inst/l2_sum0__12/PCOUT[47]
                         net (fo=1, routed)           0.002    27.945    mlp_system_i/mlp_axi_wrapper_0/U0/mlp_inst/l2_sum0__12_n_106
    DSP48_X3Y15          DSP48E1 (Prop_dsp48e1_PCIN[47]_PCOUT[47])
                                                      1.713    29.658 r  mlp_system_i/mlp_axi_wrapper_0/U0/mlp_inst/l2_sum0__13/PCOUT[47]
                         net (fo=1, routed)           0.002    29.660    mlp_system_i/mlp_axi_wrapper_0/U0/mlp_inst/l2_sum0__13_n_106
    DSP48_X3Y16          DSP48E1 (Prop_dsp48e1_PCIN[47]_PCOUT[47])
                                                      1.713    31.373 r  mlp_system_i/mlp_axi_wrapper_0/U0/mlp_inst/l2_sum0__14/PCOUT[47]
                         net (fo=1, routed)           0.002    31.375    mlp_system_i/mlp_axi_wrapper_0/U0/mlp_inst/l2_sum0__14_n_106
    DSP48_X3Y17          DSP48E1 (Prop_dsp48e1_PCIN[47]_PCOUT[47])
                                                      1.713    33.088 r  mlp_system_i/mlp_axi_wrapper_0/U0/mlp_inst/l2_sum0__15/PCOUT[47]
                         net (fo=1, routed)           0.002    33.090    mlp_system_i/mlp_axi_wrapper_0/U0/mlp_inst/l2_sum0__15_n_106
    DSP48_X3Y18          DSP48E1 (Prop_dsp48e1_PCIN[47]_PCOUT[47])
                                                      1.713    34.803 r  mlp_system_i/mlp_axi_wrapper_0/U0/mlp_inst/l2_sum0__16/PCOUT[47]
                         net (fo=1, routed)           0.002    34.805    mlp_system_i/mlp_axi_wrapper_0/U0/mlp_inst/l2_sum0__16_n_106
    DSP48_X3Y19          DSP48E1 (Prop_dsp48e1_PCIN[47]_PCOUT[47])
                                                      1.713    36.518 r  mlp_system_i/mlp_axi_wrapper_0/U0/mlp_inst/l2_sum0__17/PCOUT[47]
                         net (fo=1, routed)           0.002    36.520    mlp_system_i/mlp_axi_wrapper_0/U0/mlp_inst/l2_sum0__17_n_106
    DSP48_X3Y20          DSP48E1 (Prop_dsp48e1_PCIN[47]_PCOUT[47])
                                                      1.713    38.233 r  mlp_system_i/mlp_axi_wrapper_0/U0/mlp_inst/l2_sum0__18/PCOUT[47]
                         net (fo=1, routed)           0.002    38.235    mlp_system_i/mlp_axi_wrapper_0/U0/mlp_inst/l2_sum0__18_n_106
    DSP48_X3Y21          DSP48E1 (Prop_dsp48e1_PCIN[47]_PCOUT[47])
                                                      1.713    39.948 r  mlp_system_i/mlp_axi_wrapper_0/U0/mlp_inst/l2_sum0__19/PCOUT[47]
                         net (fo=1, routed)           0.002    39.950    mlp_system_i/mlp_axi_wrapper_0/U0/mlp_inst/l2_sum0__19_n_106
    DSP48_X3Y22          DSP48E1 (Prop_dsp48e1_PCIN[47]_PCOUT[47])
                                                      1.713    41.663 r  mlp_system_i/mlp_axi_wrapper_0/U0/mlp_inst/l2_sum0__20/PCOUT[47]
                         net (fo=1, routed)           0.002    41.665    mlp_system_i/mlp_axi_wrapper_0/U0/mlp_inst/l2_sum0__20_n_106
    DSP48_X3Y23          DSP48E1 (Prop_dsp48e1_PCIN[47]_PCOUT[47])
                                                      1.713    43.378 r  mlp_system_i/mlp_axi_wrapper_0/U0/mlp_inst/l2_sum0__21/PCOUT[47]
                         net (fo=1, routed)           0.002    43.380    mlp_system_i/mlp_axi_wrapper_0/U0/mlp_inst/l2_sum0__21_n_106
    DSP48_X3Y24          DSP48E1 (Prop_dsp48e1_PCIN[47]_PCOUT[47])
                                                      1.713    45.093 r  mlp_system_i/mlp_axi_wrapper_0/U0/mlp_inst/l2_sum0__22/PCOUT[47]
                         net (fo=1, routed)           0.002    45.095    mlp_system_i/mlp_axi_wrapper_0/U0/mlp_inst/l2_sum0__22_n_106
    DSP48_X3Y25          DSP48E1 (Prop_dsp48e1_PCIN[47]_PCOUT[47])
                                                      1.713    46.808 r  mlp_system_i/mlp_axi_wrapper_0/U0/mlp_inst/l2_sum0__23/PCOUT[47]
                         net (fo=1, routed)           0.002    46.810    mlp_system_i/mlp_axi_wrapper_0/U0/mlp_inst/l2_sum0__23_n_106
    DSP48_X3Y26          DSP48E1 (Prop_dsp48e1_PCIN[47]_PCOUT[47])
                                                      1.713    48.523 r  mlp_system_i/mlp_axi_wrapper_0/U0/mlp_inst/l2_sum0__24/PCOUT[47]
                         net (fo=1, routed)           0.002    48.525    mlp_system_i/mlp_axi_wrapper_0/U0/mlp_inst/l2_sum0__24_n_106
    DSP48_X3Y27          DSP48E1 (Prop_dsp48e1_PCIN[47]_PCOUT[47])
                                                      1.713    50.238 r  mlp_system_i/mlp_axi_wrapper_0/U0/mlp_inst/l2_sum0__25/PCOUT[47]
                         net (fo=1, routed)           0.002    50.240    mlp_system_i/mlp_axi_wrapper_0/U0/mlp_inst/l2_sum0__25_n_106
    DSP48_X3Y28          DSP48E1 (Prop_dsp48e1_PCIN[47]_PCOUT[47])
                                                      1.713    51.953 r  mlp_system_i/mlp_axi_wrapper_0/U0/mlp_inst/l2_sum0__26/PCOUT[47]
                         net (fo=1, routed)           0.002    51.955    mlp_system_i/mlp_axi_wrapper_0/U0/mlp_inst/l2_sum0__26_n_106
    DSP48_X3Y29          DSP48E1 (Prop_dsp48e1_PCIN[47]_PCOUT[47])
                                                      1.713    53.668 r  mlp_system_i/mlp_axi_wrapper_0/U0/mlp_inst/l2_sum0__27/PCOUT[47]
                         net (fo=1, routed)           0.056    53.724    mlp_system_i/mlp_axi_wrapper_0/U0/mlp_inst/l2_sum0__27_n_106
    DSP48_X3Y30          DSP48E1 (Prop_dsp48e1_PCIN[47]_PCOUT[47])
                                                      1.713    55.437 r  mlp_system_i/mlp_axi_wrapper_0/U0/mlp_inst/l2_sum0__28/PCOUT[47]
                         net (fo=1, routed)           0.002    55.439    mlp_system_i/mlp_axi_wrapper_0/U0/mlp_inst/l2_sum0__28_n_106
    DSP48_X3Y31          DSP48E1 (Prop_dsp48e1_PCIN[47]_PCOUT[47])
                                                      1.713    57.152 r  mlp_system_i/mlp_axi_wrapper_0/U0/mlp_inst/l2_sum0__29/PCOUT[47]
                         net (fo=1, routed)           0.002    57.154    mlp_system_i/mlp_axi_wrapper_0/U0/mlp_inst/l2_sum0__29_n_106
    DSP48_X3Y32          DSP48E1 (Prop_dsp48e1_PCIN[47]_PCOUT[47])
                                                      1.713    58.867 r  mlp_system_i/mlp_axi_wrapper_0/U0/mlp_inst/l2_sum0__30/PCOUT[47]
                         net (fo=1, routed)           0.002    58.869    mlp_system_i/mlp_axi_wrapper_0/U0/mlp_inst/l2_sum0__30_n_106
    DSP48_X3Y33          DSP48E1 (Prop_dsp48e1_PCIN[47]_PCOUT[47])
                                                      1.713    60.582 r  mlp_system_i/mlp_axi_wrapper_0/U0/mlp_inst/l2_sum0__31/PCOUT[47]
                         net (fo=1, routed)           0.002    60.584    mlp_system_i/mlp_axi_wrapper_0/U0/mlp_inst/l2_sum0__31_n_106
    DSP48_X3Y34          DSP48E1 (Prop_dsp48e1_PCIN[47]_PCOUT[47])
                                                      1.713    62.297 r  mlp_system_i/mlp_axi_wrapper_0/U0/mlp_inst/l2_sum0__32/PCOUT[47]
                         net (fo=1, routed)           0.002    62.299    mlp_system_i/mlp_axi_wrapper_0/U0/mlp_inst/l2_sum0__32_n_106
    DSP48_X3Y35          DSP48E1 (Prop_dsp48e1_PCIN[47]_PCOUT[47])
                                                      1.713    64.012 r  mlp_system_i/mlp_axi_wrapper_0/U0/mlp_inst/l2_sum0__33/PCOUT[47]
                         net (fo=1, routed)           0.002    64.014    mlp_system_i/mlp_axi_wrapper_0/U0/mlp_inst/l2_sum0__33_n_106
    DSP48_X3Y36          DSP48E1 (Prop_dsp48e1_PCIN[47]_PCOUT[47])
                                                      1.713    65.727 r  mlp_system_i/mlp_axi_wrapper_0/U0/mlp_inst/l2_sum0__34/PCOUT[47]
                         net (fo=1, routed)           0.002    65.729    mlp_system_i/mlp_axi_wrapper_0/U0/mlp_inst/l2_sum0__34_n_106
    DSP48_X3Y37          DSP48E1 (Prop_dsp48e1_PCIN[47]_PCOUT[47])
                                                      1.713    67.442 r  mlp_system_i/mlp_axi_wrapper_0/U0/mlp_inst/l2_sum0__35/PCOUT[47]
                         net (fo=1, routed)           0.002    67.444    mlp_system_i/mlp_axi_wrapper_0/U0/mlp_inst/l2_sum0__35_n_106
    DSP48_X3Y38          DSP48E1 (Prop_dsp48e1_PCIN[47]_PCOUT[47])
                                                      1.713    69.157 r  mlp_system_i/mlp_axi_wrapper_0/U0/mlp_inst/l2_sum0__36/PCOUT[47]
                         net (fo=1, routed)           0.002    69.159    mlp_system_i/mlp_axi_wrapper_0/U0/mlp_inst/l2_sum0__36_n_106
    DSP48_X3Y39          DSP48E1 (Prop_dsp48e1_PCIN[47]_PCOUT[47])
                                                      1.713    70.872 r  mlp_system_i/mlp_axi_wrapper_0/U0/mlp_inst/l2_sum0__37/PCOUT[47]
                         net (fo=1, routed)           0.002    70.874    mlp_system_i/mlp_axi_wrapper_0/U0/mlp_inst/l2_sum0__37_n_106
    DSP48_X3Y40          DSP48E1 (Prop_dsp48e1_PCIN[47]_PCOUT[47])
                                                      1.713    72.587 r  mlp_system_i/mlp_axi_wrapper_0/U0/mlp_inst/l2_sum0__38/PCOUT[47]
                         net (fo=1, routed)           0.002    72.589    mlp_system_i/mlp_axi_wrapper_0/U0/mlp_inst/l2_sum0__38_n_106
    DSP48_X3Y41          DSP48E1 (Prop_dsp48e1_PCIN[47]_PCOUT[47])
                                                      1.713    74.302 r  mlp_system_i/mlp_axi_wrapper_0/U0/mlp_inst/l2_sum0__39/PCOUT[47]
                         net (fo=1, routed)           0.002    74.304    mlp_system_i/mlp_axi_wrapper_0/U0/mlp_inst/l2_sum0__39_n_106
    DSP48_X3Y42          DSP48E1 (Prop_dsp48e1_PCIN[47]_PCOUT[47])
                                                      1.713    76.017 r  mlp_system_i/mlp_axi_wrapper_0/U0/mlp_inst/l2_sum0__40/PCOUT[47]
                         net (fo=1, routed)           0.002    76.019    mlp_system_i/mlp_axi_wrapper_0/U0/mlp_inst/l2_sum0__40_n_106
    DSP48_X3Y43          DSP48E1 (Prop_dsp48e1_PCIN[47]_PCOUT[47])
                                                      1.713    77.732 r  mlp_system_i/mlp_axi_wrapper_0/U0/mlp_inst/l2_sum0__41/PCOUT[47]
                         net (fo=1, routed)           0.002    77.734    mlp_system_i/mlp_axi_wrapper_0/U0/mlp_inst/l2_sum0__41_n_106
    DSP48_X3Y44          DSP48E1 (Prop_dsp48e1_PCIN[47]_PCOUT[47])
                                                      1.713    79.447 r  mlp_system_i/mlp_axi_wrapper_0/U0/mlp_inst/l2_sum0__42/PCOUT[47]
                         net (fo=1, routed)           0.002    79.449    mlp_system_i/mlp_axi_wrapper_0/U0/mlp_inst/l2_sum0__42_n_106
    DSP48_X3Y45          DSP48E1 (Prop_dsp48e1_PCIN[47]_PCOUT[47])
                                                      1.713    81.162 r  mlp_system_i/mlp_axi_wrapper_0/U0/mlp_inst/l2_sum0__43/PCOUT[47]
                         net (fo=1, routed)           0.002    81.164    mlp_system_i/mlp_axi_wrapper_0/U0/mlp_inst/l2_sum0__43_n_106
    DSP48_X3Y46          DSP48E1 (Prop_dsp48e1_PCIN[47]_PCOUT[47])
                                                      1.713    82.877 r  mlp_system_i/mlp_axi_wrapper_0/U0/mlp_inst/l2_sum0__44/PCOUT[47]
                         net (fo=1, routed)           0.002    82.879    mlp_system_i/mlp_axi_wrapper_0/U0/mlp_inst/l2_sum0__44_n_106
    DSP48_X3Y47          DSP48E1 (Prop_dsp48e1_PCIN[47]_PCOUT[47])
                                                      1.713    84.592 r  mlp_system_i/mlp_axi_wrapper_0/U0/mlp_inst/l2_sum0__45/PCOUT[47]
                         net (fo=1, routed)           0.002    84.594    mlp_system_i/mlp_axi_wrapper_0/U0/mlp_inst/l2_sum0__45_n_106
    DSP48_X3Y48          DSP48E1 (Prop_dsp48e1_PCIN[47]_PCOUT[47])
                                                      1.713    86.307 r  mlp_system_i/mlp_axi_wrapper_0/U0/mlp_inst/l2_sum0__46/PCOUT[47]
                         net (fo=1, routed)           0.002    86.309    mlp_system_i/mlp_axi_wrapper_0/U0/mlp_inst/l2_sum0__46_n_106
    DSP48_X3Y49          DSP48E1 (Prop_dsp48e1_PCIN[47]_PCOUT[47])
                                                      1.713    88.022 r  mlp_system_i/mlp_axi_wrapper_0/U0/mlp_inst/l2_sum0__47/PCOUT[47]
                         net (fo=1, routed)           0.056    88.078    mlp_system_i/mlp_axi_wrapper_0/U0/mlp_inst/l2_sum0__47_n_106
    DSP48_X3Y50          DSP48E1 (Prop_dsp48e1_PCIN[47]_PCOUT[47])
                                                      1.713    89.791 r  mlp_system_i/mlp_axi_wrapper_0/U0/mlp_inst/l2_sum0__48/PCOUT[47]
                         net (fo=1, routed)           0.002    89.793    mlp_system_i/mlp_axi_wrapper_0/U0/mlp_inst/l2_sum0__48_n_106
    DSP48_X3Y51          DSP48E1 (Prop_dsp48e1_PCIN[47]_PCOUT[47])
                                                      1.713    91.506 r  mlp_system_i/mlp_axi_wrapper_0/U0/mlp_inst/l2_sum0__49/PCOUT[47]
                         net (fo=1, routed)           0.002    91.508    mlp_system_i/mlp_axi_wrapper_0/U0/mlp_inst/l2_sum0__49_n_106
    DSP48_X3Y52          DSP48E1 (Prop_dsp48e1_PCIN[47]_PCOUT[47])
                                                      1.713    93.221 r  mlp_system_i/mlp_axi_wrapper_0/U0/mlp_inst/l2_sum0__50/PCOUT[47]
                         net (fo=1, routed)           0.002    93.223    mlp_system_i/mlp_axi_wrapper_0/U0/mlp_inst/l2_sum0__50_n_106
    DSP48_X3Y53          DSP48E1 (Prop_dsp48e1_PCIN[47]_PCOUT[47])
                                                      1.713    94.936 r  mlp_system_i/mlp_axi_wrapper_0/U0/mlp_inst/l2_sum0__51/PCOUT[47]
                         net (fo=1, routed)           0.002    94.938    mlp_system_i/mlp_axi_wrapper_0/U0/mlp_inst/l2_sum0__51_n_106
    DSP48_X3Y54          DSP48E1 (Prop_dsp48e1_PCIN[47]_PCOUT[47])
                                                      1.713    96.651 r  mlp_system_i/mlp_axi_wrapper_0/U0/mlp_inst/l2_sum0__52/PCOUT[47]
                         net (fo=1, routed)           0.002    96.653    mlp_system_i/mlp_axi_wrapper_0/U0/mlp_inst/l2_sum0__52_n_106
    DSP48_X3Y55          DSP48E1 (Prop_dsp48e1_PCIN[47]_PCOUT[47])
                                                      1.713    98.366 r  mlp_system_i/mlp_axi_wrapper_0/U0/mlp_inst/l2_sum0__53/PCOUT[47]
                         net (fo=1, routed)           0.002    98.368    mlp_system_i/mlp_axi_wrapper_0/U0/mlp_inst/l2_sum0__53_n_106
    DSP48_X3Y56          DSP48E1 (Prop_dsp48e1_PCIN[47]_PCOUT[47])
                                                      1.713   100.081 r  mlp_system_i/mlp_axi_wrapper_0/U0/mlp_inst/l2_sum0__54/PCOUT[47]
                         net (fo=1, routed)           0.002   100.083    mlp_system_i/mlp_axi_wrapper_0/U0/mlp_inst/l2_sum0__54_n_106
    DSP48_X3Y57          DSP48E1 (Prop_dsp48e1_PCIN[47]_PCOUT[47])
                                                      1.713   101.796 r  mlp_system_i/mlp_axi_wrapper_0/U0/mlp_inst/l2_sum0__55/PCOUT[47]
                         net (fo=1, routed)           0.002   101.798    mlp_system_i/mlp_axi_wrapper_0/U0/mlp_inst/l2_sum0__55_n_106
    DSP48_X3Y58          DSP48E1 (Prop_dsp48e1_PCIN[47]_PCOUT[47])
                                                      1.713   103.511 r  mlp_system_i/mlp_axi_wrapper_0/U0/mlp_inst/l2_sum0__56/PCOUT[47]
                         net (fo=1, routed)           0.002   103.513    mlp_system_i/mlp_axi_wrapper_0/U0/mlp_inst/l2_sum0__56_n_106
    DSP48_X3Y59          DSP48E1 (Prop_dsp48e1_PCIN[47]_P[2])
                                                      1.518   105.031 r  mlp_system_i/mlp_axi_wrapper_0/U0/mlp_inst/l2_sum0__57/P[2]
                         net (fo=1, routed)           2.118   107.149    mlp_system_i/mlp_axi_wrapper_0/U0/mlp_inst/I415[2]
    DSP48_X2Y56          DSP48E1 (Prop_dsp48e1_C[2]_PCOUT[47])
                                                      2.016   109.165 r  mlp_system_i/mlp_axi_wrapper_0/U0/mlp_inst/l2_sum0__58/PCOUT[47]
                         net (fo=1, routed)           0.002   109.167    mlp_system_i/mlp_axi_wrapper_0/U0/mlp_inst/l2_sum0__58_n_106
    DSP48_X2Y57          DSP48E1 (Prop_dsp48e1_PCIN[47]_PCOUT[47])
                                                      1.713   110.880 r  mlp_system_i/mlp_axi_wrapper_0/U0/mlp_inst/l2_sum0__59/PCOUT[47]
                         net (fo=1, routed)           0.002   110.882    mlp_system_i/mlp_axi_wrapper_0/U0/mlp_inst/l2_sum0__59_n_106
    DSP48_X2Y58          DSP48E1 (Prop_dsp48e1_PCIN[47]_PCOUT[47])
                                                      1.713   112.595 r  mlp_system_i/mlp_axi_wrapper_0/U0/mlp_inst/l2_sum0__60/PCOUT[47]
                         net (fo=1, routed)           0.002   112.597    mlp_system_i/mlp_axi_wrapper_0/U0/mlp_inst/l2_sum0__60_n_106
    DSP48_X2Y59          DSP48E1 (Prop_dsp48e1_PCIN[47]_P[8])
                                                      1.518   114.115 r  mlp_system_i/mlp_axi_wrapper_0/U0/mlp_inst/l2_sum0__61/P[8]
                         net (fo=1, routed)           0.895   115.010    mlp_system_i/mlp_axi_wrapper_0/U0/mlp_inst/l2_sum0__61_n_97
    SLICE_X35Y142        LUT2 (Prop_lut2_I1_O)        0.124   115.134 r  mlp_system_i/mlp_axi_wrapper_0/U0/mlp_inst/l2_sum[11]_i_5/O
                         net (fo=1, routed)           0.000   115.134    mlp_system_i/mlp_axi_wrapper_0/U0/mlp_inst/l2_sum[11]_i_5_n_0
    SLICE_X35Y142        CARRY4 (Prop_carry4_S[0]_CO[3])
                                                      0.532   115.666 r  mlp_system_i/mlp_axi_wrapper_0/U0/mlp_inst/l2_sum_reg[11]_i_1/CO[3]
                         net (fo=1, routed)           0.000   115.666    mlp_system_i/mlp_axi_wrapper_0/U0/mlp_inst/l2_sum_reg[11]_i_1_n_0
    SLICE_X35Y143        CARRY4 (Prop_carry4_CI_CO[3])
                                                      0.114   115.780 r  mlp_system_i/mlp_axi_wrapper_0/U0/mlp_inst/l2_sum_reg[15]_i_1/CO[3]
                         net (fo=1, routed)           0.000   115.780    mlp_system_i/mlp_axi_wrapper_0/U0/mlp_inst/l2_sum_reg[15]_i_1_n_0
    SLICE_X35Y144        CARRY4 (Prop_carry4_CI_CO[3])
                                                      0.114   115.894 r  mlp_system_i/mlp_axi_wrapper_0/U0/mlp_inst/l2_sum_reg[19]_i_1/CO[3]
                         net (fo=1, routed)           0.000   115.894    mlp_system_i/mlp_axi_wrapper_0/U0/mlp_inst/l2_sum_reg[19]_i_1_n_0
    SLICE_X35Y145        CARRY4 (Prop_carry4_CI_CO[3])
                                                      0.114   116.008 r  mlp_system_i/mlp_axi_wrapper_0/U0/mlp_inst/l2_sum_reg[23]_i_1/CO[3]
                         net (fo=1, routed)           0.000   116.008    mlp_system_i/mlp_axi_wrapper_0/U0/mlp_inst/l2_sum_reg[23]_i_1_n_0
    SLICE_X35Y146        CARRY4 (Prop_carry4_CI_CO[3])
                                                      0.114   116.122 r  mlp_system_i/mlp_axi_wrapper_0/U0/mlp_inst/l2_sum_reg[27]_i_1/CO[3]
                         net (fo=1, routed)           0.000   116.122    mlp_system_i/mlp_axi_wrapper_0/U0/mlp_inst/l2_sum_reg[27]_i_1_n_0
    SLICE_X35Y147        CARRY4 (Prop_carry4_CI_O[1])
                                                      0.334   116.456 r  mlp_system_i/mlp_axi_wrapper_0/U0/mlp_inst/l2_sum_reg[31]_i_1/O[1]
                         net (fo=1, routed)           0.000   116.456    mlp_system_i/mlp_axi_wrapper_0/U0/mlp_inst/l2_sum0__62[29]
    SLICE_X35Y147        FDRE                                         r  mlp_system_i/mlp_axi_wrapper_0/U0/mlp_inst/l2_sum_reg[29]/D
  -------------------------------------------------------------------    -------------------

                         (clock clk_fpga_0 rise edge)
                                                     10.000    10.000 r  
    PS7_X0Y0             PS7                          0.000    10.000 r  mlp_system_i/processing_system7_0/inst/PS7_i/FCLKCLK[0]
                         net (fo=1, routed)           1.088    11.088    mlp_system_i/processing_system7_0/inst/FCLK_CLK_unbuffered[0]
    BUFGCTRL_X0Y16       BUFG (Prop_bufg_I_O)         0.091    11.179 r  mlp_system_i/processing_system7_0/inst/buffer_fclk_clk_0.FCLK_CLK_0_BUFG/O
                         net (fo=2400, routed)        1.655    12.834    mlp_system_i/mlp_axi_wrapper_0/U0/mlp_inst/S_AXI_ACLK
    SLICE_X35Y147        FDRE                                         r  mlp_system_i/mlp_axi_wrapper_0/U0/mlp_inst/l2_sum_reg[29]/C
                         clock pessimism              0.115    12.949    
                         clock uncertainty           -0.154    12.795    
    SLICE_X35Y147        FDRE (Setup_fdre_C_D)        0.062    12.857    mlp_system_i/mlp_axi_wrapper_0/U0/mlp_inst/l2_sum_reg[29]
  -------------------------------------------------------------------
                         required time                         12.857    
                         arrival time                        -116.456    
  -------------------------------------------------------------------
                         slack                               -103.599    

Slack (VIOLATED) :        -103.578ns  (required time - arrival time)
  Source:                 mlp_system_i/mlp_axi_wrapper_0/U0/mlp_inst/l2_sum0/CLK
                            (rising edge-triggered cell DSP48E1 clocked by clk_fpga_0  {rise@0.000ns fall@5.000ns period=10.000ns})
  Destination:            mlp_system_i/mlp_axi_wrapper_0/U0/mlp_inst/l2_sum_reg[31]/D
                            (rising edge-triggered cell FDRE clocked by clk_fpga_0  {rise@0.000ns fall@5.000ns period=10.000ns})
  Path Group:             clk_fpga_0
  Path Type:              Setup (Max at Slow Process Corner)
  Requirement:            10.000ns  (clk_fpga_0 rise@10.000ns - clk_fpga_0 rise@0.000ns)
  Data Path Delay:        113.252ns  (logic 109.955ns (97.089%)  route 3.297ns (2.911%))
  Logic Levels:           69  (CARRY4=6 DSP48E1=62 LUT2=1)
  Clock Path Skew:        -0.234ns (DCD - SCD + CPR)
    Destination Clock Delay (DCD):    2.834ns = ( 12.834 - 10.000 ) 
    Source Clock Delay      (SCD):    3.184ns
    Clock Pessimism Removal (CPR):    0.115ns
  Clock Uncertainty:      0.154ns  ((TSJ^2 + TIJ^2)^1/2 + DJ) / 2 + PE
    Total System Jitter     (TSJ):    0.071ns
    Total Input Jitter      (TIJ):    0.300ns
    Discrete Jitter          (DJ):    0.000ns
    Phase Error              (PE):    0.000ns

    Location             Delay type                Incr(ns)  Path(ns)    Netlist Resource(s)
  -------------------------------------------------------------------    -------------------
                         (clock clk_fpga_0 rise edge)
                                                      0.000     0.000 r  
    PS7_X0Y0             PS7                          0.000     0.000 r  mlp_system_i/processing_system7_0/inst/PS7_i/FCLKCLK[0]
                         net (fo=1, routed)           1.193     1.193    mlp_system_i/processing_system7_0/inst/FCLK_CLK_unbuffered[0]
    BUFGCTRL_X0Y16       BUFG (Prop_bufg_I_O)         0.101     1.294 r  mlp_system_i/processing_system7_0/inst/buffer_fclk_clk_0.FCLK_CLK_0_BUFG/O
                         net (fo=2400, routed)        1.890     3.184    mlp_system_i/mlp_axi_wrapper_0/U0/mlp_inst/S_AXI_ACLK
    DSP48_X3Y1           DSP48E1                                      r  mlp_system_i/mlp_axi_wrapper_0/U0/mlp_inst/l2_sum0/CLK
  -------------------------------------------------------------------    -------------------
    DSP48_X3Y1           DSP48E1 (Prop_dsp48e1_CLK_PCOUT[47])
                                                      2.411     5.595 r  mlp_system_i/mlp_axi_wrapper_0/U0/mlp_inst/l2_sum0/PCOUT[47]
                         net (fo=1, routed)           0.002     5.597    mlp_system_i/mlp_axi_wrapper_0/U0/mlp_inst/l2_sum0_n_106
    DSP48_X3Y2           DSP48E1 (Prop_dsp48e1_PCIN[47]_PCOUT[47])
                                                      1.713     7.310 r  mlp_system_i/mlp_axi_wrapper_0/U0/mlp_inst/l2_sum0__0/PCOUT[47]
                         net (fo=1, routed)           0.002     7.312    mlp_system_i/mlp_axi_wrapper_0/U0/mlp_inst/l2_sum0__0_n_106
    DSP48_X3Y3           DSP48E1 (Prop_dsp48e1_PCIN[47]_PCOUT[47])
                                                      1.713     9.025 r  mlp_system_i/mlp_axi_wrapper_0/U0/mlp_inst/l2_sum0__1/PCOUT[47]
                         net (fo=1, routed)           0.002     9.027    mlp_system_i/mlp_axi_wrapper_0/U0/mlp_inst/l2_sum0__1_n_106
    DSP48_X3Y4           DSP48E1 (Prop_dsp48e1_PCIN[47]_PCOUT[47])
                                                      1.713    10.740 r  mlp_system_i/mlp_axi_wrapper_0/U0/mlp_inst/l2_sum0__2/PCOUT[47]
                         net (fo=1, routed)           0.002    10.742    mlp_system_i/mlp_axi_wrapper_0/U0/mlp_inst/l2_sum0__2_n_106
    DSP48_X3Y5           DSP48E1 (Prop_dsp48e1_PCIN[47]_PCOUT[47])
                                                      1.713    12.455 r  mlp_system_i/mlp_axi_wrapper_0/U0/mlp_inst/l2_sum0__3/PCOUT[47]
                         net (fo=1, routed)           0.002    12.457    mlp_system_i/mlp_axi_wrapper_0/U0/mlp_inst/l2_sum0__3_n_106
    DSP48_X3Y6           DSP48E1 (Prop_dsp48e1_PCIN[47]_PCOUT[47])
                                                      1.713    14.170 r  mlp_system_i/mlp_axi_wrapper_0/U0/mlp_inst/l2_sum0__4/PCOUT[47]
                         net (fo=1, routed)           0.002    14.172    mlp_system_i/mlp_axi_wrapper_0/U0/mlp_inst/l2_sum0__4_n_106
    DSP48_X3Y7           DSP48E1 (Prop_dsp48e1_PCIN[47]_PCOUT[47])
                                                      1.713    15.885 r  mlp_system_i/mlp_axi_wrapper_0/U0/mlp_inst/l2_sum0__5/PCOUT[47]
                         net (fo=1, routed)           0.002    15.887    mlp_system_i/mlp_axi_wrapper_0/U0/mlp_inst/l2_sum0__5_n_106
    DSP48_X3Y8           DSP48E1 (Prop_dsp48e1_PCIN[47]_PCOUT[47])
                                                      1.713    17.600 r  mlp_system_i/mlp_axi_wrapper_0/U0/mlp_inst/l2_sum0__6/PCOUT[47]
                         net (fo=1, routed)           0.002    17.602    mlp_system_i/mlp_axi_wrapper_0/U0/mlp_inst/l2_sum0__6_n_106
    DSP48_X3Y9           DSP48E1 (Prop_dsp48e1_PCIN[47]_PCOUT[47])
                                                      1.713    19.315 r  mlp_system_i/mlp_axi_wrapper_0/U0/mlp_inst/l2_sum0__7/PCOUT[47]
                         net (fo=1, routed)           0.056    19.370    mlp_system_i/mlp_axi_wrapper_0/U0/mlp_inst/l2_sum0__7_n_106
    DSP48_X3Y10          DSP48E1 (Prop_dsp48e1_PCIN[47]_PCOUT[47])
                                                      1.713    21.083 r  mlp_system_i/mlp_axi_wrapper_0/U0/mlp_inst/l2_sum0__8/PCOUT[47]
                         net (fo=1, routed)           0.002    21.085    mlp_system_i/mlp_axi_wrapper_0/U0/mlp_inst/l2_sum0__8_n_106
    DSP48_X3Y11          DSP48E1 (Prop_dsp48e1_PCIN[47]_PCOUT[47])
                                                      1.713    22.798 r  mlp_system_i/mlp_axi_wrapper_0/U0/mlp_inst/l2_sum0__9/PCOUT[47]
                         net (fo=1, routed)           0.002    22.800    mlp_system_i/mlp_axi_wrapper_0/U0/mlp_inst/l2_sum0__9_n_106
    DSP48_X3Y12          DSP48E1 (Prop_dsp48e1_PCIN[47]_PCOUT[47])
                                                      1.713    24.513 r  mlp_system_i/mlp_axi_wrapper_0/U0/mlp_inst/l2_sum0__10/PCOUT[47]
                         net (fo=1, routed)           0.002    24.515    mlp_system_i/mlp_axi_wrapper_0/U0/mlp_inst/l2_sum0__10_n_106
    DSP48_X3Y13          DSP48E1 (Prop_dsp48e1_PCIN[47]_PCOUT[47])
                                                      1.713    26.228 r  mlp_system_i/mlp_axi_wrapper_0/U0/mlp_inst/l2_sum0__11/PCOUT[47]
                         net (fo=1, routed)           0.002    26.230    mlp_system_i/mlp_axi_wrapper_0/U0/mlp_inst/l2_sum0__11_n_106
    DSP48_X3Y14          DSP48E1 (Prop_dsp48e1_PCIN[47]_PCOUT[47])
                                                      1.713    27.943 r  mlp_system_i/mlp_axi_wrapper_0/U0/mlp_inst/l2_sum0__12/PCOUT[47]
                         net (fo=1, routed)           0.002    27.945    mlp_system_i/mlp_axi_wrapper_0/U0/mlp_inst/l2_sum0__12_n_106
    DSP48_X3Y15          DSP48E1 (Prop_dsp48e1_PCIN[47]_PCOUT[47])
                                                      1.713    29.658 r  mlp_system_i/mlp_axi_wrapper_0/U0/mlp_inst/l2_sum0__13/PCOUT[47]
                         net (fo=1, routed)           0.002    29.660    mlp_system_i/mlp_axi_wrapper_0/U0/mlp_inst/l2_sum0__13_n_106
    DSP48_X3Y16          DSP48E1 (Prop_dsp48e1_PCIN[47]_PCOUT[47])
                                                      1.713    31.373 r  mlp_system_i/mlp_axi_wrapper_0/U0/mlp_inst/l2_sum0__14/PCOUT[47]
                         net (fo=1, routed)           0.002    31.375    mlp_system_i/mlp_axi_wrapper_0/U0/mlp_inst/l2_sum0__14_n_106
    DSP48_X3Y17          DSP48E1 (Prop_dsp48e1_PCIN[47]_PCOUT[47])
                                                      1.713    33.088 r  mlp_system_i/mlp_axi_wrapper_0/U0/mlp_inst/l2_sum0__15/PCOUT[47]
                         net (fo=1, routed)           0.002    33.090    mlp_system_i/mlp_axi_wrapper_0/U0/mlp_inst/l2_sum0__15_n_106
    DSP48_X3Y18          DSP48E1 (Prop_dsp48e1_PCIN[47]_PCOUT[47])
                                                      1.713    34.803 r  mlp_system_i/mlp_axi_wrapper_0/U0/mlp_inst/l2_sum0__16/PCOUT[47]
                         net (fo=1, routed)           0.002    34.805    mlp_system_i/mlp_axi_wrapper_0/U0/mlp_inst/l2_sum0__16_n_106
    DSP48_X3Y19          DSP48E1 (Prop_dsp48e1_PCIN[47]_PCOUT[47])
                                                      1.713    36.518 r  mlp_system_i/mlp_axi_wrapper_0/U0/mlp_inst/l2_sum0__17/PCOUT[47]
                         net (fo=1, routed)           0.002    36.520    mlp_system_i/mlp_axi_wrapper_0/U0/mlp_inst/l2_sum0__17_n_106
    DSP48_X3Y20          DSP48E1 (Prop_dsp48e1_PCIN[47]_PCOUT[47])
                                                      1.713    38.233 r  mlp_system_i/mlp_axi_wrapper_0/U0/mlp_inst/l2_sum0__18/PCOUT[47]
                         net (fo=1, routed)           0.002    38.235    mlp_system_i/mlp_axi_wrapper_0/U0/mlp_inst/l2_sum0__18_n_106
    DSP48_X3Y21          DSP48E1 (Prop_dsp48e1_PCIN[47]_PCOUT[47])
                                                      1.713    39.948 r  mlp_system_i/mlp_axi_wrapper_0/U0/mlp_inst/l2_sum0__19/PCOUT[47]
                         net (fo=1, routed)           0.002    39.950    mlp_system_i/mlp_axi_wrapper_0/U0/mlp_inst/l2_sum0__19_n_106
    DSP48_X3Y22          DSP48E1 (Prop_dsp48e1_PCIN[47]_PCOUT[47])
                                                      1.713    41.663 r  mlp_system_i/mlp_axi_wrapper_0/U0/mlp_inst/l2_sum0__20/PCOUT[47]
                         net (fo=1, routed)           0.002    41.665    mlp_system_i/mlp_axi_wrapper_0/U0/mlp_inst/l2_sum0__20_n_106
    DSP48_X3Y23          DSP48E1 (Prop_dsp48e1_PCIN[47]_PCOUT[47])
                                                      1.713    43.378 r  mlp_system_i/mlp_axi_wrapper_0/U0/mlp_inst/l2_sum0__21/PCOUT[47]
                         net (fo=1, routed)           0.002    43.380    mlp_system_i/mlp_axi_wrapper_0/U0/mlp_inst/l2_sum0__21_n_106
    DSP48_X3Y24          DSP48E1 (Prop_dsp48e1_PCIN[47]_PCOUT[47])
                                                      1.713    45.093 r  mlp_system_i/mlp_axi_wrapper_0/U0/mlp_inst/l2_sum0__22/PCOUT[47]
                         net (fo=1, routed)           0.002    45.095    mlp_system_i/mlp_axi_wrapper_0/U0/mlp_inst/l2_sum0__22_n_106
    DSP48_X3Y25          DSP48E1 (Prop_dsp48e1_PCIN[47]_PCOUT[47])
                                                      1.713    46.808 r  mlp_system_i/mlp_axi_wrapper_0/U0/mlp_inst/l2_sum0__23/PCOUT[47]
                         net (fo=1, routed)           0.002    46.810    mlp_system_i/mlp_axi_wrapper_0/U0/mlp_inst/l2_sum0__23_n_106
    DSP48_X3Y26          DSP48E1 (Prop_dsp48e1_PCIN[47]_PCOUT[47])
                                                      1.713    48.523 r  mlp_system_i/mlp_axi_wrapper_0/U0/mlp_inst/l2_sum0__24/PCOUT[47]
                         net (fo=1, routed)           0.002    48.525    mlp_system_i/mlp_axi_wrapper_0/U0/mlp_inst/l2_sum0__24_n_106
    DSP48_X3Y27          DSP48E1 (Prop_dsp48e1_PCIN[47]_PCOUT[47])
                                                      1.713    50.238 r  mlp_system_i/mlp_axi_wrapper_0/U0/mlp_inst/l2_sum0__25/PCOUT[47]
                         net (fo=1, routed)           0.002    50.240    mlp_system_i/mlp_axi_wrapper_0/U0/mlp_inst/l2_sum0__25_n_106
    DSP48_X3Y28          DSP48E1 (Prop_dsp48e1_PCIN[47]_PCOUT[47])
                                                      1.713    51.953 r  mlp_system_i/mlp_axi_wrapper_0/U0/mlp_inst/l2_sum0__26/PCOUT[47]
                         net (fo=1, routed)           0.002    51.955    mlp_system_i/mlp_axi_wrapper_0/U0/mlp_inst/l2_sum0__26_n_106
    DSP48_X3Y29          DSP48E1 (Prop_dsp48e1_PCIN[47]_PCOUT[47])
                                                      1.713    53.668 r  mlp_system_i/mlp_axi_wrapper_0/U0/mlp_inst/l2_sum0__27/PCOUT[47]
                         net (fo=1, routed)           0.056    53.724    mlp_system_i/mlp_axi_wrapper_0/U0/mlp_inst/l2_sum0__27_n_106
    DSP48_X3Y30          DSP48E1 (Prop_dsp48e1_PCIN[47]_PCOUT[47])
                                                      1.713    55.437 r  mlp_system_i/mlp_axi_wrapper_0/U0/mlp_inst/l2_sum0__28/PCOUT[47]
                         net (fo=1, routed)           0.002    55.439    mlp_system_i/mlp_axi_wrapper_0/U0/mlp_inst/l2_sum0__28_n_106
    DSP48_X3Y31          DSP48E1 (Prop_dsp48e1_PCIN[47]_PCOUT[47])
                                                      1.713    57.152 r  mlp_system_i/mlp_axi_wrapper_0/U0/mlp_inst/l2_sum0__29/PCOUT[47]
                         net (fo=1, routed)           0.002    57.154    mlp_system_i/mlp_axi_wrapper_0/U0/mlp_inst/l2_sum0__29_n_106
    DSP48_X3Y32          DSP48E1 (Prop_dsp48e1_PCIN[47]_PCOUT[47])
                                                      1.713    58.867 r  mlp_system_i/mlp_axi_wrapper_0/U0/mlp_inst/l2_sum0__30/PCOUT[47]
                         net (fo=1, routed)           0.002    58.869    mlp_system_i/mlp_axi_wrapper_0/U0/mlp_inst/l2_sum0__30_n_106
    DSP48_X3Y33          DSP48E1 (Prop_dsp48e1_PCIN[47]_PCOUT[47])
                                                      1.713    60.582 r  mlp_system_i/mlp_axi_wrapper_0/U0/mlp_inst/l2_sum0__31/PCOUT[47]
                         net (fo=1, routed)           0.002    60.584    mlp_system_i/mlp_axi_wrapper_0/U0/mlp_inst/l2_sum0__31_n_106
    DSP48_X3Y34          DSP48E1 (Prop_dsp48e1_PCIN[47]_PCOUT[47])
                                                      1.713    62.297 r  mlp_system_i/mlp_axi_wrapper_0/U0/mlp_inst/l2_sum0__32/PCOUT[47]
                         net (fo=1, routed)           0.002    62.299    mlp_system_i/mlp_axi_wrapper_0/U0/mlp_inst/l2_sum0__32_n_106
    DSP48_X3Y35          DSP48E1 (Prop_dsp48e1_PCIN[47]_PCOUT[47])
                                                      1.713    64.012 r  mlp_system_i/mlp_axi_wrapper_0/U0/mlp_inst/l2_sum0__33/PCOUT[47]
                         net (fo=1, routed)           0.002    64.014    mlp_system_i/mlp_axi_wrapper_0/U0/mlp_inst/l2_sum0__33_n_106
    DSP48_X3Y36          DSP48E1 (Prop_dsp48e1_PCIN[47]_PCOUT[47])
                                                      1.713    65.727 r  mlp_system_i/mlp_axi_wrapper_0/U0/mlp_inst/l2_sum0__34/PCOUT[47]
                         net (fo=1, routed)           0.002    65.729    mlp_system_i/mlp_axi_wrapper_0/U0/mlp_inst/l2_sum0__34_n_106
    DSP48_X3Y37          DSP48E1 (Prop_dsp48e1_PCIN[47]_PCOUT[47])
                                                      1.713    67.442 r  mlp_system_i/mlp_axi_wrapper_0/U0/mlp_inst/l2_sum0__35/PCOUT[47]
                         net (fo=1, routed)           0.002    67.444    mlp_system_i/mlp_axi_wrapper_0/U0/mlp_inst/l2_sum0__35_n_106
    DSP48_X3Y38          DSP48E1 (Prop_dsp48e1_PCIN[47]_PCOUT[47])
                                                      1.713    69.157 r  mlp_system_i/mlp_axi_wrapper_0/U0/mlp_inst/l2_sum0__36/PCOUT[47]
                         net (fo=1, routed)           0.002    69.159    mlp_system_i/mlp_axi_wrapper_0/U0/mlp_inst/l2_sum0__36_n_106
    DSP48_X3Y39          DSP48E1 (Prop_dsp48e1_PCIN[47]_PCOUT[47])
                                                      1.713    70.872 r  mlp_system_i/mlp_axi_wrapper_0/U0/mlp_inst/l2_sum0__37/PCOUT[47]
                         net (fo=1, routed)           0.002    70.874    mlp_system_i/mlp_axi_wrapper_0/U0/mlp_inst/l2_sum0__37_n_106
    DSP48_X3Y40          DSP48E1 (Prop_dsp48e1_PCIN[47]_PCOUT[47])
                                                      1.713    72.587 r  mlp_system_i/mlp_axi_wrapper_0/U0/mlp_inst/l2_sum0__38/PCOUT[47]
                         net (fo=1, routed)           0.002    72.589    mlp_system_i/mlp_axi_wrapper_0/U0/mlp_inst/l2_sum0__38_n_106
    DSP48_X3Y41          DSP48E1 (Prop_dsp48e1_PCIN[47]_PCOUT[47])
                                                      1.713    74.302 r  mlp_system_i/mlp_axi_wrapper_0/U0/mlp_inst/l2_sum0__39/PCOUT[47]
                         net (fo=1, routed)           0.002    74.304    mlp_system_i/mlp_axi_wrapper_0/U0/mlp_inst/l2_sum0__39_n_106
    DSP48_X3Y42          DSP48E1 (Prop_dsp48e1_PCIN[47]_PCOUT[47])
                                                      1.713    76.017 r  mlp_system_i/mlp_axi_wrapper_0/U0/mlp_inst/l2_sum0__40/PCOUT[47]
                         net (fo=1, routed)           0.002    76.019    mlp_system_i/mlp_axi_wrapper_0/U0/mlp_inst/l2_sum0__40_n_106
    DSP48_X3Y43          DSP48E1 (Prop_dsp48e1_PCIN[47]_PCOUT[47])
                                                      1.713    77.732 r  mlp_system_i/mlp_axi_wrapper_0/U0/mlp_inst/l2_sum0__41/PCOUT[47]
                         net (fo=1, routed)           0.002    77.734    mlp_system_i/mlp_axi_wrapper_0/U0/mlp_inst/l2_sum0__41_n_106
    DSP48_X3Y44          DSP48E1 (Prop_dsp48e1_PCIN[47]_PCOUT[47])
                                                      1.713    79.447 r  mlp_system_i/mlp_axi_wrapper_0/U0/mlp_inst/l2_sum0__42/PCOUT[47]
                         net (fo=1, routed)           0.002    79.449    mlp_system_i/mlp_axi_wrapper_0/U0/mlp_inst/l2_sum0__42_n_106
    DSP48_X3Y45          DSP48E1 (Prop_dsp48e1_PCIN[47]_PCOUT[47])
                                                      1.713    81.162 r  mlp_system_i/mlp_axi_wrapper_0/U0/mlp_inst/l2_sum0__43/PCOUT[47]
                         net (fo=1, routed)           0.002    81.164    mlp_system_i/mlp_axi_wrapper_0/U0/mlp_inst/l2_sum0__43_n_106
    DSP48_X3Y46          DSP48E1 (Prop_dsp48e1_PCIN[47]_PCOUT[47])
                                                      1.713    82.877 r  mlp_system_i/mlp_axi_wrapper_0/U0/mlp_inst/l2_sum0__44/PCOUT[47]
                         net (fo=1, routed)           0.002    82.879    mlp_system_i/mlp_axi_wrapper_0/U0/mlp_inst/l2_sum0__44_n_106
    DSP48_X3Y47          DSP48E1 (Prop_dsp48e1_PCIN[47]_PCOUT[47])
                                                      1.713    84.592 r  mlp_system_i/mlp_axi_wrapper_0/U0/mlp_inst/l2_sum0__45/PCOUT[47]
                         net (fo=1, routed)           0.002    84.594    mlp_system_i/mlp_axi_wrapper_0/U0/mlp_inst/l2_sum0__45_n_106
    DSP48_X3Y48          DSP48E1 (Prop_dsp48e1_PCIN[47]_PCOUT[47])
                                                      1.713    86.307 r  mlp_system_i/mlp_axi_wrapper_0/U0/mlp_inst/l2_sum0__46/PCOUT[47]
                         net (fo=1, routed)           0.002    86.309    mlp_system_i/mlp_axi_wrapper_0/U0/mlp_inst/l2_sum0__46_n_106
    DSP48_X3Y49          DSP48E1 (Prop_dsp48e1_PCIN[47]_PCOUT[47])
                                                      1.713    88.022 r  mlp_system_i/mlp_axi_wrapper_0/U0/mlp_inst/l2_sum0__47/PCOUT[47]
                         net (fo=1, routed)           0.056    88.078    mlp_system_i/mlp_axi_wrapper_0/U0/mlp_inst/l2_sum0__47_n_106
    DSP48_X3Y50          DSP48E1 (Prop_dsp48e1_PCIN[47]_PCOUT[47])
                                                      1.713    89.791 r  mlp_system_i/mlp_axi_wrapper_0/U0/mlp_inst/l2_sum0__48/PCOUT[47]
                         net (fo=1, routed)           0.002    89.793    mlp_system_i/mlp_axi_wrapper_0/U0/mlp_inst/l2_sum0__48_n_106
    DSP48_X3Y51          DSP48E1 (Prop_dsp48e1_PCIN[47]_PCOUT[47])
                                                      1.713    91.506 r  mlp_system_i/mlp_axi_wrapper_0/U0/mlp_inst/l2_sum0__49/PCOUT[47]
                         net (fo=1, routed)           0.002    91.508    mlp_system_i/mlp_axi_wrapper_0/U0/mlp_inst/l2_sum0__49_n_106
    DSP48_X3Y52          DSP48E1 (Prop_dsp48e1_PCIN[47]_PCOUT[47])
                                                      1.713    93.221 r  mlp_system_i/mlp_axi_wrapper_0/U0/mlp_inst/l2_sum0__50/PCOUT[47]
                         net (fo=1, routed)           0.002    93.223    mlp_system_i/mlp_axi_wrapper_0/U0/mlp_inst/l2_sum0__50_n_106
    DSP48_X3Y53          DSP48E1 (Prop_dsp48e1_PCIN[47]_PCOUT[47])
                                                      1.713    94.936 r  mlp_system_i/mlp_axi_wrapper_0/U0/mlp_inst/l2_sum0__51/PCOUT[47]
                         net (fo=1, routed)           0.002    94.938    mlp_system_i/mlp_axi_wrapper_0/U0/mlp_inst/l2_sum0__51_n_106
    DSP48_X3Y54          DSP48E1 (Prop_dsp48e1_PCIN[47]_PCOUT[47])
                                                      1.713    96.651 r  mlp_system_i/mlp_axi_wrapper_0/U0/mlp_inst/l2_sum0__52/PCOUT[47]
                         net (fo=1, routed)           0.002    96.653    mlp_system_i/mlp_axi_wrapper_0/U0/mlp_inst/l2_sum0__52_n_106
    DSP48_X3Y55          DSP48E1 (Prop_dsp48e1_PCIN[47]_PCOUT[47])
                                                      1.713    98.366 r  mlp_system_i/mlp_axi_wrapper_0/U0/mlp_inst/l2_sum0__53/PCOUT[47]
                         net (fo=1, routed)           0.002    98.368    mlp_system_i/mlp_axi_wrapper_0/U0/mlp_inst/l2_sum0__53_n_106
    DSP48_X3Y56          DSP48E1 (Prop_dsp48e1_PCIN[47]_PCOUT[47])
                                                      1.713   100.081 r  mlp_system_i/mlp_axi_wrapper_0/U0/mlp_inst/l2_sum0__54/PCOUT[47]
                         net (fo=1, routed)           0.002   100.083    mlp_system_i/mlp_axi_wrapper_0/U0/mlp_inst/l2_sum0__54_n_106
    DSP48_X3Y57          DSP48E1 (Prop_dsp48e1_PCIN[47]_PCOUT[47])
                                                      1.713   101.796 r  mlp_system_i/mlp_axi_wrapper_0/U0/mlp_inst/l2_sum0__55/PCOUT[47]
                         net (fo=1, routed)           0.002   101.798    mlp_system_i/mlp_axi_wrapper_0/U0/mlp_inst/l2_sum0__55_n_106
    DSP48_X3Y58          DSP48E1 (Prop_dsp48e1_PCIN[47]_PCOUT[47])
                                                      1.713   103.511 r  mlp_system_i/mlp_axi_wrapper_0/U0/mlp_inst/l2_sum0__56/PCOUT[47]
                         net (fo=1, routed)           0.002   103.513    mlp_system_i/mlp_axi_wrapper_0/U0/mlp_inst/l2_sum0__56_n_106
    DSP48_X3Y59          DSP48E1 (Prop_dsp48e1_PCIN[47]_P[2])
                                                      1.518   105.031 r  mlp_system_i/mlp_axi_wrapper_0/U0/mlp_inst/l2_sum0__57/P[2]
                         net (fo=1, routed)           2.118   107.149    mlp_system_i/mlp_axi_wrapper_0/U0/mlp_inst/I415[2]
    DSP48_X2Y56          DSP48E1 (Prop_dsp48e1_C[2]_PCOUT[47])
                                                      2.016   109.165 r  mlp_system_i/mlp_axi_wrapper_0/U0/mlp_inst/l2_sum0__58/PCOUT[47]
                         net (fo=1, routed)           0.002   109.167    mlp_system_i/mlp_axi_wrapper_0/U0/mlp_inst/l2_sum0__58_n_106
    DSP48_X2Y57          DSP48E1 (Prop_dsp48e1_PCIN[47]_PCOUT[47])
                                                      1.713   110.880 r  mlp_system_i/mlp_axi_wrapper_0/U0/mlp_inst/l2_sum0__59/PCOUT[47]
                         net (fo=1, routed)           0.002   110.882    mlp_system_i/mlp_axi_wrapper_0/U0/mlp_inst/l2_sum0__59_n_106
    DSP48_X2Y58          DSP48E1 (Prop_dsp48e1_PCIN[47]_PCOUT[47])
                                                      1.713   112.595 r  mlp_system_i/mlp_axi_wrapper_0/U0/mlp_inst/l2_sum0__60/PCOUT[47]
                         net (fo=1, routed)           0.002   112.597    mlp_system_i/mlp_axi_wrapper_0/U0/mlp_inst/l2_sum0__60_n_106
    DSP48_X2Y59          DSP48E1 (Prop_dsp48e1_PCIN[47]_P[8])
                                                      1.518   114.115 r  mlp_system_i/mlp_axi_wrapper_0/U0/mlp_inst/l2_sum0__61/P[8]
                         net (fo=1, routed)           0.895   115.010    mlp_system_i/mlp_axi_wrapper_0/U0/mlp_inst/l2_sum0__61_n_97
    SLICE_X35Y142        LUT2 (Prop_lut2_I1_O)        0.124   115.134 r  mlp_system_i/mlp_axi_wrapper_0/U0/mlp_inst/l2_sum[11]_i_5/O
                         net (fo=1, routed)           0.000   115.134    mlp_system_i/mlp_axi_wrapper_0/U0/mlp_inst/l2_sum[11]_i_5_n_0
    SLICE_X35Y142        CARRY4 (Prop_carry4_S[0]_CO[3])
                                                      0.532   115.666 r  mlp_system_i/mlp_axi_wrapper_0/U0/mlp_inst/l2_sum_reg[11]_i_1/CO[3]
                         net (fo=1, routed)           0.000   115.666    mlp_system_i/mlp_axi_wrapper_0/U0/mlp_inst/l2_sum_reg[11]_i_1_n_0
    SLICE_X35Y143        CARRY4 (Prop_carry4_CI_CO[3])
                                                      0.114   115.780 r  mlp_system_i/mlp_axi_wrapper_0/U0/mlp_inst/l2_sum_reg[15]_i_1/CO[3]
                         net (fo=1, routed)           0.000   115.780    mlp_system_i/mlp_axi_wrapper_0/U0/mlp_inst/l2_sum_reg[15]_i_1_n_0
    SLICE_X35Y144        CARRY4 (Prop_carry4_CI_CO[3])
                                                      0.114   115.894 r  mlp_system_i/mlp_axi_wrapper_0/U0/mlp_inst/l2_sum_reg[19]_i_1/CO[3]
                         net (fo=1, routed)           0.000   115.894    mlp_system_i/mlp_axi_wrapper_0/U0/mlp_inst/l2_sum_reg[19]_i_1_n_0
    SLICE_X35Y145        CARRY4 (Prop_carry4_CI_CO[3])
                                                      0.114   116.008 r  mlp_system_i/mlp_axi_wrapper_0/U0/mlp_inst/l2_sum_reg[23]_i_1/CO[3]
                         net (fo=1, routed)           0.000   116.008    mlp_system_i/mlp_axi_wrapper_0/U0/mlp_inst/l2_sum_reg[23]_i_1_n_0
    SLICE_X35Y146        CARRY4 (Prop_carry4_CI_CO[3])
                                                      0.114   116.122 r  mlp_system_i/mlp_axi_wrapper_0/U0/mlp_inst/l2_sum_reg[27]_i_1/CO[3]
                         net (fo=1, routed)           0.000   116.122    mlp_system_i/mlp_axi_wrapper_0/U0/mlp_inst/l2_sum_reg[27]_i_1_n_0
    SLICE_X35Y147        CARRY4 (Prop_carry4_CI_O[3])
                                                      0.313   116.435 r  mlp_system_i/mlp_axi_wrapper_0/U0/mlp_inst/l2_sum_reg[31]_i_1/O[3]
                         net (fo=1, routed)           0.000   116.435    mlp_system_i/mlp_axi_wrapper_0/U0/mlp_inst/l2_sum0__62[31]
    SLICE_X35Y147        FDRE                                         r  mlp_system_i/mlp_axi_wrapper_0/U0/mlp_inst/l2_sum_reg[31]/D
  -------------------------------------------------------------------    -------------------

                         (clock clk_fpga_0 rise edge)
                                                     10.000    10.000 r  
    PS7_X0Y0             PS7                          0.000    10.000 r  mlp_system_i/processing_system7_0/inst/PS7_i/FCLKCLK[0]
                         net (fo=1, routed)           1.088    11.088    mlp_system_i/processing_system7_0/inst/FCLK_CLK_unbuffered[0]
    BUFGCTRL_X0Y16       BUFG (Prop_bufg_I_O)         0.091    11.179 r  mlp_system_i/processing_system7_0/inst/buffer_fclk_clk_0.FCLK_CLK_0_BUFG/O
                         net (fo=2400, routed)        1.655    12.834    mlp_system_i/mlp_axi_wrapper_0/U0/mlp_inst/S_AXI_ACLK
    SLICE_X35Y147        FDRE                                         r  mlp_system_i/mlp_axi_wrapper_0/U0/mlp_inst/l2_sum_reg[31]/C
                         clock pessimism              0.115    12.949    
                         clock uncertainty           -0.154    12.795    
    SLICE_X35Y147        FDRE (Setup_fdre_C_D)        0.062    12.857    mlp_system_i/mlp_axi_wrapper_0/U0/mlp_inst/l2_sum_reg[31]
  -------------------------------------------------------------------
                         required time                         12.857    
                         arrival time                        -116.435    
  -------------------------------------------------------------------
                         slack                               -103.578    





Min Delay Paths
--------------------------------------------------------------------------------------
Slack (MET) :             0.064ns  (arrival time - required time)
  Source:                 mlp_system_wrapper/mlp_system/mlp_system_axi_mem_intercon_1/s00_couplers_imp_WXI7U5/mlp_system_axi_mem_intercon_imp_auto_pc_0/mlp_system_axi_mem_intercon_imp_auto_pc_0_axi_protocol_converter_v2_1_37_axi_protocol_converter/mlp_system_axi_mem_intercon_imp_auto_pc_0_axi_protocol_converter_v2_1_37_axi3_conv/mlp_system_axi_mem_intercon_imp_auto_pc_0_axi_protocol_converter_v2_1_37_a_axi3_conv/mlp_system_axi_mem_intercon_imp_auto_pc_0_axi_data_fifo_v2_1_36_axic_fifo/mlp_system_axi_mem_intercon_imp_auto_pc_0_axi_data_fifo_v2_1_36_fifo_gen/<hidden>/<hidden>/<hidden>/<hidden>/<hidden>/<hidden>
                            (rising edge-triggered cell FDCE clocked by clk_fpga_0  {rise@0.000ns fall@5.000ns period=10.000ns})
  Destination:            mlp_system_wrapper/mlp_system/mlp_system_axi_mem_intercon_1/s00_couplers_imp_WXI7U5/mlp_system_axi_mem_intercon_imp_auto_pc_0/mlp_system_axi_mem_intercon_imp_auto_pc_0_axi_protocol_converter_v2_1_37_axi_protocol_converter/mlp_system_axi_mem_intercon_imp_auto_pc_0_axi_protocol_converter_v2_1_37_axi3_conv/mlp_system_axi_mem_intercon_imp_auto_pc_0_axi_protocol_converter_v2_1_37_a_axi3_conv/mlp_system_axi_mem_intercon_imp_auto_pc_0_axi_data_fifo_v2_1_36_axic_fifo/mlp_system_axi_mem_intercon_imp_auto_pc_0_axi_data_fifo_v2_1_36_fifo_gen/<hidden>/<hidden>/<hidden>/<hidden>/<hidden>/<hidden>/<hidden>
                            (rising edge-triggered cell RAMD32 clocked by clk_fpga_0  {rise@0.000ns fall@5.000ns period=10.000ns})
  Path Group:             clk_fpga_0
  Path Type:              Hold (Min at Fast Process Corner)
  Requirement:            0.000ns  (clk_fpga_0 rise@0.000ns - clk_fpga_0 rise@0.000ns)
  Data Path Delay:        0.389ns  (logic 0.141ns (36.218%)  route 0.248ns (63.782%))
  Logic Levels:           0  
  Clock Path Skew:        0.016ns (DCD - SCD - CPR)
    Destination Clock Delay (DCD):    1.230ns
    Source Clock Delay      (SCD):    0.930ns
    Clock Pessimism Removal (CPR):    0.284ns

    Location             Delay type                Incr(ns)  Path(ns)    Netlist Resource(s)
  -------------------------------------------------------------------    -------------------
                         (clock clk_fpga_0 rise edge)
                                                      0.000     0.000 r  
    PS7_X0Y0             PS7                          0.000     0.000 r  mlp_system_i/processing_system7_0/inst/PS7_i/FCLKCLK[0]
                         net (fo=1, routed)           0.310     0.310    mlp_system_i/processing_system7_0/inst/FCLK_CLK_unbuffered[0]
    BUFGCTRL_X0Y16       BUFG (Prop_bufg_I_O)         0.026     0.336 r  mlp_system_i/processing_system7_0/inst/buffer_fclk_clk_0.FCLK_CLK_0_BUFG/O
                         net (fo=2400, routed)        0.594     0.930    mlp_system_wrapper/mlp_system/mlp_system_axi_mem_intercon_1/s00_couplers_imp_WXI7U5/mlp_system_axi_mem_intercon_imp_auto_pc_0/mlp_system_axi_mem_intercon_imp_auto_pc_0_axi_protocol_converter_v2_1_37_axi_protocol_converter/mlp_system_axi_mem_intercon_imp_auto_pc_0_axi_protocol_converter_v2_1_37_axi3_conv/mlp_system_axi_mem_intercon_imp_auto_pc_0_axi_protocol_converter_v2_1_37_a_axi3_conv/mlp_system_axi_mem_intercon_imp_auto_pc_0_axi_data_fifo_v2_1_36_axic_fifo/mlp_system_axi_mem_intercon_imp_auto_pc_0_axi_data_fifo_v2_1_36_fifo_gen/<hidden>/<hidden>/<hidden>/<hidden>/<hidden>/<hidden>
    SLICE_X17Y42         FDCE                                         r  mlp_system_wrapper/mlp_system/mlp_system_axi_mem_intercon_1/s00_couplers_imp_WXI7U5/mlp_system_axi_mem_intercon_imp_auto_pc_0/mlp_system_axi_mem_intercon_imp_auto_pc_0_axi_protocol_converter_v2_1_37_axi_protocol_converter/mlp_system_axi_mem_intercon_imp_auto_pc_0_axi_protocol_converter_v2_1_37_axi3_conv/mlp_system_axi_mem_intercon_imp_auto_pc_0_axi_protocol_converter_v2_1_37_a_axi3_conv/mlp_system_axi_mem_intercon_imp_auto_pc_0_axi_data_fifo_v2_1_36_axic_fifo/mlp_system_axi_mem_intercon_imp_auto_pc_0_axi_data_fifo_v2_1_36_fifo_gen/<hidden>/<hidden>/<hidden>/<hidden>/<hidden>/<hidden>
  -------------------------------------------------------------------    -------------------
    SLICE_X17Y42         FDCE (Prop_fdce_C_Q)         0.141     1.071 r  mlp_system_wrapper/mlp_system/mlp_system_axi_mem_intercon_1/s00_couplers_imp_WXI7U5/mlp_system_axi_mem_intercon_imp_auto_pc_0/mlp_system_axi_mem_intercon_imp_auto_pc_0_axi_protocol_converter_v2_1_37_axi_protocol_converter/mlp_system_axi_mem_intercon_imp_auto_pc_0_axi_protocol_converter_v2_1_37_axi3_conv/mlp_system_axi_mem_intercon_imp_auto_pc_0_axi_protocol_converter_v2_1_37_a_axi3_conv/mlp_system_axi_mem_intercon_imp_auto_pc_0_axi_data_fifo_v2_1_36_axic_fifo/mlp_system_axi_mem_intercon_imp_auto_pc_0_axi_data_fifo_v2_1_36_fifo_gen/<hidden>/<hidden>/<hidden>/<hidden>/<hidden>/<hidden>
                         net (fo=5, routed)           0.248     1.319    mlp_system_wrapper/mlp_system/mlp_system_axi_mem_intercon_1/s00_couplers_imp_WXI7U5/mlp_system_axi_mem_intercon_imp_auto_pc_0/mlp_system_axi_mem_intercon_imp_auto_pc_0_axi_protocol_converter_v2_1_37_axi_protocol_converter/mlp_system_axi_mem_intercon_imp_auto_pc_0_axi_protocol_converter_v2_1_37_axi3_conv/mlp_system_axi_mem_intercon_imp_auto_pc_0_axi_protocol_converter_v2_1_37_a_axi3_conv/mlp_system_axi_mem_intercon_imp_auto_pc_0_axi_data_fifo_v2_1_36_axic_fifo/mlp_system_axi_mem_intercon_imp_auto_pc_0_axi_data_fifo_v2_1_36_fifo_gen/<hidden>/<hidden>/<hidden>/<hidden>/<hidden>/<hidden>/<hidden>
    SLICE_X18Y42         RAMD32                                       r  mlp_system_wrapper/mlp_system/mlp_system_axi_mem_intercon_1/s00_couplers_imp_WXI7U5/mlp_system_axi_mem_intercon_imp_auto_pc_0/mlp_system_axi_mem_intercon_imp_auto_pc_0_axi_protocol_converter_v2_1_37_axi_protocol_converter/mlp_system_axi_mem_intercon_imp_auto_pc_0_axi_protocol_converter_v2_1_37_axi3_conv/mlp_system_axi_mem_intercon_imp_auto_pc_0_axi_protocol_converter_v2_1_37_a_axi3_conv/mlp_system_axi_mem_intercon_imp_auto_pc_0_axi_data_fifo_v2_1_36_axic_fifo/mlp_system_axi_mem_intercon_imp_auto_pc_0_axi_data_fifo_v2_1_36_fifo_gen/<hidden>/<hidden>/<hidden>/<hidden>/<hidden>/<hidden>/<hidden>
  -------------------------------------------------------------------    -------------------

                         (clock clk_fpga_0 rise edge)
                                                      0.000     0.000 r  
    PS7_X0Y0             PS7                          0.000     0.000 r  mlp_system_i/processing_system7_0/inst/PS7_i/FCLKCLK[0]
                         net (fo=1, routed)           0.337     0.337    mlp_system_i/processing_system7_0/inst/FCLK_CLK_unbuffered[0]
    BUFGCTRL_X0Y16       BUFG (Prop_bufg_I_O)         0.029     0.366 r  mlp_system_i/processing_system7_0/inst/buffer_fclk_clk_0.FCLK_CLK_0_BUFG/O
                         net (fo=2400, routed)        0.864     1.230    mlp_system_wrapper/mlp_system/mlp_system_axi_mem_intercon_1/s00_couplers_imp_WXI7U5/mlp_system_axi_mem_intercon_imp_auto_pc_0/mlp_system_axi_mem_intercon_imp_auto_pc_0_axi_protocol_converter_v2_1_37_axi_protocol_converter/mlp_system_axi_mem_intercon_imp_auto_pc_0_axi_protocol_converter_v2_1_37_axi3_conv/mlp_system_axi_mem_intercon_imp_auto_pc_0_axi_protocol_converter_v2_1_37_a_axi3_conv/mlp_system_axi_mem_intercon_imp_auto_pc_0_axi_data_fifo_v2_1_36_axic_fifo/mlp_system_axi_mem_intercon_imp_auto_pc_0_axi_data_fifo_v2_1_36_fifo_gen/<hidden>/<hidden>/<hidden>/<hidden>/<hidden>/<hidden>/<hidden>
    SLICE_X18Y42         RAMD32                                       r  mlp_system_wrapper/mlp_system/mlp_system_axi_mem_intercon_1/s00_couplers_imp_WXI7U5/mlp_system_axi_mem_intercon_imp_auto_pc_0/mlp_system_axi_mem_intercon_imp_auto_pc_0_axi_protocol_converter_v2_1_37_axi_protocol_converter/mlp_system_axi_mem_intercon_imp_auto_pc_0_axi_protocol_converter_v2_1_37_axi3_conv/mlp_system_axi_mem_intercon_imp_auto_pc_0_axi_protocol_converter_v2_1_37_a_axi3_conv/mlp_system_axi_mem_intercon_imp_auto_pc_0_axi_data_fifo_v2_1_36_axic_fifo/mlp_system_axi_mem_intercon_imp_auto_pc_0_axi_data_fifo_v2_1_36_fifo_gen/<hidden>/<hidden>/<hidden>/<hidden>/<hidden>/<hidden>/<hidden>
                         clock pessimism             -0.284     0.946    
    SLICE_X18Y42         RAMD32 (Hold_ramd32_CLK_WADR1)
                                                      0.309     1.255    mlp_system_wrapper/mlp_system/mlp_system_axi_mem_intercon_1/s00_couplers_imp_WXI7U5/mlp_system_axi_mem_intercon_imp_auto_pc_0/mlp_system_axi_mem_intercon_imp_auto_pc_0_axi_protocol_converter_v2_1_37_axi_protocol_converter/mlp_system_axi_mem_intercon_imp_auto_pc_0_axi_protocol_converter_v2_1_37_axi3_conv/mlp_system_axi_mem_intercon_imp_auto_pc_0_axi_protocol_converter_v2_1_37_a_axi3_conv/mlp_system_axi_mem_intercon_imp_auto_pc_0_axi_data_fifo_v2_1_36_axic_fifo/mlp_system_axi_mem_intercon_imp_auto_pc_0_axi_data_fifo_v2_1_36_fifo_gen/<hidden>/<hidden>/<hidden>/<hidden>/<hidden>/<hidden>/<hidden>
  -------------------------------------------------------------------
                         required time                         -1.255    
                         arrival time                           1.319    
  -------------------------------------------------------------------
                         slack                                  0.064    

Slack (MET) :             0.064ns  (arrival time - required time)
  Source:                 mlp_system_wrapper/mlp_system/mlp_system_axi_mem_intercon_1/s00_couplers_imp_WXI7U5/mlp_system_axi_mem_intercon_imp_auto_pc_0/mlp_system_axi_mem_intercon_imp_auto_pc_0_axi_protocol_converter_v2_1_37_axi_protocol_converter/mlp_system_axi_mem_intercon_imp_auto_pc_0_axi_protocol_converter_v2_1_37_axi3_conv/mlp_system_axi_mem_intercon_imp_auto_pc_0_axi_protocol_converter_v2_1_37_a_axi3_conv/mlp_system_axi_mem_intercon_imp_auto_pc_0_axi_data_fifo_v2_1_36_axic_fifo/mlp_system_axi_mem_intercon_imp_auto_pc_0_axi_data_fifo_v2_1_36_fifo_gen/<hidden>/<hidden>/<hidden>/<hidden>/<hidden>/<hidden>
                            (rising edge-triggered cell FDCE clocked by clk_fpga_0  {rise@0.000ns fall@5.000ns period=10.000ns})
  Destination:            mlp_system_wrapper/mlp_system/mlp_system_axi_mem_intercon_1/s00_couplers_imp_WXI7U5/mlp_system_axi_mem_intercon_imp_auto_pc_0/mlp_system_axi_mem_intercon_imp_auto_pc_0_axi_protocol_converter_v2_1_37_axi_protocol_converter/mlp_system_axi_mem_intercon_imp_auto_pc_0_axi_protocol_converter_v2_1_37_axi3_conv/mlp_system_axi_mem_intercon_imp_auto_pc_0_axi_protocol_converter_v2_1_37_a_axi3_conv/mlp_system_axi_mem_intercon_imp_auto_pc_0_axi_data_fifo_v2_1_36_axic_fifo/mlp_system_axi_mem_intercon_imp_auto_pc_0_axi_data_fifo_v2_1_36_fifo_gen/<hidden>/<hidden>/<hidden>/<hidden>/<hidden>/<hidden>/<hidden>
                            (rising edge-triggered cell RAMD32 clocked by clk_fpga_0  {rise@0.000ns fall@5.000ns period=10.000ns})
  Path Group:             clk_fpga_0
  Path Type:              Hold (Min at Fast Process Corner)
  Requirement:            0.000ns  (clk_fpga_0 rise@0.000ns - clk_fpga_0 rise@0.000ns)
  Data Path Delay:        0.389ns  (logic 0.141ns (36.218%)  route 0.248ns (63.782%))
  Logic Levels:           0  
  Clock Path Skew:        0.016ns (DCD - SCD - CPR)
    Destination Clock Delay (DCD):    1.230ns
    Source Clock Delay      (SCD):    0.930ns
    Clock Pessimism Removal (CPR):    0.284ns

    Location             Delay type                Incr(ns)  Path(ns)    Netlist Resource(s)
  -------------------------------------------------------------------    -------------------
                         (clock clk_fpga_0 rise edge)
                                                      0.000     0.000 r  
    PS7_X0Y0             PS7                          0.000     0.000 r  mlp_system_i/processing_system7_0/inst/PS7_i/FCLKCLK[0]
                         net (fo=1, routed)           0.310     0.310    mlp_system_i/processing_system7_0/inst/FCLK_CLK_unbuffered[0]
    BUFGCTRL_X0Y16       BUFG (Prop_bufg_I_O)         0.026     0.336 r  mlp_system_i/processing_system7_0/inst/buffer_fclk_clk_0.FCLK_CLK_0_BUFG/O
                         net (fo=2400, routed)        0.594     0.930    mlp_system_wrapper/mlp_system/mlp_system_axi_mem_intercon_1/s00_couplers_imp_WXI7U5/mlp_system_axi_mem_intercon_imp_auto_pc_0/mlp_system_axi_mem_intercon_imp_auto_pc_0_axi_protocol_converter_v2_1_37_axi_protocol_converter/mlp_system_axi_mem_intercon_imp_auto_pc_0_axi_protocol_converter_v2_1_37_axi3_conv/mlp_system_axi_mem_intercon_imp_auto_pc_0_axi_protocol_converter_v2_1_37_a_axi3_conv/mlp_system_axi_mem_intercon_imp_auto_pc_0_axi_data_fifo_v2_1_36_axic_fifo/mlp_system_axi_mem_intercon_imp_auto_pc_0_axi_data_fifo_v2_1_36_fifo_gen/<hidden>/<hidden>/<hidden>/<hidden>/<hidden>/<hidden>
    SLICE_X17Y42         FDCE                                         r  mlp_system_wrapper/mlp_system/mlp_system_axi_mem_intercon_1/s00_couplers_imp_WXI7U5/mlp_system_axi_mem_intercon_imp_auto_pc_0/mlp_system_axi_mem_intercon_imp_auto_pc_0_axi_protocol_converter_v2_1_37_axi_protocol_converter/mlp_system_axi_mem_intercon_imp_auto_pc_0_axi_protocol_converter_v2_1_37_axi3_conv/mlp_system_axi_mem_intercon_imp_auto_pc_0_axi_protocol_converter_v2_1_37_a_axi3_conv/mlp_system_axi_mem_intercon_imp_auto_pc_0_axi_data_fifo_v2_1_36_axic_fifo/mlp_system_axi_mem_intercon_imp_auto_pc_0_axi_data_fifo_v2_1_36_fifo_gen/<hidden>/<hidden>/<hidden>/<hidden>/<hidden>/<hidden>
  -------------------------------------------------------------------    -------------------
    SLICE_X17Y42         FDCE (Prop_fdce_C_Q)         0.141     1.071 r  mlp_system_wrapper/mlp_system/mlp_system_axi_mem_intercon_1/s00_couplers_imp_WXI7U5/mlp_system_axi_mem_intercon_imp_auto_pc_0/mlp_system_axi_mem_intercon_imp_auto_pc_0_axi_protocol_converter_v2_1_37_axi_protocol_converter/mlp_system_axi_mem_intercon_imp_auto_pc_0_axi_protocol_converter_v2_1_37_axi3_conv/mlp_system_axi_mem_intercon_imp_auto_pc_0_axi_protocol_converter_v2_1_37_a_axi3_conv/mlp_system_axi_mem_intercon_imp_auto_pc_0_axi_data_fifo_v2_1_36_axic_fifo/mlp_system_axi_mem_intercon_imp_auto_pc_0_axi_data_fifo_v2_1_36_fifo_gen/<hidden>/<hidden>/<hidden>/<hidden>/<hidden>/<hidden>
                         net (fo=5, routed)           0.248     1.319    mlp_system_wrapper/mlp_system/mlp_system_axi_mem_intercon_1/s00_couplers_imp_WXI7U5/mlp_system_axi_mem_intercon_imp_auto_pc_0/mlp_system_axi_mem_intercon_imp_auto_pc_0_axi_protocol_converter_v2_1_37_axi_protocol_converter/mlp_system_axi_mem_intercon_imp_auto_pc_0_axi_protocol_converter_v2_1_37_axi3_conv/mlp_system_axi_mem_intercon_imp_auto_pc_0_axi_protocol_converter_v2_1_37_a_axi3_conv/mlp_system_axi_mem_intercon_imp_auto_pc_0_axi_data_fifo_v2_1_36_axic_fifo/mlp_system_axi_mem_intercon_imp_auto_pc_0_axi_data_fifo_v2_1_36_fifo_gen/<hidden>/<hidden>/<hidden>/<hidden>/<hidden>/<hidden>/<hidden>
    SLICE_X18Y42         RAMD32                                       r  mlp_system_wrapper/mlp_system/mlp_system_axi_mem_intercon_1/s00_couplers_imp_WXI7U5/mlp_system_axi_mem_intercon_imp_auto_pc_0/mlp_system_axi_mem_intercon_imp_auto_pc_0_axi_protocol_converter_v2_1_37_axi_protocol_converter/mlp_system_axi_mem_intercon_imp_auto_pc_0_axi_protocol_converter_v2_1_37_axi3_conv/mlp_system_axi_mem_intercon_imp_auto_pc_0_axi_protocol_converter_v2_1_37_a_axi3_conv/mlp_system_axi_mem_intercon_imp_auto_pc_0_axi_data_fifo_v2_1_36_axic_fifo/mlp_system_axi_mem_intercon_imp_auto_pc_0_axi_data_fifo_v2_1_36_fifo_gen/<hidden>/<hidden>/<hidden>/<hidden>/<hidden>/<hidden>/<hidden>
  -------------------------------------------------------------------    -------------------

                         (clock clk_fpga_0 rise edge)
                                                      0.000     0.000 r  
    PS7_X0Y0             PS7                          0.000     0.000 r  mlp_system_i/processing_system7_0/inst/PS7_i/FCLKCLK[0]
                         net (fo=1, routed)           0.337     0.337    mlp_system_i/processing_system7_0/inst/FCLK_CLK_unbuffered[0]
    BUFGCTRL_X0Y16       BUFG (Prop_bufg_I_O)         0.029     0.366 r  mlp_system_i/processing_system7_0/inst/buffer_fclk_clk_0.FCLK_CLK_0_BUFG/O
                         net (fo=2400, routed)        0.864     1.230    mlp_system_wrapper/mlp_system/mlp_system_axi_mem_intercon_1/s00_couplers_imp_WXI7U5/mlp_system_axi_mem_intercon_imp_auto_pc_0/mlp_system_axi_mem_intercon_imp_auto_pc_0_axi_protocol_converter_v2_1_37_axi_protocol_converter/mlp_system_axi_mem_intercon_imp_auto_pc_0_axi_protocol_converter_v2_1_37_axi3_conv/mlp_system_axi_mem_intercon_imp_auto_pc_0_axi_protocol_converter_v2_1_37_a_axi3_conv/mlp_system_axi_mem_intercon_imp_auto_pc_0_axi_data_fifo_v2_1_36_axic_fifo/mlp_system_axi_mem_intercon_imp_auto_pc_0_axi_data_fifo_v2_1_36_fifo_gen/<hidden>/<hidden>/<hidden>/<hidden>/<hidden>/<hidden>/<hidden>
    SLICE_X18Y42         RAMD32                                       r  mlp_system_wrapper/mlp_system/mlp_system_axi_mem_intercon_1/s00_couplers_imp_WXI7U5/mlp_system_axi_mem_intercon_imp_auto_pc_0/mlp_system_axi_mem_intercon_imp_auto_pc_0_axi_protocol_converter_v2_1_37_axi_protocol_converter/mlp_system_axi_mem_intercon_imp_auto_pc_0_axi_protocol_converter_v2_1_37_axi3_conv/mlp_system_axi_mem_intercon_imp_auto_pc_0_axi_protocol_converter_v2_1_37_a_axi3_conv/mlp_system_axi_mem_intercon_imp_auto_pc_0_axi_data_fifo_v2_1_36_axic_fifo/mlp_system_axi_mem_intercon_imp_auto_pc_0_axi_data_fifo_v2_1_36_fifo_gen/<hidden>/<hidden>/<hidden>/<hidden>/<hidden>/<hidden>/<hidden>
                         clock pessimism             -0.284     0.946    
    SLICE_X18Y42         RAMD32 (Hold_ramd32_CLK_WADR1)
                                                      0.309     1.255    mlp_system_wrapper/mlp_system/mlp_system_axi_mem_intercon_1/s00_couplers_imp_WXI7U5/mlp_system_axi_mem_intercon_imp_auto_pc_0/mlp_system_axi_mem_intercon_imp_auto_pc_0_axi_protocol_converter_v2_1_37_axi_protocol_converter/mlp_system_axi_mem_intercon_imp_auto_pc_0_axi_protocol_converter_v2_1_37_axi3_conv/mlp_system_axi_mem_intercon_imp_auto_pc_0_axi_protocol_converter_v2_1_37_a_axi3_conv/mlp_system_axi_mem_intercon_imp_auto_pc_0_axi_data_fifo_v2_1_36_axic_fifo/mlp_system_axi_mem_intercon_imp_auto_pc_0_axi_data_fifo_v2_1_36_fifo_gen/<hidden>/<hidden>/<hidden>/<hidden>/<hidden>/<hidden>/<hidden>
  -------------------------------------------------------------------
                         required time                         -1.255    
                         arrival time                           1.319    
  -------------------------------------------------------------------
                         slack                                  0.064    

Slack (MET) :             0.074ns  (arrival time - required time)
  Source:                 mlp_system_wrapper/mlp_system/mlp_system_axi_mem_intercon_1/s00_couplers_imp_WXI7U5/mlp_system_axi_mem_intercon_imp_auto_pc_0/mlp_system_axi_mem_intercon_imp_auto_pc_0_axi_protocol_converter_v2_1_37_axi_protocol_converter/mlp_system_axi_mem_intercon_imp_auto_pc_0_axi_protocol_converter_v2_1_37_axi3_conv/mlp_system_axi_mem_intercon_imp_auto_pc_0_axi_protocol_converter_v2_1_37_a_axi3_conv/mlp_system_axi_mem_intercon_imp_auto_pc_0_axi_data_fifo_v2_1_36_axic_fifo/mlp_system_axi_mem_intercon_imp_auto_pc_0_axi_data_fifo_v2_1_36_fifo_gen/<hidden>/<hidden>/<hidden>/<hidden>/<hidden>/<hidden>
                            (rising edge-triggered cell FDCE clocked by clk_fpga_0  {rise@0.000ns fall@5.000ns period=10.000ns})
  Destination:            mlp_system_wrapper/mlp_system/mlp_system_axi_mem_intercon_1/s00_couplers_imp_WXI7U5/mlp_system_axi_mem_intercon_imp_auto_pc_0/mlp_system_axi_mem_intercon_imp_auto_pc_0_axi_protocol_converter_v2_1_37_axi_protocol_converter/mlp_system_axi_mem_intercon_imp_auto_pc_0_axi_protocol_converter_v2_1_37_axi3_conv/mlp_system_axi_mem_intercon_imp_auto_pc_0_axi_protocol_converter_v2_1_37_a_axi3_conv/mlp_system_axi_mem_intercon_imp_auto_pc_0_axi_data_fifo_v2_1_36_axic_fifo/mlp_system_axi_mem_intercon_imp_auto_pc_0_axi_data_fifo_v2_1_36_fifo_gen/<hidden>/<hidden>/<hidden>/<hidden>/<hidden>/<hidden>/<hidden>
                            (rising edge-triggered cell RAMD32 clocked by clk_fpga_0  {rise@0.000ns fall@5.000ns period=10.000ns})
  Path Group:             clk_fpga_0
  Path Type:              Hold (Min at Fast Process Corner)
  Requirement:            0.000ns  (clk_fpga_0 rise@0.000ns - clk_fpga_0 rise@0.000ns)
  Data Path Delay:        0.330ns  (logic 0.141ns (42.678%)  route 0.189ns (57.322%))
  Logic Levels:           0  
  Clock Path Skew:        0.016ns (DCD - SCD - CPR)
    Destination Clock Delay (DCD):    1.230ns
    Source Clock Delay      (SCD):    0.930ns
    Clock Pessimism Removal (CPR):    0.284ns

    Location             Delay type                Incr(ns)  Path(ns)    Netlist Resource(s)
  -------------------------------------------------------------------    -------------------
                         (clock clk_fpga_0 rise edge)
                                                      0.000     0.000 r  
    PS7_X0Y0             PS7                          0.000     0.000 r  mlp_system_i/processing_system7_0/inst/PS7_i/FCLKCLK[0]
                         net (fo=1, routed)           0.310     0.310    mlp_system_i/processing_system7_0/inst/FCLK_CLK_unbuffered[0]
    BUFGCTRL_X0Y16       BUFG (Prop_bufg_I_O)         0.026     0.336 r  mlp_system_i/processing_system7_0/inst/buffer_fclk_clk_0.FCLK_CLK_0_BUFG/O
                         net (fo=2400, routed)        0.594     0.930    mlp_system_wrapper/mlp_system/mlp_system_axi_mem_intercon_1/s00_couplers_imp_WXI7U5/mlp_system_axi_mem_intercon_imp_auto_pc_0/mlp_system_axi_mem_intercon_imp_auto_pc_0_axi_protocol_converter_v2_1_37_axi_protocol_converter/mlp_system_axi_mem_intercon_imp_auto_pc_0_axi_protocol_converter_v2_1_37_axi3_conv/mlp_system_axi_mem_intercon_imp_auto_pc_0_axi_protocol_converter_v2_1_37_a_axi3_conv/mlp_system_axi_mem_intercon_imp_auto_pc_0_axi_data_fifo_v2_1_36_axic_fifo/mlp_system_axi_mem_intercon_imp_auto_pc_0_axi_data_fifo_v2_1_36_fifo_gen/<hidden>/<hidden>/<hidden>/<hidden>/<hidden>/<hidden>
    SLICE_X17Y42         FDCE                                         r  mlp_system_wrapper/mlp_system/mlp_system_axi_mem_intercon_1/s00_couplers_imp_WXI7U5/mlp_system_axi_mem_intercon_imp_auto_pc_0/mlp_system_axi_mem_intercon_imp_auto_pc_0_axi_protocol_converter_v2_1_37_axi_protocol_converter/mlp_system_axi_mem_intercon_imp_auto_pc_0_axi_protocol_converter_v2_1_37_axi3_conv/mlp_system_axi_mem_intercon_imp_auto_pc_0_axi_protocol_converter_v2_1_37_a_axi3_conv/mlp_system_axi_mem_intercon_imp_auto_pc_0_axi_data_fifo_v2_1_36_axic_fifo/mlp_system_axi_mem_intercon_imp_auto_pc_0_axi_data_fifo_v2_1_36_fifo_gen/<hidden>/<hidden>/<hidden>/<hidden>/<hidden>/<hidden>
  -------------------------------------------------------------------    -------------------
    SLICE_X17Y42         FDCE (Prop_fdce_C_Q)         0.141     1.071 r  mlp_system_wrapper/mlp_system/mlp_system_axi_mem_intercon_1/s00_couplers_imp_WXI7U5/mlp_system_axi_mem_intercon_imp_auto_pc_0/mlp_system_axi_mem_intercon_imp_auto_pc_0_axi_protocol_converter_v2_1_37_axi_protocol_converter/mlp_system_axi_mem_intercon_imp_auto_pc_0_axi_protocol_converter_v2_1_37_axi3_conv/mlp_system_axi_mem_intercon_imp_auto_pc_0_axi_protocol_converter_v2_1_37_a_axi3_conv/mlp_system_axi_mem_intercon_imp_auto_pc_0_axi_data_fifo_v2_1_36_axic_fifo/mlp_system_axi_mem_intercon_imp_auto_pc_0_axi_data_fifo_v2_1_36_fifo_gen/<hidden>/<hidden>/<hidden>/<hidden>/<hidden>/<hidden>
                         net (fo=5, routed)           0.189     1.260    mlp_system_wrapper/mlp_system/mlp_system_axi_mem_intercon_1/s00_couplers_imp_WXI7U5/mlp_system_axi_mem_intercon_imp_auto_pc_0/mlp_system_axi_mem_intercon_imp_auto_pc_0_axi_protocol_converter_v2_1_37_axi_protocol_converter/mlp_system_axi_mem_intercon_imp_auto_pc_0_axi_protocol_converter_v2_1_37_axi3_conv/mlp_system_axi_mem_intercon_imp_auto_pc_0_axi_protocol_converter_v2_1_37_a_axi3_conv/mlp_system_axi_mem_intercon_imp_auto_pc_0_axi_data_fifo_v2_1_36_axic_fifo/mlp_system_axi_mem_intercon_imp_auto_pc_0_axi_data_fifo_v2_1_36_fifo_gen/<hidden>/<hidden>/<hidden>/<hidden>/<hidden>/<hidden>/<hidden>
    SLICE_X18Y42         RAMD32                                       r  mlp_system_wrapper/mlp_system/mlp_system_axi_mem_intercon_1/s00_couplers_imp_WXI7U5/mlp_system_axi_mem_intercon_imp_auto_pc_0/mlp_system_axi_mem_intercon_imp_auto_pc_0_axi_protocol_converter_v2_1_37_axi_protocol_converter/mlp_system_axi_mem_intercon_imp_auto_pc_0_axi_protocol_converter_v2_1_37_axi3_conv/mlp_system_axi_mem_intercon_imp_auto_pc_0_axi_protocol_converter_v2_1_37_a_axi3_conv/mlp_system_axi_mem_intercon_imp_auto_pc_0_axi_data_fifo_v2_1_36_axic_fifo/mlp_system_axi_mem_intercon_imp_auto_pc_0_axi_data_fifo_v2_1_36_fifo_gen/<hidden>/<hidden>/<hidden>/<hidden>/<hidden>/<hidden>/<hidden>
  -------------------------------------------------------------------    -------------------

                         (clock clk_fpga_0 rise edge)
                                                      0.000     0.000 r  
    PS7_X0Y0             PS7                          0.000     0.000 r  mlp_system_i/processing_system7_0/inst/PS7_i/FCLKCLK[0]
                         net (fo=1, routed)           0.337     0.337    mlp_system_i/processing_system7_0/inst/FCLK_CLK_unbuffered[0]
    BUFGCTRL_X0Y16       BUFG (Prop_bufg_I_O)         0.029     0.366 r  mlp_system_i/processing_system7_0/inst/buffer_fclk_clk_0.FCLK_CLK_0_BUFG/O
                         net (fo=2400, routed)        0.864     1.230    mlp_system_wrapper/mlp_system/mlp_system_axi_mem_intercon_1/s00_couplers_imp_WXI7U5/mlp_system_axi_mem_intercon_imp_auto_pc_0/mlp_system_axi_mem_intercon_imp_auto_pc_0_axi_protocol_converter_v2_1_37_axi_protocol_converter/mlp_system_axi_mem_intercon_imp_auto_pc_0_axi_protocol_converter_v2_1_37_axi3_conv/mlp_system_axi_mem_intercon_imp_auto_pc_0_axi_protocol_converter_v2_1_37_a_axi3_conv/mlp_system_axi_mem_intercon_imp_auto_pc_0_axi_data_fifo_v2_1_36_axic_fifo/mlp_system_axi_mem_intercon_imp_auto_pc_0_axi_data_fifo_v2_1_36_fifo_gen/<hidden>/<hidden>/<hidden>/<hidden>/<hidden>/<hidden>/<hidden>
    SLICE_X18Y42         RAMD32                                       r  mlp_system_wrapper/mlp_system/mlp_system_axi_mem_intercon_1/s00_couplers_imp_WXI7U5/mlp_system_axi_mem_intercon_imp_auto_pc_0/mlp_system_axi_mem_intercon_imp_auto_pc_0_axi_protocol_converter_v2_1_37_axi_protocol_converter/mlp_system_axi_mem_intercon_imp_auto_pc_0_axi_protocol_converter_v2_1_37_axi3_conv/mlp_system_axi_mem_intercon_imp_auto_pc_0_axi_protocol_converter_v2_1_37_a_axi3_conv/mlp_system_axi_mem_intercon_imp_auto_pc_0_axi_data_fifo_v2_1_36_axic_fifo/mlp_system_axi_mem_intercon_imp_auto_pc_0_axi_data_fifo_v2_1_36_fifo_gen/<hidden>/<hidden>/<hidden>/<hidden>/<hidden>/<hidden>/<hidden>
                         clock pessimism             -0.284     0.946    
    SLICE_X18Y42         RAMD32 (Hold_ramd32_CLK_WADR3)
                                                      0.240     1.186    mlp_system_wrapper/mlp_system/mlp_system_axi_mem_intercon_1/s00_couplers_imp_WXI7U5/mlp_system_axi_mem_intercon_imp_auto_pc_0/mlp_system_axi_mem_intercon_imp_auto_pc_0_axi_protocol_converter_v2_1_37_axi_protocol_converter/mlp_system_axi_mem_intercon_imp_auto_pc_0_axi_protocol_converter_v2_1_37_axi3_conv/mlp_system_axi_mem_intercon_imp_auto_pc_0_axi_protocol_converter_v2_1_37_a_axi3_conv/mlp_system_axi_mem_intercon_imp_auto_pc_0_axi_data_fifo_v2_1_36_axic_fifo/mlp_system_axi_mem_intercon_imp_auto_pc_0_axi_data_fifo_v2_1_36_fifo_gen/<hidden>/<hidden>/<hidden>/<hidden>/<hidden>/<hidden>/<hidden>
  -------------------------------------------------------------------
                         required time                         -1.186    
                         arrival time                           1.260    
  -------------------------------------------------------------------
                         slack                                  0.074    

Slack (MET) :             0.074ns  (arrival time - required time)
  Source:                 mlp_system_wrapper/mlp_system/mlp_system_axi_mem_intercon_1/s00_couplers_imp_WXI7U5/mlp_system_axi_mem_intercon_imp_auto_pc_0/mlp_system_axi_mem_intercon_imp_auto_pc_0_axi_protocol_converter_v2_1_37_axi_protocol_converter/mlp_system_axi_mem_intercon_imp_auto_pc_0_axi_protocol_converter_v2_1_37_axi3_conv/mlp_system_axi_mem_intercon_imp_auto_pc_0_axi_protocol_converter_v2_1_37_a_axi3_conv/mlp_system_axi_mem_intercon_imp_auto_pc_0_axi_data_fifo_v2_1_36_axic_fifo/mlp_system_axi_mem_intercon_imp_auto_pc_0_axi_data_fifo_v2_1_36_fifo_gen/<hidden>/<hidden>/<hidden>/<hidden>/<hidden>/<hidden>
                            (rising edge-triggered cell FDCE clocked by clk_fpga_0  {rise@0.000ns fall@5.000ns period=10.000ns})
  Destination:            mlp_system_wrapper/mlp_system/mlp_system_axi_mem_intercon_1/s00_couplers_imp_WXI7U5/mlp_system_axi_mem_intercon_imp_auto_pc_0/mlp_system_axi_mem_intercon_imp_auto_pc_0_axi_protocol_converter_v2_1_37_axi_protocol_converter/mlp_system_axi_mem_intercon_imp_auto_pc_0_axi_protocol_converter_v2_1_37_axi3_conv/mlp_system_axi_mem_intercon_imp_auto_pc_0_axi_protocol_converter_v2_1_37_a_axi3_conv/mlp_system_axi_mem_intercon_imp_auto_pc_0_axi_data_fifo_v2_1_36_axic_fifo/mlp_system_axi_mem_intercon_imp_auto_pc_0_axi_data_fifo_v2_1_36_fifo_gen/<hidden>/<hidden>/<hidden>/<hidden>/<hidden>/<hidden>/<hidden>
                            (rising edge-triggered cell RAMD32 clocked by clk_fpga_0  {rise@0.000ns fall@5.000ns period=10.000ns})
  Path Group:             clk_fpga_0
  Path Type:              Hold (Min at Fast Process Corner)
  Requirement:            0.000ns  (clk_fpga_0 rise@0.000ns - clk_fpga_0 rise@0.000ns)
  Data Path Delay:        0.330ns  (logic 0.141ns (42.678%)  route 0.189ns (57.322%))
  Logic Levels:           0  
  Clock Path Skew:        0.016ns (DCD - SCD - CPR)
    Destination Clock Delay (DCD):    1.230ns
    Source Clock Delay      (SCD):    0.930ns
    Clock Pessimism Removal (CPR):    0.284ns

    Location             Delay type                Incr(ns)  Path(ns)    Netlist Resource(s)
  -------------------------------------------------------------------    -------------------
                         (clock clk_fpga_0 rise edge)
                                                      0.000     0.000 r  
    PS7_X0Y0             PS7                          0.000     0.000 r  mlp_system_i/processing_system7_0/inst/PS7_i/FCLKCLK[0]
                         net (fo=1, routed)           0.310     0.310    mlp_system_i/processing_system7_0/inst/FCLK_CLK_unbuffered[0]
    BUFGCTRL_X0Y16       BUFG (Prop_bufg_I_O)         0.026     0.336 r  mlp_system_i/processing_system7_0/inst/buffer_fclk_clk_0.FCLK_CLK_0_BUFG/O
                         net (fo=2400, routed)        0.594     0.930    mlp_system_wrapper/mlp_system/mlp_system_axi_mem_intercon_1/s00_couplers_imp_WXI7U5/mlp_system_axi_mem_intercon_imp_auto_pc_0/mlp_system_axi_mem_intercon_imp_auto_pc_0_axi_protocol_converter_v2_1_37_axi_protocol_converter/mlp_system_axi_mem_intercon_imp_auto_pc_0_axi_protocol_converter_v2_1_37_axi3_conv/mlp_system_axi_mem_intercon_imp_auto_pc_0_axi_protocol_converter_v2_1_37_a_axi3_conv/mlp_system_axi_mem_intercon_imp_auto_pc_0_axi_data_fifo_v2_1_36_axic_fifo/mlp_system_axi_mem_intercon_imp_auto_pc_0_axi_data_fifo_v2_1_36_fifo_gen/<hidden>/<hidden>/<hidden>/<hidden>/<hidden>/<hidden>
    SLICE_X17Y42         FDCE                                         r  mlp_system_wrapper/mlp_system/mlp_system_axi_mem_intercon_1/s00_couplers_imp_WXI7U5/mlp_system_axi_mem_intercon_imp_auto_pc_0/mlp_system_axi_mem_intercon_imp_auto_pc_0_axi_protocol_converter_v2_1_37_axi_protocol_converter/mlp_system_axi_mem_intercon_imp_auto_pc_0_axi_protocol_converter_v2_1_37_axi3_conv/mlp_system_axi_mem_intercon_imp_auto_pc_0_axi_protocol_converter_v2_1_37_a_axi3_conv/mlp_system_axi_mem_intercon_imp_auto_pc_0_axi_data_fifo_v2_1_36_axic_fifo/mlp_system_axi_mem_intercon_imp_auto_pc_0_axi_data_fifo_v2_1_36_fifo_gen/<hidden>/<hidden>/<hidden>/<hidden>/<hidden>/<hidden>
  -------------------------------------------------------------------    -------------------
    SLICE_X17Y42         FDCE (Prop_fdce_C_Q)         0.141     1.071 r  mlp_system_wrapper/mlp_system/mlp_system_axi_mem_intercon_1/s00_couplers_imp_WXI7U5/mlp_system_axi_mem_intercon_imp_auto_pc_0/mlp_system_axi_mem_intercon_imp_auto_pc_0_axi_protocol_converter_v2_1_37_axi_protocol_converter/mlp_system_axi_mem_intercon_imp_auto_pc_0_axi_protocol_converter_v2_1_37_axi3_conv/mlp_system_axi_mem_intercon_imp_auto_pc_0_axi_protocol_converter_v2_1_37_a_axi3_conv/mlp_system_axi_mem_intercon_imp_auto_pc_0_axi_data_fifo_v2_1_36_axic_fifo/mlp_system_axi_mem_intercon_imp_auto_pc_0_axi_data_fifo_v2_1_36_fifo_gen/<hidden>/<hidden>/<hidden>/<hidden>/<hidden>/<hidden>
                         net (fo=5, routed)           0.189     1.260    mlp_system_wrapper/mlp_system/mlp_system_axi_mem_intercon_1/s00_couplers_imp_WXI7U5/mlp_system_axi_mem_intercon_imp_auto_pc_0/mlp_system_axi_mem_intercon_imp_auto_pc_0_axi_protocol_converter_v2_1_37_axi_protocol_converter/mlp_system_axi_mem_intercon_imp_auto_pc_0_axi_protocol_converter_v2_1_37_axi3_conv/mlp_system_axi_mem_intercon_imp_auto_pc_0_axi_protocol_converter_v2_1_37_a_axi3_conv/mlp_system_axi_mem_intercon_imp_auto_pc_0_axi_data_fifo_v2_1_36_axic_fifo/mlp_system_axi_mem_intercon_imp_auto_pc_0_axi_data_fifo_v2_1_36_fifo_gen/<hidden>/<hidden>/<hidden>/<hidden>/<hidden>/<hidden>/<hidden>
    SLICE_X18Y42         RAMD32                                       r  mlp_system_wrapper/mlp_system/mlp_system_axi_mem_intercon_1/s00_couplers_imp_WXI7U5/mlp_system_axi_mem_intercon_imp_auto_pc_0/mlp_system_axi_mem_intercon_imp_auto_pc_0_axi_protocol_converter_v2_1_37_axi_protocol_converter/mlp_system_axi_mem_intercon_imp_auto_pc_0_axi_protocol_converter_v2_1_37_axi3_conv/mlp_system_axi_mem_intercon_imp_auto_pc_0_axi_protocol_converter_v2_1_37_a_axi3_conv/mlp_system_axi_mem_intercon_imp_auto_pc_0_axi_data_fifo_v2_1_36_axic_fifo/mlp_system_axi_mem_intercon_imp_auto_pc_0_axi_data_fifo_v2_1_36_fifo_gen/<hidden>/<hidden>/<hidden>/<hidden>/<hidden>/<hidden>/<hidden>
  -------------------------------------------------------------------    -------------------

                         (clock clk_fpga_0 rise edge)
                                                      0.000     0.000 r  
    PS7_X0Y0             PS7                          0.000     0.000 r  mlp_system_i/processing_system7_0/inst/PS7_i/FCLKCLK[0]
                         net (fo=1, routed)           0.337     0.337    mlp_system_i/processing_system7_0/inst/FCLK_CLK_unbuffered[0]
    BUFGCTRL_X0Y16       BUFG (Prop_bufg_I_O)         0.029     0.366 r  mlp_system_i/processing_system7_0/inst/buffer_fclk_clk_0.FCLK_CLK_0_BUFG/O
                         net (fo=2400, routed)        0.864     1.230    mlp_system_wrapper/mlp_system/mlp_system_axi_mem_intercon_1/s00_couplers_imp_WXI7U5/mlp_system_axi_mem_intercon_imp_auto_pc_0/mlp_system_axi_mem_intercon_imp_auto_pc_0_axi_protocol_converter_v2_1_37_axi_protocol_converter/mlp_system_axi_mem_intercon_imp_auto_pc_0_axi_protocol_converter_v2_1_37_axi3_conv/mlp_system_axi_mem_intercon_imp_auto_pc_0_axi_protocol_converter_v2_1_37_a_axi3_conv/mlp_system_axi_mem_intercon_imp_auto_pc_0_axi_data_fifo_v2_1_36_axic_fifo/mlp_system_axi_mem_intercon_imp_auto_pc_0_axi_data_fifo_v2_1_36_fifo_gen/<hidden>/<hidden>/<hidden>/<hidden>/<hidden>/<hidden>/<hidden>
    SLICE_X18Y42         RAMD32                                       r  mlp_system_wrapper/mlp_system/mlp_system_axi_mem_intercon_1/s00_couplers_imp_WXI7U5/mlp_system_axi_mem_intercon_imp_auto_pc_0/mlp_system_axi_mem_intercon_imp_auto_pc_0_axi_protocol_converter_v2_1_37_axi_protocol_converter/mlp_system_axi_mem_intercon_imp_auto_pc_0_axi_protocol_converter_v2_1_37_axi3_conv/mlp_system_axi_mem_intercon_imp_auto_pc_0_axi_protocol_converter_v2_1_37_a_axi3_conv/mlp_system_axi_mem_intercon_imp_auto_pc_0_axi_data_fifo_v2_1_36_axic_fifo/mlp_system_axi_mem_intercon_imp_auto_pc_0_axi_data_fifo_v2_1_36_fifo_gen/<hidden>/<hidden>/<hidden>/<hidden>/<hidden>/<hidden>/<hidden>
                         clock pessimism             -0.284     0.946    
    SLICE_X18Y42         RAMD32 (Hold_ramd32_CLK_WADR3)
                                                      0.240     1.186    mlp_system_wrapper/mlp_system/mlp_system_axi_mem_intercon_1/s00_couplers_imp_WXI7U5/mlp_system_axi_mem_intercon_imp_auto_pc_0/mlp_system_axi_mem_intercon_imp_auto_pc_0_axi_protocol_converter_v2_1_37_axi_protocol_converter/mlp_system_axi_mem_intercon_imp_auto_pc_0_axi_protocol_converter_v2_1_37_axi3_conv/mlp_system_axi_mem_intercon_imp_auto_pc_0_axi_protocol_converter_v2_1_37_a_axi3_conv/mlp_system_axi_mem_intercon_imp_auto_pc_0_axi_data_fifo_v2_1_36_axic_fifo/mlp_system_axi_mem_intercon_imp_auto_pc_0_axi_data_fifo_v2_1_36_fifo_gen/<hidden>/<hidden>/<hidden>/<hidden>/<hidden>/<hidden>/<hidden>
  -------------------------------------------------------------------
                         required time                         -1.186    
                         arrival time                           1.260    
  -------------------------------------------------------------------
                         slack                                  0.074    

Slack (MET) :             0.076ns  (arrival time - required time)
  Source:                 mlp_system_wrapper/mlp_system/mlp_system_axi_mem_intercon_1/s00_couplers_imp_WXI7U5/mlp_system_axi_mem_intercon_imp_auto_pc_0/mlp_system_axi_mem_intercon_imp_auto_pc_0_axi_protocol_converter_v2_1_37_axi_protocol_converter/mlp_system_axi_mem_intercon_imp_auto_pc_0_axi_protocol_converter_v2_1_37_axi3_conv/mlp_system_axi_mem_intercon_imp_auto_pc_0_axi_protocol_converter_v2_1_37_a_axi3_conv/mlp_system_axi_mem_intercon_imp_auto_pc_0_axi_data_fifo_v2_1_36_axic_fifo/mlp_system_axi_mem_intercon_imp_auto_pc_0_axi_data_fifo_v2_1_36_fifo_gen/<hidden>/<hidden>/<hidden>/<hidden>/<hidden>/<hidden>
                            (rising edge-triggered cell FDCE clocked by clk_fpga_0  {rise@0.000ns fall@5.000ns period=10.000ns})
  Destination:            mlp_system_wrapper/mlp_system/mlp_system_axi_mem_intercon_1/s00_couplers_imp_WXI7U5/mlp_system_axi_mem_intercon_imp_auto_pc_0/mlp_system_axi_mem_intercon_imp_auto_pc_0_axi_protocol_converter_v2_1_37_axi_protocol_converter/mlp_system_axi_mem_intercon_imp_auto_pc_0_axi_protocol_converter_v2_1_37_axi3_conv/mlp_system_axi_mem_intercon_imp_auto_pc_0_axi_protocol_converter_v2_1_37_a_axi3_conv/mlp_system_axi_mem_intercon_imp_auto_pc_0_axi_data_fifo_v2_1_36_axic_fifo/mlp_system_axi_mem_intercon_imp_auto_pc_0_axi_data_fifo_v2_1_36_fifo_gen/<hidden>/<hidden>/<hidden>/<hidden>/<hidden>/<hidden>/<hidden>
                            (rising edge-triggered cell RAMD32 clocked by clk_fpga_0  {rise@0.000ns fall@5.000ns period=10.000ns})
  Path Group:             clk_fpga_0
  Path Type:              Hold (Min at Fast Process Corner)
  Requirement:            0.000ns  (clk_fpga_0 rise@0.000ns - clk_fpga_0 rise@0.000ns)
  Data Path Delay:        0.346ns  (logic 0.141ns (40.707%)  route 0.205ns (59.293%))
  Logic Levels:           0  
  Clock Path Skew:        0.016ns (DCD - SCD - CPR)
    Destination Clock Delay (DCD):    1.230ns
    Source Clock Delay      (SCD):    0.930ns
    Clock Pessimism Removal (CPR):    0.284ns

    Location             Delay type                Incr(ns)  Path(ns)    Netlist Resource(s)
  -------------------------------------------------------------------    -------------------
                         (clock clk_fpga_0 rise edge)
                                                      0.000     0.000 r  
    PS7_X0Y0             PS7                          0.000     0.000 r  mlp_system_i/processing_system7_0/inst/PS7_i/FCLKCLK[0]
                         net (fo=1, routed)           0.310     0.310    mlp_system_i/processing_system7_0/inst/FCLK_CLK_unbuffered[0]
    BUFGCTRL_X0Y16       BUFG (Prop_bufg_I_O)         0.026     0.336 r  mlp_system_i/processing_system7_0/inst/buffer_fclk_clk_0.FCLK_CLK_0_BUFG/O
                         net (fo=2400, routed)        0.594     0.930    mlp_system_wrapper/mlp_system/mlp_system_axi_mem_intercon_1/s00_couplers_imp_WXI7U5/mlp_system_axi_mem_intercon_imp_auto_pc_0/mlp_system_axi_mem_intercon_imp_auto_pc_0_axi_protocol_converter_v2_1_37_axi_protocol_converter/mlp_system_axi_mem_intercon_imp_auto_pc_0_axi_protocol_converter_v2_1_37_axi3_conv/mlp_system_axi_mem_intercon_imp_auto_pc_0_axi_protocol_converter_v2_1_37_a_axi3_conv/mlp_system_axi_mem_intercon_imp_auto_pc_0_axi_data_fifo_v2_1_36_axic_fifo/mlp_system_axi_mem_intercon_imp_auto_pc_0_axi_data_fifo_v2_1_36_fifo_gen/<hidden>/<hidden>/<hidden>/<hidden>/<hidden>/<hidden>
    SLICE_X17Y42         FDCE                                         r  mlp_system_wrapper/mlp_system/mlp_system_axi_mem_intercon_1/s00_couplers_imp_WXI7U5/mlp_system_axi_mem_intercon_imp_auto_pc_0/mlp_system_axi_mem_intercon_imp_auto_pc_0_axi_protocol_converter_v2_1_37_axi_protocol_converter/mlp_system_axi_mem_intercon_imp_auto_pc_0_axi_protocol_converter_v2_1_37_axi3_conv/mlp_system_axi_mem_intercon_imp_auto_pc_0_axi_protocol_converter_v2_1_37_a_axi3_conv/mlp_system_axi_mem_intercon_imp_auto_pc_0_axi_data_fifo_v2_1_36_axic_fifo/mlp_system_axi_mem_intercon_imp_auto_pc_0_axi_data_fifo_v2_1_36_fifo_gen/<hidden>/<hidden>/<hidden>/<hidden>/<hidden>/<hidden>
  -------------------------------------------------------------------    -------------------
    SLICE_X17Y42         FDCE (Prop_fdce_C_Q)         0.141     1.071 r  mlp_system_wrapper/mlp_system/mlp_system_axi_mem_intercon_1/s00_couplers_imp_WXI7U5/mlp_system_axi_mem_intercon_imp_auto_pc_0/mlp_system_axi_mem_intercon_imp_auto_pc_0_axi_protocol_converter_v2_1_37_axi_protocol_converter/mlp_system_axi_mem_intercon_imp_auto_pc_0_axi_protocol_converter_v2_1_37_axi3_conv/mlp_system_axi_mem_intercon_imp_auto_pc_0_axi_protocol_converter_v2_1_37_a_axi3_conv/mlp_system_axi_mem_intercon_imp_auto_pc_0_axi_data_fifo_v2_1_36_axic_fifo/mlp_system_axi_mem_intercon_imp_auto_pc_0_axi_data_fifo_v2_1_36_fifo_gen/<hidden>/<hidden>/<hidden>/<hidden>/<hidden>/<hidden>
                         net (fo=5, routed)           0.205     1.276    mlp_system_wrapper/mlp_system/mlp_system_axi_mem_intercon_1/s00_couplers_imp_WXI7U5/mlp_system_axi_mem_intercon_imp_auto_pc_0/mlp_system_axi_mem_intercon_imp_auto_pc_0_axi_protocol_converter_v2_1_37_axi_protocol_converter/mlp_system_axi_mem_intercon_imp_auto_pc_0_axi_protocol_converter_v2_1_37_axi3_conv/mlp_system_axi_mem_intercon_imp_auto_pc_0_axi_protocol_converter_v2_1_37_a_axi3_conv/mlp_system_axi_mem_intercon_imp_auto_pc_0_axi_data_fifo_v2_1_36_axic_fifo/mlp_system_axi_mem_intercon_imp_auto_pc_0_axi_data_fifo_v2_1_36_fifo_gen/<hidden>/<hidden>/<hidden>/<hidden>/<hidden>/<hidden>/<hidden>
    SLICE_X18Y42         RAMD32                                       r  mlp_system_wrapper/mlp_system/mlp_system_axi_mem_intercon_1/s00_couplers_imp_WXI7U5/mlp_system_axi_mem_intercon_imp_auto_pc_0/mlp_system_axi_mem_intercon_imp_auto_pc_0_axi_protocol_converter_v2_1_37_axi_protocol_converter/mlp_system_axi_mem_intercon_imp_auto_pc_0_axi_protocol_converter_v2_1_37_axi3_conv/mlp_system_axi_mem_intercon_imp_auto_pc_0_axi_protocol_converter_v2_1_37_a_axi3_conv/mlp_system_axi_mem_intercon_imp_auto_pc_0_axi_data_fifo_v2_1_36_axic_fifo/mlp_system_axi_mem_intercon_imp_auto_pc_0_axi_data_fifo_v2_1_36_fifo_gen/<hidden>/<hidden>/<hidden>/<hidden>/<hidden>/<hidden>/<hidden>
  -------------------------------------------------------------------    -------------------

                         (clock clk_fpga_0 rise edge)
                                                      0.000     0.000 r  
    PS7_X0Y0             PS7                          0.000     0.000 r  mlp_system_i/processing_system7_0/inst/PS7_i/FCLKCLK[0]
                         net (fo=1, routed)           0.337     0.337    mlp_system_i/processing_system7_0/inst/FCLK_CLK_unbuffered[0]
    BUFGCTRL_X0Y16       BUFG (Prop_bufg_I_O)         0.029     0.366 r  mlp_system_i/processing_system7_0/inst/buffer_fclk_clk_0.FCLK_CLK_0_BUFG/O
                         net (fo=2400, routed)        0.864     1.230    mlp_system_wrapper/mlp_system/mlp_system_axi_mem_intercon_1/s00_couplers_imp_WXI7U5/mlp_system_axi_mem_intercon_imp_auto_pc_0/mlp_system_axi_mem_intercon_imp_auto_pc_0_axi_protocol_converter_v2_1_37_axi_protocol_converter/mlp_system_axi_mem_intercon_imp_auto_pc_0_axi_protocol_converter_v2_1_37_axi3_conv/mlp_system_axi_mem_intercon_imp_auto_pc_0_axi_protocol_converter_v2_1_37_a_axi3_conv/mlp_system_axi_mem_intercon_imp_auto_pc_0_axi_data_fifo_v2_1_36_axic_fifo/mlp_system_axi_mem_intercon_imp_auto_pc_0_axi_data_fifo_v2_1_36_fifo_gen/<hidden>/<hidden>/<hidden>/<hidden>/<hidden>/<hidden>/<hidden>
    SLICE_X18Y42         RAMD32                                       r  mlp_system_wrapper/mlp_system/mlp_system_axi_mem_intercon_1/s00_couplers_imp_WXI7U5/mlp_system_axi_mem_intercon_imp_auto_pc_0/mlp_system_axi_mem_intercon_imp_auto_pc_0_axi_protocol_converter_v2_1_37_axi_protocol_converter/mlp_system_axi_mem_intercon_imp_auto_pc_0_axi_protocol_converter_v2_1_37_axi3_conv/mlp_system_axi_mem_intercon_imp_auto_pc_0_axi_protocol_converter_v2_1_37_a_axi3_conv/mlp_system_axi_mem_intercon_imp_auto_pc_0_axi_data_fifo_v2_1_36_axic_fifo/mlp_system_axi_mem_intercon_imp_auto_pc_0_axi_data_fifo_v2_1_36_fifo_gen/<hidden>/<hidden>/<hidden>/<hidden>/<hidden>/<hidden>/<hidden>
                         clock pessimism             -0.284     0.946    
    SLICE_X18Y42         RAMD32 (Hold_ramd32_CLK_WADR2)
                                                      0.254     1.200    mlp_system_wrapper/mlp_system/mlp_system_axi_mem_intercon_1/s00_couplers_imp_WXI7U5/mlp_system_axi_mem_intercon_imp_auto_pc_0/mlp_system_axi_mem_intercon_imp_auto_pc_0_axi_protocol_converter_v2_1_37_axi_protocol_converter/mlp_system_axi_mem_intercon_imp_auto_pc_0_axi_protocol_converter_v2_1_37_axi3_conv/mlp_system_axi_mem_intercon_imp_auto_pc_0_axi_protocol_converter_v2_1_37_a_axi3_conv/mlp_system_axi_mem_intercon_imp_auto_pc_0_axi_data_fifo_v2_1_36_axic_fifo/mlp_system_axi_mem_intercon_imp_auto_pc_0_axi_data_fifo_v2_1_36_fifo_gen/<hidden>/<hidden>/<hidden>/<hidden>/<hidden>/<hidden>/<hidden>
  -------------------------------------------------------------------
                         required time                         -1.200    
                         arrival time                           1.276    
  -------------------------------------------------------------------
                         slack                                  0.076    

Slack (MET) :             0.076ns  (arrival time - required time)
  Source:                 mlp_system_wrapper/mlp_system/mlp_system_axi_mem_intercon_1/s00_couplers_imp_WXI7U5/mlp_system_axi_mem_intercon_imp_auto_pc_0/mlp_system_axi_mem_intercon_imp_auto_pc_0_axi_protocol_converter_v2_1_37_axi_protocol_converter/mlp_system_axi_mem_intercon_imp_auto_pc_0_axi_protocol_converter_v2_1_37_axi3_conv/mlp_system_axi_mem_intercon_imp_auto_pc_0_axi_protocol_converter_v2_1_37_a_axi3_conv/mlp_system_axi_mem_intercon_imp_auto_pc_0_axi_data_fifo_v2_1_36_axic_fifo/mlp_system_axi_mem_intercon_imp_auto_pc_0_axi_data_fifo_v2_1_36_fifo_gen/<hidden>/<hidden>/<hidden>/<hidden>/<hidden>/<hidden>
                            (rising edge-triggered cell FDCE clocked by clk_fpga_0  {rise@0.000ns fall@5.000ns period=10.000ns})
  Destination:            mlp_system_wrapper/mlp_system/mlp_system_axi_mem_intercon_1/s00_couplers_imp_WXI7U5/mlp_system_axi_mem_intercon_imp_auto_pc_0/mlp_system_axi_mem_intercon_imp_auto_pc_0_axi_protocol_converter_v2_1_37_axi_protocol_converter/mlp_system_axi_mem_intercon_imp_auto_pc_0_axi_protocol_converter_v2_1_37_axi3_conv/mlp_system_axi_mem_intercon_imp_auto_pc_0_axi_protocol_converter_v2_1_37_a_axi3_conv/mlp_system_axi_mem_intercon_imp_auto_pc_0_axi_data_fifo_v2_1_36_axic_fifo/mlp_system_axi_mem_intercon_imp_auto_pc_0_axi_data_fifo_v2_1_36_fifo_gen/<hidden>/<hidden>/<hidden>/<hidden>/<hidden>/<hidden>/<hidden>
                            (rising edge-triggered cell RAMD32 clocked by clk_fpga_0  {rise@0.000ns fall@5.000ns period=10.000ns})
  Path Group:             clk_fpga_0
  Path Type:              Hold (Min at Fast Process Corner)
  Requirement:            0.000ns  (clk_fpga_0 rise@0.000ns - clk_fpga_0 rise@0.000ns)
  Data Path Delay:        0.346ns  (logic 0.141ns (40.707%)  route 0.205ns (59.293%))
  Logic Levels:           0  
  Clock Path Skew:        0.016ns (DCD - SCD - CPR)
    Destination Clock Delay (DCD):    1.230ns
    Source Clock Delay      (SCD):    0.930ns
    Clock Pessimism Removal (CPR):    0.284ns

    Location             Delay type                Incr(ns)  Path(ns)    Netlist Resource(s)
  -------------------------------------------------------------------    -------------------
                         (clock clk_fpga_0 rise edge)
                                                      0.000     0.000 r  
    PS7_X0Y0             PS7                          0.000     0.000 r  mlp_system_i/processing_system7_0/inst/PS7_i/FCLKCLK[0]
                         net (fo=1, routed)           0.310     0.310    mlp_system_i/processing_system7_0/inst/FCLK_CLK_unbuffered[0]
    BUFGCTRL_X0Y16       BUFG (Prop_bufg_I_O)         0.026     0.336 r  mlp_system_i/processing_system7_0/inst/buffer_fclk_clk_0.FCLK_CLK_0_BUFG/O
                         net (fo=2400, routed)        0.594     0.930    mlp_system_wrapper/mlp_system/mlp_system_axi_mem_intercon_1/s00_couplers_imp_WXI7U5/mlp_system_axi_mem_intercon_imp_auto_pc_0/mlp_system_axi_mem_intercon_imp_auto_pc_0_axi_protocol_converter_v2_1_37_axi_protocol_converter/mlp_system_axi_mem_intercon_imp_auto_pc_0_axi_protocol_converter_v2_1_37_axi3_conv/mlp_system_axi_mem_intercon_imp_auto_pc_0_axi_protocol_converter_v2_1_37_a_axi3_conv/mlp_system_axi_mem_intercon_imp_auto_pc_0_axi_data_fifo_v2_1_36_axic_fifo/mlp_system_axi_mem_intercon_imp_auto_pc_0_axi_data_fifo_v2_1_36_fifo_gen/<hidden>/<hidden>/<hidden>/<hidden>/<hidden>/<hidden>
    SLICE_X17Y42         FDCE                                         r  mlp_system_wrapper/mlp_system/mlp_system_axi_mem_intercon_1/s00_couplers_imp_WXI7U5/mlp_system_axi_mem_intercon_imp_auto_pc_0/mlp_system_axi_mem_intercon_imp_auto_pc_0_axi_protocol_converter_v2_1_37_axi_protocol_converter/mlp_system_axi_mem_intercon_imp_auto_pc_0_axi_protocol_converter_v2_1_37_axi3_conv/mlp_system_axi_mem_intercon_imp_auto_pc_0_axi_protocol_converter_v2_1_37_a_axi3_conv/mlp_system_axi_mem_intercon_imp_auto_pc_0_axi_data_fifo_v2_1_36_axic_fifo/mlp_system_axi_mem_intercon_imp_auto_pc_0_axi_data_fifo_v2_1_36_fifo_gen/<hidden>/<hidden>/<hidden>/<hidden>/<hidden>/<hidden>
  -------------------------------------------------------------------    -------------------
    SLICE_X17Y42         FDCE (Prop_fdce_C_Q)         0.141     1.071 r  mlp_system_wrapper/mlp_system/mlp_system_axi_mem_intercon_1/s00_couplers_imp_WXI7U5/mlp_system_axi_mem_intercon_imp_auto_pc_0/mlp_system_axi_mem_intercon_imp_auto_pc_0_axi_protocol_converter_v2_1_37_axi_protocol_converter/mlp_system_axi_mem_intercon_imp_auto_pc_0_axi_protocol_converter_v2_1_37_axi3_conv/mlp_system_axi_mem_intercon_imp_auto_pc_0_axi_protocol_converter_v2_1_37_a_axi3_conv/mlp_system_axi_mem_intercon_imp_auto_pc_0_axi_data_fifo_v2_1_36_axic_fifo/mlp_system_axi_mem_intercon_imp_auto_pc_0_axi_data_fifo_v2_1_36_fifo_gen/<hidden>/<hidden>/<hidden>/<hidden>/<hidden>/<hidden>
                         net (fo=5, routed)           0.205     1.276    mlp_system_wrapper/mlp_system/mlp_system_axi_mem_intercon_1/s00_couplers_imp_WXI7U5/mlp_system_axi_mem_intercon_imp_auto_pc_0/mlp_system_axi_mem_intercon_imp_auto_pc_0_axi_protocol_converter_v2_1_37_axi_protocol_converter/mlp_system_axi_mem_intercon_imp_auto_pc_0_axi_protocol_converter_v2_1_37_axi3_conv/mlp_system_axi_mem_intercon_imp_auto_pc_0_axi_protocol_converter_v2_1_37_a_axi3_conv/mlp_system_axi_mem_intercon_imp_auto_pc_0_axi_data_fifo_v2_1_36_axic_fifo/mlp_system_axi_mem_intercon_imp_auto_pc_0_axi_data_fifo_v2_1_36_fifo_gen/<hidden>/<hidden>/<hidden>/<hidden>/<hidden>/<hidden>/<hidden>
    SLICE_X18Y42         RAMD32                                       r  mlp_system_wrapper/mlp_system/mlp_system_axi_mem_intercon_1/s00_couplers_imp_WXI7U5/mlp_system_axi_mem_intercon_imp_auto_pc_0/mlp_system_axi_mem_intercon_imp_auto_pc_0_axi_protocol_converter_v2_1_37_axi_protocol_converter/mlp_system_axi_mem_intercon_imp_auto_pc_0_axi_protocol_converter_v2_1_37_axi3_conv/mlp_system_axi_mem_intercon_imp_auto_pc_0_axi_protocol_converter_v2_1_37_a_axi3_conv/mlp_system_axi_mem_intercon_imp_auto_pc_0_axi_data_fifo_v2_1_36_axic_fifo/mlp_system_axi_mem_intercon_imp_auto_pc_0_axi_data_fifo_v2_1_36_fifo_gen/<hidden>/<hidden>/<hidden>/<hidden>/<hidden>/<hidden>/<hidden>
  -------------------------------------------------------------------    -------------------

                         (clock clk_fpga_0 rise edge)
                                                      0.000     0.000 r  
    PS7_X0Y0             PS7                          0.000     0.000 r  mlp_system_i/processing_system7_0/inst/PS7_i/FCLKCLK[0]
                         net (fo=1, routed)           0.337     0.337    mlp_system_i/processing_system7_0/inst/FCLK_CLK_unbuffered[0]
    BUFGCTRL_X0Y16       BUFG (Prop_bufg_I_O)         0.029     0.366 r  mlp_system_i/processing_system7_0/inst/buffer_fclk_clk_0.FCLK_CLK_0_BUFG/O
                         net (fo=2400, routed)        0.864     1.230    mlp_system_wrapper/mlp_system/mlp_system_axi_mem_intercon_1/s00_couplers_imp_WXI7U5/mlp_system_axi_mem_intercon_imp_auto_pc_0/mlp_system_axi_mem_intercon_imp_auto_pc_0_axi_protocol_converter_v2_1_37_axi_protocol_converter/mlp_system_axi_mem_intercon_imp_auto_pc_0_axi_protocol_converter_v2_1_37_axi3_conv/mlp_system_axi_mem_intercon_imp_auto_pc_0_axi_protocol_converter_v2_1_37_a_axi3_conv/mlp_system_axi_mem_intercon_imp_auto_pc_0_axi_data_fifo_v2_1_36_axic_fifo/mlp_system_axi_mem_intercon_imp_auto_pc_0_axi_data_fifo_v2_1_36_fifo_gen/<hidden>/<hidden>/<hidden>/<hidden>/<hidden>/<hidden>/<hidden>
    SLICE_X18Y42         RAMD32                                       r  mlp_system_wrapper/mlp_system/mlp_system_axi_mem_intercon_1/s00_couplers_imp_WXI7U5/mlp_system_axi_mem_intercon_imp_auto_pc_0/mlp_system_axi_mem_intercon_imp_auto_pc_0_axi_protocol_converter_v2_1_37_axi_protocol_converter/mlp_system_axi_mem_intercon_imp_auto_pc_0_axi_protocol_converter_v2_1_37_axi3_conv/mlp_system_axi_mem_intercon_imp_auto_pc_0_axi_protocol_converter_v2_1_37_a_axi3_conv/mlp_system_axi_mem_intercon_imp_auto_pc_0_axi_data_fifo_v2_1_36_axic_fifo/mlp_system_axi_mem_intercon_imp_auto_pc_0_axi_data_fifo_v2_1_36_fifo_gen/<hidden>/<hidden>/<hidden>/<hidden>/<hidden>/<hidden>/<hidden>
                         clock pessimism             -0.284     0.946    
    SLICE_X18Y42         RAMD32 (Hold_ramd32_CLK_WADR2)
                                                      0.254     1.200    mlp_system_wrapper/mlp_system/mlp_system_axi_mem_intercon_1/s00_couplers_imp_WXI7U5/mlp_system_axi_mem_intercon_imp_auto_pc_0/mlp_system_axi_mem_intercon_imp_auto_pc_0_axi_protocol_converter_v2_1_37_axi_protocol_converter/mlp_system_axi_mem_intercon_imp_auto_pc_0_axi_protocol_converter_v2_1_37_axi3_conv/mlp_system_axi_mem_intercon_imp_auto_pc_0_axi_protocol_converter_v2_1_37_a_axi3_conv/mlp_system_axi_mem_intercon_imp_auto_pc_0_axi_data_fifo_v2_1_36_axic_fifo/mlp_system_axi_mem_intercon_imp_auto_pc_0_axi_data_fifo_v2_1_36_fifo_gen/<hidden>/<hidden>/<hidden>/<hidden>/<hidden>/<hidden>/<hidden>
  -------------------------------------------------------------------
                         required time                         -1.200    
                         arrival time                           1.276    
  -------------------------------------------------------------------
                         slack                                  0.076    

Slack (MET) :             0.100ns  (arrival time - required time)
  Source:                 mlp_system_i/axi_dma_0/U0/I_PRMRY_DATAMOVER/GEN_MM2S_FULL.I_MM2S_FULL_WRAPPER/I_ADDR_CNTL/sig_addr_valid_reg_reg/C
                            (rising edge-triggered cell FDRE clocked by clk_fpga_0  {rise@0.000ns fall@5.000ns period=10.000ns})
  Destination:            mlp_system_i/axi_mem_intercon/s00_couplers/auto_pc/inst/gen_axi4_axi3.axi3_conv_inst/USE_READ.USE_SPLIT_R.read_addr_inst/S_AXI_AREADY_I_reg/D
                            (rising edge-triggered cell FDRE clocked by clk_fpga_0  {rise@0.000ns fall@5.000ns period=10.000ns})
  Path Group:             clk_fpga_0
  Path Type:              Hold (Min at Fast Process Corner)
  Requirement:            0.000ns  (clk_fpga_0 rise@0.000ns - clk_fpga_0 rise@0.000ns)
  Data Path Delay:        0.502ns  (logic 0.209ns (41.641%)  route 0.293ns (58.359%))
  Logic Levels:           1  (LUT6=1)
  Clock Path Skew:        0.282ns (DCD - SCD - CPR)
    Destination Clock Delay (DCD):    1.224ns
    Source Clock Delay      (SCD):    0.912ns
    Clock Pessimism Removal (CPR):    0.030ns

    Location             Delay type                Incr(ns)  Path(ns)    Netlist Resource(s)
  -------------------------------------------------------------------    -------------------
                         (clock clk_fpga_0 rise edge)
                                                      0.000     0.000 r  
    PS7_X0Y0             PS7                          0.000     0.000 r  mlp_system_i/processing_system7_0/inst/PS7_i/FCLKCLK[0]
                         net (fo=1, routed)           0.310     0.310    mlp_system_i/processing_system7_0/inst/FCLK_CLK_unbuffered[0]
    BUFGCTRL_X0Y16       BUFG (Prop_bufg_I_O)         0.026     0.336 r  mlp_system_i/processing_system7_0/inst/buffer_fclk_clk_0.FCLK_CLK_0_BUFG/O
                         net (fo=2400, routed)        0.576     0.912    mlp_system_i/axi_dma_0/U0/I_PRMRY_DATAMOVER/GEN_MM2S_FULL.I_MM2S_FULL_WRAPPER/I_ADDR_CNTL/m_axi_mm2s_aclk
    SLICE_X30Y53         FDRE                                         r  mlp_system_i/axi_dma_0/U0/I_PRMRY_DATAMOVER/GEN_MM2S_FULL.I_MM2S_FULL_WRAPPER/I_ADDR_CNTL/sig_addr_valid_reg_reg/C
  -------------------------------------------------------------------    -------------------
    SLICE_X30Y53         FDRE (Prop_fdre_C_Q)         0.164     1.076 f  mlp_system_i/axi_dma_0/U0/I_PRMRY_DATAMOVER/GEN_MM2S_FULL.I_MM2S_FULL_WRAPPER/I_ADDR_CNTL/sig_addr_valid_reg_reg/Q
                         net (fo=2, routed)           0.293     1.369    mlp_system_i/axi_mem_intercon/s00_couplers/auto_pc/inst/gen_axi4_axi3.axi3_conv_inst/USE_READ.USE_SPLIT_R.read_addr_inst/USE_R_CHANNEL.cmd_queue/inst/s_axi_arvalid
    SLICE_X26Y42         LUT6 (Prop_lut6_I4_O)        0.045     1.414 r  mlp_system_i/axi_mem_intercon/s00_couplers/auto_pc/inst/gen_axi4_axi3.axi3_conv_inst/USE_READ.USE_SPLIT_R.read_addr_inst/USE_R_CHANNEL.cmd_queue/inst/S_AXI_AREADY_I_i_1/O
                         net (fo=1, routed)           0.000     1.414    mlp_system_i/axi_mem_intercon/s00_couplers/auto_pc/inst/gen_axi4_axi3.axi3_conv_inst/USE_READ.USE_SPLIT_R.read_addr_inst/USE_R_CHANNEL.cmd_queue_n_6
    SLICE_X26Y42         FDRE                                         r  mlp_system_i/axi_mem_intercon/s00_couplers/auto_pc/inst/gen_axi4_axi3.axi3_conv_inst/USE_READ.USE_SPLIT_R.read_addr_inst/S_AXI_AREADY_I_reg/D
  -------------------------------------------------------------------    -------------------

                         (clock clk_fpga_0 rise edge)
                                                      0.000     0.000 r  
    PS7_X0Y0             PS7                          0.000     0.000 r  mlp_system_i/processing_system7_0/inst/PS7_i/FCLKCLK[0]
                         net (fo=1, routed)           0.337     0.337    mlp_system_i/processing_system7_0/inst/FCLK_CLK_unbuffered[0]
    BUFGCTRL_X0Y16       BUFG (Prop_bufg_I_O)         0.029     0.366 r  mlp_system_i/processing_system7_0/inst/buffer_fclk_clk_0.FCLK_CLK_0_BUFG/O
                         net (fo=2400, routed)        0.858     1.224    mlp_system_i/axi_mem_intercon/s00_couplers/auto_pc/inst/gen_axi4_axi3.axi3_conv_inst/USE_READ.USE_SPLIT_R.read_addr_inst/aclk
    SLICE_X26Y42         FDRE                                         r  mlp_system_i/axi_mem_intercon/s00_couplers/auto_pc/inst/gen_axi4_axi3.axi3_conv_inst/USE_READ.USE_SPLIT_R.read_addr_inst/S_AXI_AREADY_I_reg/C
                         clock pessimism             -0.030     1.194    
    SLICE_X26Y42         FDRE (Hold_fdre_C_D)         0.120     1.314    mlp_system_i/axi_mem_intercon/s00_couplers/auto_pc/inst/gen_axi4_axi3.axi3_conv_inst/USE_READ.USE_SPLIT_R.read_addr_inst/S_AXI_AREADY_I_reg
  -------------------------------------------------------------------
                         required time                         -1.314    
                         arrival time                           1.414    
  -------------------------------------------------------------------
                         slack                                  0.100    

Slack (MET) :             0.118ns  (arrival time - required time)
  Source:                 mlp_system_i/axi_dma_0/U0/I_AXI_DMA_REG_MODULE/GEN_MM2S_REGISTERS.I_MM2S_DMA_REGISTER/GEN_REG_FOR_SMPL.buffer_length_i_reg[4]/C
                            (rising edge-triggered cell FDRE clocked by clk_fpga_0  {rise@0.000ns fall@5.000ns period=10.000ns})
  Destination:            mlp_system_i/axi_dma_0/U0/I_AXI_DMA_REG_MODULE/GEN_AXI_LITE_IF.AXI_LITE_IF_I/GEN_SYNC_READ.s_axi_lite_rdata_reg[4]/D
                            (rising edge-triggered cell FDRE clocked by clk_fpga_0  {rise@0.000ns fall@5.000ns period=10.000ns})
  Path Group:             clk_fpga_0
  Path Type:              Hold (Min at Fast Process Corner)
  Requirement:            0.000ns  (clk_fpga_0 rise@0.000ns - clk_fpga_0 rise@0.000ns)
  Data Path Delay:        0.252ns  (logic 0.186ns (73.721%)  route 0.066ns (26.279%))
  Logic Levels:           1  (LUT6=1)
  Clock Path Skew:        0.013ns (DCD - SCD - CPR)
    Destination Clock Delay (DCD):    1.201ns
    Source Clock Delay      (SCD):    0.905ns
    Clock Pessimism Removal (CPR):    0.283ns

    Location             Delay type                Incr(ns)  Path(ns)    Netlist Resource(s)
  -------------------------------------------------------------------    -------------------
                         (clock clk_fpga_0 rise edge)
                                                      0.000     0.000 r  
    PS7_X0Y0             PS7                          0.000     0.000 r  mlp_system_i/processing_system7_0/inst/PS7_i/FCLKCLK[0]
                         net (fo=1, routed)           0.310     0.310    mlp_system_i/processing_system7_0/inst/FCLK_CLK_unbuffered[0]
    BUFGCTRL_X0Y16       BUFG (Prop_bufg_I_O)         0.026     0.336 r  mlp_system_i/processing_system7_0/inst/buffer_fclk_clk_0.FCLK_CLK_0_BUFG/O
                         net (fo=2400, routed)        0.569     0.905    mlp_system_i/axi_dma_0/U0/I_AXI_DMA_REG_MODULE/GEN_MM2S_REGISTERS.I_MM2S_DMA_REGISTER/s_axi_lite_aclk
    SLICE_X31Y81         FDRE                                         r  mlp_system_i/axi_dma_0/U0/I_AXI_DMA_REG_MODULE/GEN_MM2S_REGISTERS.I_MM2S_DMA_REGISTER/GEN_REG_FOR_SMPL.buffer_length_i_reg[4]/C
  -------------------------------------------------------------------    -------------------
    SLICE_X31Y81         FDRE (Prop_fdre_C_Q)         0.141     1.046 r  mlp_system_i/axi_dma_0/U0/I_AXI_DMA_REG_MODULE/GEN_MM2S_REGISTERS.I_MM2S_DMA_REGISTER/GEN_REG_FOR_SMPL.buffer_length_i_reg[4]/Q
                         net (fo=2, routed)           0.066     1.112    mlp_system_i/axi_dma_0/U0/I_AXI_DMA_REG_MODULE/GEN_AXI_LITE_IF.AXI_LITE_IF_I/GEN_SYNC_READ.s_axi_lite_rdata_reg[13]_0[4]
    SLICE_X30Y81         LUT6 (Prop_lut6_I1_O)        0.045     1.157 r  mlp_system_i/axi_dma_0/U0/I_AXI_DMA_REG_MODULE/GEN_AXI_LITE_IF.AXI_LITE_IF_I/GEN_SYNC_READ.s_axi_lite_rdata[4]_i_1/O
                         net (fo=1, routed)           0.000     1.157    mlp_system_i/axi_dma_0/U0/I_AXI_DMA_REG_MODULE/GEN_AXI_LITE_IF.AXI_LITE_IF_I/ip2axi_rddata1_out[4]
    SLICE_X30Y81         FDRE                                         r  mlp_system_i/axi_dma_0/U0/I_AXI_DMA_REG_MODULE/GEN_AXI_LITE_IF.AXI_LITE_IF_I/GEN_SYNC_READ.s_axi_lite_rdata_reg[4]/D
  -------------------------------------------------------------------    -------------------

                         (clock clk_fpga_0 rise edge)
                                                      0.000     0.000 r  
    PS7_X0Y0             PS7                          0.000     0.000 r  mlp_system_i/processing_system7_0/inst/PS7_i/FCLKCLK[0]
                         net (fo=1, routed)           0.337     0.337    mlp_system_i/processing_system7_0/inst/FCLK_CLK_unbuffered[0]
    BUFGCTRL_X0Y16       BUFG (Prop_bufg_I_O)         0.029     0.366 r  mlp_system_i/processing_system7_0/inst/buffer_fclk_clk_0.FCLK_CLK_0_BUFG/O
                         net (fo=2400, routed)        0.835     1.201    mlp_system_i/axi_dma_0/U0/I_AXI_DMA_REG_MODULE/GEN_AXI_LITE_IF.AXI_LITE_IF_I/s_axi_lite_aclk
    SLICE_X30Y81         FDRE                                         r  mlp_system_i/axi_dma_0/U0/I_AXI_DMA_REG_MODULE/GEN_AXI_LITE_IF.AXI_LITE_IF_I/GEN_SYNC_READ.s_axi_lite_rdata_reg[4]/C
                         clock pessimism             -0.283     0.918    
    SLICE_X30Y81         FDRE (Hold_fdre_C_D)         0.121     1.039    mlp_system_i/axi_dma_0/U0/I_AXI_DMA_REG_MODULE/GEN_AXI_LITE_IF.AXI_LITE_IF_I/GEN_SYNC_READ.s_axi_lite_rdata_reg[4]
  -------------------------------------------------------------------
                         required time                         -1.039    
                         arrival time                           1.157    
  -------------------------------------------------------------------
                         slack                                  0.118    

Slack (MET) :             0.118ns  (arrival time - required time)
  Source:                 mlp_system_wrapper/mlp_system/mlp_system_axi_mem_intercon_1/s00_couplers_imp_WXI7U5/mlp_system_axi_mem_intercon_imp_auto_pc_0/mlp_system_axi_mem_intercon_imp_auto_pc_0_axi_protocol_converter_v2_1_37_axi_protocol_converter/mlp_system_axi_mem_intercon_imp_auto_pc_0_axi_protocol_converter_v2_1_37_axi3_conv/mlp_system_axi_mem_intercon_imp_auto_pc_0_axi_protocol_converter_v2_1_37_a_axi3_conv/mlp_system_axi_mem_intercon_imp_auto_pc_0_axi_data_fifo_v2_1_36_axic_fifo/mlp_system_axi_mem_intercon_imp_auto_pc_0_axi_data_fifo_v2_1_36_fifo_gen/<hidden>/<hidden>/<hidden>/<hidden>/<hidden>/<hidden>
                            (rising edge-triggered cell FDCE clocked by clk_fpga_0  {rise@0.000ns fall@5.000ns period=10.000ns})
  Destination:            mlp_system_wrapper/mlp_system/mlp_system_axi_mem_intercon_1/s00_couplers_imp_WXI7U5/mlp_system_axi_mem_intercon_imp_auto_pc_0/mlp_system_axi_mem_intercon_imp_auto_pc_0_axi_protocol_converter_v2_1_37_axi_protocol_converter/mlp_system_axi_mem_intercon_imp_auto_pc_0_axi_protocol_converter_v2_1_37_axi3_conv/mlp_system_axi_mem_intercon_imp_auto_pc_0_axi_protocol_converter_v2_1_37_a_axi3_conv/mlp_system_axi_mem_intercon_imp_auto_pc_0_axi_data_fifo_v2_1_36_axic_fifo/mlp_system_axi_mem_intercon_imp_auto_pc_0_axi_data_fifo_v2_1_36_fifo_gen/<hidden>/<hidden>/<hidden>/<hidden>/<hidden>/<hidden>/<hidden>
                            (rising edge-triggered cell RAMD32 clocked by clk_fpga_0  {rise@0.000ns fall@5.000ns period=10.000ns})
  Path Group:             clk_fpga_0
  Path Type:              Hold (Min at Fast Process Corner)
  Requirement:            0.000ns  (clk_fpga_0 rise@0.000ns - clk_fpga_0 rise@0.000ns)
  Data Path Delay:        0.444ns  (logic 0.141ns (31.725%)  route 0.303ns (68.275%))
  Logic Levels:           0  
  Clock Path Skew:        0.016ns (DCD - SCD - CPR)
    Destination Clock Delay (DCD):    1.230ns
    Source Clock Delay      (SCD):    0.930ns
    Clock Pessimism Removal (CPR):    0.284ns

    Location             Delay type                Incr(ns)  Path(ns)    Netlist Resource(s)
  -------------------------------------------------------------------    -------------------
                         (clock clk_fpga_0 rise edge)
                                                      0.000     0.000 r  
    PS7_X0Y0             PS7                          0.000     0.000 r  mlp_system_i/processing_system7_0/inst/PS7_i/FCLKCLK[0]
                         net (fo=1, routed)           0.310     0.310    mlp_system_i/processing_system7_0/inst/FCLK_CLK_unbuffered[0]
    BUFGCTRL_X0Y16       BUFG (Prop_bufg_I_O)         0.026     0.336 r  mlp_system_i/processing_system7_0/inst/buffer_fclk_clk_0.FCLK_CLK_0_BUFG/O
                         net (fo=2400, routed)        0.594     0.930    mlp_system_wrapper/mlp_system/mlp_system_axi_mem_intercon_1/s00_couplers_imp_WXI7U5/mlp_system_axi_mem_intercon_imp_auto_pc_0/mlp_system_axi_mem_intercon_imp_auto_pc_0_axi_protocol_converter_v2_1_37_axi_protocol_converter/mlp_system_axi_mem_intercon_imp_auto_pc_0_axi_protocol_converter_v2_1_37_axi3_conv/mlp_system_axi_mem_intercon_imp_auto_pc_0_axi_protocol_converter_v2_1_37_a_axi3_conv/mlp_system_axi_mem_intercon_imp_auto_pc_0_axi_data_fifo_v2_1_36_axic_fifo/mlp_system_axi_mem_intercon_imp_auto_pc_0_axi_data_fifo_v2_1_36_fifo_gen/<hidden>/<hidden>/<hidden>/<hidden>/<hidden>/<hidden>
    SLICE_X17Y42         FDCE                                         r  mlp_system_wrapper/mlp_system/mlp_system_axi_mem_intercon_1/s00_couplers_imp_WXI7U5/mlp_system_axi_mem_intercon_imp_auto_pc_0/mlp_system_axi_mem_intercon_imp_auto_pc_0_axi_protocol_converter_v2_1_37_axi_protocol_converter/mlp_system_axi_mem_intercon_imp_auto_pc_0_axi_protocol_converter_v2_1_37_axi3_conv/mlp_system_axi_mem_intercon_imp_auto_pc_0_axi_protocol_converter_v2_1_37_a_axi3_conv/mlp_system_axi_mem_intercon_imp_auto_pc_0_axi_data_fifo_v2_1_36_axic_fifo/mlp_system_axi_mem_intercon_imp_auto_pc_0_axi_data_fifo_v2_1_36_fifo_gen/<hidden>/<hidden>/<hidden>/<hidden>/<hidden>/<hidden>
  -------------------------------------------------------------------    -------------------
    SLICE_X17Y42         FDCE (Prop_fdce_C_Q)         0.141     1.071 r  mlp_system_wrapper/mlp_system/mlp_system_axi_mem_intercon_1/s00_couplers_imp_WXI7U5/mlp_system_axi_mem_intercon_imp_auto_pc_0/mlp_system_axi_mem_intercon_imp_auto_pc_0_axi_protocol_converter_v2_1_37_axi_protocol_converter/mlp_system_axi_mem_intercon_imp_auto_pc_0_axi_protocol_converter_v2_1_37_axi3_conv/mlp_system_axi_mem_intercon_imp_auto_pc_0_axi_protocol_converter_v2_1_37_a_axi3_conv/mlp_system_axi_mem_intercon_imp_auto_pc_0_axi_data_fifo_v2_1_36_axic_fifo/mlp_system_axi_mem_intercon_imp_auto_pc_0_axi_data_fifo_v2_1_36_fifo_gen/<hidden>/<hidden>/<hidden>/<hidden>/<hidden>/<hidden>
                         net (fo=5, routed)           0.303     1.374    mlp_system_wrapper/mlp_system/mlp_system_axi_mem_intercon_1/s00_couplers_imp_WXI7U5/mlp_system_axi_mem_intercon_imp_auto_pc_0/mlp_system_axi_mem_intercon_imp_auto_pc_0_axi_protocol_converter_v2_1_37_axi_protocol_converter/mlp_system_axi_mem_intercon_imp_auto_pc_0_axi_protocol_converter_v2_1_37_axi3_conv/mlp_system_axi_mem_intercon_imp_auto_pc_0_axi_protocol_converter_v2_1_37_a_axi3_conv/mlp_system_axi_mem_intercon_imp_auto_pc_0_axi_data_fifo_v2_1_36_axic_fifo/mlp_system_axi_mem_intercon_imp_auto_pc_0_axi_data_fifo_v2_1_36_fifo_gen/<hidden>/<hidden>/<hidden>/<hidden>/<hidden>/<hidden>/<hidden>
    SLICE_X18Y42         RAMD32                                       r  mlp_system_wrapper/mlp_system/mlp_system_axi_mem_intercon_1/s00_couplers_imp_WXI7U5/mlp_system_axi_mem_intercon_imp_auto_pc_0/mlp_system_axi_mem_intercon_imp_auto_pc_0_axi_protocol_converter_v2_1_37_axi_protocol_converter/mlp_system_axi_mem_intercon_imp_auto_pc_0_axi_protocol_converter_v2_1_37_axi3_conv/mlp_system_axi_mem_intercon_imp_auto_pc_0_axi_protocol_converter_v2_1_37_a_axi3_conv/mlp_system_axi_mem_intercon_imp_auto_pc_0_axi_data_fifo_v2_1_36_axic_fifo/mlp_system_axi_mem_intercon_imp_auto_pc_0_axi_data_fifo_v2_1_36_fifo_gen/<hidden>/<hidden>/<hidden>/<hidden>/<hidden>/<hidden>/<hidden>
  -------------------------------------------------------------------    -------------------

                         (clock clk_fpga_0 rise edge)
                                                      0.000     0.000 r  
    PS7_X0Y0             PS7                          0.000     0.000 r  mlp_system_i/processing_system7_0/inst/PS7_i/FCLKCLK[0]
                         net (fo=1, routed)           0.337     0.337    mlp_system_i/processing_system7_0/inst/FCLK_CLK_unbuffered[0]
    BUFGCTRL_X0Y16       BUFG (Prop_bufg_I_O)         0.029     0.366 r  mlp_system_i/processing_system7_0/inst/buffer_fclk_clk_0.FCLK_CLK_0_BUFG/O
                         net (fo=2400, routed)        0.864     1.230    mlp_system_wrapper/mlp_system/mlp_system_axi_mem_intercon_1/s00_couplers_imp_WXI7U5/mlp_system_axi_mem_intercon_imp_auto_pc_0/mlp_system_axi_mem_intercon_imp_auto_pc_0_axi_protocol_converter_v2_1_37_axi_protocol_converter/mlp_system_axi_mem_intercon_imp_auto_pc_0_axi_protocol_converter_v2_1_37_axi3_conv/mlp_system_axi_mem_intercon_imp_auto_pc_0_axi_protocol_converter_v2_1_37_a_axi3_conv/mlp_system_axi_mem_intercon_imp_auto_pc_0_axi_data_fifo_v2_1_36_axic_fifo/mlp_system_axi_mem_intercon_imp_auto_pc_0_axi_data_fifo_v2_1_36_fifo_gen/<hidden>/<hidden>/<hidden>/<hidden>/<hidden>/<hidden>/<hidden>
    SLICE_X18Y42         RAMD32                                       r  mlp_system_wrapper/mlp_system/mlp_system_axi_mem_intercon_1/s00_couplers_imp_WXI7U5/mlp_system_axi_mem_intercon_imp_auto_pc_0/mlp_system_axi_mem_intercon_imp_auto_pc_0_axi_protocol_converter_v2_1_37_axi_protocol_converter/mlp_system_axi_mem_intercon_imp_auto_pc_0_axi_protocol_converter_v2_1_37_axi3_conv/mlp_system_axi_mem_intercon_imp_auto_pc_0_axi_protocol_converter_v2_1_37_a_axi3_conv/mlp_system_axi_mem_intercon_imp_auto_pc_0_axi_data_fifo_v2_1_36_axic_fifo/mlp_system_axi_mem_intercon_imp_auto_pc_0_axi_data_fifo_v2_1_36_fifo_gen/<hidden>/<hidden>/<hidden>/<hidden>/<hidden>/<hidden>/<hidden>
                         clock pessimism             -0.284     0.946    
    SLICE_X18Y42         RAMD32 (Hold_ramd32_CLK_WADR0)
                                                      0.310     1.256    mlp_system_wrapper/mlp_system/mlp_system_axi_mem_intercon_1/s00_couplers_imp_WXI7U5/mlp_system_axi_mem_intercon_imp_auto_pc_0/mlp_system_axi_mem_intercon_imp_auto_pc_0_axi_protocol_converter_v2_1_37_axi_protocol_converter/mlp_system_axi_mem_intercon_imp_auto_pc_0_axi_protocol_converter_v2_1_37_axi3_conv/mlp_system_axi_mem_intercon_imp_auto_pc_0_axi_protocol_converter_v2_1_37_a_axi3_conv/mlp_system_axi_mem_intercon_imp_auto_pc_0_axi_data_fifo_v2_1_36_axic_fifo/mlp_system_axi_mem_intercon_imp_auto_pc_0_axi_data_fifo_v2_1_36_fifo_gen/<hidden>/<hidden>/<hidden>/<hidden>/<hidden>/<hidden>/<hidden>
  -------------------------------------------------------------------
                         required time                         -1.256    
                         arrival time                           1.374    
  -------------------------------------------------------------------
                         slack                                  0.118    

Slack (MET) :             0.118ns  (arrival time - required time)
  Source:                 mlp_system_wrapper/mlp_system/mlp_system_axi_mem_intercon_1/s00_couplers_imp_WXI7U5/mlp_system_axi_mem_intercon_imp_auto_pc_0/mlp_system_axi_mem_intercon_imp_auto_pc_0_axi_protocol_converter_v2_1_37_axi_protocol_converter/mlp_system_axi_mem_intercon_imp_auto_pc_0_axi_protocol_converter_v2_1_37_axi3_conv/mlp_system_axi_mem_intercon_imp_auto_pc_0_axi_protocol_converter_v2_1_37_a_axi3_conv/mlp_system_axi_mem_intercon_imp_auto_pc_0_axi_data_fifo_v2_1_36_axic_fifo/mlp_system_axi_mem_intercon_imp_auto_pc_0_axi_data_fifo_v2_1_36_fifo_gen/<hidden>/<hidden>/<hidden>/<hidden>/<hidden>/<hidden>
                            (rising edge-triggered cell FDCE clocked by clk_fpga_0  {rise@0.000ns fall@5.000ns period=10.000ns})
  Destination:            mlp_system_wrapper/mlp_system/mlp_system_axi_mem_intercon_1/s00_couplers_imp_WXI7U5/mlp_system_axi_mem_intercon_imp_auto_pc_0/mlp_system_axi_mem_intercon_imp_auto_pc_0_axi_protocol_converter_v2_1_37_axi_protocol_converter/mlp_system_axi_mem_intercon_imp_auto_pc_0_axi_protocol_converter_v2_1_37_axi3_conv/mlp_system_axi_mem_intercon_imp_auto_pc_0_axi_protocol_converter_v2_1_37_a_axi3_conv/mlp_system_axi_mem_intercon_imp_auto_pc_0_axi_data_fifo_v2_1_36_axic_fifo/mlp_system_axi_mem_intercon_imp_auto_pc_0_axi_data_fifo_v2_1_36_fifo_gen/<hidden>/<hidden>/<hidden>/<hidden>/<hidden>/<hidden>/<hidden>
                            (rising edge-triggered cell RAMD32 clocked by clk_fpga_0  {rise@0.000ns fall@5.000ns period=10.000ns})
  Path Group:             clk_fpga_0
  Path Type:              Hold (Min at Fast Process Corner)
  Requirement:            0.000ns  (clk_fpga_0 rise@0.000ns - clk_fpga_0 rise@0.000ns)
  Data Path Delay:        0.444ns  (logic 0.141ns (31.725%)  route 0.303ns (68.275%))
  Logic Levels:           0  
  Clock Path Skew:        0.016ns (DCD - SCD - CPR)
    Destination Clock Delay (DCD):    1.230ns
    Source Clock Delay      (SCD):    0.930ns
    Clock Pessimism Removal (CPR):    0.284ns

    Location             Delay type                Incr(ns)  Path(ns)    Netlist Resource(s)
  -------------------------------------------------------------------    -------------------
                         (clock clk_fpga_0 rise edge)
                                                      0.000     0.000 r  
    PS7_X0Y0             PS7                          0.000     0.000 r  mlp_system_i/processing_system7_0/inst/PS7_i/FCLKCLK[0]
                         net (fo=1, routed)           0.310     0.310    mlp_system_i/processing_system7_0/inst/FCLK_CLK_unbuffered[0]
    BUFGCTRL_X0Y16       BUFG (Prop_bufg_I_O)         0.026     0.336 r  mlp_system_i/processing_system7_0/inst/buffer_fclk_clk_0.FCLK_CLK_0_BUFG/O
                         net (fo=2400, routed)        0.594     0.930    mlp_system_wrapper/mlp_system/mlp_system_axi_mem_intercon_1/s00_couplers_imp_WXI7U5/mlp_system_axi_mem_intercon_imp_auto_pc_0/mlp_system_axi_mem_intercon_imp_auto_pc_0_axi_protocol_converter_v2_1_37_axi_protocol_converter/mlp_system_axi_mem_intercon_imp_auto_pc_0_axi_protocol_converter_v2_1_37_axi3_conv/mlp_system_axi_mem_intercon_imp_auto_pc_0_axi_protocol_converter_v2_1_37_a_axi3_conv/mlp_system_axi_mem_intercon_imp_auto_pc_0_axi_data_fifo_v2_1_36_axic_fifo/mlp_system_axi_mem_intercon_imp_auto_pc_0_axi_data_fifo_v2_1_36_fifo_gen/<hidden>/<hidden>/<hidden>/<hidden>/<hidden>/<hidden>
    SLICE_X17Y42         FDCE                                         r  mlp_system_wrapper/mlp_system/mlp_system_axi_mem_intercon_1/s00_couplers_imp_WXI7U5/mlp_system_axi_mem_intercon_imp_auto_pc_0/mlp_system_axi_mem_intercon_imp_auto_pc_0_axi_protocol_converter_v2_1_37_axi_protocol_converter/mlp_system_axi_mem_intercon_imp_auto_pc_0_axi_protocol_converter_v2_1_37_axi3_conv/mlp_system_axi_mem_intercon_imp_auto_pc_0_axi_protocol_converter_v2_1_37_a_axi3_conv/mlp_system_axi_mem_intercon_imp_auto_pc_0_axi_data_fifo_v2_1_36_axic_fifo/mlp_system_axi_mem_intercon_imp_auto_pc_0_axi_data_fifo_v2_1_36_fifo_gen/<hidden>/<hidden>/<hidden>/<hidden>/<hidden>/<hidden>
  -------------------------------------------------------------------    -------------------
    SLICE_X17Y42         FDCE (Prop_fdce_C_Q)         0.141     1.071 r  mlp_system_wrapper/mlp_system/mlp_system_axi_mem_intercon_1/s00_couplers_imp_WXI7U5/mlp_system_axi_mem_intercon_imp_auto_pc_0/mlp_system_axi_mem_intercon_imp_auto_pc_0_axi_protocol_converter_v2_1_37_axi_protocol_converter/mlp_system_axi_mem_intercon_imp_auto_pc_0_axi_protocol_converter_v2_1_37_axi3_conv/mlp_system_axi_mem_intercon_imp_auto_pc_0_axi_protocol_converter_v2_1_37_a_axi3_conv/mlp_system_axi_mem_intercon_imp_auto_pc_0_axi_data_fifo_v2_1_36_axic_fifo/mlp_system_axi_mem_intercon_imp_auto_pc_0_axi_data_fifo_v2_1_36_fifo_gen/<hidden>/<hidden>/<hidden>/<hidden>/<hidden>/<hidden>
                         net (fo=5, routed)           0.303     1.374    mlp_system_wrapper/mlp_system/mlp_system_axi_mem_intercon_1/s00_couplers_imp_WXI7U5/mlp_system_axi_mem_intercon_imp_auto_pc_0/mlp_system_axi_mem_intercon_imp_auto_pc_0_axi_protocol_converter_v2_1_37_axi_protocol_converter/mlp_system_axi_mem_intercon_imp_auto_pc_0_axi_protocol_converter_v2_1_37_axi3_conv/mlp_system_axi_mem_intercon_imp_auto_pc_0_axi_protocol_converter_v2_1_37_a_axi3_conv/mlp_system_axi_mem_intercon_imp_auto_pc_0_axi_data_fifo_v2_1_36_axic_fifo/mlp_system_axi_mem_intercon_imp_auto_pc_0_axi_data_fifo_v2_1_36_fifo_gen/<hidden>/<hidden>/<hidden>/<hidden>/<hidden>/<hidden>/<hidden>
    SLICE_X18Y42         RAMD32                                       r  mlp_system_wrapper/mlp_system/mlp_system_axi_mem_intercon_1/s00_couplers_imp_WXI7U5/mlp_system_axi_mem_intercon_imp_auto_pc_0/mlp_system_axi_mem_intercon_imp_auto_pc_0_axi_protocol_converter_v2_1_37_axi_protocol_converter/mlp_system_axi_mem_intercon_imp_auto_pc_0_axi_protocol_converter_v2_1_37_axi3_conv/mlp_system_axi_mem_intercon_imp_auto_pc_0_axi_protocol_converter_v2_1_37_a_axi3_conv/mlp_system_axi_mem_intercon_imp_auto_pc_0_axi_data_fifo_v2_1_36_axic_fifo/mlp_system_axi_mem_intercon_imp_auto_pc_0_axi_data_fifo_v2_1_36_fifo_gen/<hidden>/<hidden>/<hidden>/<hidden>/<hidden>/<hidden>/<hidden>
  -------------------------------------------------------------------    -------------------

                         (clock clk_fpga_0 rise edge)
                                                      0.000     0.000 r  
    PS7_X0Y0             PS7                          0.000     0.000 r  mlp_system_i/processing_system7_0/inst/PS7_i/FCLKCLK[0]
                         net (fo=1, routed)           0.337     0.337    mlp_system_i/processing_system7_0/inst/FCLK_CLK_unbuffered[0]
    BUFGCTRL_X0Y16       BUFG (Prop_bufg_I_O)         0.029     0.366 r  mlp_system_i/processing_system7_0/inst/buffer_fclk_clk_0.FCLK_CLK_0_BUFG/O
                         net (fo=2400, routed)        0.864     1.230    mlp_system_wrapper/mlp_system/mlp_system_axi_mem_intercon_1/s00_couplers_imp_WXI7U5/mlp_system_axi_mem_intercon_imp_auto_pc_0/mlp_system_axi_mem_intercon_imp_auto_pc_0_axi_protocol_converter_v2_1_37_axi_protocol_converter/mlp_system_axi_mem_intercon_imp_auto_pc_0_axi_protocol_converter_v2_1_37_axi3_conv/mlp_system_axi_mem_intercon_imp_auto_pc_0_axi_protocol_converter_v2_1_37_a_axi3_conv/mlp_system_axi_mem_intercon_imp_auto_pc_0_axi_data_fifo_v2_1_36_axic_fifo/mlp_system_axi_mem_intercon_imp_auto_pc_0_axi_data_fifo_v2_1_36_fifo_gen/<hidden>/<hidden>/<hidden>/<hidden>/<hidden>/<hidden>/<hidden>
    SLICE_X18Y42         RAMD32                                       r  mlp_system_wrapper/mlp_system/mlp_system_axi_mem_intercon_1/s00_couplers_imp_WXI7U5/mlp_system_axi_mem_intercon_imp_auto_pc_0/mlp_system_axi_mem_intercon_imp_auto_pc_0_axi_protocol_converter_v2_1_37_axi_protocol_converter/mlp_system_axi_mem_intercon_imp_auto_pc_0_axi_protocol_converter_v2_1_37_axi3_conv/mlp_system_axi_mem_intercon_imp_auto_pc_0_axi_protocol_converter_v2_1_37_a_axi3_conv/mlp_system_axi_mem_intercon_imp_auto_pc_0_axi_data_fifo_v2_1_36_axic_fifo/mlp_system_axi_mem_intercon_imp_auto_pc_0_axi_data_fifo_v2_1_36_fifo_gen/<hidden>/<hidden>/<hidden>/<hidden>/<hidden>/<hidden>/<hidden>
                         clock pessimism             -0.284     0.946    
    SLICE_X18Y42         RAMD32 (Hold_ramd32_CLK_WADR0)
                                                      0.310     1.256    mlp_system_wrapper/mlp_system/mlp_system_axi_mem_intercon_1/s00_couplers_imp_WXI7U5/mlp_system_axi_mem_intercon_imp_auto_pc_0/mlp_system_axi_mem_intercon_imp_auto_pc_0_axi_protocol_converter_v2_1_37_axi_protocol_converter/mlp_system_axi_mem_intercon_imp_auto_pc_0_axi_protocol_converter_v2_1_37_axi3_conv/mlp_system_axi_mem_intercon_imp_auto_pc_0_axi_protocol_converter_v2_1_37_a_axi3_conv/mlp_system_axi_mem_intercon_imp_auto_pc_0_axi_data_fifo_v2_1_36_axic_fifo/mlp_system_axi_mem_intercon_imp_auto_pc_0_axi_data_fifo_v2_1_36_fifo_gen/<hidden>/<hidden>/<hidden>/<hidden>/<hidden>/<hidden>/<hidden>
  -------------------------------------------------------------------
                         required time                         -1.256    
                         arrival time                           1.374    
  -------------------------------------------------------------------
                         slack                                  0.118    





Pulse Width Checks
--------------------------------------------------------------------------------------
Clock Name:         clk_fpga_0
Waveform(ns):       { 0.000 5.000 }
Period(ns):         10.000
Sources:            { mlp_system_i/processing_system7_0/inst/PS7_i/FCLKCLK[0] }

Check Type        Corner  Lib Pin             Reference Pin  Required(ns)  Actual(ns)  Slack(ns)  Location        Pin
Min Period        n/a     DSP48E1/CLK         n/a            3.884         10.000      6.116      DSP48_X2Y2      mlp_system_i/mlp_axi_wrapper_0/U0/mlp_inst/l1_mult_reg[39]/CLK
Min Period        n/a     DSP48E1/CLK         n/a            3.884         10.000      6.116      DSP48_X3Y0      mlp_system_i/mlp_axi_wrapper_0/U0/mlp_inst/l2_mult_reg[63]/CLK
Min Period        n/a     DSP48E1/CLK         n/a            3.884         10.000      6.116      DSP48_X4Y10     mlp_system_i/mlp_axi_wrapper_0/U0/mlp_inst/l3_mult_reg[31]/CLK
Min Period        n/a     DSP48E1/CLK         n/a            3.884         10.000      6.116      DSP48_X1Y4      mlp_system_i/mlp_axi_wrapper_0/U0/mlp_inst/l4_mult_reg[15]/CLK
Min Period        n/a     RAMB36E1/CLKARDCLK  n/a            2.576         10.000      7.424      RAMB36_X1Y9     mlp_system_i/axi_dma_0/U0/I_PRMRY_DATAMOVER/GEN_MM2S_FULL.I_MM2S_FULL_WRAPPER/GEN_INCLUDE_MM2S_SF.I_RD_SF/I_DATA_FIFO/BLK_MEM.I_SYNC_FIFOGEN_FIFO/xpm_fifo_base_inst/gen_sdpram.xpm_memory_base_inst/gen_wr_a.gen_word_narrow.mem_reg/CLKARDCLK
Min Period        n/a     RAMB36E1/CLKBWRCLK  n/a            2.576         10.000      7.424      RAMB36_X1Y9     mlp_system_i/axi_dma_0/U0/I_PRMRY_DATAMOVER/GEN_MM2S_FULL.I_MM2S_FULL_WRAPPER/GEN_INCLUDE_MM2S_SF.I_RD_SF/I_DATA_FIFO/BLK_MEM.I_SYNC_FIFOGEN_FIFO/xpm_fifo_base_inst/gen_sdpram.xpm_memory_base_inst/gen_wr_a.gen_word_narrow.mem_reg/CLKBWRCLK
Min Period        n/a     RAMB18E1/CLKARDCLK  n/a            2.576         10.000      7.424      RAMB18_X2Y40    mlp_system_i/mlp_axi_wrapper_0/U0/mlp_inst/l1_bias_reg/CLKARDCLK
Min Period        n/a     BUFG/I              n/a            2.155         10.000      7.845      BUFGCTRL_X0Y16  mlp_system_i/processing_system7_0/inst/buffer_fclk_clk_0.FCLK_CLK_0_BUFG/I
Min Period        n/a     DSP48E1/CLK         n/a            2.154         10.000      7.846      DSP48_X2Y3      mlp_system_i/mlp_axi_wrapper_0/U0/mlp_inst/l1_sum0/CLK
Min Period        n/a     DSP48E1/CLK         n/a            2.154         10.000      7.846      DSP48_X2Y4      mlp_system_i/mlp_axi_wrapper_0/U0/mlp_inst/l1_sum0__0/CLK
Low Pulse Width   Slow    RAMD32/CLK          n/a            1.250         5.000       3.750      SLICE_X18Y42    mlp_system_wrapper/mlp_system/mlp_system_axi_mem_intercon_1/s00_couplers_imp_WXI7U5/mlp_system_axi_mem_intercon_imp_auto_pc_0/mlp_system_axi_mem_intercon_imp_auto_pc_0_axi_protocol_converter_v2_1_37_axi_protocol_converter/mlp_system_axi_mem_intercon_imp_auto_pc_0_axi_protocol_converter_v2_1_37_axi3_conv/mlp_system_axi_mem_intercon_imp_auto_pc_0_axi_protocol_converter_v2_1_37_a_axi3_conv/mlp_system_axi_mem_intercon_imp_auto_pc_0_axi_data_fifo_v2_1_36_axic_fifo/mlp_system_axi_mem_intercon_imp_auto_pc_0_axi_data_fifo_v2_1_36_fifo_gen/<hidden>/<hidden>/<hidden>/<hidden>/<hidden>/<hidden>/<hidden>
Low Pulse Width   Fast    RAMD32/CLK          n/a            1.250         5.000       3.750      SLICE_X18Y42    mlp_system_wrapper/mlp_system/mlp_system_axi_mem_intercon_1/s00_couplers_imp_WXI7U5/mlp_system_axi_mem_intercon_imp_auto_pc_0/mlp_system_axi_mem_intercon_imp_auto_pc_0_axi_protocol_converter_v2_1_37_axi_protocol_converter/mlp_system_axi_mem_intercon_imp_auto_pc_0_axi_protocol_converter_v2_1_37_axi3_conv/mlp_system_axi_mem_intercon_imp_auto_pc_0_axi_protocol_converter_v2_1_37_a_axi3_conv/mlp_system_axi_mem_intercon_imp_auto_pc_0_axi_data_fifo_v2_1_36_axic_fifo/mlp_system_axi_mem_intercon_imp_auto_pc_0_axi_data_fifo_v2_1_36_fifo_gen/<hidden>/<hidden>/<hidden>/<hidden>/<hidden>/<hidden>/<hidden>
Low Pulse Width   Slow    RAMD32/CLK          n/a            1.250         5.000       3.750      SLICE_X18Y42    mlp_system_wrapper/mlp_system/mlp_system_axi_mem_intercon_1/s00_couplers_imp_WXI7U5/mlp_system_axi_mem_intercon_imp_auto_pc_0/mlp_system_axi_mem_intercon_imp_auto_pc_0_axi_protocol_converter_v2_1_37_axi_protocol_converter/mlp_system_axi_mem_intercon_imp_auto_pc_0_axi_protocol_converter_v2_1_37_axi3_conv/mlp_system_axi_mem_intercon_imp_auto_pc_0_axi_protocol_converter_v2_1_37_a_axi3_conv/mlp_system_axi_mem_intercon_imp_auto_pc_0_axi_data_fifo_v2_1_36_axic_fifo/mlp_system_axi_mem_intercon_imp_auto_pc_0_axi_data_fifo_v2_1_36_fifo_gen/<hidden>/<hidden>/<hidden>/<hidden>/<hidden>/<hidden>/<hidden>
Low Pulse Width   Fast    RAMD32/CLK          n/a            1.250         5.000       3.750      SLICE_X18Y42    mlp_system_wrapper/mlp_system/mlp_system_axi_mem_intercon_1/s00_couplers_imp_WXI7U5/mlp_system_axi_mem_intercon_imp_auto_pc_0/mlp_system_axi_mem_intercon_imp_auto_pc_0_axi_protocol_converter_v2_1_37_axi_protocol_converter/mlp_system_axi_mem_intercon_imp_auto_pc_0_axi_protocol_converter_v2_1_37_axi3_conv/mlp_system_axi_mem_intercon_imp_auto_pc_0_axi_protocol_converter_v2_1_37_a_axi3_conv/mlp_system_axi_mem_intercon_imp_auto_pc_0_axi_data_fifo_v2_1_36_axic_fifo/mlp_system_axi_mem_intercon_imp_auto_pc_0_axi_data_fifo_v2_1_36_fifo_gen/<hidden>/<hidden>/<hidden>/<hidden>/<hidden>/<hidden>/<hidden>
Low Pulse Width   Slow    SRL16E/CLK          n/a            0.980         5.000       4.020      SLICE_X30Y56    mlp_system_i/axi_dma_0/U0/I_PRMRY_DATAMOVER/GEN_MM2S_FULL.I_MM2S_FULL_WRAPPER/I_ADDR_CNTL/GEN_ADDR_FIFO.I_ADDR_QUAL_FIFO/USE_SRL_FIFO.I_SYNC_FIFO/data_reg[3][11]_srl4/CLK
Low Pulse Width   Fast    SRL16E/CLK          n/a            0.980         5.000       4.020      SLICE_X30Y56    mlp_system_i/axi_dma_0/U0/I_PRMRY_DATAMOVER/GEN_MM2S_FULL.I_MM2S_FULL_WRAPPER/I_ADDR_CNTL/GEN_ADDR_FIFO.I_ADDR_QUAL_FIFO/USE_SRL_FIFO.I_SYNC_FIFO/data_reg[3][11]_srl4/CLK
Low Pulse Width   Slow    SRL16E/CLK          n/a            0.980         5.000       4.020      SLICE_X30Y56    mlp_system_i/axi_dma_0/U0/I_PRMRY_DATAMOVER/GEN_MM2S_FULL.I_MM2S_FULL_WRAPPER/I_ADDR_CNTL/GEN_ADDR_FIFO.I_ADDR_QUAL_FIFO/USE_SRL_FIFO.I_SYNC_FIFO/data_reg[3][13]_srl4/CLK
Low Pulse Width   Fast    SRL16E/CLK          n/a            0.980         5.000       4.020      SLICE_X30Y56    mlp_system_i/axi_dma_0/U0/I_PRMRY_DATAMOVER/GEN_MM2S_FULL.I_MM2S_FULL_WRAPPER/I_ADDR_CNTL/GEN_ADDR_FIFO.I_ADDR_QUAL_FIFO/USE_SRL_FIFO.I_SYNC_FIFO/data_reg[3][13]_srl4/CLK
Low Pulse Width   Slow    SRL16E/CLK          n/a            0.980         5.000       4.020      SLICE_X30Y56    mlp_system_i/axi_dma_0/U0/I_PRMRY_DATAMOVER/GEN_MM2S_FULL.I_MM2S_FULL_WRAPPER/I_ADDR_CNTL/GEN_ADDR_FIFO.I_ADDR_QUAL_FIFO/USE_SRL_FIFO.I_SYNC_FIFO/data_reg[3][19]_srl4/CLK
Low Pulse Width   Fast    SRL16E/CLK          n/a            0.980         5.000       4.020      SLICE_X30Y56    mlp_system_i/axi_dma_0/U0/I_PRMRY_DATAMOVER/GEN_MM2S_FULL.I_MM2S_FULL_WRAPPER/I_ADDR_CNTL/GEN_ADDR_FIFO.I_ADDR_QUAL_FIFO/USE_SRL_FIFO.I_SYNC_FIFO/data_reg[3][19]_srl4/CLK
High Pulse Width  Slow    RAMD32/CLK          n/a            1.250         5.000       3.750      SLICE_X18Y42    mlp_system_wrapper/mlp_system/mlp_system_axi_mem_intercon_1/s00_couplers_imp_WXI7U5/mlp_system_axi_mem_intercon_imp_auto_pc_0/mlp_system_axi_mem_intercon_imp_auto_pc_0_axi_protocol_converter_v2_1_37_axi_protocol_converter/mlp_system_axi_mem_intercon_imp_auto_pc_0_axi_protocol_converter_v2_1_37_axi3_conv/mlp_system_axi_mem_intercon_imp_auto_pc_0_axi_protocol_converter_v2_1_37_a_axi3_conv/mlp_system_axi_mem_intercon_imp_auto_pc_0_axi_data_fifo_v2_1_36_axic_fifo/mlp_system_axi_mem_intercon_imp_auto_pc_0_axi_data_fifo_v2_1_36_fifo_gen/<hidden>/<hidden>/<hidden>/<hidden>/<hidden>/<hidden>/<hidden>
High Pulse Width  Fast    RAMD32/CLK          n/a            1.250         5.000       3.750      SLICE_X18Y42    mlp_system_wrapper/mlp_system/mlp_system_axi_mem_intercon_1/s00_couplers_imp_WXI7U5/mlp_system_axi_mem_intercon_imp_auto_pc_0/mlp_system_axi_mem_intercon_imp_auto_pc_0_axi_protocol_converter_v2_1_37_axi_protocol_converter/mlp_system_axi_mem_intercon_imp_auto_pc_0_axi_protocol_converter_v2_1_37_axi3_conv/mlp_system_axi_mem_intercon_imp_auto_pc_0_axi_protocol_converter_v2_1_37_a_axi3_conv/mlp_system_axi_mem_intercon_imp_auto_pc_0_axi_data_fifo_v2_1_36_axic_fifo/mlp_system_axi_mem_intercon_imp_auto_pc_0_axi_data_fifo_v2_1_36_fifo_gen/<hidden>/<hidden>/<hidden>/<hidden>/<hidden>/<hidden>/<hidden>
High Pulse Width  Slow    RAMD32/CLK          n/a            1.250         5.000       3.750      SLICE_X18Y42    mlp_system_wrapper/mlp_system/mlp_system_axi_mem_intercon_1/s00_couplers_imp_WXI7U5/mlp_system_axi_mem_intercon_imp_auto_pc_0/mlp_system_axi_mem_intercon_imp_auto_pc_0_axi_protocol_converter_v2_1_37_axi_protocol_converter/mlp_system_axi_mem_intercon_imp_auto_pc_0_axi_protocol_converter_v2_1_37_axi3_conv/mlp_system_axi_mem_intercon_imp_auto_pc_0_axi_protocol_converter_v2_1_37_a_axi3_conv/mlp_system_axi_mem_intercon_imp_auto_pc_0_axi_data_fifo_v2_1_36_axic_fifo/mlp_system_axi_mem_intercon_imp_auto_pc_0_axi_data_fifo_v2_1_36_fifo_gen/<hidden>/<hidden>/<hidden>/<hidden>/<hidden>/<hidden>/<hidden>
High Pulse Width  Fast    RAMD32/CLK          n/a            1.250         5.000       3.750      SLICE_X18Y42    mlp_system_wrapper/mlp_system/mlp_system_axi_mem_intercon_1/s00_couplers_imp_WXI7U5/mlp_system_axi_mem_intercon_imp_auto_pc_0/mlp_system_axi_mem_intercon_imp_auto_pc_0_axi_protocol_converter_v2_1_37_axi_protocol_converter/mlp_system_axi_mem_intercon_imp_auto_pc_0_axi_protocol_converter_v2_1_37_axi3_conv/mlp_system_axi_mem_intercon_imp_auto_pc_0_axi_protocol_converter_v2_1_37_a_axi3_conv/mlp_system_axi_mem_intercon_imp_auto_pc_0_axi_data_fifo_v2_1_36_axic_fifo/mlp_system_axi_mem_intercon_imp_auto_pc_0_axi_data_fifo_v2_1_36_fifo_gen/<hidden>/<hidden>/<hidden>/<hidden>/<hidden>/<hidden>/<hidden>
High Pulse Width  Slow    SRL16E/CLK          n/a            0.980         5.000       4.020      SLICE_X30Y56    mlp_system_i/axi_dma_0/U0/I_PRMRY_DATAMOVER/GEN_MM2S_FULL.I_MM2S_FULL_WRAPPER/I_ADDR_CNTL/GEN_ADDR_FIFO.I_ADDR_QUAL_FIFO/USE_SRL_FIFO.I_SYNC_FIFO/data_reg[3][11]_srl4/CLK
High Pulse Width  Fast    SRL16E/CLK          n/a            0.980         5.000       4.020      SLICE_X30Y56    mlp_system_i/axi_dma_0/U0/I_PRMRY_DATAMOVER/GEN_MM2S_FULL.I_MM2S_FULL_WRAPPER/I_ADDR_CNTL/GEN_ADDR_FIFO.I_ADDR_QUAL_FIFO/USE_SRL_FIFO.I_SYNC_FIFO/data_reg[3][11]_srl4/CLK
High Pulse Width  Slow    SRL16E/CLK          n/a            0.980         5.000       4.020      SLICE_X30Y56    mlp_system_i/axi_dma_0/U0/I_PRMRY_DATAMOVER/GEN_MM2S_FULL.I_MM2S_FULL_WRAPPER/I_ADDR_CNTL/GEN_ADDR_FIFO.I_ADDR_QUAL_FIFO/USE_SRL_FIFO.I_SYNC_FIFO/data_reg[3][13]_srl4/CLK
High Pulse Width  Fast    SRL16E/CLK          n/a            0.980         5.000       4.020      SLICE_X30Y56    mlp_system_i/axi_dma_0/U0/I_PRMRY_DATAMOVER/GEN_MM2S_FULL.I_MM2S_FULL_WRAPPER/I_ADDR_CNTL/GEN_ADDR_FIFO.I_ADDR_QUAL_FIFO/USE_SRL_FIFO.I_SYNC_FIFO/data_reg[3][13]_srl4/CLK
High Pulse Width  Slow    SRL16E/CLK          n/a            0.980         5.000       4.020      SLICE_X30Y56    mlp_system_i/axi_dma_0/U0/I_PRMRY_DATAMOVER/GEN_MM2S_FULL.I_MM2S_FULL_WRAPPER/I_ADDR_CNTL/GEN_ADDR_FIFO.I_ADDR_QUAL_FIFO/USE_SRL_FIFO.I_SYNC_FIFO/data_reg[3][19]_srl4/CLK
High Pulse Width  Fast    SRL16E/CLK          n/a            0.980         5.000       4.020      SLICE_X30Y56    mlp_system_i/axi_dma_0/U0/I_PRMRY_DATAMOVER/GEN_MM2S_FULL.I_MM2S_FULL_WRAPPER/I_ADDR_CNTL/GEN_ADDR_FIFO.I_ADDR_QUAL_FIFO/USE_SRL_FIFO.I_SYNC_FIFO/data_reg[3][19]_srl4/CLK



---------------------------------------------------------------------------------------------------
Path Group:  **async_default**
From Clock:  clk_fpga_0
  To Clock:  clk_fpga_0

Setup :            0  Failing Endpoints,  Worst Slack        6.561ns,  Total Violation        0.000ns
Hold  :            0  Failing Endpoints,  Worst Slack        0.717ns,  Total Violation        0.000ns
---------------------------------------------------------------------------------------------------


Max Delay Paths
--------------------------------------------------------------------------------------
Slack (MET) :             6.561ns  (required time - arrival time)
  Source:                 mlp_system_wrapper/mlp_system/mlp_system_axi_mem_intercon_1/s00_couplers_imp_WXI7U5/mlp_system_axi_mem_intercon_imp_auto_pc_0/mlp_system_axi_mem_intercon_imp_auto_pc_0_axi_protocol_converter_v2_1_37_axi_protocol_converter/mlp_system_axi_mem_intercon_imp_auto_pc_0_axi_protocol_converter_v2_1_37_axi3_conv/mlp_system_axi_mem_intercon_imp_auto_pc_0_axi_protocol_converter_v2_1_37_a_axi3_conv/mlp_system_axi_mem_intercon_imp_auto_pc_0_axi_data_fifo_v2_1_36_axic_fifo/mlp_system_axi_mem_intercon_imp_auto_pc_0_axi_data_fifo_v2_1_36_fifo_gen/<hidden>/<hidden>/<hidden>/<hidden>/<hidden>
                            (rising edge-triggered cell FDRE clocked by clk_fpga_0  {rise@0.000ns fall@5.000ns period=10.000ns})
  Destination:            mlp_system_wrapper/mlp_system/mlp_system_axi_mem_intercon_1/s00_couplers_imp_WXI7U5/mlp_system_axi_mem_intercon_imp_auto_pc_0/mlp_system_axi_mem_intercon_imp_auto_pc_0_axi_protocol_converter_v2_1_37_axi_protocol_converter/mlp_system_axi_mem_intercon_imp_auto_pc_0_axi_protocol_converter_v2_1_37_axi3_conv/mlp_system_axi_mem_intercon_imp_auto_pc_0_axi_protocol_converter_v2_1_37_a_axi3_conv/mlp_system_axi_mem_intercon_imp_auto_pc_0_axi_data_fifo_v2_1_36_axic_fifo/mlp_system_axi_mem_intercon_imp_auto_pc_0_axi_data_fifo_v2_1_36_fifo_gen/<hidden>/<hidden>/<hidden>/<hidden>/<hidden>/<hidden>
                            (recovery check against rising-edge clock clk_fpga_0  {rise@0.000ns fall@5.000ns period=10.000ns})
  Path Group:             **async_default**
  Path Type:              Recovery (Max at Slow Process Corner)
  Requirement:            10.000ns  (clk_fpga_0 rise@10.000ns - clk_fpga_0 rise@0.000ns)
  Data Path Delay:        2.827ns  (logic 0.642ns (22.712%)  route 2.185ns (77.288%))
  Logic Levels:           1  (LUT3=1)
  Clock Path Skew:        -0.053ns (DCD - SCD + CPR)
    Destination Clock Delay (DCD):    2.759ns = ( 12.759 - 10.000 ) 
    Source Clock Delay      (SCD):    3.042ns
    Clock Pessimism Removal (CPR):    0.230ns
  Clock Uncertainty:      0.154ns  ((TSJ^2 + TIJ^2)^1/2 + DJ) / 2 + PE
    Total System Jitter     (TSJ):    0.071ns
    Total Input Jitter      (TIJ):    0.300ns
    Discrete Jitter          (DJ):    0.000ns
    Phase Error              (PE):    0.000ns

    Location             Delay type                Incr(ns)  Path(ns)    Netlist Resource(s)
  -------------------------------------------------------------------    -------------------
                         (clock clk_fpga_0 rise edge)
                                                      0.000     0.000 r  
    PS7_X0Y0             PS7                          0.000     0.000 r  mlp_system_i/processing_system7_0/inst/PS7_i/FCLKCLK[0]
                         net (fo=1, routed)           1.193     1.193    mlp_system_i/processing_system7_0/inst/FCLK_CLK_unbuffered[0]
    BUFGCTRL_X0Y16       BUFG (Prop_bufg_I_O)         0.101     1.294 r  mlp_system_i/processing_system7_0/inst/buffer_fclk_clk_0.FCLK_CLK_0_BUFG/O
                         net (fo=2400, routed)        1.748     3.042    mlp_system_wrapper/mlp_system/mlp_system_axi_mem_intercon_1/s00_couplers_imp_WXI7U5/mlp_system_axi_mem_intercon_imp_auto_pc_0/mlp_system_axi_mem_intercon_imp_auto_pc_0_axi_protocol_converter_v2_1_37_axi_protocol_converter/mlp_system_axi_mem_intercon_imp_auto_pc_0_axi_protocol_converter_v2_1_37_axi3_conv/mlp_system_axi_mem_intercon_imp_auto_pc_0_axi_protocol_converter_v2_1_37_a_axi3_conv/mlp_system_axi_mem_intercon_imp_auto_pc_0_axi_data_fifo_v2_1_36_axic_fifo/mlp_system_axi_mem_intercon_imp_auto_pc_0_axi_data_fifo_v2_1_36_fifo_gen/<hidden>/<hidden>/<hidden>/<hidden>/<hidden>
    SLICE_X26Y41         FDRE                                         r  mlp_system_wrapper/mlp_system/mlp_system_axi_mem_intercon_1/s00_couplers_imp_WXI7U5/mlp_system_axi_mem_intercon_imp_auto_pc_0/mlp_system_axi_mem_intercon_imp_auto_pc_0_axi_protocol_converter_v2_1_37_axi_protocol_converter/mlp_system_axi_mem_intercon_imp_auto_pc_0_axi_protocol_converter_v2_1_37_axi3_conv/mlp_system_axi_mem_intercon_imp_auto_pc_0_axi_protocol_converter_v2_1_37_a_axi3_conv/mlp_system_axi_mem_intercon_imp_auto_pc_0_axi_data_fifo_v2_1_36_axic_fifo/mlp_system_axi_mem_intercon_imp_auto_pc_0_axi_data_fifo_v2_1_36_fifo_gen/<hidden>/<hidden>/<hidden>/<hidden>/<hidden>
  -------------------------------------------------------------------    -------------------
    SLICE_X26Y41         FDRE (Prop_fdre_C_Q)         0.518     3.560 f  mlp_system_wrapper/mlp_system/mlp_system_axi_mem_intercon_1/s00_couplers_imp_WXI7U5/mlp_system_axi_mem_intercon_imp_auto_pc_0/mlp_system_axi_mem_intercon_imp_auto_pc_0_axi_protocol_converter_v2_1_37_axi_protocol_converter/mlp_system_axi_mem_intercon_imp_auto_pc_0_axi_protocol_converter_v2_1_37_axi3_conv/mlp_system_axi_mem_intercon_imp_auto_pc_0_axi_protocol_converter_v2_1_37_a_axi3_conv/mlp_system_axi_mem_intercon_imp_auto_pc_0_axi_data_fifo_v2_1_36_axic_fifo/mlp_system_axi_mem_intercon_imp_auto_pc_0_axi_data_fifo_v2_1_36_fifo_gen/<hidden>/<hidden>/<hidden>/<hidden>/<hidden>
                         net (fo=1, routed)           0.653     4.213    mlp_system_wrapper/mlp_system/mlp_system_axi_mem_intercon_1/s00_couplers_imp_WXI7U5/mlp_system_axi_mem_intercon_imp_auto_pc_0/mlp_system_axi_mem_intercon_imp_auto_pc_0_axi_protocol_converter_v2_1_37_axi_protocol_converter/mlp_system_axi_mem_intercon_imp_auto_pc_0_axi_protocol_converter_v2_1_37_axi3_conv/mlp_system_axi_mem_intercon_imp_auto_pc_0_axi_protocol_converter_v2_1_37_a_axi3_conv/mlp_system_axi_mem_intercon_imp_auto_pc_0_axi_data_fifo_v2_1_36_axic_fifo/mlp_system_axi_mem_intercon_imp_auto_pc_0_axi_data_fifo_v2_1_36_fifo_gen/<hidden>/<hidden>/<hidden>/<hidden>/<hidden>
    SLICE_X26Y41         LUT3 (Prop_lut3_I0_O)        0.124     4.337 f  mlp_system_wrapper/mlp_system/mlp_system_axi_mem_intercon_1/s00_couplers_imp_WXI7U5/mlp_system_axi_mem_intercon_imp_auto_pc_0/mlp_system_axi_mem_intercon_imp_auto_pc_0_axi_protocol_converter_v2_1_37_axi_protocol_converter/mlp_system_axi_mem_intercon_imp_auto_pc_0_axi_protocol_converter_v2_1_37_axi3_conv/mlp_system_axi_mem_intercon_imp_auto_pc_0_axi_protocol_converter_v2_1_37_a_axi3_conv/mlp_system_axi_mem_intercon_imp_auto_pc_0_axi_data_fifo_v2_1_36_axic_fifo/mlp_system_axi_mem_intercon_imp_auto_pc_0_axi_data_fifo_v2_1_36_fifo_gen/<hidden>/<hidden>/<hidden>/<hidden>/<hidden>
                         net (fo=33, routed)          1.532     5.869    mlp_system_wrapper/mlp_system/mlp_system_axi_mem_intercon_1/s00_couplers_imp_WXI7U5/mlp_system_axi_mem_intercon_imp_auto_pc_0/mlp_system_axi_mem_intercon_imp_auto_pc_0_axi_protocol_converter_v2_1_37_axi_protocol_converter/mlp_system_axi_mem_intercon_imp_auto_pc_0_axi_protocol_converter_v2_1_37_axi3_conv/mlp_system_axi_mem_intercon_imp_auto_pc_0_axi_protocol_converter_v2_1_37_a_axi3_conv/mlp_system_axi_mem_intercon_imp_auto_pc_0_axi_data_fifo_v2_1_36_axic_fifo/mlp_system_axi_mem_intercon_imp_auto_pc_0_axi_data_fifo_v2_1_36_fifo_gen/<hidden>/<hidden>/<hidden>/<hidden>/<hidden>/<hidden>
    SLICE_X17Y43         FDCE                                         f  mlp_system_wrapper/mlp_system/mlp_system_axi_mem_intercon_1/s00_couplers_imp_WXI7U5/mlp_system_axi_mem_intercon_imp_auto_pc_0/mlp_system_axi_mem_intercon_imp_auto_pc_0_axi_protocol_converter_v2_1_37_axi_protocol_converter/mlp_system_axi_mem_intercon_imp_auto_pc_0_axi_protocol_converter_v2_1_37_axi3_conv/mlp_system_axi_mem_intercon_imp_auto_pc_0_axi_protocol_converter_v2_1_37_a_axi3_conv/mlp_system_axi_mem_intercon_imp_auto_pc_0_axi_data_fifo_v2_1_36_axic_fifo/mlp_system_axi_mem_intercon_imp_auto_pc_0_axi_data_fifo_v2_1_36_fifo_gen/<hidden>/<hidden>/<hidden>/<hidden>/<hidden>/<hidden>
  -------------------------------------------------------------------    -------------------

                         (clock clk_fpga_0 rise edge)
                                                     10.000    10.000 r  
    PS7_X0Y0             PS7                          0.000    10.000 r  mlp_system_i/processing_system7_0/inst/PS7_i/FCLKCLK[0]
                         net (fo=1, routed)           1.088    11.088    mlp_system_i/processing_system7_0/inst/FCLK_CLK_unbuffered[0]
    BUFGCTRL_X0Y16       BUFG (Prop_bufg_I_O)         0.091    11.179 r  mlp_system_i/processing_system7_0/inst/buffer_fclk_clk_0.FCLK_CLK_0_BUFG/O
                         net (fo=2400, routed)        1.580    12.759    mlp_system_wrapper/mlp_system/mlp_system_axi_mem_intercon_1/s00_couplers_imp_WXI7U5/mlp_system_axi_mem_intercon_imp_auto_pc_0/mlp_system_axi_mem_intercon_imp_auto_pc_0_axi_protocol_converter_v2_1_37_axi_protocol_converter/mlp_system_axi_mem_intercon_imp_auto_pc_0_axi_protocol_converter_v2_1_37_axi3_conv/mlp_system_axi_mem_intercon_imp_auto_pc_0_axi_protocol_converter_v2_1_37_a_axi3_conv/mlp_system_axi_mem_intercon_imp_auto_pc_0_axi_data_fifo_v2_1_36_axic_fifo/mlp_system_axi_mem_intercon_imp_auto_pc_0_axi_data_fifo_v2_1_36_fifo_gen/<hidden>/<hidden>/<hidden>/<hidden>/<hidden>/<hidden>
    SLICE_X17Y43         FDCE                                         r  mlp_system_wrapper/mlp_system/mlp_system_axi_mem_intercon_1/s00_couplers_imp_WXI7U5/mlp_system_axi_mem_intercon_imp_auto_pc_0/mlp_system_axi_mem_intercon_imp_auto_pc_0_axi_protocol_converter_v2_1_37_axi_protocol_converter/mlp_system_axi_mem_intercon_imp_auto_pc_0_axi_protocol_converter_v2_1_37_axi3_conv/mlp_system_axi_mem_intercon_imp_auto_pc_0_axi_protocol_converter_v2_1_37_a_axi3_conv/mlp_system_axi_mem_intercon_imp_auto_pc_0_axi_data_fifo_v2_1_36_axic_fifo/mlp_system_axi_mem_intercon_imp_auto_pc_0_axi_data_fifo_v2_1_36_fifo_gen/<hidden>/<hidden>/<hidden>/<hidden>/<hidden>/<hidden>
                         clock pessimism              0.230    12.989    
                         clock uncertainty           -0.154    12.835    
    SLICE_X17Y43         FDCE (Recov_fdce_C_CLR)     -0.405    12.430    mlp_system_wrapper/mlp_system/mlp_system_axi_mem_intercon_1/s00_couplers_imp_WXI7U5/mlp_system_axi_mem_intercon_imp_auto_pc_0/mlp_system_axi_mem_intercon_imp_auto_pc_0_axi_protocol_converter_v2_1_37_axi_protocol_converter/mlp_system_axi_mem_intercon_imp_auto_pc_0_axi_protocol_converter_v2_1_37_axi3_conv/mlp_system_axi_mem_intercon_imp_auto_pc_0_axi_protocol_converter_v2_1_37_a_axi3_conv/mlp_system_axi_mem_intercon_imp_auto_pc_0_axi_data_fifo_v2_1_36_axic_fifo/mlp_system_axi_mem_intercon_imp_auto_pc_0_axi_data_fifo_v2_1_36_fifo_gen/<hidden>/<hidden>/<hidden>/<hidden>/<hidden>/<hidden>
  -------------------------------------------------------------------
                         required time                         12.430    
                         arrival time                          -5.869    
  -------------------------------------------------------------------
                         slack                                  6.561    

Slack (MET) :             6.561ns  (required time - arrival time)
  Source:                 mlp_system_wrapper/mlp_system/mlp_system_axi_mem_intercon_1/s00_couplers_imp_WXI7U5/mlp_system_axi_mem_intercon_imp_auto_pc_0/mlp_system_axi_mem_intercon_imp_auto_pc_0_axi_protocol_converter_v2_1_37_axi_protocol_converter/mlp_system_axi_mem_intercon_imp_auto_pc_0_axi_protocol_converter_v2_1_37_axi3_conv/mlp_system_axi_mem_intercon_imp_auto_pc_0_axi_protocol_converter_v2_1_37_a_axi3_conv/mlp_system_axi_mem_intercon_imp_auto_pc_0_axi_data_fifo_v2_1_36_axic_fifo/mlp_system_axi_mem_intercon_imp_auto_pc_0_axi_data_fifo_v2_1_36_fifo_gen/<hidden>/<hidden>/<hidden>/<hidden>/<hidden>
                            (rising edge-triggered cell FDRE clocked by clk_fpga_0  {rise@0.000ns fall@5.000ns period=10.000ns})
  Destination:            mlp_system_wrapper/mlp_system/mlp_system_axi_mem_intercon_1/s00_couplers_imp_WXI7U5/mlp_system_axi_mem_intercon_imp_auto_pc_0/mlp_system_axi_mem_intercon_imp_auto_pc_0_axi_protocol_converter_v2_1_37_axi_protocol_converter/mlp_system_axi_mem_intercon_imp_auto_pc_0_axi_protocol_converter_v2_1_37_axi3_conv/mlp_system_axi_mem_intercon_imp_auto_pc_0_axi_protocol_converter_v2_1_37_a_axi3_conv/mlp_system_axi_mem_intercon_imp_auto_pc_0_axi_data_fifo_v2_1_36_axic_fifo/mlp_system_axi_mem_intercon_imp_auto_pc_0_axi_data_fifo_v2_1_36_fifo_gen/<hidden>/<hidden>/<hidden>/<hidden>/<hidden>/<hidden>
                            (recovery check against rising-edge clock clk_fpga_0  {rise@0.000ns fall@5.000ns period=10.000ns})
  Path Group:             **async_default**
  Path Type:              Recovery (Max at Slow Process Corner)
  Requirement:            10.000ns  (clk_fpga_0 rise@10.000ns - clk_fpga_0 rise@0.000ns)
  Data Path Delay:        2.827ns  (logic 0.642ns (22.712%)  route 2.185ns (77.288%))
  Logic Levels:           1  (LUT3=1)
  Clock Path Skew:        -0.053ns (DCD - SCD + CPR)
    Destination Clock Delay (DCD):    2.759ns = ( 12.759 - 10.000 ) 
    Source Clock Delay      (SCD):    3.042ns
    Clock Pessimism Removal (CPR):    0.230ns
  Clock Uncertainty:      0.154ns  ((TSJ^2 + TIJ^2)^1/2 + DJ) / 2 + PE
    Total System Jitter     (TSJ):    0.071ns
    Total Input Jitter      (TIJ):    0.300ns
    Discrete Jitter          (DJ):    0.000ns
    Phase Error              (PE):    0.000ns

    Location             Delay type                Incr(ns)  Path(ns)    Netlist Resource(s)
  -------------------------------------------------------------------    -------------------
                         (clock clk_fpga_0 rise edge)
                                                      0.000     0.000 r  
    PS7_X0Y0             PS7                          0.000     0.000 r  mlp_system_i/processing_system7_0/inst/PS7_i/FCLKCLK[0]
                         net (fo=1, routed)           1.193     1.193    mlp_system_i/processing_system7_0/inst/FCLK_CLK_unbuffered[0]
    BUFGCTRL_X0Y16       BUFG (Prop_bufg_I_O)         0.101     1.294 r  mlp_system_i/processing_system7_0/inst/buffer_fclk_clk_0.FCLK_CLK_0_BUFG/O
                         net (fo=2400, routed)        1.748     3.042    mlp_system_wrapper/mlp_system/mlp_system_axi_mem_intercon_1/s00_couplers_imp_WXI7U5/mlp_system_axi_mem_intercon_imp_auto_pc_0/mlp_system_axi_mem_intercon_imp_auto_pc_0_axi_protocol_converter_v2_1_37_axi_protocol_converter/mlp_system_axi_mem_intercon_imp_auto_pc_0_axi_protocol_converter_v2_1_37_axi3_conv/mlp_system_axi_mem_intercon_imp_auto_pc_0_axi_protocol_converter_v2_1_37_a_axi3_conv/mlp_system_axi_mem_intercon_imp_auto_pc_0_axi_data_fifo_v2_1_36_axic_fifo/mlp_system_axi_mem_intercon_imp_auto_pc_0_axi_data_fifo_v2_1_36_fifo_gen/<hidden>/<hidden>/<hidden>/<hidden>/<hidden>
    SLICE_X26Y41         FDRE                                         r  mlp_system_wrapper/mlp_system/mlp_system_axi_mem_intercon_1/s00_couplers_imp_WXI7U5/mlp_system_axi_mem_intercon_imp_auto_pc_0/mlp_system_axi_mem_intercon_imp_auto_pc_0_axi_protocol_converter_v2_1_37_axi_protocol_converter/mlp_system_axi_mem_intercon_imp_auto_pc_0_axi_protocol_converter_v2_1_37_axi3_conv/mlp_system_axi_mem_intercon_imp_auto_pc_0_axi_protocol_converter_v2_1_37_a_axi3_conv/mlp_system_axi_mem_intercon_imp_auto_pc_0_axi_data_fifo_v2_1_36_axic_fifo/mlp_system_axi_mem_intercon_imp_auto_pc_0_axi_data_fifo_v2_1_36_fifo_gen/<hidden>/<hidden>/<hidden>/<hidden>/<hidden>
  -------------------------------------------------------------------    -------------------
    SLICE_X26Y41         FDRE (Prop_fdre_C_Q)         0.518     3.560 f  mlp_system_wrapper/mlp_system/mlp_system_axi_mem_intercon_1/s00_couplers_imp_WXI7U5/mlp_system_axi_mem_intercon_imp_auto_pc_0/mlp_system_axi_mem_intercon_imp_auto_pc_0_axi_protocol_converter_v2_1_37_axi_protocol_converter/mlp_system_axi_mem_intercon_imp_auto_pc_0_axi_protocol_converter_v2_1_37_axi3_conv/mlp_system_axi_mem_intercon_imp_auto_pc_0_axi_protocol_converter_v2_1_37_a_axi3_conv/mlp_system_axi_mem_intercon_imp_auto_pc_0_axi_data_fifo_v2_1_36_axic_fifo/mlp_system_axi_mem_intercon_imp_auto_pc_0_axi_data_fifo_v2_1_36_fifo_gen/<hidden>/<hidden>/<hidden>/<hidden>/<hidden>
                         net (fo=1, routed)           0.653     4.213    mlp_system_wrapper/mlp_system/mlp_system_axi_mem_intercon_1/s00_couplers_imp_WXI7U5/mlp_system_axi_mem_intercon_imp_auto_pc_0/mlp_system_axi_mem_intercon_imp_auto_pc_0_axi_protocol_converter_v2_1_37_axi_protocol_converter/mlp_system_axi_mem_intercon_imp_auto_pc_0_axi_protocol_converter_v2_1_37_axi3_conv/mlp_system_axi_mem_intercon_imp_auto_pc_0_axi_protocol_converter_v2_1_37_a_axi3_conv/mlp_system_axi_mem_intercon_imp_auto_pc_0_axi_data_fifo_v2_1_36_axic_fifo/mlp_system_axi_mem_intercon_imp_auto_pc_0_axi_data_fifo_v2_1_36_fifo_gen/<hidden>/<hidden>/<hidden>/<hidden>/<hidden>
    SLICE_X26Y41         LUT3 (Prop_lut3_I0_O)        0.124     4.337 f  mlp_system_wrapper/mlp_system/mlp_system_axi_mem_intercon_1/s00_couplers_imp_WXI7U5/mlp_system_axi_mem_intercon_imp_auto_pc_0/mlp_system_axi_mem_intercon_imp_auto_pc_0_axi_protocol_converter_v2_1_37_axi_protocol_converter/mlp_system_axi_mem_intercon_imp_auto_pc_0_axi_protocol_converter_v2_1_37_axi3_conv/mlp_system_axi_mem_intercon_imp_auto_pc_0_axi_protocol_converter_v2_1_37_a_axi3_conv/mlp_system_axi_mem_intercon_imp_auto_pc_0_axi_data_fifo_v2_1_36_axic_fifo/mlp_system_axi_mem_intercon_imp_auto_pc_0_axi_data_fifo_v2_1_36_fifo_gen/<hidden>/<hidden>/<hidden>/<hidden>/<hidden>
                         net (fo=33, routed)          1.532     5.869    mlp_system_wrapper/mlp_system/mlp_system_axi_mem_intercon_1/s00_couplers_imp_WXI7U5/mlp_system_axi_mem_intercon_imp_auto_pc_0/mlp_system_axi_mem_intercon_imp_auto_pc_0_axi_protocol_converter_v2_1_37_axi_protocol_converter/mlp_system_axi_mem_intercon_imp_auto_pc_0_axi_protocol_converter_v2_1_37_axi3_conv/mlp_system_axi_mem_intercon_imp_auto_pc_0_axi_protocol_converter_v2_1_37_a_axi3_conv/mlp_system_axi_mem_intercon_imp_auto_pc_0_axi_data_fifo_v2_1_36_axic_fifo/mlp_system_axi_mem_intercon_imp_auto_pc_0_axi_data_fifo_v2_1_36_fifo_gen/<hidden>/<hidden>/<hidden>/<hidden>/<hidden>/<hidden>
    SLICE_X17Y43         FDCE                                         f  mlp_system_wrapper/mlp_system/mlp_system_axi_mem_intercon_1/s00_couplers_imp_WXI7U5/mlp_system_axi_mem_intercon_imp_auto_pc_0/mlp_system_axi_mem_intercon_imp_auto_pc_0_axi_protocol_converter_v2_1_37_axi_protocol_converter/mlp_system_axi_mem_intercon_imp_auto_pc_0_axi_protocol_converter_v2_1_37_axi3_conv/mlp_system_axi_mem_intercon_imp_auto_pc_0_axi_protocol_converter_v2_1_37_a_axi3_conv/mlp_system_axi_mem_intercon_imp_auto_pc_0_axi_data_fifo_v2_1_36_axic_fifo/mlp_system_axi_mem_intercon_imp_auto_pc_0_axi_data_fifo_v2_1_36_fifo_gen/<hidden>/<hidden>/<hidden>/<hidden>/<hidden>/<hidden>
  -------------------------------------------------------------------    -------------------

                         (clock clk_fpga_0 rise edge)
                                                     10.000    10.000 r  
    PS7_X0Y0             PS7                          0.000    10.000 r  mlp_system_i/processing_system7_0/inst/PS7_i/FCLKCLK[0]
                         net (fo=1, routed)           1.088    11.088    mlp_system_i/processing_system7_0/inst/FCLK_CLK_unbuffered[0]
    BUFGCTRL_X0Y16       BUFG (Prop_bufg_I_O)         0.091    11.179 r  mlp_system_i/processing_system7_0/inst/buffer_fclk_clk_0.FCLK_CLK_0_BUFG/O
                         net (fo=2400, routed)        1.580    12.759    mlp_system_wrapper/mlp_system/mlp_system_axi_mem_intercon_1/s00_couplers_imp_WXI7U5/mlp_system_axi_mem_intercon_imp_auto_pc_0/mlp_system_axi_mem_intercon_imp_auto_pc_0_axi_protocol_converter_v2_1_37_axi_protocol_converter/mlp_system_axi_mem_intercon_imp_auto_pc_0_axi_protocol_converter_v2_1_37_axi3_conv/mlp_system_axi_mem_intercon_imp_auto_pc_0_axi_protocol_converter_v2_1_37_a_axi3_conv/mlp_system_axi_mem_intercon_imp_auto_pc_0_axi_data_fifo_v2_1_36_axic_fifo/mlp_system_axi_mem_intercon_imp_auto_pc_0_axi_data_fifo_v2_1_36_fifo_gen/<hidden>/<hidden>/<hidden>/<hidden>/<hidden>/<hidden>
    SLICE_X17Y43         FDCE                                         r  mlp_system_wrapper/mlp_system/mlp_system_axi_mem_intercon_1/s00_couplers_imp_WXI7U5/mlp_system_axi_mem_intercon_imp_auto_pc_0/mlp_system_axi_mem_intercon_imp_auto_pc_0_axi_protocol_converter_v2_1_37_axi_protocol_converter/mlp_system_axi_mem_intercon_imp_auto_pc_0_axi_protocol_converter_v2_1_37_axi3_conv/mlp_system_axi_mem_intercon_imp_auto_pc_0_axi_protocol_converter_v2_1_37_a_axi3_conv/mlp_system_axi_mem_intercon_imp_auto_pc_0_axi_data_fifo_v2_1_36_axic_fifo/mlp_system_axi_mem_intercon_imp_auto_pc_0_axi_data_fifo_v2_1_36_fifo_gen/<hidden>/<hidden>/<hidden>/<hidden>/<hidden>/<hidden>
                         clock pessimism              0.230    12.989    
                         clock uncertainty           -0.154    12.835    
    SLICE_X17Y43         FDCE (Recov_fdce_C_CLR)     -0.405    12.430    mlp_system_wrapper/mlp_system/mlp_system_axi_mem_intercon_1/s00_couplers_imp_WXI7U5/mlp_system_axi_mem_intercon_imp_auto_pc_0/mlp_system_axi_mem_intercon_imp_auto_pc_0_axi_protocol_converter_v2_1_37_axi_protocol_converter/mlp_system_axi_mem_intercon_imp_auto_pc_0_axi_protocol_converter_v2_1_37_axi3_conv/mlp_system_axi_mem_intercon_imp_auto_pc_0_axi_protocol_converter_v2_1_37_a_axi3_conv/mlp_system_axi_mem_intercon_imp_auto_pc_0_axi_data_fifo_v2_1_36_axic_fifo/mlp_system_axi_mem_intercon_imp_auto_pc_0_axi_data_fifo_v2_1_36_fifo_gen/<hidden>/<hidden>/<hidden>/<hidden>/<hidden>/<hidden>
  -------------------------------------------------------------------
                         required time                         12.430    
                         arrival time                          -5.869    
  -------------------------------------------------------------------
                         slack                                  6.561    

Slack (MET) :             6.561ns  (required time - arrival time)
  Source:                 mlp_system_wrapper/mlp_system/mlp_system_axi_mem_intercon_1/s00_couplers_imp_WXI7U5/mlp_system_axi_mem_intercon_imp_auto_pc_0/mlp_system_axi_mem_intercon_imp_auto_pc_0_axi_protocol_converter_v2_1_37_axi_protocol_converter/mlp_system_axi_mem_intercon_imp_auto_pc_0_axi_protocol_converter_v2_1_37_axi3_conv/mlp_system_axi_mem_intercon_imp_auto_pc_0_axi_protocol_converter_v2_1_37_a_axi3_conv/mlp_system_axi_mem_intercon_imp_auto_pc_0_axi_data_fifo_v2_1_36_axic_fifo/mlp_system_axi_mem_intercon_imp_auto_pc_0_axi_data_fifo_v2_1_36_fifo_gen/<hidden>/<hidden>/<hidden>/<hidden>/<hidden>
                            (rising edge-triggered cell FDRE clocked by clk_fpga_0  {rise@0.000ns fall@5.000ns period=10.000ns})
  Destination:            mlp_system_wrapper/mlp_system/mlp_system_axi_mem_intercon_1/s00_couplers_imp_WXI7U5/mlp_system_axi_mem_intercon_imp_auto_pc_0/mlp_system_axi_mem_intercon_imp_auto_pc_0_axi_protocol_converter_v2_1_37_axi_protocol_converter/mlp_system_axi_mem_intercon_imp_auto_pc_0_axi_protocol_converter_v2_1_37_axi3_conv/mlp_system_axi_mem_intercon_imp_auto_pc_0_axi_protocol_converter_v2_1_37_a_axi3_conv/mlp_system_axi_mem_intercon_imp_auto_pc_0_axi_data_fifo_v2_1_36_axic_fifo/mlp_system_axi_mem_intercon_imp_auto_pc_0_axi_data_fifo_v2_1_36_fifo_gen/<hidden>/<hidden>/<hidden>/<hidden>/<hidden>/<hidden>
                            (recovery check against rising-edge clock clk_fpga_0  {rise@0.000ns fall@5.000ns period=10.000ns})
  Path Group:             **async_default**
  Path Type:              Recovery (Max at Slow Process Corner)
  Requirement:            10.000ns  (clk_fpga_0 rise@10.000ns - clk_fpga_0 rise@0.000ns)
  Data Path Delay:        2.827ns  (logic 0.642ns (22.712%)  route 2.185ns (77.288%))
  Logic Levels:           1  (LUT3=1)
  Clock Path Skew:        -0.053ns (DCD - SCD + CPR)
    Destination Clock Delay (DCD):    2.759ns = ( 12.759 - 10.000 ) 
    Source Clock Delay      (SCD):    3.042ns
    Clock Pessimism Removal (CPR):    0.230ns
  Clock Uncertainty:      0.154ns  ((TSJ^2 + TIJ^2)^1/2 + DJ) / 2 + PE
    Total System Jitter     (TSJ):    0.071ns
    Total Input Jitter      (TIJ):    0.300ns
    Discrete Jitter          (DJ):    0.000ns
    Phase Error              (PE):    0.000ns

    Location             Delay type                Incr(ns)  Path(ns)    Netlist Resource(s)
  -------------------------------------------------------------------    -------------------
                         (clock clk_fpga_0 rise edge)
                                                      0.000     0.000 r  
    PS7_X0Y0             PS7                          0.000     0.000 r  mlp_system_i/processing_system7_0/inst/PS7_i/FCLKCLK[0]
                         net (fo=1, routed)           1.193     1.193    mlp_system_i/processing_system7_0/inst/FCLK_CLK_unbuffered[0]
    BUFGCTRL_X0Y16       BUFG (Prop_bufg_I_O)         0.101     1.294 r  mlp_system_i/processing_system7_0/inst/buffer_fclk_clk_0.FCLK_CLK_0_BUFG/O
                         net (fo=2400, routed)        1.748     3.042    mlp_system_wrapper/mlp_system/mlp_system_axi_mem_intercon_1/s00_couplers_imp_WXI7U5/mlp_system_axi_mem_intercon_imp_auto_pc_0/mlp_system_axi_mem_intercon_imp_auto_pc_0_axi_protocol_converter_v2_1_37_axi_protocol_converter/mlp_system_axi_mem_intercon_imp_auto_pc_0_axi_protocol_converter_v2_1_37_axi3_conv/mlp_system_axi_mem_intercon_imp_auto_pc_0_axi_protocol_converter_v2_1_37_a_axi3_conv/mlp_system_axi_mem_intercon_imp_auto_pc_0_axi_data_fifo_v2_1_36_axic_fifo/mlp_system_axi_mem_intercon_imp_auto_pc_0_axi_data_fifo_v2_1_36_fifo_gen/<hidden>/<hidden>/<hidden>/<hidden>/<hidden>
    SLICE_X26Y41         FDRE                                         r  mlp_system_wrapper/mlp_system/mlp_system_axi_mem_intercon_1/s00_couplers_imp_WXI7U5/mlp_system_axi_mem_intercon_imp_auto_pc_0/mlp_system_axi_mem_intercon_imp_auto_pc_0_axi_protocol_converter_v2_1_37_axi_protocol_converter/mlp_system_axi_mem_intercon_imp_auto_pc_0_axi_protocol_converter_v2_1_37_axi3_conv/mlp_system_axi_mem_intercon_imp_auto_pc_0_axi_protocol_converter_v2_1_37_a_axi3_conv/mlp_system_axi_mem_intercon_imp_auto_pc_0_axi_data_fifo_v2_1_36_axic_fifo/mlp_system_axi_mem_intercon_imp_auto_pc_0_axi_data_fifo_v2_1_36_fifo_gen/<hidden>/<hidden>/<hidden>/<hidden>/<hidden>
  -------------------------------------------------------------------    -------------------
    SLICE_X26Y41         FDRE (Prop_fdre_C_Q)         0.518     3.560 f  mlp_system_wrapper/mlp_system/mlp_system_axi_mem_intercon_1/s00_couplers_imp_WXI7U5/mlp_system_axi_mem_intercon_imp_auto_pc_0/mlp_system_axi_mem_intercon_imp_auto_pc_0_axi_protocol_converter_v2_1_37_axi_protocol_converter/mlp_system_axi_mem_intercon_imp_auto_pc_0_axi_protocol_converter_v2_1_37_axi3_conv/mlp_system_axi_mem_intercon_imp_auto_pc_0_axi_protocol_converter_v2_1_37_a_axi3_conv/mlp_system_axi_mem_intercon_imp_auto_pc_0_axi_data_fifo_v2_1_36_axic_fifo/mlp_system_axi_mem_intercon_imp_auto_pc_0_axi_data_fifo_v2_1_36_fifo_gen/<hidden>/<hidden>/<hidden>/<hidden>/<hidden>
                         net (fo=1, routed)           0.653     4.213    mlp_system_wrapper/mlp_system/mlp_system_axi_mem_intercon_1/s00_couplers_imp_WXI7U5/mlp_system_axi_mem_intercon_imp_auto_pc_0/mlp_system_axi_mem_intercon_imp_auto_pc_0_axi_protocol_converter_v2_1_37_axi_protocol_converter/mlp_system_axi_mem_intercon_imp_auto_pc_0_axi_protocol_converter_v2_1_37_axi3_conv/mlp_system_axi_mem_intercon_imp_auto_pc_0_axi_protocol_converter_v2_1_37_a_axi3_conv/mlp_system_axi_mem_intercon_imp_auto_pc_0_axi_data_fifo_v2_1_36_axic_fifo/mlp_system_axi_mem_intercon_imp_auto_pc_0_axi_data_fifo_v2_1_36_fifo_gen/<hidden>/<hidden>/<hidden>/<hidden>/<hidden>
    SLICE_X26Y41         LUT3 (Prop_lut3_I0_O)        0.124     4.337 f  mlp_system_wrapper/mlp_system/mlp_system_axi_mem_intercon_1/s00_couplers_imp_WXI7U5/mlp_system_axi_mem_intercon_imp_auto_pc_0/mlp_system_axi_mem_intercon_imp_auto_pc_0_axi_protocol_converter_v2_1_37_axi_protocol_converter/mlp_system_axi_mem_intercon_imp_auto_pc_0_axi_protocol_converter_v2_1_37_axi3_conv/mlp_system_axi_mem_intercon_imp_auto_pc_0_axi_protocol_converter_v2_1_37_a_axi3_conv/mlp_system_axi_mem_intercon_imp_auto_pc_0_axi_data_fifo_v2_1_36_axic_fifo/mlp_system_axi_mem_intercon_imp_auto_pc_0_axi_data_fifo_v2_1_36_fifo_gen/<hidden>/<hidden>/<hidden>/<hidden>/<hidden>
                         net (fo=33, routed)          1.532     5.869    mlp_system_wrapper/mlp_system/mlp_system_axi_mem_intercon_1/s00_couplers_imp_WXI7U5/mlp_system_axi_mem_intercon_imp_auto_pc_0/mlp_system_axi_mem_intercon_imp_auto_pc_0_axi_protocol_converter_v2_1_37_axi_protocol_converter/mlp_system_axi_mem_intercon_imp_auto_pc_0_axi_protocol_converter_v2_1_37_axi3_conv/mlp_system_axi_mem_intercon_imp_auto_pc_0_axi_protocol_converter_v2_1_37_a_axi3_conv/mlp_system_axi_mem_intercon_imp_auto_pc_0_axi_data_fifo_v2_1_36_axic_fifo/mlp_system_axi_mem_intercon_imp_auto_pc_0_axi_data_fifo_v2_1_36_fifo_gen/<hidden>/<hidden>/<hidden>/<hidden>/<hidden>/<hidden>
    SLICE_X17Y43         FDCE                                         f  mlp_system_wrapper/mlp_system/mlp_system_axi_mem_intercon_1/s00_couplers_imp_WXI7U5/mlp_system_axi_mem_intercon_imp_auto_pc_0/mlp_system_axi_mem_intercon_imp_auto_pc_0_axi_protocol_converter_v2_1_37_axi_protocol_converter/mlp_system_axi_mem_intercon_imp_auto_pc_0_axi_protocol_converter_v2_1_37_axi3_conv/mlp_system_axi_mem_intercon_imp_auto_pc_0_axi_protocol_converter_v2_1_37_a_axi3_conv/mlp_system_axi_mem_intercon_imp_auto_pc_0_axi_data_fifo_v2_1_36_axic_fifo/mlp_system_axi_mem_intercon_imp_auto_pc_0_axi_data_fifo_v2_1_36_fifo_gen/<hidden>/<hidden>/<hidden>/<hidden>/<hidden>/<hidden>
  -------------------------------------------------------------------    -------------------

                         (clock clk_fpga_0 rise edge)
                                                     10.000    10.000 r  
    PS7_X0Y0             PS7                          0.000    10.000 r  mlp_system_i/processing_system7_0/inst/PS7_i/FCLKCLK[0]
                         net (fo=1, routed)           1.088    11.088    mlp_system_i/processing_system7_0/inst/FCLK_CLK_unbuffered[0]
    BUFGCTRL_X0Y16       BUFG (Prop_bufg_I_O)         0.091    11.179 r  mlp_system_i/processing_system7_0/inst/buffer_fclk_clk_0.FCLK_CLK_0_BUFG/O
                         net (fo=2400, routed)        1.580    12.759    mlp_system_wrapper/mlp_system/mlp_system_axi_mem_intercon_1/s00_couplers_imp_WXI7U5/mlp_system_axi_mem_intercon_imp_auto_pc_0/mlp_system_axi_mem_intercon_imp_auto_pc_0_axi_protocol_converter_v2_1_37_axi_protocol_converter/mlp_system_axi_mem_intercon_imp_auto_pc_0_axi_protocol_converter_v2_1_37_axi3_conv/mlp_system_axi_mem_intercon_imp_auto_pc_0_axi_protocol_converter_v2_1_37_a_axi3_conv/mlp_system_axi_mem_intercon_imp_auto_pc_0_axi_data_fifo_v2_1_36_axic_fifo/mlp_system_axi_mem_intercon_imp_auto_pc_0_axi_data_fifo_v2_1_36_fifo_gen/<hidden>/<hidden>/<hidden>/<hidden>/<hidden>/<hidden>
    SLICE_X17Y43         FDCE                                         r  mlp_system_wrapper/mlp_system/mlp_system_axi_mem_intercon_1/s00_couplers_imp_WXI7U5/mlp_system_axi_mem_intercon_imp_auto_pc_0/mlp_system_axi_mem_intercon_imp_auto_pc_0_axi_protocol_converter_v2_1_37_axi_protocol_converter/mlp_system_axi_mem_intercon_imp_auto_pc_0_axi_protocol_converter_v2_1_37_axi3_conv/mlp_system_axi_mem_intercon_imp_auto_pc_0_axi_protocol_converter_v2_1_37_a_axi3_conv/mlp_system_axi_mem_intercon_imp_auto_pc_0_axi_data_fifo_v2_1_36_axic_fifo/mlp_system_axi_mem_intercon_imp_auto_pc_0_axi_data_fifo_v2_1_36_fifo_gen/<hidden>/<hidden>/<hidden>/<hidden>/<hidden>/<hidden>
                         clock pessimism              0.230    12.989    
                         clock uncertainty           -0.154    12.835    
    SLICE_X17Y43         FDCE (Recov_fdce_C_CLR)     -0.405    12.430    mlp_system_wrapper/mlp_system/mlp_system_axi_mem_intercon_1/s00_couplers_imp_WXI7U5/mlp_system_axi_mem_intercon_imp_auto_pc_0/mlp_system_axi_mem_intercon_imp_auto_pc_0_axi_protocol_converter_v2_1_37_axi_protocol_converter/mlp_system_axi_mem_intercon_imp_auto_pc_0_axi_protocol_converter_v2_1_37_axi3_conv/mlp_system_axi_mem_intercon_imp_auto_pc_0_axi_protocol_converter_v2_1_37_a_axi3_conv/mlp_system_axi_mem_intercon_imp_auto_pc_0_axi_data_fifo_v2_1_36_axic_fifo/mlp_system_axi_mem_intercon_imp_auto_pc_0_axi_data_fifo_v2_1_36_fifo_gen/<hidden>/<hidden>/<hidden>/<hidden>/<hidden>/<hidden>
  -------------------------------------------------------------------
                         required time                         12.430    
                         arrival time                          -5.869    
  -------------------------------------------------------------------
                         slack                                  6.561    

Slack (MET) :             6.607ns  (required time - arrival time)
  Source:                 mlp_system_wrapper/mlp_system/mlp_system_axi_mem_intercon_1/s00_couplers_imp_WXI7U5/mlp_system_axi_mem_intercon_imp_auto_pc_0/mlp_system_axi_mem_intercon_imp_auto_pc_0_axi_protocol_converter_v2_1_37_axi_protocol_converter/mlp_system_axi_mem_intercon_imp_auto_pc_0_axi_protocol_converter_v2_1_37_axi3_conv/mlp_system_axi_mem_intercon_imp_auto_pc_0_axi_protocol_converter_v2_1_37_a_axi3_conv/mlp_system_axi_mem_intercon_imp_auto_pc_0_axi_data_fifo_v2_1_36_axic_fifo/mlp_system_axi_mem_intercon_imp_auto_pc_0_axi_data_fifo_v2_1_36_fifo_gen/<hidden>/<hidden>/<hidden>/<hidden>/<hidden>
                            (rising edge-triggered cell FDRE clocked by clk_fpga_0  {rise@0.000ns fall@5.000ns period=10.000ns})
  Destination:            mlp_system_wrapper/mlp_system/mlp_system_axi_mem_intercon_1/s00_couplers_imp_WXI7U5/mlp_system_axi_mem_intercon_imp_auto_pc_0/mlp_system_axi_mem_intercon_imp_auto_pc_0_axi_protocol_converter_v2_1_37_axi_protocol_converter/mlp_system_axi_mem_intercon_imp_auto_pc_0_axi_protocol_converter_v2_1_37_axi3_conv/mlp_system_axi_mem_intercon_imp_auto_pc_0_axi_protocol_converter_v2_1_37_a_axi3_conv/mlp_system_axi_mem_intercon_imp_auto_pc_0_axi_data_fifo_v2_1_36_axic_fifo/mlp_system_axi_mem_intercon_imp_auto_pc_0_axi_data_fifo_v2_1_36_fifo_gen/<hidden>/<hidden>/<hidden>/<hidden>/<hidden>/<hidden>
                            (recovery check against rising-edge clock clk_fpga_0  {rise@0.000ns fall@5.000ns period=10.000ns})
  Path Group:             **async_default**
  Path Type:              Recovery (Max at Slow Process Corner)
  Requirement:            10.000ns  (clk_fpga_0 rise@10.000ns - clk_fpga_0 rise@0.000ns)
  Data Path Delay:        2.827ns  (logic 0.642ns (22.712%)  route 2.185ns (77.288%))
  Logic Levels:           1  (LUT3=1)
  Clock Path Skew:        -0.053ns (DCD - SCD + CPR)
    Destination Clock Delay (DCD):    2.759ns = ( 12.759 - 10.000 ) 
    Source Clock Delay      (SCD):    3.042ns
    Clock Pessimism Removal (CPR):    0.230ns
  Clock Uncertainty:      0.154ns  ((TSJ^2 + TIJ^2)^1/2 + DJ) / 2 + PE
    Total System Jitter     (TSJ):    0.071ns
    Total Input Jitter      (TIJ):    0.300ns
    Discrete Jitter          (DJ):    0.000ns
    Phase Error              (PE):    0.000ns

    Location             Delay type                Incr(ns)  Path(ns)    Netlist Resource(s)
  -------------------------------------------------------------------    -------------------
                         (clock clk_fpga_0 rise edge)
                                                      0.000     0.000 r  
    PS7_X0Y0             PS7                          0.000     0.000 r  mlp_system_i/processing_system7_0/inst/PS7_i/FCLKCLK[0]
                         net (fo=1, routed)           1.193     1.193    mlp_system_i/processing_system7_0/inst/FCLK_CLK_unbuffered[0]
    BUFGCTRL_X0Y16       BUFG (Prop_bufg_I_O)         0.101     1.294 r  mlp_system_i/processing_system7_0/inst/buffer_fclk_clk_0.FCLK_CLK_0_BUFG/O
                         net (fo=2400, routed)        1.748     3.042    mlp_system_wrapper/mlp_system/mlp_system_axi_mem_intercon_1/s00_couplers_imp_WXI7U5/mlp_system_axi_mem_intercon_imp_auto_pc_0/mlp_system_axi_mem_intercon_imp_auto_pc_0_axi_protocol_converter_v2_1_37_axi_protocol_converter/mlp_system_axi_mem_intercon_imp_auto_pc_0_axi_protocol_converter_v2_1_37_axi3_conv/mlp_system_axi_mem_intercon_imp_auto_pc_0_axi_protocol_converter_v2_1_37_a_axi3_conv/mlp_system_axi_mem_intercon_imp_auto_pc_0_axi_data_fifo_v2_1_36_axic_fifo/mlp_system_axi_mem_intercon_imp_auto_pc_0_axi_data_fifo_v2_1_36_fifo_gen/<hidden>/<hidden>/<hidden>/<hidden>/<hidden>
    SLICE_X26Y41         FDRE                                         r  mlp_system_wrapper/mlp_system/mlp_system_axi_mem_intercon_1/s00_couplers_imp_WXI7U5/mlp_system_axi_mem_intercon_imp_auto_pc_0/mlp_system_axi_mem_intercon_imp_auto_pc_0_axi_protocol_converter_v2_1_37_axi_protocol_converter/mlp_system_axi_mem_intercon_imp_auto_pc_0_axi_protocol_converter_v2_1_37_axi3_conv/mlp_system_axi_mem_intercon_imp_auto_pc_0_axi_protocol_converter_v2_1_37_a_axi3_conv/mlp_system_axi_mem_intercon_imp_auto_pc_0_axi_data_fifo_v2_1_36_axic_fifo/mlp_system_axi_mem_intercon_imp_auto_pc_0_axi_data_fifo_v2_1_36_fifo_gen/<hidden>/<hidden>/<hidden>/<hidden>/<hidden>
  -------------------------------------------------------------------    -------------------
    SLICE_X26Y41         FDRE (Prop_fdre_C_Q)         0.518     3.560 f  mlp_system_wrapper/mlp_system/mlp_system_axi_mem_intercon_1/s00_couplers_imp_WXI7U5/mlp_system_axi_mem_intercon_imp_auto_pc_0/mlp_system_axi_mem_intercon_imp_auto_pc_0_axi_protocol_converter_v2_1_37_axi_protocol_converter/mlp_system_axi_mem_intercon_imp_auto_pc_0_axi_protocol_converter_v2_1_37_axi3_conv/mlp_system_axi_mem_intercon_imp_auto_pc_0_axi_protocol_converter_v2_1_37_a_axi3_conv/mlp_system_axi_mem_intercon_imp_auto_pc_0_axi_data_fifo_v2_1_36_axic_fifo/mlp_system_axi_mem_intercon_imp_auto_pc_0_axi_data_fifo_v2_1_36_fifo_gen/<hidden>/<hidden>/<hidden>/<hidden>/<hidden>
                         net (fo=1, routed)           0.653     4.213    mlp_system_wrapper/mlp_system/mlp_system_axi_mem_intercon_1/s00_couplers_imp_WXI7U5/mlp_system_axi_mem_intercon_imp_auto_pc_0/mlp_system_axi_mem_intercon_imp_auto_pc_0_axi_protocol_converter_v2_1_37_axi_protocol_converter/mlp_system_axi_mem_intercon_imp_auto_pc_0_axi_protocol_converter_v2_1_37_axi3_conv/mlp_system_axi_mem_intercon_imp_auto_pc_0_axi_protocol_converter_v2_1_37_a_axi3_conv/mlp_system_axi_mem_intercon_imp_auto_pc_0_axi_data_fifo_v2_1_36_axic_fifo/mlp_system_axi_mem_intercon_imp_auto_pc_0_axi_data_fifo_v2_1_36_fifo_gen/<hidden>/<hidden>/<hidden>/<hidden>/<hidden>
    SLICE_X26Y41         LUT3 (Prop_lut3_I0_O)        0.124     4.337 f  mlp_system_wrapper/mlp_system/mlp_system_axi_mem_intercon_1/s00_couplers_imp_WXI7U5/mlp_system_axi_mem_intercon_imp_auto_pc_0/mlp_system_axi_mem_intercon_imp_auto_pc_0_axi_protocol_converter_v2_1_37_axi_protocol_converter/mlp_system_axi_mem_intercon_imp_auto_pc_0_axi_protocol_converter_v2_1_37_axi3_conv/mlp_system_axi_mem_intercon_imp_auto_pc_0_axi_protocol_converter_v2_1_37_a_axi3_conv/mlp_system_axi_mem_intercon_imp_auto_pc_0_axi_data_fifo_v2_1_36_axic_fifo/mlp_system_axi_mem_intercon_imp_auto_pc_0_axi_data_fifo_v2_1_36_fifo_gen/<hidden>/<hidden>/<hidden>/<hidden>/<hidden>
                         net (fo=33, routed)          1.532     5.869    mlp_system_wrapper/mlp_system/mlp_system_axi_mem_intercon_1/s00_couplers_imp_WXI7U5/mlp_system_axi_mem_intercon_imp_auto_pc_0/mlp_system_axi_mem_intercon_imp_auto_pc_0_axi_protocol_converter_v2_1_37_axi_protocol_converter/mlp_system_axi_mem_intercon_imp_auto_pc_0_axi_protocol_converter_v2_1_37_axi3_conv/mlp_system_axi_mem_intercon_imp_auto_pc_0_axi_protocol_converter_v2_1_37_a_axi3_conv/mlp_system_axi_mem_intercon_imp_auto_pc_0_axi_data_fifo_v2_1_36_axic_fifo/mlp_system_axi_mem_intercon_imp_auto_pc_0_axi_data_fifo_v2_1_36_fifo_gen/<hidden>/<hidden>/<hidden>/<hidden>/<hidden>/<hidden>
    SLICE_X17Y43         FDPE                                         f  mlp_system_wrapper/mlp_system/mlp_system_axi_mem_intercon_1/s00_couplers_imp_WXI7U5/mlp_system_axi_mem_intercon_imp_auto_pc_0/mlp_system_axi_mem_intercon_imp_auto_pc_0_axi_protocol_converter_v2_1_37_axi_protocol_converter/mlp_system_axi_mem_intercon_imp_auto_pc_0_axi_protocol_converter_v2_1_37_axi3_conv/mlp_system_axi_mem_intercon_imp_auto_pc_0_axi_protocol_converter_v2_1_37_a_axi3_conv/mlp_system_axi_mem_intercon_imp_auto_pc_0_axi_data_fifo_v2_1_36_axic_fifo/mlp_system_axi_mem_intercon_imp_auto_pc_0_axi_data_fifo_v2_1_36_fifo_gen/<hidden>/<hidden>/<hidden>/<hidden>/<hidden>/<hidden>
  -------------------------------------------------------------------    -------------------

                         (clock clk_fpga_0 rise edge)
                                                     10.000    10.000 r  
    PS7_X0Y0             PS7                          0.000    10.000 r  mlp_system_i/processing_system7_0/inst/PS7_i/FCLKCLK[0]
                         net (fo=1, routed)           1.088    11.088    mlp_system_i/processing_system7_0/inst/FCLK_CLK_unbuffered[0]
    BUFGCTRL_X0Y16       BUFG (Prop_bufg_I_O)         0.091    11.179 r  mlp_system_i/processing_system7_0/inst/buffer_fclk_clk_0.FCLK_CLK_0_BUFG/O
                         net (fo=2400, routed)        1.580    12.759    mlp_system_wrapper/mlp_system/mlp_system_axi_mem_intercon_1/s00_couplers_imp_WXI7U5/mlp_system_axi_mem_intercon_imp_auto_pc_0/mlp_system_axi_mem_intercon_imp_auto_pc_0_axi_protocol_converter_v2_1_37_axi_protocol_converter/mlp_system_axi_mem_intercon_imp_auto_pc_0_axi_protocol_converter_v2_1_37_axi3_conv/mlp_system_axi_mem_intercon_imp_auto_pc_0_axi_protocol_converter_v2_1_37_a_axi3_conv/mlp_system_axi_mem_intercon_imp_auto_pc_0_axi_data_fifo_v2_1_36_axic_fifo/mlp_system_axi_mem_intercon_imp_auto_pc_0_axi_data_fifo_v2_1_36_fifo_gen/<hidden>/<hidden>/<hidden>/<hidden>/<hidden>/<hidden>
    SLICE_X17Y43         FDPE                                         r  mlp_system_wrapper/mlp_system/mlp_system_axi_mem_intercon_1/s00_couplers_imp_WXI7U5/mlp_system_axi_mem_intercon_imp_auto_pc_0/mlp_system_axi_mem_intercon_imp_auto_pc_0_axi_protocol_converter_v2_1_37_axi_protocol_converter/mlp_system_axi_mem_intercon_imp_auto_pc_0_axi_protocol_converter_v2_1_37_axi3_conv/mlp_system_axi_mem_intercon_imp_auto_pc_0_axi_protocol_converter_v2_1_37_a_axi3_conv/mlp_system_axi_mem_intercon_imp_auto_pc_0_axi_data_fifo_v2_1_36_axic_fifo/mlp_system_axi_mem_intercon_imp_auto_pc_0_axi_data_fifo_v2_1_36_fifo_gen/<hidden>/<hidden>/<hidden>/<hidden>/<hidden>/<hidden>
                         clock pessimism              0.230    12.989    
                         clock uncertainty           -0.154    12.835    
    SLICE_X17Y43         FDPE (Recov_fdpe_C_PRE)     -0.359    12.476    mlp_system_wrapper/mlp_system/mlp_system_axi_mem_intercon_1/s00_couplers_imp_WXI7U5/mlp_system_axi_mem_intercon_imp_auto_pc_0/mlp_system_axi_mem_intercon_imp_auto_pc_0_axi_protocol_converter_v2_1_37_axi_protocol_converter/mlp_system_axi_mem_intercon_imp_auto_pc_0_axi_protocol_converter_v2_1_37_axi3_conv/mlp_system_axi_mem_intercon_imp_auto_pc_0_axi_protocol_converter_v2_1_37_a_axi3_conv/mlp_system_axi_mem_intercon_imp_auto_pc_0_axi_data_fifo_v2_1_36_axic_fifo/mlp_system_axi_mem_intercon_imp_auto_pc_0_axi_data_fifo_v2_1_36_fifo_gen/<hidden>/<hidden>/<hidden>/<hidden>/<hidden>/<hidden>
  -------------------------------------------------------------------
                         required time                         12.476    
                         arrival time                          -5.869    
  -------------------------------------------------------------------
                         slack                                  6.607    

Slack (MET) :             6.699ns  (required time - arrival time)
  Source:                 mlp_system_wrapper/mlp_system/mlp_system_axi_mem_intercon_1/s00_couplers_imp_WXI7U5/mlp_system_axi_mem_intercon_imp_auto_pc_0/mlp_system_axi_mem_intercon_imp_auto_pc_0_axi_protocol_converter_v2_1_37_axi_protocol_converter/mlp_system_axi_mem_intercon_imp_auto_pc_0_axi_protocol_converter_v2_1_37_axi3_conv/mlp_system_axi_mem_intercon_imp_auto_pc_0_axi_protocol_converter_v2_1_37_a_axi3_conv/mlp_system_axi_mem_intercon_imp_auto_pc_0_axi_data_fifo_v2_1_36_axic_fifo/mlp_system_axi_mem_intercon_imp_auto_pc_0_axi_data_fifo_v2_1_36_fifo_gen/<hidden>/<hidden>/<hidden>/<hidden>/<hidden>
                            (rising edge-triggered cell FDRE clocked by clk_fpga_0  {rise@0.000ns fall@5.000ns period=10.000ns})
  Destination:            mlp_system_wrapper/mlp_system/mlp_system_axi_mem_intercon_1/s00_couplers_imp_WXI7U5/mlp_system_axi_mem_intercon_imp_auto_pc_0/mlp_system_axi_mem_intercon_imp_auto_pc_0_axi_protocol_converter_v2_1_37_axi_protocol_converter/mlp_system_axi_mem_intercon_imp_auto_pc_0_axi_protocol_converter_v2_1_37_axi3_conv/mlp_system_axi_mem_intercon_imp_auto_pc_0_axi_protocol_converter_v2_1_37_a_axi3_conv/mlp_system_axi_mem_intercon_imp_auto_pc_0_axi_data_fifo_v2_1_36_axic_fifo/mlp_system_axi_mem_intercon_imp_auto_pc_0_axi_data_fifo_v2_1_36_fifo_gen/<hidden>/<hidden>/<hidden>/<hidden>/<hidden>/<hidden>
                            (recovery check against rising-edge clock clk_fpga_0  {rise@0.000ns fall@5.000ns period=10.000ns})
  Path Group:             **async_default**
  Path Type:              Recovery (Max at Slow Process Corner)
  Requirement:            10.000ns  (clk_fpga_0 rise@10.000ns - clk_fpga_0 rise@0.000ns)
  Data Path Delay:        2.688ns  (logic 0.642ns (23.881%)  route 2.046ns (76.119%))
  Logic Levels:           1  (LUT3=1)
  Clock Path Skew:        -0.054ns (DCD - SCD + CPR)
    Destination Clock Delay (DCD):    2.758ns = ( 12.759 - 10.000 ) 
    Source Clock Delay      (SCD):    3.042ns
    Clock Pessimism Removal (CPR):    0.230ns
  Clock Uncertainty:      0.154ns  ((TSJ^2 + TIJ^2)^1/2 + DJ) / 2 + PE
    Total System Jitter     (TSJ):    0.071ns
    Total Input Jitter      (TIJ):    0.300ns
    Discrete Jitter          (DJ):    0.000ns
    Phase Error              (PE):    0.000ns

    Location             Delay type                Incr(ns)  Path(ns)    Netlist Resource(s)
  -------------------------------------------------------------------    -------------------
                         (clock clk_fpga_0 rise edge)
                                                      0.000     0.000 r  
    PS7_X0Y0             PS7                          0.000     0.000 r  mlp_system_i/processing_system7_0/inst/PS7_i/FCLKCLK[0]
                         net (fo=1, routed)           1.193     1.193    mlp_system_i/processing_system7_0/inst/FCLK_CLK_unbuffered[0]
    BUFGCTRL_X0Y16       BUFG (Prop_bufg_I_O)         0.101     1.294 r  mlp_system_i/processing_system7_0/inst/buffer_fclk_clk_0.FCLK_CLK_0_BUFG/O
                         net (fo=2400, routed)        1.748     3.042    mlp_system_wrapper/mlp_system/mlp_system_axi_mem_intercon_1/s00_couplers_imp_WXI7U5/mlp_system_axi_mem_intercon_imp_auto_pc_0/mlp_system_axi_mem_intercon_imp_auto_pc_0_axi_protocol_converter_v2_1_37_axi_protocol_converter/mlp_system_axi_mem_intercon_imp_auto_pc_0_axi_protocol_converter_v2_1_37_axi3_conv/mlp_system_axi_mem_intercon_imp_auto_pc_0_axi_protocol_converter_v2_1_37_a_axi3_conv/mlp_system_axi_mem_intercon_imp_auto_pc_0_axi_data_fifo_v2_1_36_axic_fifo/mlp_system_axi_mem_intercon_imp_auto_pc_0_axi_data_fifo_v2_1_36_fifo_gen/<hidden>/<hidden>/<hidden>/<hidden>/<hidden>
    SLICE_X26Y41         FDRE                                         r  mlp_system_wrapper/mlp_system/mlp_system_axi_mem_intercon_1/s00_couplers_imp_WXI7U5/mlp_system_axi_mem_intercon_imp_auto_pc_0/mlp_system_axi_mem_intercon_imp_auto_pc_0_axi_protocol_converter_v2_1_37_axi_protocol_converter/mlp_system_axi_mem_intercon_imp_auto_pc_0_axi_protocol_converter_v2_1_37_axi3_conv/mlp_system_axi_mem_intercon_imp_auto_pc_0_axi_protocol_converter_v2_1_37_a_axi3_conv/mlp_system_axi_mem_intercon_imp_auto_pc_0_axi_data_fifo_v2_1_36_axic_fifo/mlp_system_axi_mem_intercon_imp_auto_pc_0_axi_data_fifo_v2_1_36_fifo_gen/<hidden>/<hidden>/<hidden>/<hidden>/<hidden>
  -------------------------------------------------------------------    -------------------
    SLICE_X26Y41         FDRE (Prop_fdre_C_Q)         0.518     3.560 f  mlp_system_wrapper/mlp_system/mlp_system_axi_mem_intercon_1/s00_couplers_imp_WXI7U5/mlp_system_axi_mem_intercon_imp_auto_pc_0/mlp_system_axi_mem_intercon_imp_auto_pc_0_axi_protocol_converter_v2_1_37_axi_protocol_converter/mlp_system_axi_mem_intercon_imp_auto_pc_0_axi_protocol_converter_v2_1_37_axi3_conv/mlp_system_axi_mem_intercon_imp_auto_pc_0_axi_protocol_converter_v2_1_37_a_axi3_conv/mlp_system_axi_mem_intercon_imp_auto_pc_0_axi_data_fifo_v2_1_36_axic_fifo/mlp_system_axi_mem_intercon_imp_auto_pc_0_axi_data_fifo_v2_1_36_fifo_gen/<hidden>/<hidden>/<hidden>/<hidden>/<hidden>
                         net (fo=1, routed)           0.653     4.213    mlp_system_wrapper/mlp_system/mlp_system_axi_mem_intercon_1/s00_couplers_imp_WXI7U5/mlp_system_axi_mem_intercon_imp_auto_pc_0/mlp_system_axi_mem_intercon_imp_auto_pc_0_axi_protocol_converter_v2_1_37_axi_protocol_converter/mlp_system_axi_mem_intercon_imp_auto_pc_0_axi_protocol_converter_v2_1_37_axi3_conv/mlp_system_axi_mem_intercon_imp_auto_pc_0_axi_protocol_converter_v2_1_37_a_axi3_conv/mlp_system_axi_mem_intercon_imp_auto_pc_0_axi_data_fifo_v2_1_36_axic_fifo/mlp_system_axi_mem_intercon_imp_auto_pc_0_axi_data_fifo_v2_1_36_fifo_gen/<hidden>/<hidden>/<hidden>/<hidden>/<hidden>
    SLICE_X26Y41         LUT3 (Prop_lut3_I0_O)        0.124     4.337 f  mlp_system_wrapper/mlp_system/mlp_system_axi_mem_intercon_1/s00_couplers_imp_WXI7U5/mlp_system_axi_mem_intercon_imp_auto_pc_0/mlp_system_axi_mem_intercon_imp_auto_pc_0_axi_protocol_converter_v2_1_37_axi_protocol_converter/mlp_system_axi_mem_intercon_imp_auto_pc_0_axi_protocol_converter_v2_1_37_axi3_conv/mlp_system_axi_mem_intercon_imp_auto_pc_0_axi_protocol_converter_v2_1_37_a_axi3_conv/mlp_system_axi_mem_intercon_imp_auto_pc_0_axi_data_fifo_v2_1_36_axic_fifo/mlp_system_axi_mem_intercon_imp_auto_pc_0_axi_data_fifo_v2_1_36_fifo_gen/<hidden>/<hidden>/<hidden>/<hidden>/<hidden>
                         net (fo=33, routed)          1.393     5.730    mlp_system_wrapper/mlp_system/mlp_system_axi_mem_intercon_1/s00_couplers_imp_WXI7U5/mlp_system_axi_mem_intercon_imp_auto_pc_0/mlp_system_axi_mem_intercon_imp_auto_pc_0_axi_protocol_converter_v2_1_37_axi_protocol_converter/mlp_system_axi_mem_intercon_imp_auto_pc_0_axi_protocol_converter_v2_1_37_axi3_conv/mlp_system_axi_mem_intercon_imp_auto_pc_0_axi_protocol_converter_v2_1_37_a_axi3_conv/mlp_system_axi_mem_intercon_imp_auto_pc_0_axi_data_fifo_v2_1_36_axic_fifo/mlp_system_axi_mem_intercon_imp_auto_pc_0_axi_data_fifo_v2_1_36_fifo_gen/<hidden>/<hidden>/<hidden>/<hidden>/<hidden>/<hidden>
    SLICE_X17Y42         FDCE                                         f  mlp_system_wrapper/mlp_system/mlp_system_axi_mem_intercon_1/s00_couplers_imp_WXI7U5/mlp_system_axi_mem_intercon_imp_auto_pc_0/mlp_system_axi_mem_intercon_imp_auto_pc_0_axi_protocol_converter_v2_1_37_axi_protocol_converter/mlp_system_axi_mem_intercon_imp_auto_pc_0_axi_protocol_converter_v2_1_37_axi3_conv/mlp_system_axi_mem_intercon_imp_auto_pc_0_axi_protocol_converter_v2_1_37_a_axi3_conv/mlp_system_axi_mem_intercon_imp_auto_pc_0_axi_data_fifo_v2_1_36_axic_fifo/mlp_system_axi_mem_intercon_imp_auto_pc_0_axi_data_fifo_v2_1_36_fifo_gen/<hidden>/<hidden>/<hidden>/<hidden>/<hidden>/<hidden>
  -------------------------------------------------------------------    -------------------

                         (clock clk_fpga_0 rise edge)
                                                     10.000    10.000 r  
    PS7_X0Y0             PS7                          0.000    10.000 r  mlp_system_i/processing_system7_0/inst/PS7_i/FCLKCLK[0]
                         net (fo=1, routed)           1.088    11.088    mlp_system_i/processing_system7_0/inst/FCLK_CLK_unbuffered[0]
    BUFGCTRL_X0Y16       BUFG (Prop_bufg_I_O)         0.091    11.179 r  mlp_system_i/processing_system7_0/inst/buffer_fclk_clk_0.FCLK_CLK_0_BUFG/O
                         net (fo=2400, routed)        1.579    12.759    mlp_system_wrapper/mlp_system/mlp_system_axi_mem_intercon_1/s00_couplers_imp_WXI7U5/mlp_system_axi_mem_intercon_imp_auto_pc_0/mlp_system_axi_mem_intercon_imp_auto_pc_0_axi_protocol_converter_v2_1_37_axi_protocol_converter/mlp_system_axi_mem_intercon_imp_auto_pc_0_axi_protocol_converter_v2_1_37_axi3_conv/mlp_system_axi_mem_intercon_imp_auto_pc_0_axi_protocol_converter_v2_1_37_a_axi3_conv/mlp_system_axi_mem_intercon_imp_auto_pc_0_axi_data_fifo_v2_1_36_axic_fifo/mlp_system_axi_mem_intercon_imp_auto_pc_0_axi_data_fifo_v2_1_36_fifo_gen/<hidden>/<hidden>/<hidden>/<hidden>/<hidden>/<hidden>
    SLICE_X17Y42         FDCE                                         r  mlp_system_wrapper/mlp_system/mlp_system_axi_mem_intercon_1/s00_couplers_imp_WXI7U5/mlp_system_axi_mem_intercon_imp_auto_pc_0/mlp_system_axi_mem_intercon_imp_auto_pc_0_axi_protocol_converter_v2_1_37_axi_protocol_converter/mlp_system_axi_mem_intercon_imp_auto_pc_0_axi_protocol_converter_v2_1_37_axi3_conv/mlp_system_axi_mem_intercon_imp_auto_pc_0_axi_protocol_converter_v2_1_37_a_axi3_conv/mlp_system_axi_mem_intercon_imp_auto_pc_0_axi_data_fifo_v2_1_36_axic_fifo/mlp_system_axi_mem_intercon_imp_auto_pc_0_axi_data_fifo_v2_1_36_fifo_gen/<hidden>/<hidden>/<hidden>/<hidden>/<hidden>/<hidden>
                         clock pessimism              0.230    12.988    
                         clock uncertainty           -0.154    12.834    
    SLICE_X17Y42         FDCE (Recov_fdce_C_CLR)     -0.405    12.429    mlp_system_wrapper/mlp_system/mlp_system_axi_mem_intercon_1/s00_couplers_imp_WXI7U5/mlp_system_axi_mem_intercon_imp_auto_pc_0/mlp_system_axi_mem_intercon_imp_auto_pc_0_axi_protocol_converter_v2_1_37_axi_protocol_converter/mlp_system_axi_mem_intercon_imp_auto_pc_0_axi_protocol_converter_v2_1_37_axi3_conv/mlp_system_axi_mem_intercon_imp_auto_pc_0_axi_protocol_converter_v2_1_37_a_axi3_conv/mlp_system_axi_mem_intercon_imp_auto_pc_0_axi_data_fifo_v2_1_36_axic_fifo/mlp_system_axi_mem_intercon_imp_auto_pc_0_axi_data_fifo_v2_1_36_fifo_gen/<hidden>/<hidden>/<hidden>/<hidden>/<hidden>/<hidden>
  -------------------------------------------------------------------
                         required time                         12.429    
                         arrival time                          -5.730    
  -------------------------------------------------------------------
                         slack                                  6.699    

Slack (MET) :             6.699ns  (required time - arrival time)
  Source:                 mlp_system_wrapper/mlp_system/mlp_system_axi_mem_intercon_1/s00_couplers_imp_WXI7U5/mlp_system_axi_mem_intercon_imp_auto_pc_0/mlp_system_axi_mem_intercon_imp_auto_pc_0_axi_protocol_converter_v2_1_37_axi_protocol_converter/mlp_system_axi_mem_intercon_imp_auto_pc_0_axi_protocol_converter_v2_1_37_axi3_conv/mlp_system_axi_mem_intercon_imp_auto_pc_0_axi_protocol_converter_v2_1_37_a_axi3_conv/mlp_system_axi_mem_intercon_imp_auto_pc_0_axi_data_fifo_v2_1_36_axic_fifo/mlp_system_axi_mem_intercon_imp_auto_pc_0_axi_data_fifo_v2_1_36_fifo_gen/<hidden>/<hidden>/<hidden>/<hidden>/<hidden>
                            (rising edge-triggered cell FDRE clocked by clk_fpga_0  {rise@0.000ns fall@5.000ns period=10.000ns})
  Destination:            mlp_system_wrapper/mlp_system/mlp_system_axi_mem_intercon_1/s00_couplers_imp_WXI7U5/mlp_system_axi_mem_intercon_imp_auto_pc_0/mlp_system_axi_mem_intercon_imp_auto_pc_0_axi_protocol_converter_v2_1_37_axi_protocol_converter/mlp_system_axi_mem_intercon_imp_auto_pc_0_axi_protocol_converter_v2_1_37_axi3_conv/mlp_system_axi_mem_intercon_imp_auto_pc_0_axi_protocol_converter_v2_1_37_a_axi3_conv/mlp_system_axi_mem_intercon_imp_auto_pc_0_axi_data_fifo_v2_1_36_axic_fifo/mlp_system_axi_mem_intercon_imp_auto_pc_0_axi_data_fifo_v2_1_36_fifo_gen/<hidden>/<hidden>/<hidden>/<hidden>/<hidden>/<hidden>
                            (recovery check against rising-edge clock clk_fpga_0  {rise@0.000ns fall@5.000ns period=10.000ns})
  Path Group:             **async_default**
  Path Type:              Recovery (Max at Slow Process Corner)
  Requirement:            10.000ns  (clk_fpga_0 rise@10.000ns - clk_fpga_0 rise@0.000ns)
  Data Path Delay:        2.688ns  (logic 0.642ns (23.881%)  route 2.046ns (76.119%))
  Logic Levels:           1  (LUT3=1)
  Clock Path Skew:        -0.054ns (DCD - SCD + CPR)
    Destination Clock Delay (DCD):    2.758ns = ( 12.759 - 10.000 ) 
    Source Clock Delay      (SCD):    3.042ns
    Clock Pessimism Removal (CPR):    0.230ns
  Clock Uncertainty:      0.154ns  ((TSJ^2 + TIJ^2)^1/2 + DJ) / 2 + PE
    Total System Jitter     (TSJ):    0.071ns
    Total Input Jitter      (TIJ):    0.300ns
    Discrete Jitter          (DJ):    0.000ns
    Phase Error              (PE):    0.000ns

    Location             Delay type                Incr(ns)  Path(ns)    Netlist Resource(s)
  -------------------------------------------------------------------    -------------------
                         (clock clk_fpga_0 rise edge)
                                                      0.000     0.000 r  
    PS7_X0Y0             PS7                          0.000     0.000 r  mlp_system_i/processing_system7_0/inst/PS7_i/FCLKCLK[0]
                         net (fo=1, routed)           1.193     1.193    mlp_system_i/processing_system7_0/inst/FCLK_CLK_unbuffered[0]
    BUFGCTRL_X0Y16       BUFG (Prop_bufg_I_O)         0.101     1.294 r  mlp_system_i/processing_system7_0/inst/buffer_fclk_clk_0.FCLK_CLK_0_BUFG/O
                         net (fo=2400, routed)        1.748     3.042    mlp_system_wrapper/mlp_system/mlp_system_axi_mem_intercon_1/s00_couplers_imp_WXI7U5/mlp_system_axi_mem_intercon_imp_auto_pc_0/mlp_system_axi_mem_intercon_imp_auto_pc_0_axi_protocol_converter_v2_1_37_axi_protocol_converter/mlp_system_axi_mem_intercon_imp_auto_pc_0_axi_protocol_converter_v2_1_37_axi3_conv/mlp_system_axi_mem_intercon_imp_auto_pc_0_axi_protocol_converter_v2_1_37_a_axi3_conv/mlp_system_axi_mem_intercon_imp_auto_pc_0_axi_data_fifo_v2_1_36_axic_fifo/mlp_system_axi_mem_intercon_imp_auto_pc_0_axi_data_fifo_v2_1_36_fifo_gen/<hidden>/<hidden>/<hidden>/<hidden>/<hidden>
    SLICE_X26Y41         FDRE                                         r  mlp_system_wrapper/mlp_system/mlp_system_axi_mem_intercon_1/s00_couplers_imp_WXI7U5/mlp_system_axi_mem_intercon_imp_auto_pc_0/mlp_system_axi_mem_intercon_imp_auto_pc_0_axi_protocol_converter_v2_1_37_axi_protocol_converter/mlp_system_axi_mem_intercon_imp_auto_pc_0_axi_protocol_converter_v2_1_37_axi3_conv/mlp_system_axi_mem_intercon_imp_auto_pc_0_axi_protocol_converter_v2_1_37_a_axi3_conv/mlp_system_axi_mem_intercon_imp_auto_pc_0_axi_data_fifo_v2_1_36_axic_fifo/mlp_system_axi_mem_intercon_imp_auto_pc_0_axi_data_fifo_v2_1_36_fifo_gen/<hidden>/<hidden>/<hidden>/<hidden>/<hidden>
  -------------------------------------------------------------------    -------------------
    SLICE_X26Y41         FDRE (Prop_fdre_C_Q)         0.518     3.560 f  mlp_system_wrapper/mlp_system/mlp_system_axi_mem_intercon_1/s00_couplers_imp_WXI7U5/mlp_system_axi_mem_intercon_imp_auto_pc_0/mlp_system_axi_mem_intercon_imp_auto_pc_0_axi_protocol_converter_v2_1_37_axi_protocol_converter/mlp_system_axi_mem_intercon_imp_auto_pc_0_axi_protocol_converter_v2_1_37_axi3_conv/mlp_system_axi_mem_intercon_imp_auto_pc_0_axi_protocol_converter_v2_1_37_a_axi3_conv/mlp_system_axi_mem_intercon_imp_auto_pc_0_axi_data_fifo_v2_1_36_axic_fifo/mlp_system_axi_mem_intercon_imp_auto_pc_0_axi_data_fifo_v2_1_36_fifo_gen/<hidden>/<hidden>/<hidden>/<hidden>/<hidden>
                         net (fo=1, routed)           0.653     4.213    mlp_system_wrapper/mlp_system/mlp_system_axi_mem_intercon_1/s00_couplers_imp_WXI7U5/mlp_system_axi_mem_intercon_imp_auto_pc_0/mlp_system_axi_mem_intercon_imp_auto_pc_0_axi_protocol_converter_v2_1_37_axi_protocol_converter/mlp_system_axi_mem_intercon_imp_auto_pc_0_axi_protocol_converter_v2_1_37_axi3_conv/mlp_system_axi_mem_intercon_imp_auto_pc_0_axi_protocol_converter_v2_1_37_a_axi3_conv/mlp_system_axi_mem_intercon_imp_auto_pc_0_axi_data_fifo_v2_1_36_axic_fifo/mlp_system_axi_mem_intercon_imp_auto_pc_0_axi_data_fifo_v2_1_36_fifo_gen/<hidden>/<hidden>/<hidden>/<hidden>/<hidden>
    SLICE_X26Y41         LUT3 (Prop_lut3_I0_O)        0.124     4.337 f  mlp_system_wrapper/mlp_system/mlp_system_axi_mem_intercon_1/s00_couplers_imp_WXI7U5/mlp_system_axi_mem_intercon_imp_auto_pc_0/mlp_system_axi_mem_intercon_imp_auto_pc_0_axi_protocol_converter_v2_1_37_axi_protocol_converter/mlp_system_axi_mem_intercon_imp_auto_pc_0_axi_protocol_converter_v2_1_37_axi3_conv/mlp_system_axi_mem_intercon_imp_auto_pc_0_axi_protocol_converter_v2_1_37_a_axi3_conv/mlp_system_axi_mem_intercon_imp_auto_pc_0_axi_data_fifo_v2_1_36_axic_fifo/mlp_system_axi_mem_intercon_imp_auto_pc_0_axi_data_fifo_v2_1_36_fifo_gen/<hidden>/<hidden>/<hidden>/<hidden>/<hidden>
                         net (fo=33, routed)          1.393     5.730    mlp_system_wrapper/mlp_system/mlp_system_axi_mem_intercon_1/s00_couplers_imp_WXI7U5/mlp_system_axi_mem_intercon_imp_auto_pc_0/mlp_system_axi_mem_intercon_imp_auto_pc_0_axi_protocol_converter_v2_1_37_axi_protocol_converter/mlp_system_axi_mem_intercon_imp_auto_pc_0_axi_protocol_converter_v2_1_37_axi3_conv/mlp_system_axi_mem_intercon_imp_auto_pc_0_axi_protocol_converter_v2_1_37_a_axi3_conv/mlp_system_axi_mem_intercon_imp_auto_pc_0_axi_data_fifo_v2_1_36_axic_fifo/mlp_system_axi_mem_intercon_imp_auto_pc_0_axi_data_fifo_v2_1_36_fifo_gen/<hidden>/<hidden>/<hidden>/<hidden>/<hidden>/<hidden>
    SLICE_X17Y42         FDCE                                         f  mlp_system_wrapper/mlp_system/mlp_system_axi_mem_intercon_1/s00_couplers_imp_WXI7U5/mlp_system_axi_mem_intercon_imp_auto_pc_0/mlp_system_axi_mem_intercon_imp_auto_pc_0_axi_protocol_converter_v2_1_37_axi_protocol_converter/mlp_system_axi_mem_intercon_imp_auto_pc_0_axi_protocol_converter_v2_1_37_axi3_conv/mlp_system_axi_mem_intercon_imp_auto_pc_0_axi_protocol_converter_v2_1_37_a_axi3_conv/mlp_system_axi_mem_intercon_imp_auto_pc_0_axi_data_fifo_v2_1_36_axic_fifo/mlp_system_axi_mem_intercon_imp_auto_pc_0_axi_data_fifo_v2_1_36_fifo_gen/<hidden>/<hidden>/<hidden>/<hidden>/<hidden>/<hidden>
  -------------------------------------------------------------------    -------------------

                         (clock clk_fpga_0 rise edge)
                                                     10.000    10.000 r  
    PS7_X0Y0             PS7                          0.000    10.000 r  mlp_system_i/processing_system7_0/inst/PS7_i/FCLKCLK[0]
                         net (fo=1, routed)           1.088    11.088    mlp_system_i/processing_system7_0/inst/FCLK_CLK_unbuffered[0]
    BUFGCTRL_X0Y16       BUFG (Prop_bufg_I_O)         0.091    11.179 r  mlp_system_i/processing_system7_0/inst/buffer_fclk_clk_0.FCLK_CLK_0_BUFG/O
                         net (fo=2400, routed)        1.579    12.759    mlp_system_wrapper/mlp_system/mlp_system_axi_mem_intercon_1/s00_couplers_imp_WXI7U5/mlp_system_axi_mem_intercon_imp_auto_pc_0/mlp_system_axi_mem_intercon_imp_auto_pc_0_axi_protocol_converter_v2_1_37_axi_protocol_converter/mlp_system_axi_mem_intercon_imp_auto_pc_0_axi_protocol_converter_v2_1_37_axi3_conv/mlp_system_axi_mem_intercon_imp_auto_pc_0_axi_protocol_converter_v2_1_37_a_axi3_conv/mlp_system_axi_mem_intercon_imp_auto_pc_0_axi_data_fifo_v2_1_36_axic_fifo/mlp_system_axi_mem_intercon_imp_auto_pc_0_axi_data_fifo_v2_1_36_fifo_gen/<hidden>/<hidden>/<hidden>/<hidden>/<hidden>/<hidden>
    SLICE_X17Y42         FDCE                                         r  mlp_system_wrapper/mlp_system/mlp_system_axi_mem_intercon_1/s00_couplers_imp_WXI7U5/mlp_system_axi_mem_intercon_imp_auto_pc_0/mlp_system_axi_mem_intercon_imp_auto_pc_0_axi_protocol_converter_v2_1_37_axi_protocol_converter/mlp_system_axi_mem_intercon_imp_auto_pc_0_axi_protocol_converter_v2_1_37_axi3_conv/mlp_system_axi_mem_intercon_imp_auto_pc_0_axi_protocol_converter_v2_1_37_a_axi3_conv/mlp_system_axi_mem_intercon_imp_auto_pc_0_axi_data_fifo_v2_1_36_axic_fifo/mlp_system_axi_mem_intercon_imp_auto_pc_0_axi_data_fifo_v2_1_36_fifo_gen/<hidden>/<hidden>/<hidden>/<hidden>/<hidden>/<hidden>
                         clock pessimism              0.230    12.988    
                         clock uncertainty           -0.154    12.834    
    SLICE_X17Y42         FDCE (Recov_fdce_C_CLR)     -0.405    12.429    mlp_system_wrapper/mlp_system/mlp_system_axi_mem_intercon_1/s00_couplers_imp_WXI7U5/mlp_system_axi_mem_intercon_imp_auto_pc_0/mlp_system_axi_mem_intercon_imp_auto_pc_0_axi_protocol_converter_v2_1_37_axi_protocol_converter/mlp_system_axi_mem_intercon_imp_auto_pc_0_axi_protocol_converter_v2_1_37_axi3_conv/mlp_system_axi_mem_intercon_imp_auto_pc_0_axi_protocol_converter_v2_1_37_a_axi3_conv/mlp_system_axi_mem_intercon_imp_auto_pc_0_axi_data_fifo_v2_1_36_axic_fifo/mlp_system_axi_mem_intercon_imp_auto_pc_0_axi_data_fifo_v2_1_36_fifo_gen/<hidden>/<hidden>/<hidden>/<hidden>/<hidden>/<hidden>
  -------------------------------------------------------------------
                         required time                         12.429    
                         arrival time                          -5.730    
  -------------------------------------------------------------------
                         slack                                  6.699    

Slack (MET) :             6.699ns  (required time - arrival time)
  Source:                 mlp_system_wrapper/mlp_system/mlp_system_axi_mem_intercon_1/s00_couplers_imp_WXI7U5/mlp_system_axi_mem_intercon_imp_auto_pc_0/mlp_system_axi_mem_intercon_imp_auto_pc_0_axi_protocol_converter_v2_1_37_axi_protocol_converter/mlp_system_axi_mem_intercon_imp_auto_pc_0_axi_protocol_converter_v2_1_37_axi3_conv/mlp_system_axi_mem_intercon_imp_auto_pc_0_axi_protocol_converter_v2_1_37_a_axi3_conv/mlp_system_axi_mem_intercon_imp_auto_pc_0_axi_data_fifo_v2_1_36_axic_fifo/mlp_system_axi_mem_intercon_imp_auto_pc_0_axi_data_fifo_v2_1_36_fifo_gen/<hidden>/<hidden>/<hidden>/<hidden>/<hidden>
                            (rising edge-triggered cell FDRE clocked by clk_fpga_0  {rise@0.000ns fall@5.000ns period=10.000ns})
  Destination:            mlp_system_wrapper/mlp_system/mlp_system_axi_mem_intercon_1/s00_couplers_imp_WXI7U5/mlp_system_axi_mem_intercon_imp_auto_pc_0/mlp_system_axi_mem_intercon_imp_auto_pc_0_axi_protocol_converter_v2_1_37_axi_protocol_converter/mlp_system_axi_mem_intercon_imp_auto_pc_0_axi_protocol_converter_v2_1_37_axi3_conv/mlp_system_axi_mem_intercon_imp_auto_pc_0_axi_protocol_converter_v2_1_37_a_axi3_conv/mlp_system_axi_mem_intercon_imp_auto_pc_0_axi_data_fifo_v2_1_36_axic_fifo/mlp_system_axi_mem_intercon_imp_auto_pc_0_axi_data_fifo_v2_1_36_fifo_gen/<hidden>/<hidden>/<hidden>/<hidden>/<hidden>/<hidden>
                            (recovery check against rising-edge clock clk_fpga_0  {rise@0.000ns fall@5.000ns period=10.000ns})
  Path Group:             **async_default**
  Path Type:              Recovery (Max at Slow Process Corner)
  Requirement:            10.000ns  (clk_fpga_0 rise@10.000ns - clk_fpga_0 rise@0.000ns)
  Data Path Delay:        2.688ns  (logic 0.642ns (23.881%)  route 2.046ns (76.119%))
  Logic Levels:           1  (LUT3=1)
  Clock Path Skew:        -0.054ns (DCD - SCD + CPR)
    Destination Clock Delay (DCD):    2.758ns = ( 12.759 - 10.000 ) 
    Source Clock Delay      (SCD):    3.042ns
    Clock Pessimism Removal (CPR):    0.230ns
  Clock Uncertainty:      0.154ns  ((TSJ^2 + TIJ^2)^1/2 + DJ) / 2 + PE
    Total System Jitter     (TSJ):    0.071ns
    Total Input Jitter      (TIJ):    0.300ns
    Discrete Jitter          (DJ):    0.000ns
    Phase Error              (PE):    0.000ns

    Location             Delay type                Incr(ns)  Path(ns)    Netlist Resource(s)
  -------------------------------------------------------------------    -------------------
                         (clock clk_fpga_0 rise edge)
                                                      0.000     0.000 r  
    PS7_X0Y0             PS7                          0.000     0.000 r  mlp_system_i/processing_system7_0/inst/PS7_i/FCLKCLK[0]
                         net (fo=1, routed)           1.193     1.193    mlp_system_i/processing_system7_0/inst/FCLK_CLK_unbuffered[0]
    BUFGCTRL_X0Y16       BUFG (Prop_bufg_I_O)         0.101     1.294 r  mlp_system_i/processing_system7_0/inst/buffer_fclk_clk_0.FCLK_CLK_0_BUFG/O
                         net (fo=2400, routed)        1.748     3.042    mlp_system_wrapper/mlp_system/mlp_system_axi_mem_intercon_1/s00_couplers_imp_WXI7U5/mlp_system_axi_mem_intercon_imp_auto_pc_0/mlp_system_axi_mem_intercon_imp_auto_pc_0_axi_protocol_converter_v2_1_37_axi_protocol_converter/mlp_system_axi_mem_intercon_imp_auto_pc_0_axi_protocol_converter_v2_1_37_axi3_conv/mlp_system_axi_mem_intercon_imp_auto_pc_0_axi_protocol_converter_v2_1_37_a_axi3_conv/mlp_system_axi_mem_intercon_imp_auto_pc_0_axi_data_fifo_v2_1_36_axic_fifo/mlp_system_axi_mem_intercon_imp_auto_pc_0_axi_data_fifo_v2_1_36_fifo_gen/<hidden>/<hidden>/<hidden>/<hidden>/<hidden>
    SLICE_X26Y41         FDRE                                         r  mlp_system_wrapper/mlp_system/mlp_system_axi_mem_intercon_1/s00_couplers_imp_WXI7U5/mlp_system_axi_mem_intercon_imp_auto_pc_0/mlp_system_axi_mem_intercon_imp_auto_pc_0_axi_protocol_converter_v2_1_37_axi_protocol_converter/mlp_system_axi_mem_intercon_imp_auto_pc_0_axi_protocol_converter_v2_1_37_axi3_conv/mlp_system_axi_mem_intercon_imp_auto_pc_0_axi_protocol_converter_v2_1_37_a_axi3_conv/mlp_system_axi_mem_intercon_imp_auto_pc_0_axi_data_fifo_v2_1_36_axic_fifo/mlp_system_axi_mem_intercon_imp_auto_pc_0_axi_data_fifo_v2_1_36_fifo_gen/<hidden>/<hidden>/<hidden>/<hidden>/<hidden>
  -------------------------------------------------------------------    -------------------
    SLICE_X26Y41         FDRE (Prop_fdre_C_Q)         0.518     3.560 f  mlp_system_wrapper/mlp_system/mlp_system_axi_mem_intercon_1/s00_couplers_imp_WXI7U5/mlp_system_axi_mem_intercon_imp_auto_pc_0/mlp_system_axi_mem_intercon_imp_auto_pc_0_axi_protocol_converter_v2_1_37_axi_protocol_converter/mlp_system_axi_mem_intercon_imp_auto_pc_0_axi_protocol_converter_v2_1_37_axi3_conv/mlp_system_axi_mem_intercon_imp_auto_pc_0_axi_protocol_converter_v2_1_37_a_axi3_conv/mlp_system_axi_mem_intercon_imp_auto_pc_0_axi_data_fifo_v2_1_36_axic_fifo/mlp_system_axi_mem_intercon_imp_auto_pc_0_axi_data_fifo_v2_1_36_fifo_gen/<hidden>/<hidden>/<hidden>/<hidden>/<hidden>
                         net (fo=1, routed)           0.653     4.213    mlp_system_wrapper/mlp_system/mlp_system_axi_mem_intercon_1/s00_couplers_imp_WXI7U5/mlp_system_axi_mem_intercon_imp_auto_pc_0/mlp_system_axi_mem_intercon_imp_auto_pc_0_axi_protocol_converter_v2_1_37_axi_protocol_converter/mlp_system_axi_mem_intercon_imp_auto_pc_0_axi_protocol_converter_v2_1_37_axi3_conv/mlp_system_axi_mem_intercon_imp_auto_pc_0_axi_protocol_converter_v2_1_37_a_axi3_conv/mlp_system_axi_mem_intercon_imp_auto_pc_0_axi_data_fifo_v2_1_36_axic_fifo/mlp_system_axi_mem_intercon_imp_auto_pc_0_axi_data_fifo_v2_1_36_fifo_gen/<hidden>/<hidden>/<hidden>/<hidden>/<hidden>
    SLICE_X26Y41         LUT3 (Prop_lut3_I0_O)        0.124     4.337 f  mlp_system_wrapper/mlp_system/mlp_system_axi_mem_intercon_1/s00_couplers_imp_WXI7U5/mlp_system_axi_mem_intercon_imp_auto_pc_0/mlp_system_axi_mem_intercon_imp_auto_pc_0_axi_protocol_converter_v2_1_37_axi_protocol_converter/mlp_system_axi_mem_intercon_imp_auto_pc_0_axi_protocol_converter_v2_1_37_axi3_conv/mlp_system_axi_mem_intercon_imp_auto_pc_0_axi_protocol_converter_v2_1_37_a_axi3_conv/mlp_system_axi_mem_intercon_imp_auto_pc_0_axi_data_fifo_v2_1_36_axic_fifo/mlp_system_axi_mem_intercon_imp_auto_pc_0_axi_data_fifo_v2_1_36_fifo_gen/<hidden>/<hidden>/<hidden>/<hidden>/<hidden>
                         net (fo=33, routed)          1.393     5.730    mlp_system_wrapper/mlp_system/mlp_system_axi_mem_intercon_1/s00_couplers_imp_WXI7U5/mlp_system_axi_mem_intercon_imp_auto_pc_0/mlp_system_axi_mem_intercon_imp_auto_pc_0_axi_protocol_converter_v2_1_37_axi_protocol_converter/mlp_system_axi_mem_intercon_imp_auto_pc_0_axi_protocol_converter_v2_1_37_axi3_conv/mlp_system_axi_mem_intercon_imp_auto_pc_0_axi_protocol_converter_v2_1_37_a_axi3_conv/mlp_system_axi_mem_intercon_imp_auto_pc_0_axi_data_fifo_v2_1_36_axic_fifo/mlp_system_axi_mem_intercon_imp_auto_pc_0_axi_data_fifo_v2_1_36_fifo_gen/<hidden>/<hidden>/<hidden>/<hidden>/<hidden>/<hidden>
    SLICE_X17Y42         FDCE                                         f  mlp_system_wrapper/mlp_system/mlp_system_axi_mem_intercon_1/s00_couplers_imp_WXI7U5/mlp_system_axi_mem_intercon_imp_auto_pc_0/mlp_system_axi_mem_intercon_imp_auto_pc_0_axi_protocol_converter_v2_1_37_axi_protocol_converter/mlp_system_axi_mem_intercon_imp_auto_pc_0_axi_protocol_converter_v2_1_37_axi3_conv/mlp_system_axi_mem_intercon_imp_auto_pc_0_axi_protocol_converter_v2_1_37_a_axi3_conv/mlp_system_axi_mem_intercon_imp_auto_pc_0_axi_data_fifo_v2_1_36_axic_fifo/mlp_system_axi_mem_intercon_imp_auto_pc_0_axi_data_fifo_v2_1_36_fifo_gen/<hidden>/<hidden>/<hidden>/<hidden>/<hidden>/<hidden>
  -------------------------------------------------------------------    -------------------

                         (clock clk_fpga_0 rise edge)
                                                     10.000    10.000 r  
    PS7_X0Y0             PS7                          0.000    10.000 r  mlp_system_i/processing_system7_0/inst/PS7_i/FCLKCLK[0]
                         net (fo=1, routed)           1.088    11.088    mlp_system_i/processing_system7_0/inst/FCLK_CLK_unbuffered[0]
    BUFGCTRL_X0Y16       BUFG (Prop_bufg_I_O)         0.091    11.179 r  mlp_system_i/processing_system7_0/inst/buffer_fclk_clk_0.FCLK_CLK_0_BUFG/O
                         net (fo=2400, routed)        1.579    12.759    mlp_system_wrapper/mlp_system/mlp_system_axi_mem_intercon_1/s00_couplers_imp_WXI7U5/mlp_system_axi_mem_intercon_imp_auto_pc_0/mlp_system_axi_mem_intercon_imp_auto_pc_0_axi_protocol_converter_v2_1_37_axi_protocol_converter/mlp_system_axi_mem_intercon_imp_auto_pc_0_axi_protocol_converter_v2_1_37_axi3_conv/mlp_system_axi_mem_intercon_imp_auto_pc_0_axi_protocol_converter_v2_1_37_a_axi3_conv/mlp_system_axi_mem_intercon_imp_auto_pc_0_axi_data_fifo_v2_1_36_axic_fifo/mlp_system_axi_mem_intercon_imp_auto_pc_0_axi_data_fifo_v2_1_36_fifo_gen/<hidden>/<hidden>/<hidden>/<hidden>/<hidden>/<hidden>
    SLICE_X17Y42         FDCE                                         r  mlp_system_wrapper/mlp_system/mlp_system_axi_mem_intercon_1/s00_couplers_imp_WXI7U5/mlp_system_axi_mem_intercon_imp_auto_pc_0/mlp_system_axi_mem_intercon_imp_auto_pc_0_axi_protocol_converter_v2_1_37_axi_protocol_converter/mlp_system_axi_mem_intercon_imp_auto_pc_0_axi_protocol_converter_v2_1_37_axi3_conv/mlp_system_axi_mem_intercon_imp_auto_pc_0_axi_protocol_converter_v2_1_37_a_axi3_conv/mlp_system_axi_mem_intercon_imp_auto_pc_0_axi_data_fifo_v2_1_36_axic_fifo/mlp_system_axi_mem_intercon_imp_auto_pc_0_axi_data_fifo_v2_1_36_fifo_gen/<hidden>/<hidden>/<hidden>/<hidden>/<hidden>/<hidden>
                         clock pessimism              0.230    12.988    
                         clock uncertainty           -0.154    12.834    
    SLICE_X17Y42         FDCE (Recov_fdce_C_CLR)     -0.405    12.429    mlp_system_wrapper/mlp_system/mlp_system_axi_mem_intercon_1/s00_couplers_imp_WXI7U5/mlp_system_axi_mem_intercon_imp_auto_pc_0/mlp_system_axi_mem_intercon_imp_auto_pc_0_axi_protocol_converter_v2_1_37_axi_protocol_converter/mlp_system_axi_mem_intercon_imp_auto_pc_0_axi_protocol_converter_v2_1_37_axi3_conv/mlp_system_axi_mem_intercon_imp_auto_pc_0_axi_protocol_converter_v2_1_37_a_axi3_conv/mlp_system_axi_mem_intercon_imp_auto_pc_0_axi_data_fifo_v2_1_36_axic_fifo/mlp_system_axi_mem_intercon_imp_auto_pc_0_axi_data_fifo_v2_1_36_fifo_gen/<hidden>/<hidden>/<hidden>/<hidden>/<hidden>/<hidden>
  -------------------------------------------------------------------
                         required time                         12.429    
                         arrival time                          -5.730    
  -------------------------------------------------------------------
                         slack                                  6.699    

Slack (MET) :             6.699ns  (required time - arrival time)
  Source:                 mlp_system_wrapper/mlp_system/mlp_system_axi_mem_intercon_1/s00_couplers_imp_WXI7U5/mlp_system_axi_mem_intercon_imp_auto_pc_0/mlp_system_axi_mem_intercon_imp_auto_pc_0_axi_protocol_converter_v2_1_37_axi_protocol_converter/mlp_system_axi_mem_intercon_imp_auto_pc_0_axi_protocol_converter_v2_1_37_axi3_conv/mlp_system_axi_mem_intercon_imp_auto_pc_0_axi_protocol_converter_v2_1_37_a_axi3_conv/mlp_system_axi_mem_intercon_imp_auto_pc_0_axi_data_fifo_v2_1_36_axic_fifo/mlp_system_axi_mem_intercon_imp_auto_pc_0_axi_data_fifo_v2_1_36_fifo_gen/<hidden>/<hidden>/<hidden>/<hidden>/<hidden>
                            (rising edge-triggered cell FDRE clocked by clk_fpga_0  {rise@0.000ns fall@5.000ns period=10.000ns})
  Destination:            mlp_system_wrapper/mlp_system/mlp_system_axi_mem_intercon_1/s00_couplers_imp_WXI7U5/mlp_system_axi_mem_intercon_imp_auto_pc_0/mlp_system_axi_mem_intercon_imp_auto_pc_0_axi_protocol_converter_v2_1_37_axi_protocol_converter/mlp_system_axi_mem_intercon_imp_auto_pc_0_axi_protocol_converter_v2_1_37_axi3_conv/mlp_system_axi_mem_intercon_imp_auto_pc_0_axi_protocol_converter_v2_1_37_a_axi3_conv/mlp_system_axi_mem_intercon_imp_auto_pc_0_axi_data_fifo_v2_1_36_axic_fifo/mlp_system_axi_mem_intercon_imp_auto_pc_0_axi_data_fifo_v2_1_36_fifo_gen/<hidden>/<hidden>/<hidden>/<hidden>/<hidden>/<hidden>
                            (recovery check against rising-edge clock clk_fpga_0  {rise@0.000ns fall@5.000ns period=10.000ns})
  Path Group:             **async_default**
  Path Type:              Recovery (Max at Slow Process Corner)
  Requirement:            10.000ns  (clk_fpga_0 rise@10.000ns - clk_fpga_0 rise@0.000ns)
  Data Path Delay:        2.688ns  (logic 0.642ns (23.881%)  route 2.046ns (76.119%))
  Logic Levels:           1  (LUT3=1)
  Clock Path Skew:        -0.054ns (DCD - SCD + CPR)
    Destination Clock Delay (DCD):    2.758ns = ( 12.759 - 10.000 ) 
    Source Clock Delay      (SCD):    3.042ns
    Clock Pessimism Removal (CPR):    0.230ns
  Clock Uncertainty:      0.154ns  ((TSJ^2 + TIJ^2)^1/2 + DJ) / 2 + PE
    Total System Jitter     (TSJ):    0.071ns
    Total Input Jitter      (TIJ):    0.300ns
    Discrete Jitter          (DJ):    0.000ns
    Phase Error              (PE):    0.000ns

    Location             Delay type                Incr(ns)  Path(ns)    Netlist Resource(s)
  -------------------------------------------------------------------    -------------------
                         (clock clk_fpga_0 rise edge)
                                                      0.000     0.000 r  
    PS7_X0Y0             PS7                          0.000     0.000 r  mlp_system_i/processing_system7_0/inst/PS7_i/FCLKCLK[0]
                         net (fo=1, routed)           1.193     1.193    mlp_system_i/processing_system7_0/inst/FCLK_CLK_unbuffered[0]
    BUFGCTRL_X0Y16       BUFG (Prop_bufg_I_O)         0.101     1.294 r  mlp_system_i/processing_system7_0/inst/buffer_fclk_clk_0.FCLK_CLK_0_BUFG/O
                         net (fo=2400, routed)        1.748     3.042    mlp_system_wrapper/mlp_system/mlp_system_axi_mem_intercon_1/s00_couplers_imp_WXI7U5/mlp_system_axi_mem_intercon_imp_auto_pc_0/mlp_system_axi_mem_intercon_imp_auto_pc_0_axi_protocol_converter_v2_1_37_axi_protocol_converter/mlp_system_axi_mem_intercon_imp_auto_pc_0_axi_protocol_converter_v2_1_37_axi3_conv/mlp_system_axi_mem_intercon_imp_auto_pc_0_axi_protocol_converter_v2_1_37_a_axi3_conv/mlp_system_axi_mem_intercon_imp_auto_pc_0_axi_data_fifo_v2_1_36_axic_fifo/mlp_system_axi_mem_intercon_imp_auto_pc_0_axi_data_fifo_v2_1_36_fifo_gen/<hidden>/<hidden>/<hidden>/<hidden>/<hidden>
    SLICE_X26Y41         FDRE                                         r  mlp_system_wrapper/mlp_system/mlp_system_axi_mem_intercon_1/s00_couplers_imp_WXI7U5/mlp_system_axi_mem_intercon_imp_auto_pc_0/mlp_system_axi_mem_intercon_imp_auto_pc_0_axi_protocol_converter_v2_1_37_axi_protocol_converter/mlp_system_axi_mem_intercon_imp_auto_pc_0_axi_protocol_converter_v2_1_37_axi3_conv/mlp_system_axi_mem_intercon_imp_auto_pc_0_axi_protocol_converter_v2_1_37_a_axi3_conv/mlp_system_axi_mem_intercon_imp_auto_pc_0_axi_data_fifo_v2_1_36_axic_fifo/mlp_system_axi_mem_intercon_imp_auto_pc_0_axi_data_fifo_v2_1_36_fifo_gen/<hidden>/<hidden>/<hidden>/<hidden>/<hidden>
  -------------------------------------------------------------------    -------------------
    SLICE_X26Y41         FDRE (Prop_fdre_C_Q)         0.518     3.560 f  mlp_system_wrapper/mlp_system/mlp_system_axi_mem_intercon_1/s00_couplers_imp_WXI7U5/mlp_system_axi_mem_intercon_imp_auto_pc_0/mlp_system_axi_mem_intercon_imp_auto_pc_0_axi_protocol_converter_v2_1_37_axi_protocol_converter/mlp_system_axi_mem_intercon_imp_auto_pc_0_axi_protocol_converter_v2_1_37_axi3_conv/mlp_system_axi_mem_intercon_imp_auto_pc_0_axi_protocol_converter_v2_1_37_a_axi3_conv/mlp_system_axi_mem_intercon_imp_auto_pc_0_axi_data_fifo_v2_1_36_axic_fifo/mlp_system_axi_mem_intercon_imp_auto_pc_0_axi_data_fifo_v2_1_36_fifo_gen/<hidden>/<hidden>/<hidden>/<hidden>/<hidden>
                         net (fo=1, routed)           0.653     4.213    mlp_system_wrapper/mlp_system/mlp_system_axi_mem_intercon_1/s00_couplers_imp_WXI7U5/mlp_system_axi_mem_intercon_imp_auto_pc_0/mlp_system_axi_mem_intercon_imp_auto_pc_0_axi_protocol_converter_v2_1_37_axi_protocol_converter/mlp_system_axi_mem_intercon_imp_auto_pc_0_axi_protocol_converter_v2_1_37_axi3_conv/mlp_system_axi_mem_intercon_imp_auto_pc_0_axi_protocol_converter_v2_1_37_a_axi3_conv/mlp_system_axi_mem_intercon_imp_auto_pc_0_axi_data_fifo_v2_1_36_axic_fifo/mlp_system_axi_mem_intercon_imp_auto_pc_0_axi_data_fifo_v2_1_36_fifo_gen/<hidden>/<hidden>/<hidden>/<hidden>/<hidden>
    SLICE_X26Y41         LUT3 (Prop_lut3_I0_O)        0.124     4.337 f  mlp_system_wrapper/mlp_system/mlp_system_axi_mem_intercon_1/s00_couplers_imp_WXI7U5/mlp_system_axi_mem_intercon_imp_auto_pc_0/mlp_system_axi_mem_intercon_imp_auto_pc_0_axi_protocol_converter_v2_1_37_axi_protocol_converter/mlp_system_axi_mem_intercon_imp_auto_pc_0_axi_protocol_converter_v2_1_37_axi3_conv/mlp_system_axi_mem_intercon_imp_auto_pc_0_axi_protocol_converter_v2_1_37_a_axi3_conv/mlp_system_axi_mem_intercon_imp_auto_pc_0_axi_data_fifo_v2_1_36_axic_fifo/mlp_system_axi_mem_intercon_imp_auto_pc_0_axi_data_fifo_v2_1_36_fifo_gen/<hidden>/<hidden>/<hidden>/<hidden>/<hidden>
                         net (fo=33, routed)          1.393     5.730    mlp_system_wrapper/mlp_system/mlp_system_axi_mem_intercon_1/s00_couplers_imp_WXI7U5/mlp_system_axi_mem_intercon_imp_auto_pc_0/mlp_system_axi_mem_intercon_imp_auto_pc_0_axi_protocol_converter_v2_1_37_axi_protocol_converter/mlp_system_axi_mem_intercon_imp_auto_pc_0_axi_protocol_converter_v2_1_37_axi3_conv/mlp_system_axi_mem_intercon_imp_auto_pc_0_axi_protocol_converter_v2_1_37_a_axi3_conv/mlp_system_axi_mem_intercon_imp_auto_pc_0_axi_data_fifo_v2_1_36_axic_fifo/mlp_system_axi_mem_intercon_imp_auto_pc_0_axi_data_fifo_v2_1_36_fifo_gen/<hidden>/<hidden>/<hidden>/<hidden>/<hidden>/<hidden>
    SLICE_X17Y42         FDCE                                         f  mlp_system_wrapper/mlp_system/mlp_system_axi_mem_intercon_1/s00_couplers_imp_WXI7U5/mlp_system_axi_mem_intercon_imp_auto_pc_0/mlp_system_axi_mem_intercon_imp_auto_pc_0_axi_protocol_converter_v2_1_37_axi_protocol_converter/mlp_system_axi_mem_intercon_imp_auto_pc_0_axi_protocol_converter_v2_1_37_axi3_conv/mlp_system_axi_mem_intercon_imp_auto_pc_0_axi_protocol_converter_v2_1_37_a_axi3_conv/mlp_system_axi_mem_intercon_imp_auto_pc_0_axi_data_fifo_v2_1_36_axic_fifo/mlp_system_axi_mem_intercon_imp_auto_pc_0_axi_data_fifo_v2_1_36_fifo_gen/<hidden>/<hidden>/<hidden>/<hidden>/<hidden>/<hidden>
  -------------------------------------------------------------------    -------------------

                         (clock clk_fpga_0 rise edge)
                                                     10.000    10.000 r  
    PS7_X0Y0             PS7                          0.000    10.000 r  mlp_system_i/processing_system7_0/inst/PS7_i/FCLKCLK[0]
                         net (fo=1, routed)           1.088    11.088    mlp_system_i/processing_system7_0/inst/FCLK_CLK_unbuffered[0]
    BUFGCTRL_X0Y16       BUFG (Prop_bufg_I_O)         0.091    11.179 r  mlp_system_i/processing_system7_0/inst/buffer_fclk_clk_0.FCLK_CLK_0_BUFG/O
                         net (fo=2400, routed)        1.579    12.759    mlp_system_wrapper/mlp_system/mlp_system_axi_mem_intercon_1/s00_couplers_imp_WXI7U5/mlp_system_axi_mem_intercon_imp_auto_pc_0/mlp_system_axi_mem_intercon_imp_auto_pc_0_axi_protocol_converter_v2_1_37_axi_protocol_converter/mlp_system_axi_mem_intercon_imp_auto_pc_0_axi_protocol_converter_v2_1_37_axi3_conv/mlp_system_axi_mem_intercon_imp_auto_pc_0_axi_protocol_converter_v2_1_37_a_axi3_conv/mlp_system_axi_mem_intercon_imp_auto_pc_0_axi_data_fifo_v2_1_36_axic_fifo/mlp_system_axi_mem_intercon_imp_auto_pc_0_axi_data_fifo_v2_1_36_fifo_gen/<hidden>/<hidden>/<hidden>/<hidden>/<hidden>/<hidden>
    SLICE_X17Y42         FDCE                                         r  mlp_system_wrapper/mlp_system/mlp_system_axi_mem_intercon_1/s00_couplers_imp_WXI7U5/mlp_system_axi_mem_intercon_imp_auto_pc_0/mlp_system_axi_mem_intercon_imp_auto_pc_0_axi_protocol_converter_v2_1_37_axi_protocol_converter/mlp_system_axi_mem_intercon_imp_auto_pc_0_axi_protocol_converter_v2_1_37_axi3_conv/mlp_system_axi_mem_intercon_imp_auto_pc_0_axi_protocol_converter_v2_1_37_a_axi3_conv/mlp_system_axi_mem_intercon_imp_auto_pc_0_axi_data_fifo_v2_1_36_axic_fifo/mlp_system_axi_mem_intercon_imp_auto_pc_0_axi_data_fifo_v2_1_36_fifo_gen/<hidden>/<hidden>/<hidden>/<hidden>/<hidden>/<hidden>
                         clock pessimism              0.230    12.988    
                         clock uncertainty           -0.154    12.834    
    SLICE_X17Y42         FDCE (Recov_fdce_C_CLR)     -0.405    12.429    mlp_system_wrapper/mlp_system/mlp_system_axi_mem_intercon_1/s00_couplers_imp_WXI7U5/mlp_system_axi_mem_intercon_imp_auto_pc_0/mlp_system_axi_mem_intercon_imp_auto_pc_0_axi_protocol_converter_v2_1_37_axi_protocol_converter/mlp_system_axi_mem_intercon_imp_auto_pc_0_axi_protocol_converter_v2_1_37_axi3_conv/mlp_system_axi_mem_intercon_imp_auto_pc_0_axi_protocol_converter_v2_1_37_a_axi3_conv/mlp_system_axi_mem_intercon_imp_auto_pc_0_axi_data_fifo_v2_1_36_axic_fifo/mlp_system_axi_mem_intercon_imp_auto_pc_0_axi_data_fifo_v2_1_36_fifo_gen/<hidden>/<hidden>/<hidden>/<hidden>/<hidden>/<hidden>
  -------------------------------------------------------------------
                         required time                         12.429    
                         arrival time                          -5.730    
  -------------------------------------------------------------------
                         slack                                  6.699    

Slack (MET) :             6.699ns  (required time - arrival time)
  Source:                 mlp_system_wrapper/mlp_system/mlp_system_axi_mem_intercon_1/s00_couplers_imp_WXI7U5/mlp_system_axi_mem_intercon_imp_auto_pc_0/mlp_system_axi_mem_intercon_imp_auto_pc_0_axi_protocol_converter_v2_1_37_axi_protocol_converter/mlp_system_axi_mem_intercon_imp_auto_pc_0_axi_protocol_converter_v2_1_37_axi3_conv/mlp_system_axi_mem_intercon_imp_auto_pc_0_axi_protocol_converter_v2_1_37_a_axi3_conv/mlp_system_axi_mem_intercon_imp_auto_pc_0_axi_data_fifo_v2_1_36_axic_fifo/mlp_system_axi_mem_intercon_imp_auto_pc_0_axi_data_fifo_v2_1_36_fifo_gen/<hidden>/<hidden>/<hidden>/<hidden>/<hidden>
                            (rising edge-triggered cell FDRE clocked by clk_fpga_0  {rise@0.000ns fall@5.000ns period=10.000ns})
  Destination:            mlp_system_wrapper/mlp_system/mlp_system_axi_mem_intercon_1/s00_couplers_imp_WXI7U5/mlp_system_axi_mem_intercon_imp_auto_pc_0/mlp_system_axi_mem_intercon_imp_auto_pc_0_axi_protocol_converter_v2_1_37_axi_protocol_converter/mlp_system_axi_mem_intercon_imp_auto_pc_0_axi_protocol_converter_v2_1_37_axi3_conv/mlp_system_axi_mem_intercon_imp_auto_pc_0_axi_protocol_converter_v2_1_37_a_axi3_conv/mlp_system_axi_mem_intercon_imp_auto_pc_0_axi_data_fifo_v2_1_36_axic_fifo/mlp_system_axi_mem_intercon_imp_auto_pc_0_axi_data_fifo_v2_1_36_fifo_gen/<hidden>/<hidden>/<hidden>/<hidden>/<hidden>/<hidden>
                            (recovery check against rising-edge clock clk_fpga_0  {rise@0.000ns fall@5.000ns period=10.000ns})
  Path Group:             **async_default**
  Path Type:              Recovery (Max at Slow Process Corner)
  Requirement:            10.000ns  (clk_fpga_0 rise@10.000ns - clk_fpga_0 rise@0.000ns)
  Data Path Delay:        2.688ns  (logic 0.642ns (23.881%)  route 2.046ns (76.119%))
  Logic Levels:           1  (LUT3=1)
  Clock Path Skew:        -0.054ns (DCD - SCD + CPR)
    Destination Clock Delay (DCD):    2.758ns = ( 12.759 - 10.000 ) 
    Source Clock Delay      (SCD):    3.042ns
    Clock Pessimism Removal (CPR):    0.230ns
  Clock Uncertainty:      0.154ns  ((TSJ^2 + TIJ^2)^1/2 + DJ) / 2 + PE
    Total System Jitter     (TSJ):    0.071ns
    Total Input Jitter      (TIJ):    0.300ns
    Discrete Jitter          (DJ):    0.000ns
    Phase Error              (PE):    0.000ns

    Location             Delay type                Incr(ns)  Path(ns)    Netlist Resource(s)
  -------------------------------------------------------------------    -------------------
                         (clock clk_fpga_0 rise edge)
                                                      0.000     0.000 r  
    PS7_X0Y0             PS7                          0.000     0.000 r  mlp_system_i/processing_system7_0/inst/PS7_i/FCLKCLK[0]
                         net (fo=1, routed)           1.193     1.193    mlp_system_i/processing_system7_0/inst/FCLK_CLK_unbuffered[0]
    BUFGCTRL_X0Y16       BUFG (Prop_bufg_I_O)         0.101     1.294 r  mlp_system_i/processing_system7_0/inst/buffer_fclk_clk_0.FCLK_CLK_0_BUFG/O
                         net (fo=2400, routed)        1.748     3.042    mlp_system_wrapper/mlp_system/mlp_system_axi_mem_intercon_1/s00_couplers_imp_WXI7U5/mlp_system_axi_mem_intercon_imp_auto_pc_0/mlp_system_axi_mem_intercon_imp_auto_pc_0_axi_protocol_converter_v2_1_37_axi_protocol_converter/mlp_system_axi_mem_intercon_imp_auto_pc_0_axi_protocol_converter_v2_1_37_axi3_conv/mlp_system_axi_mem_intercon_imp_auto_pc_0_axi_protocol_converter_v2_1_37_a_axi3_conv/mlp_system_axi_mem_intercon_imp_auto_pc_0_axi_data_fifo_v2_1_36_axic_fifo/mlp_system_axi_mem_intercon_imp_auto_pc_0_axi_data_fifo_v2_1_36_fifo_gen/<hidden>/<hidden>/<hidden>/<hidden>/<hidden>
    SLICE_X26Y41         FDRE                                         r  mlp_system_wrapper/mlp_system/mlp_system_axi_mem_intercon_1/s00_couplers_imp_WXI7U5/mlp_system_axi_mem_intercon_imp_auto_pc_0/mlp_system_axi_mem_intercon_imp_auto_pc_0_axi_protocol_converter_v2_1_37_axi_protocol_converter/mlp_system_axi_mem_intercon_imp_auto_pc_0_axi_protocol_converter_v2_1_37_axi3_conv/mlp_system_axi_mem_intercon_imp_auto_pc_0_axi_protocol_converter_v2_1_37_a_axi3_conv/mlp_system_axi_mem_intercon_imp_auto_pc_0_axi_data_fifo_v2_1_36_axic_fifo/mlp_system_axi_mem_intercon_imp_auto_pc_0_axi_data_fifo_v2_1_36_fifo_gen/<hidden>/<hidden>/<hidden>/<hidden>/<hidden>
  -------------------------------------------------------------------    -------------------
    SLICE_X26Y41         FDRE (Prop_fdre_C_Q)         0.518     3.560 f  mlp_system_wrapper/mlp_system/mlp_system_axi_mem_intercon_1/s00_couplers_imp_WXI7U5/mlp_system_axi_mem_intercon_imp_auto_pc_0/mlp_system_axi_mem_intercon_imp_auto_pc_0_axi_protocol_converter_v2_1_37_axi_protocol_converter/mlp_system_axi_mem_intercon_imp_auto_pc_0_axi_protocol_converter_v2_1_37_axi3_conv/mlp_system_axi_mem_intercon_imp_auto_pc_0_axi_protocol_converter_v2_1_37_a_axi3_conv/mlp_system_axi_mem_intercon_imp_auto_pc_0_axi_data_fifo_v2_1_36_axic_fifo/mlp_system_axi_mem_intercon_imp_auto_pc_0_axi_data_fifo_v2_1_36_fifo_gen/<hidden>/<hidden>/<hidden>/<hidden>/<hidden>
                         net (fo=1, routed)           0.653     4.213    mlp_system_wrapper/mlp_system/mlp_system_axi_mem_intercon_1/s00_couplers_imp_WXI7U5/mlp_system_axi_mem_intercon_imp_auto_pc_0/mlp_system_axi_mem_intercon_imp_auto_pc_0_axi_protocol_converter_v2_1_37_axi_protocol_converter/mlp_system_axi_mem_intercon_imp_auto_pc_0_axi_protocol_converter_v2_1_37_axi3_conv/mlp_system_axi_mem_intercon_imp_auto_pc_0_axi_protocol_converter_v2_1_37_a_axi3_conv/mlp_system_axi_mem_intercon_imp_auto_pc_0_axi_data_fifo_v2_1_36_axic_fifo/mlp_system_axi_mem_intercon_imp_auto_pc_0_axi_data_fifo_v2_1_36_fifo_gen/<hidden>/<hidden>/<hidden>/<hidden>/<hidden>
    SLICE_X26Y41         LUT3 (Prop_lut3_I0_O)        0.124     4.337 f  mlp_system_wrapper/mlp_system/mlp_system_axi_mem_intercon_1/s00_couplers_imp_WXI7U5/mlp_system_axi_mem_intercon_imp_auto_pc_0/mlp_system_axi_mem_intercon_imp_auto_pc_0_axi_protocol_converter_v2_1_37_axi_protocol_converter/mlp_system_axi_mem_intercon_imp_auto_pc_0_axi_protocol_converter_v2_1_37_axi3_conv/mlp_system_axi_mem_intercon_imp_auto_pc_0_axi_protocol_converter_v2_1_37_a_axi3_conv/mlp_system_axi_mem_intercon_imp_auto_pc_0_axi_data_fifo_v2_1_36_axic_fifo/mlp_system_axi_mem_intercon_imp_auto_pc_0_axi_data_fifo_v2_1_36_fifo_gen/<hidden>/<hidden>/<hidden>/<hidden>/<hidden>
                         net (fo=33, routed)          1.393     5.730    mlp_system_wrapper/mlp_system/mlp_system_axi_mem_intercon_1/s00_couplers_imp_WXI7U5/mlp_system_axi_mem_intercon_imp_auto_pc_0/mlp_system_axi_mem_intercon_imp_auto_pc_0_axi_protocol_converter_v2_1_37_axi_protocol_converter/mlp_system_axi_mem_intercon_imp_auto_pc_0_axi_protocol_converter_v2_1_37_axi3_conv/mlp_system_axi_mem_intercon_imp_auto_pc_0_axi_protocol_converter_v2_1_37_a_axi3_conv/mlp_system_axi_mem_intercon_imp_auto_pc_0_axi_data_fifo_v2_1_36_axic_fifo/mlp_system_axi_mem_intercon_imp_auto_pc_0_axi_data_fifo_v2_1_36_fifo_gen/<hidden>/<hidden>/<hidden>/<hidden>/<hidden>/<hidden>
    SLICE_X17Y42         FDCE                                         f  mlp_system_wrapper/mlp_system/mlp_system_axi_mem_intercon_1/s00_couplers_imp_WXI7U5/mlp_system_axi_mem_intercon_imp_auto_pc_0/mlp_system_axi_mem_intercon_imp_auto_pc_0_axi_protocol_converter_v2_1_37_axi_protocol_converter/mlp_system_axi_mem_intercon_imp_auto_pc_0_axi_protocol_converter_v2_1_37_axi3_conv/mlp_system_axi_mem_intercon_imp_auto_pc_0_axi_protocol_converter_v2_1_37_a_axi3_conv/mlp_system_axi_mem_intercon_imp_auto_pc_0_axi_data_fifo_v2_1_36_axic_fifo/mlp_system_axi_mem_intercon_imp_auto_pc_0_axi_data_fifo_v2_1_36_fifo_gen/<hidden>/<hidden>/<hidden>/<hidden>/<hidden>/<hidden>
  -------------------------------------------------------------------    -------------------

                         (clock clk_fpga_0 rise edge)
                                                     10.000    10.000 r  
    PS7_X0Y0             PS7                          0.000    10.000 r  mlp_system_i/processing_system7_0/inst/PS7_i/FCLKCLK[0]
                         net (fo=1, routed)           1.088    11.088    mlp_system_i/processing_system7_0/inst/FCLK_CLK_unbuffered[0]
    BUFGCTRL_X0Y16       BUFG (Prop_bufg_I_O)         0.091    11.179 r  mlp_system_i/processing_system7_0/inst/buffer_fclk_clk_0.FCLK_CLK_0_BUFG/O
                         net (fo=2400, routed)        1.579    12.759    mlp_system_wrapper/mlp_system/mlp_system_axi_mem_intercon_1/s00_couplers_imp_WXI7U5/mlp_system_axi_mem_intercon_imp_auto_pc_0/mlp_system_axi_mem_intercon_imp_auto_pc_0_axi_protocol_converter_v2_1_37_axi_protocol_converter/mlp_system_axi_mem_intercon_imp_auto_pc_0_axi_protocol_converter_v2_1_37_axi3_conv/mlp_system_axi_mem_intercon_imp_auto_pc_0_axi_protocol_converter_v2_1_37_a_axi3_conv/mlp_system_axi_mem_intercon_imp_auto_pc_0_axi_data_fifo_v2_1_36_axic_fifo/mlp_system_axi_mem_intercon_imp_auto_pc_0_axi_data_fifo_v2_1_36_fifo_gen/<hidden>/<hidden>/<hidden>/<hidden>/<hidden>/<hidden>
    SLICE_X17Y42         FDCE                                         r  mlp_system_wrapper/mlp_system/mlp_system_axi_mem_intercon_1/s00_couplers_imp_WXI7U5/mlp_system_axi_mem_intercon_imp_auto_pc_0/mlp_system_axi_mem_intercon_imp_auto_pc_0_axi_protocol_converter_v2_1_37_axi_protocol_converter/mlp_system_axi_mem_intercon_imp_auto_pc_0_axi_protocol_converter_v2_1_37_axi3_conv/mlp_system_axi_mem_intercon_imp_auto_pc_0_axi_protocol_converter_v2_1_37_a_axi3_conv/mlp_system_axi_mem_intercon_imp_auto_pc_0_axi_data_fifo_v2_1_36_axic_fifo/mlp_system_axi_mem_intercon_imp_auto_pc_0_axi_data_fifo_v2_1_36_fifo_gen/<hidden>/<hidden>/<hidden>/<hidden>/<hidden>/<hidden>
                         clock pessimism              0.230    12.988    
                         clock uncertainty           -0.154    12.834    
    SLICE_X17Y42         FDCE (Recov_fdce_C_CLR)     -0.405    12.429    mlp_system_wrapper/mlp_system/mlp_system_axi_mem_intercon_1/s00_couplers_imp_WXI7U5/mlp_system_axi_mem_intercon_imp_auto_pc_0/mlp_system_axi_mem_intercon_imp_auto_pc_0_axi_protocol_converter_v2_1_37_axi_protocol_converter/mlp_system_axi_mem_intercon_imp_auto_pc_0_axi_protocol_converter_v2_1_37_axi3_conv/mlp_system_axi_mem_intercon_imp_auto_pc_0_axi_protocol_converter_v2_1_37_a_axi3_conv/mlp_system_axi_mem_intercon_imp_auto_pc_0_axi_data_fifo_v2_1_36_axic_fifo/mlp_system_axi_mem_intercon_imp_auto_pc_0_axi_data_fifo_v2_1_36_fifo_gen/<hidden>/<hidden>/<hidden>/<hidden>/<hidden>/<hidden>
  -------------------------------------------------------------------
                         required time                         12.429    
                         arrival time                          -5.730    
  -------------------------------------------------------------------
                         slack                                  6.699    

Slack (MET) :             6.699ns  (required time - arrival time)
  Source:                 mlp_system_wrapper/mlp_system/mlp_system_axi_mem_intercon_1/s00_couplers_imp_WXI7U5/mlp_system_axi_mem_intercon_imp_auto_pc_0/mlp_system_axi_mem_intercon_imp_auto_pc_0_axi_protocol_converter_v2_1_37_axi_protocol_converter/mlp_system_axi_mem_intercon_imp_auto_pc_0_axi_protocol_converter_v2_1_37_axi3_conv/mlp_system_axi_mem_intercon_imp_auto_pc_0_axi_protocol_converter_v2_1_37_a_axi3_conv/mlp_system_axi_mem_intercon_imp_auto_pc_0_axi_data_fifo_v2_1_36_axic_fifo/mlp_system_axi_mem_intercon_imp_auto_pc_0_axi_data_fifo_v2_1_36_fifo_gen/<hidden>/<hidden>/<hidden>/<hidden>/<hidden>
                            (rising edge-triggered cell FDRE clocked by clk_fpga_0  {rise@0.000ns fall@5.000ns period=10.000ns})
  Destination:            mlp_system_wrapper/mlp_system/mlp_system_axi_mem_intercon_1/s00_couplers_imp_WXI7U5/mlp_system_axi_mem_intercon_imp_auto_pc_0/mlp_system_axi_mem_intercon_imp_auto_pc_0_axi_protocol_converter_v2_1_37_axi_protocol_converter/mlp_system_axi_mem_intercon_imp_auto_pc_0_axi_protocol_converter_v2_1_37_axi3_conv/mlp_system_axi_mem_intercon_imp_auto_pc_0_axi_protocol_converter_v2_1_37_a_axi3_conv/mlp_system_axi_mem_intercon_imp_auto_pc_0_axi_data_fifo_v2_1_36_axic_fifo/mlp_system_axi_mem_intercon_imp_auto_pc_0_axi_data_fifo_v2_1_36_fifo_gen/<hidden>/<hidden>/<hidden>/<hidden>/<hidden>/<hidden>
                            (recovery check against rising-edge clock clk_fpga_0  {rise@0.000ns fall@5.000ns period=10.000ns})
  Path Group:             **async_default**
  Path Type:              Recovery (Max at Slow Process Corner)
  Requirement:            10.000ns  (clk_fpga_0 rise@10.000ns - clk_fpga_0 rise@0.000ns)
  Data Path Delay:        2.688ns  (logic 0.642ns (23.881%)  route 2.046ns (76.119%))
  Logic Levels:           1  (LUT3=1)
  Clock Path Skew:        -0.054ns (DCD - SCD + CPR)
    Destination Clock Delay (DCD):    2.758ns = ( 12.759 - 10.000 ) 
    Source Clock Delay      (SCD):    3.042ns
    Clock Pessimism Removal (CPR):    0.230ns
  Clock Uncertainty:      0.154ns  ((TSJ^2 + TIJ^2)^1/2 + DJ) / 2 + PE
    Total System Jitter     (TSJ):    0.071ns
    Total Input Jitter      (TIJ):    0.300ns
    Discrete Jitter          (DJ):    0.000ns
    Phase Error              (PE):    0.000ns

    Location             Delay type                Incr(ns)  Path(ns)    Netlist Resource(s)
  -------------------------------------------------------------------    -------------------
                         (clock clk_fpga_0 rise edge)
                                                      0.000     0.000 r  
    PS7_X0Y0             PS7                          0.000     0.000 r  mlp_system_i/processing_system7_0/inst/PS7_i/FCLKCLK[0]
                         net (fo=1, routed)           1.193     1.193    mlp_system_i/processing_system7_0/inst/FCLK_CLK_unbuffered[0]
    BUFGCTRL_X0Y16       BUFG (Prop_bufg_I_O)         0.101     1.294 r  mlp_system_i/processing_system7_0/inst/buffer_fclk_clk_0.FCLK_CLK_0_BUFG/O
                         net (fo=2400, routed)        1.748     3.042    mlp_system_wrapper/mlp_system/mlp_system_axi_mem_intercon_1/s00_couplers_imp_WXI7U5/mlp_system_axi_mem_intercon_imp_auto_pc_0/mlp_system_axi_mem_intercon_imp_auto_pc_0_axi_protocol_converter_v2_1_37_axi_protocol_converter/mlp_system_axi_mem_intercon_imp_auto_pc_0_axi_protocol_converter_v2_1_37_axi3_conv/mlp_system_axi_mem_intercon_imp_auto_pc_0_axi_protocol_converter_v2_1_37_a_axi3_conv/mlp_system_axi_mem_intercon_imp_auto_pc_0_axi_data_fifo_v2_1_36_axic_fifo/mlp_system_axi_mem_intercon_imp_auto_pc_0_axi_data_fifo_v2_1_36_fifo_gen/<hidden>/<hidden>/<hidden>/<hidden>/<hidden>
    SLICE_X26Y41         FDRE                                         r  mlp_system_wrapper/mlp_system/mlp_system_axi_mem_intercon_1/s00_couplers_imp_WXI7U5/mlp_system_axi_mem_intercon_imp_auto_pc_0/mlp_system_axi_mem_intercon_imp_auto_pc_0_axi_protocol_converter_v2_1_37_axi_protocol_converter/mlp_system_axi_mem_intercon_imp_auto_pc_0_axi_protocol_converter_v2_1_37_axi3_conv/mlp_system_axi_mem_intercon_imp_auto_pc_0_axi_protocol_converter_v2_1_37_a_axi3_conv/mlp_system_axi_mem_intercon_imp_auto_pc_0_axi_data_fifo_v2_1_36_axic_fifo/mlp_system_axi_mem_intercon_imp_auto_pc_0_axi_data_fifo_v2_1_36_fifo_gen/<hidden>/<hidden>/<hidden>/<hidden>/<hidden>
  -------------------------------------------------------------------    -------------------
    SLICE_X26Y41         FDRE (Prop_fdre_C_Q)         0.518     3.560 f  mlp_system_wrapper/mlp_system/mlp_system_axi_mem_intercon_1/s00_couplers_imp_WXI7U5/mlp_system_axi_mem_intercon_imp_auto_pc_0/mlp_system_axi_mem_intercon_imp_auto_pc_0_axi_protocol_converter_v2_1_37_axi_protocol_converter/mlp_system_axi_mem_intercon_imp_auto_pc_0_axi_protocol_converter_v2_1_37_axi3_conv/mlp_system_axi_mem_intercon_imp_auto_pc_0_axi_protocol_converter_v2_1_37_a_axi3_conv/mlp_system_axi_mem_intercon_imp_auto_pc_0_axi_data_fifo_v2_1_36_axic_fifo/mlp_system_axi_mem_intercon_imp_auto_pc_0_axi_data_fifo_v2_1_36_fifo_gen/<hidden>/<hidden>/<hidden>/<hidden>/<hidden>
                         net (fo=1, routed)           0.653     4.213    mlp_system_wrapper/mlp_system/mlp_system_axi_mem_intercon_1/s00_couplers_imp_WXI7U5/mlp_system_axi_mem_intercon_imp_auto_pc_0/mlp_system_axi_mem_intercon_imp_auto_pc_0_axi_protocol_converter_v2_1_37_axi_protocol_converter/mlp_system_axi_mem_intercon_imp_auto_pc_0_axi_protocol_converter_v2_1_37_axi3_conv/mlp_system_axi_mem_intercon_imp_auto_pc_0_axi_protocol_converter_v2_1_37_a_axi3_conv/mlp_system_axi_mem_intercon_imp_auto_pc_0_axi_data_fifo_v2_1_36_axic_fifo/mlp_system_axi_mem_intercon_imp_auto_pc_0_axi_data_fifo_v2_1_36_fifo_gen/<hidden>/<hidden>/<hidden>/<hidden>/<hidden>
    SLICE_X26Y41         LUT3 (Prop_lut3_I0_O)        0.124     4.337 f  mlp_system_wrapper/mlp_system/mlp_system_axi_mem_intercon_1/s00_couplers_imp_WXI7U5/mlp_system_axi_mem_intercon_imp_auto_pc_0/mlp_system_axi_mem_intercon_imp_auto_pc_0_axi_protocol_converter_v2_1_37_axi_protocol_converter/mlp_system_axi_mem_intercon_imp_auto_pc_0_axi_protocol_converter_v2_1_37_axi3_conv/mlp_system_axi_mem_intercon_imp_auto_pc_0_axi_protocol_converter_v2_1_37_a_axi3_conv/mlp_system_axi_mem_intercon_imp_auto_pc_0_axi_data_fifo_v2_1_36_axic_fifo/mlp_system_axi_mem_intercon_imp_auto_pc_0_axi_data_fifo_v2_1_36_fifo_gen/<hidden>/<hidden>/<hidden>/<hidden>/<hidden>
                         net (fo=33, routed)          1.393     5.730    mlp_system_wrapper/mlp_system/mlp_system_axi_mem_intercon_1/s00_couplers_imp_WXI7U5/mlp_system_axi_mem_intercon_imp_auto_pc_0/mlp_system_axi_mem_intercon_imp_auto_pc_0_axi_protocol_converter_v2_1_37_axi_protocol_converter/mlp_system_axi_mem_intercon_imp_auto_pc_0_axi_protocol_converter_v2_1_37_axi3_conv/mlp_system_axi_mem_intercon_imp_auto_pc_0_axi_protocol_converter_v2_1_37_a_axi3_conv/mlp_system_axi_mem_intercon_imp_auto_pc_0_axi_data_fifo_v2_1_36_axic_fifo/mlp_system_axi_mem_intercon_imp_auto_pc_0_axi_data_fifo_v2_1_36_fifo_gen/<hidden>/<hidden>/<hidden>/<hidden>/<hidden>/<hidden>
    SLICE_X17Y42         FDCE                                         f  mlp_system_wrapper/mlp_system/mlp_system_axi_mem_intercon_1/s00_couplers_imp_WXI7U5/mlp_system_axi_mem_intercon_imp_auto_pc_0/mlp_system_axi_mem_intercon_imp_auto_pc_0_axi_protocol_converter_v2_1_37_axi_protocol_converter/mlp_system_axi_mem_intercon_imp_auto_pc_0_axi_protocol_converter_v2_1_37_axi3_conv/mlp_system_axi_mem_intercon_imp_auto_pc_0_axi_protocol_converter_v2_1_37_a_axi3_conv/mlp_system_axi_mem_intercon_imp_auto_pc_0_axi_data_fifo_v2_1_36_axic_fifo/mlp_system_axi_mem_intercon_imp_auto_pc_0_axi_data_fifo_v2_1_36_fifo_gen/<hidden>/<hidden>/<hidden>/<hidden>/<hidden>/<hidden>
  -------------------------------------------------------------------    -------------------

                         (clock clk_fpga_0 rise edge)
                                                     10.000    10.000 r  
    PS7_X0Y0             PS7                          0.000    10.000 r  mlp_system_i/processing_system7_0/inst/PS7_i/FCLKCLK[0]
                         net (fo=1, routed)           1.088    11.088    mlp_system_i/processing_system7_0/inst/FCLK_CLK_unbuffered[0]
    BUFGCTRL_X0Y16       BUFG (Prop_bufg_I_O)         0.091    11.179 r  mlp_system_i/processing_system7_0/inst/buffer_fclk_clk_0.FCLK_CLK_0_BUFG/O
                         net (fo=2400, routed)        1.579    12.759    mlp_system_wrapper/mlp_system/mlp_system_axi_mem_intercon_1/s00_couplers_imp_WXI7U5/mlp_system_axi_mem_intercon_imp_auto_pc_0/mlp_system_axi_mem_intercon_imp_auto_pc_0_axi_protocol_converter_v2_1_37_axi_protocol_converter/mlp_system_axi_mem_intercon_imp_auto_pc_0_axi_protocol_converter_v2_1_37_axi3_conv/mlp_system_axi_mem_intercon_imp_auto_pc_0_axi_protocol_converter_v2_1_37_a_axi3_conv/mlp_system_axi_mem_intercon_imp_auto_pc_0_axi_data_fifo_v2_1_36_axic_fifo/mlp_system_axi_mem_intercon_imp_auto_pc_0_axi_data_fifo_v2_1_36_fifo_gen/<hidden>/<hidden>/<hidden>/<hidden>/<hidden>/<hidden>
    SLICE_X17Y42         FDCE                                         r  mlp_system_wrapper/mlp_system/mlp_system_axi_mem_intercon_1/s00_couplers_imp_WXI7U5/mlp_system_axi_mem_intercon_imp_auto_pc_0/mlp_system_axi_mem_intercon_imp_auto_pc_0_axi_protocol_converter_v2_1_37_axi_protocol_converter/mlp_system_axi_mem_intercon_imp_auto_pc_0_axi_protocol_converter_v2_1_37_axi3_conv/mlp_system_axi_mem_intercon_imp_auto_pc_0_axi_protocol_converter_v2_1_37_a_axi3_conv/mlp_system_axi_mem_intercon_imp_auto_pc_0_axi_data_fifo_v2_1_36_axic_fifo/mlp_system_axi_mem_intercon_imp_auto_pc_0_axi_data_fifo_v2_1_36_fifo_gen/<hidden>/<hidden>/<hidden>/<hidden>/<hidden>/<hidden>
                         clock pessimism              0.230    12.988    
                         clock uncertainty           -0.154    12.834    
    SLICE_X17Y42         FDCE (Recov_fdce_C_CLR)     -0.405    12.429    mlp_system_wrapper/mlp_system/mlp_system_axi_mem_intercon_1/s00_couplers_imp_WXI7U5/mlp_system_axi_mem_intercon_imp_auto_pc_0/mlp_system_axi_mem_intercon_imp_auto_pc_0_axi_protocol_converter_v2_1_37_axi_protocol_converter/mlp_system_axi_mem_intercon_imp_auto_pc_0_axi_protocol_converter_v2_1_37_axi3_conv/mlp_system_axi_mem_intercon_imp_auto_pc_0_axi_protocol_converter_v2_1_37_a_axi3_conv/mlp_system_axi_mem_intercon_imp_auto_pc_0_axi_data_fifo_v2_1_36_axic_fifo/mlp_system_axi_mem_intercon_imp_auto_pc_0_axi_data_fifo_v2_1_36_fifo_gen/<hidden>/<hidden>/<hidden>/<hidden>/<hidden>/<hidden>
  -------------------------------------------------------------------
                         required time                         12.429    
                         arrival time                          -5.730    
  -------------------------------------------------------------------
                         slack                                  6.699    





Min Delay Paths
--------------------------------------------------------------------------------------
Slack (MET) :             0.717ns  (arrival time - required time)
  Source:                 mlp_system_wrapper/mlp_system/mlp_system_axi_mem_intercon_1/s00_couplers_imp_WXI7U5/mlp_system_axi_mem_intercon_imp_auto_pc_0/mlp_system_axi_mem_intercon_imp_auto_pc_0_axi_protocol_converter_v2_1_37_axi_protocol_converter/mlp_system_axi_mem_intercon_imp_auto_pc_0_axi_protocol_converter_v2_1_37_axi3_conv/mlp_system_axi_mem_intercon_imp_auto_pc_0_axi_protocol_converter_v2_1_37_a_axi3_conv/mlp_system_axi_mem_intercon_imp_auto_pc_0_axi_data_fifo_v2_1_36_axic_fifo/mlp_system_axi_mem_intercon_imp_auto_pc_0_axi_data_fifo_v2_1_36_fifo_gen/<hidden>/<hidden>/<hidden>/<hidden>/<hidden>/<hidden>
                            (rising edge-triggered cell FDPE clocked by clk_fpga_0  {rise@0.000ns fall@5.000ns period=10.000ns})
  Destination:            mlp_system_wrapper/mlp_system/mlp_system_axi_mem_intercon_1/s00_couplers_imp_WXI7U5/mlp_system_axi_mem_intercon_imp_auto_pc_0/mlp_system_axi_mem_intercon_imp_auto_pc_0_axi_protocol_converter_v2_1_37_axi_protocol_converter/mlp_system_axi_mem_intercon_imp_auto_pc_0_axi_protocol_converter_v2_1_37_axi3_conv/mlp_system_axi_mem_intercon_imp_auto_pc_0_axi_protocol_converter_v2_1_37_a_axi3_conv/mlp_system_axi_mem_intercon_imp_auto_pc_0_axi_data_fifo_v2_1_36_axic_fifo/mlp_system_axi_mem_intercon_imp_auto_pc_0_axi_data_fifo_v2_1_36_fifo_gen/<hidden>/<hidden>/<hidden>/<hidden>/<hidden>/<hidden>
                            (removal check against rising-edge clock clk_fpga_0  {rise@0.000ns fall@5.000ns period=10.000ns})
  Path Group:             **async_default**
  Path Type:              Removal (Min at Fast Process Corner)
  Requirement:            0.000ns  (clk_fpga_0 rise@0.000ns - clk_fpga_0 rise@0.000ns)
  Data Path Delay:        0.690ns  (logic 0.227ns (32.888%)  route 0.463ns (67.112%))
  Logic Levels:           1  (LUT3=1)
  Clock Path Skew:        0.040ns (DCD - SCD - CPR)
    Destination Clock Delay (DCD):    1.229ns
    Source Clock Delay      (SCD):    0.926ns
    Clock Pessimism Removal (CPR):    0.263ns

    Location             Delay type                Incr(ns)  Path(ns)    Netlist Resource(s)
  -------------------------------------------------------------------    -------------------
                         (clock clk_fpga_0 rise edge)
                                                      0.000     0.000 r  
    PS7_X0Y0             PS7                          0.000     0.000 r  mlp_system_i/processing_system7_0/inst/PS7_i/FCLKCLK[0]
                         net (fo=1, routed)           0.310     0.310    mlp_system_i/processing_system7_0/inst/FCLK_CLK_unbuffered[0]
    BUFGCTRL_X0Y16       BUFG (Prop_bufg_I_O)         0.026     0.336 r  mlp_system_i/processing_system7_0/inst/buffer_fclk_clk_0.FCLK_CLK_0_BUFG/O
                         net (fo=2400, routed)        0.590     0.926    mlp_system_wrapper/mlp_system/mlp_system_axi_mem_intercon_1/s00_couplers_imp_WXI7U5/mlp_system_axi_mem_intercon_imp_auto_pc_0/mlp_system_axi_mem_intercon_imp_auto_pc_0_axi_protocol_converter_v2_1_37_axi_protocol_converter/mlp_system_axi_mem_intercon_imp_auto_pc_0_axi_protocol_converter_v2_1_37_axi3_conv/mlp_system_axi_mem_intercon_imp_auto_pc_0_axi_protocol_converter_v2_1_37_a_axi3_conv/mlp_system_axi_mem_intercon_imp_auto_pc_0_axi_data_fifo_v2_1_36_axic_fifo/mlp_system_axi_mem_intercon_imp_auto_pc_0_axi_data_fifo_v2_1_36_fifo_gen/<hidden>/<hidden>/<hidden>/<hidden>/<hidden>/<hidden>
    SLICE_X25Y42         FDPE                                         r  mlp_system_wrapper/mlp_system/mlp_system_axi_mem_intercon_1/s00_couplers_imp_WXI7U5/mlp_system_axi_mem_intercon_imp_auto_pc_0/mlp_system_axi_mem_intercon_imp_auto_pc_0_axi_protocol_converter_v2_1_37_axi_protocol_converter/mlp_system_axi_mem_intercon_imp_auto_pc_0_axi_protocol_converter_v2_1_37_axi3_conv/mlp_system_axi_mem_intercon_imp_auto_pc_0_axi_protocol_converter_v2_1_37_a_axi3_conv/mlp_system_axi_mem_intercon_imp_auto_pc_0_axi_data_fifo_v2_1_36_axic_fifo/mlp_system_axi_mem_intercon_imp_auto_pc_0_axi_data_fifo_v2_1_36_fifo_gen/<hidden>/<hidden>/<hidden>/<hidden>/<hidden>/<hidden>
  -------------------------------------------------------------------    -------------------
    SLICE_X25Y42         FDPE (Prop_fdpe_C_Q)         0.128     1.054 f  mlp_system_wrapper/mlp_system/mlp_system_axi_mem_intercon_1/s00_couplers_imp_WXI7U5/mlp_system_axi_mem_intercon_imp_auto_pc_0/mlp_system_axi_mem_intercon_imp_auto_pc_0_axi_protocol_converter_v2_1_37_axi_protocol_converter/mlp_system_axi_mem_intercon_imp_auto_pc_0_axi_protocol_converter_v2_1_37_axi3_conv/mlp_system_axi_mem_intercon_imp_auto_pc_0_axi_protocol_converter_v2_1_37_a_axi3_conv/mlp_system_axi_mem_intercon_imp_auto_pc_0_axi_data_fifo_v2_1_36_axic_fifo/mlp_system_axi_mem_intercon_imp_auto_pc_0_axi_data_fifo_v2_1_36_fifo_gen/<hidden>/<hidden>/<hidden>/<hidden>/<hidden>/<hidden>
                         net (fo=2, routed)           0.111     1.165    mlp_system_wrapper/mlp_system/mlp_system_axi_mem_intercon_1/s00_couplers_imp_WXI7U5/mlp_system_axi_mem_intercon_imp_auto_pc_0/mlp_system_axi_mem_intercon_imp_auto_pc_0_axi_protocol_converter_v2_1_37_axi_protocol_converter/mlp_system_axi_mem_intercon_imp_auto_pc_0_axi_protocol_converter_v2_1_37_axi3_conv/mlp_system_axi_mem_intercon_imp_auto_pc_0_axi_protocol_converter_v2_1_37_a_axi3_conv/mlp_system_axi_mem_intercon_imp_auto_pc_0_axi_data_fifo_v2_1_36_axic_fifo/mlp_system_axi_mem_intercon_imp_auto_pc_0_axi_data_fifo_v2_1_36_fifo_gen/<hidden>/<hidden>/<hidden>/<hidden>/<hidden>
    SLICE_X26Y41         LUT3 (Prop_lut3_I2_O)        0.099     1.264 f  mlp_system_wrapper/mlp_system/mlp_system_axi_mem_intercon_1/s00_couplers_imp_WXI7U5/mlp_system_axi_mem_intercon_imp_auto_pc_0/mlp_system_axi_mem_intercon_imp_auto_pc_0_axi_protocol_converter_v2_1_37_axi_protocol_converter/mlp_system_axi_mem_intercon_imp_auto_pc_0_axi_protocol_converter_v2_1_37_axi3_conv/mlp_system_axi_mem_intercon_imp_auto_pc_0_axi_protocol_converter_v2_1_37_a_axi3_conv/mlp_system_axi_mem_intercon_imp_auto_pc_0_axi_data_fifo_v2_1_36_axic_fifo/mlp_system_axi_mem_intercon_imp_auto_pc_0_axi_data_fifo_v2_1_36_fifo_gen/<hidden>/<hidden>/<hidden>/<hidden>/<hidden>
                         net (fo=33, routed)          0.352     1.616    mlp_system_wrapper/mlp_system/mlp_system_axi_mem_intercon_1/s00_couplers_imp_WXI7U5/mlp_system_axi_mem_intercon_imp_auto_pc_0/mlp_system_axi_mem_intercon_imp_auto_pc_0_axi_protocol_converter_v2_1_37_axi_protocol_converter/mlp_system_axi_mem_intercon_imp_auto_pc_0_axi_protocol_converter_v2_1_37_axi3_conv/mlp_system_axi_mem_intercon_imp_auto_pc_0_axi_protocol_converter_v2_1_37_a_axi3_conv/mlp_system_axi_mem_intercon_imp_auto_pc_0_axi_data_fifo_v2_1_36_axic_fifo/mlp_system_axi_mem_intercon_imp_auto_pc_0_axi_data_fifo_v2_1_36_fifo_gen/<hidden>/<hidden>/<hidden>/<hidden>/<hidden>/<hidden>
    SLICE_X20Y40         FDCE                                         f  mlp_system_wrapper/mlp_system/mlp_system_axi_mem_intercon_1/s00_couplers_imp_WXI7U5/mlp_system_axi_mem_intercon_imp_auto_pc_0/mlp_system_axi_mem_intercon_imp_auto_pc_0_axi_protocol_converter_v2_1_37_axi_protocol_converter/mlp_system_axi_mem_intercon_imp_auto_pc_0_axi_protocol_converter_v2_1_37_axi3_conv/mlp_system_axi_mem_intercon_imp_auto_pc_0_axi_protocol_converter_v2_1_37_a_axi3_conv/mlp_system_axi_mem_intercon_imp_auto_pc_0_axi_data_fifo_v2_1_36_axic_fifo/mlp_system_axi_mem_intercon_imp_auto_pc_0_axi_data_fifo_v2_1_36_fifo_gen/<hidden>/<hidden>/<hidden>/<hidden>/<hidden>/<hidden>
  -------------------------------------------------------------------    -------------------

                         (clock clk_fpga_0 rise edge)
                                                      0.000     0.000 r  
    PS7_X0Y0             PS7                          0.000     0.000 r  mlp_system_i/processing_system7_0/inst/PS7_i/FCLKCLK[0]
                         net (fo=1, routed)           0.337     0.337    mlp_system_i/processing_system7_0/inst/FCLK_CLK_unbuffered[0]
    BUFGCTRL_X0Y16       BUFG (Prop_bufg_I_O)         0.029     0.366 r  mlp_system_i/processing_system7_0/inst/buffer_fclk_clk_0.FCLK_CLK_0_BUFG/O
                         net (fo=2400, routed)        0.863     1.229    mlp_system_wrapper/mlp_system/mlp_system_axi_mem_intercon_1/s00_couplers_imp_WXI7U5/mlp_system_axi_mem_intercon_imp_auto_pc_0/mlp_system_axi_mem_intercon_imp_auto_pc_0_axi_protocol_converter_v2_1_37_axi_protocol_converter/mlp_system_axi_mem_intercon_imp_auto_pc_0_axi_protocol_converter_v2_1_37_axi3_conv/mlp_system_axi_mem_intercon_imp_auto_pc_0_axi_protocol_converter_v2_1_37_a_axi3_conv/mlp_system_axi_mem_intercon_imp_auto_pc_0_axi_data_fifo_v2_1_36_axic_fifo/mlp_system_axi_mem_intercon_imp_auto_pc_0_axi_data_fifo_v2_1_36_fifo_gen/<hidden>/<hidden>/<hidden>/<hidden>/<hidden>/<hidden>
    SLICE_X20Y40         FDCE                                         r  mlp_system_wrapper/mlp_system/mlp_system_axi_mem_intercon_1/s00_couplers_imp_WXI7U5/mlp_system_axi_mem_intercon_imp_auto_pc_0/mlp_system_axi_mem_intercon_imp_auto_pc_0_axi_protocol_converter_v2_1_37_axi_protocol_converter/mlp_system_axi_mem_intercon_imp_auto_pc_0_axi_protocol_converter_v2_1_37_axi3_conv/mlp_system_axi_mem_intercon_imp_auto_pc_0_axi_protocol_converter_v2_1_37_a_axi3_conv/mlp_system_axi_mem_intercon_imp_auto_pc_0_axi_data_fifo_v2_1_36_axic_fifo/mlp_system_axi_mem_intercon_imp_auto_pc_0_axi_data_fifo_v2_1_36_fifo_gen/<hidden>/<hidden>/<hidden>/<hidden>/<hidden>/<hidden>
                         clock pessimism             -0.263     0.965    
    SLICE_X20Y40         FDCE (Remov_fdce_C_CLR)     -0.067     0.898    mlp_system_wrapper/mlp_system/mlp_system_axi_mem_intercon_1/s00_couplers_imp_WXI7U5/mlp_system_axi_mem_intercon_imp_auto_pc_0/mlp_system_axi_mem_intercon_imp_auto_pc_0_axi_protocol_converter_v2_1_37_axi_protocol_converter/mlp_system_axi_mem_intercon_imp_auto_pc_0_axi_protocol_converter_v2_1_37_axi3_conv/mlp_system_axi_mem_intercon_imp_auto_pc_0_axi_protocol_converter_v2_1_37_a_axi3_conv/mlp_system_axi_mem_intercon_imp_auto_pc_0_axi_data_fifo_v2_1_36_axic_fifo/mlp_system_axi_mem_intercon_imp_auto_pc_0_axi_data_fifo_v2_1_36_fifo_gen/<hidden>/<hidden>/<hidden>/<hidden>/<hidden>/<hidden>
  -------------------------------------------------------------------
                         required time                         -0.899    
                         arrival time                           1.616    
  -------------------------------------------------------------------
                         slack                                  0.717    

Slack (MET) :             0.717ns  (arrival time - required time)
  Source:                 mlp_system_wrapper/mlp_system/mlp_system_axi_mem_intercon_1/s00_couplers_imp_WXI7U5/mlp_system_axi_mem_intercon_imp_auto_pc_0/mlp_system_axi_mem_intercon_imp_auto_pc_0_axi_protocol_converter_v2_1_37_axi_protocol_converter/mlp_system_axi_mem_intercon_imp_auto_pc_0_axi_protocol_converter_v2_1_37_axi3_conv/mlp_system_axi_mem_intercon_imp_auto_pc_0_axi_protocol_converter_v2_1_37_a_axi3_conv/mlp_system_axi_mem_intercon_imp_auto_pc_0_axi_data_fifo_v2_1_36_axic_fifo/mlp_system_axi_mem_intercon_imp_auto_pc_0_axi_data_fifo_v2_1_36_fifo_gen/<hidden>/<hidden>/<hidden>/<hidden>/<hidden>/<hidden>
                            (rising edge-triggered cell FDPE clocked by clk_fpga_0  {rise@0.000ns fall@5.000ns period=10.000ns})
  Destination:            mlp_system_wrapper/mlp_system/mlp_system_axi_mem_intercon_1/s00_couplers_imp_WXI7U5/mlp_system_axi_mem_intercon_imp_auto_pc_0/mlp_system_axi_mem_intercon_imp_auto_pc_0_axi_protocol_converter_v2_1_37_axi_protocol_converter/mlp_system_axi_mem_intercon_imp_auto_pc_0_axi_protocol_converter_v2_1_37_axi3_conv/mlp_system_axi_mem_intercon_imp_auto_pc_0_axi_protocol_converter_v2_1_37_a_axi3_conv/mlp_system_axi_mem_intercon_imp_auto_pc_0_axi_data_fifo_v2_1_36_axic_fifo/mlp_system_axi_mem_intercon_imp_auto_pc_0_axi_data_fifo_v2_1_36_fifo_gen/<hidden>/<hidden>/<hidden>/<hidden>/<hidden>/<hidden>
                            (removal check against rising-edge clock clk_fpga_0  {rise@0.000ns fall@5.000ns period=10.000ns})
  Path Group:             **async_default**
  Path Type:              Removal (Min at Fast Process Corner)
  Requirement:            0.000ns  (clk_fpga_0 rise@0.000ns - clk_fpga_0 rise@0.000ns)
  Data Path Delay:        0.690ns  (logic 0.227ns (32.888%)  route 0.463ns (67.112%))
  Logic Levels:           1  (LUT3=1)
  Clock Path Skew:        0.040ns (DCD - SCD - CPR)
    Destination Clock Delay (DCD):    1.229ns
    Source Clock Delay      (SCD):    0.926ns
    Clock Pessimism Removal (CPR):    0.263ns

    Location             Delay type                Incr(ns)  Path(ns)    Netlist Resource(s)
  -------------------------------------------------------------------    -------------------
                         (clock clk_fpga_0 rise edge)
                                                      0.000     0.000 r  
    PS7_X0Y0             PS7                          0.000     0.000 r  mlp_system_i/processing_system7_0/inst/PS7_i/FCLKCLK[0]
                         net (fo=1, routed)           0.310     0.310    mlp_system_i/processing_system7_0/inst/FCLK_CLK_unbuffered[0]
    BUFGCTRL_X0Y16       BUFG (Prop_bufg_I_O)         0.026     0.336 r  mlp_system_i/processing_system7_0/inst/buffer_fclk_clk_0.FCLK_CLK_0_BUFG/O
                         net (fo=2400, routed)        0.590     0.926    mlp_system_wrapper/mlp_system/mlp_system_axi_mem_intercon_1/s00_couplers_imp_WXI7U5/mlp_system_axi_mem_intercon_imp_auto_pc_0/mlp_system_axi_mem_intercon_imp_auto_pc_0_axi_protocol_converter_v2_1_37_axi_protocol_converter/mlp_system_axi_mem_intercon_imp_auto_pc_0_axi_protocol_converter_v2_1_37_axi3_conv/mlp_system_axi_mem_intercon_imp_auto_pc_0_axi_protocol_converter_v2_1_37_a_axi3_conv/mlp_system_axi_mem_intercon_imp_auto_pc_0_axi_data_fifo_v2_1_36_axic_fifo/mlp_system_axi_mem_intercon_imp_auto_pc_0_axi_data_fifo_v2_1_36_fifo_gen/<hidden>/<hidden>/<hidden>/<hidden>/<hidden>/<hidden>
    SLICE_X25Y42         FDPE                                         r  mlp_system_wrapper/mlp_system/mlp_system_axi_mem_intercon_1/s00_couplers_imp_WXI7U5/mlp_system_axi_mem_intercon_imp_auto_pc_0/mlp_system_axi_mem_intercon_imp_auto_pc_0_axi_protocol_converter_v2_1_37_axi_protocol_converter/mlp_system_axi_mem_intercon_imp_auto_pc_0_axi_protocol_converter_v2_1_37_axi3_conv/mlp_system_axi_mem_intercon_imp_auto_pc_0_axi_protocol_converter_v2_1_37_a_axi3_conv/mlp_system_axi_mem_intercon_imp_auto_pc_0_axi_data_fifo_v2_1_36_axic_fifo/mlp_system_axi_mem_intercon_imp_auto_pc_0_axi_data_fifo_v2_1_36_fifo_gen/<hidden>/<hidden>/<hidden>/<hidden>/<hidden>/<hidden>
  -------------------------------------------------------------------    -------------------
    SLICE_X25Y42         FDPE (Prop_fdpe_C_Q)         0.128     1.054 f  mlp_system_wrapper/mlp_system/mlp_system_axi_mem_intercon_1/s00_couplers_imp_WXI7U5/mlp_system_axi_mem_intercon_imp_auto_pc_0/mlp_system_axi_mem_intercon_imp_auto_pc_0_axi_protocol_converter_v2_1_37_axi_protocol_converter/mlp_system_axi_mem_intercon_imp_auto_pc_0_axi_protocol_converter_v2_1_37_axi3_conv/mlp_system_axi_mem_intercon_imp_auto_pc_0_axi_protocol_converter_v2_1_37_a_axi3_conv/mlp_system_axi_mem_intercon_imp_auto_pc_0_axi_data_fifo_v2_1_36_axic_fifo/mlp_system_axi_mem_intercon_imp_auto_pc_0_axi_data_fifo_v2_1_36_fifo_gen/<hidden>/<hidden>/<hidden>/<hidden>/<hidden>/<hidden>
                         net (fo=2, routed)           0.111     1.165    mlp_system_wrapper/mlp_system/mlp_system_axi_mem_intercon_1/s00_couplers_imp_WXI7U5/mlp_system_axi_mem_intercon_imp_auto_pc_0/mlp_system_axi_mem_intercon_imp_auto_pc_0_axi_protocol_converter_v2_1_37_axi_protocol_converter/mlp_system_axi_mem_intercon_imp_auto_pc_0_axi_protocol_converter_v2_1_37_axi3_conv/mlp_system_axi_mem_intercon_imp_auto_pc_0_axi_protocol_converter_v2_1_37_a_axi3_conv/mlp_system_axi_mem_intercon_imp_auto_pc_0_axi_data_fifo_v2_1_36_axic_fifo/mlp_system_axi_mem_intercon_imp_auto_pc_0_axi_data_fifo_v2_1_36_fifo_gen/<hidden>/<hidden>/<hidden>/<hidden>/<hidden>
    SLICE_X26Y41         LUT3 (Prop_lut3_I2_O)        0.099     1.264 f  mlp_system_wrapper/mlp_system/mlp_system_axi_mem_intercon_1/s00_couplers_imp_WXI7U5/mlp_system_axi_mem_intercon_imp_auto_pc_0/mlp_system_axi_mem_intercon_imp_auto_pc_0_axi_protocol_converter_v2_1_37_axi_protocol_converter/mlp_system_axi_mem_intercon_imp_auto_pc_0_axi_protocol_converter_v2_1_37_axi3_conv/mlp_system_axi_mem_intercon_imp_auto_pc_0_axi_protocol_converter_v2_1_37_a_axi3_conv/mlp_system_axi_mem_intercon_imp_auto_pc_0_axi_data_fifo_v2_1_36_axic_fifo/mlp_system_axi_mem_intercon_imp_auto_pc_0_axi_data_fifo_v2_1_36_fifo_gen/<hidden>/<hidden>/<hidden>/<hidden>/<hidden>
                         net (fo=33, routed)          0.352     1.616    mlp_system_wrapper/mlp_system/mlp_system_axi_mem_intercon_1/s00_couplers_imp_WXI7U5/mlp_system_axi_mem_intercon_imp_auto_pc_0/mlp_system_axi_mem_intercon_imp_auto_pc_0_axi_protocol_converter_v2_1_37_axi_protocol_converter/mlp_system_axi_mem_intercon_imp_auto_pc_0_axi_protocol_converter_v2_1_37_axi3_conv/mlp_system_axi_mem_intercon_imp_auto_pc_0_axi_protocol_converter_v2_1_37_a_axi3_conv/mlp_system_axi_mem_intercon_imp_auto_pc_0_axi_data_fifo_v2_1_36_axic_fifo/mlp_system_axi_mem_intercon_imp_auto_pc_0_axi_data_fifo_v2_1_36_fifo_gen/<hidden>/<hidden>/<hidden>/<hidden>/<hidden>/<hidden>
    SLICE_X20Y40         FDCE                                         f  mlp_system_wrapper/mlp_system/mlp_system_axi_mem_intercon_1/s00_couplers_imp_WXI7U5/mlp_system_axi_mem_intercon_imp_auto_pc_0/mlp_system_axi_mem_intercon_imp_auto_pc_0_axi_protocol_converter_v2_1_37_axi_protocol_converter/mlp_system_axi_mem_intercon_imp_auto_pc_0_axi_protocol_converter_v2_1_37_axi3_conv/mlp_system_axi_mem_intercon_imp_auto_pc_0_axi_protocol_converter_v2_1_37_a_axi3_conv/mlp_system_axi_mem_intercon_imp_auto_pc_0_axi_data_fifo_v2_1_36_axic_fifo/mlp_system_axi_mem_intercon_imp_auto_pc_0_axi_data_fifo_v2_1_36_fifo_gen/<hidden>/<hidden>/<hidden>/<hidden>/<hidden>/<hidden>
  -------------------------------------------------------------------    -------------------

                         (clock clk_fpga_0 rise edge)
                                                      0.000     0.000 r  
    PS7_X0Y0             PS7                          0.000     0.000 r  mlp_system_i/processing_system7_0/inst/PS7_i/FCLKCLK[0]
                         net (fo=1, routed)           0.337     0.337    mlp_system_i/processing_system7_0/inst/FCLK_CLK_unbuffered[0]
    BUFGCTRL_X0Y16       BUFG (Prop_bufg_I_O)         0.029     0.366 r  mlp_system_i/processing_system7_0/inst/buffer_fclk_clk_0.FCLK_CLK_0_BUFG/O
                         net (fo=2400, routed)        0.863     1.229    mlp_system_wrapper/mlp_system/mlp_system_axi_mem_intercon_1/s00_couplers_imp_WXI7U5/mlp_system_axi_mem_intercon_imp_auto_pc_0/mlp_system_axi_mem_intercon_imp_auto_pc_0_axi_protocol_converter_v2_1_37_axi_protocol_converter/mlp_system_axi_mem_intercon_imp_auto_pc_0_axi_protocol_converter_v2_1_37_axi3_conv/mlp_system_axi_mem_intercon_imp_auto_pc_0_axi_protocol_converter_v2_1_37_a_axi3_conv/mlp_system_axi_mem_intercon_imp_auto_pc_0_axi_data_fifo_v2_1_36_axic_fifo/mlp_system_axi_mem_intercon_imp_auto_pc_0_axi_data_fifo_v2_1_36_fifo_gen/<hidden>/<hidden>/<hidden>/<hidden>/<hidden>/<hidden>
    SLICE_X20Y40         FDCE                                         r  mlp_system_wrapper/mlp_system/mlp_system_axi_mem_intercon_1/s00_couplers_imp_WXI7U5/mlp_system_axi_mem_intercon_imp_auto_pc_0/mlp_system_axi_mem_intercon_imp_auto_pc_0_axi_protocol_converter_v2_1_37_axi_protocol_converter/mlp_system_axi_mem_intercon_imp_auto_pc_0_axi_protocol_converter_v2_1_37_axi3_conv/mlp_system_axi_mem_intercon_imp_auto_pc_0_axi_protocol_converter_v2_1_37_a_axi3_conv/mlp_system_axi_mem_intercon_imp_auto_pc_0_axi_data_fifo_v2_1_36_axic_fifo/mlp_system_axi_mem_intercon_imp_auto_pc_0_axi_data_fifo_v2_1_36_fifo_gen/<hidden>/<hidden>/<hidden>/<hidden>/<hidden>/<hidden>
                         clock pessimism             -0.263     0.965    
    SLICE_X20Y40         FDCE (Remov_fdce_C_CLR)     -0.067     0.898    mlp_system_wrapper/mlp_system/mlp_system_axi_mem_intercon_1/s00_couplers_imp_WXI7U5/mlp_system_axi_mem_intercon_imp_auto_pc_0/mlp_system_axi_mem_intercon_imp_auto_pc_0_axi_protocol_converter_v2_1_37_axi_protocol_converter/mlp_system_axi_mem_intercon_imp_auto_pc_0_axi_protocol_converter_v2_1_37_axi3_conv/mlp_system_axi_mem_intercon_imp_auto_pc_0_axi_protocol_converter_v2_1_37_a_axi3_conv/mlp_system_axi_mem_intercon_imp_auto_pc_0_axi_data_fifo_v2_1_36_axic_fifo/mlp_system_axi_mem_intercon_imp_auto_pc_0_axi_data_fifo_v2_1_36_fifo_gen/<hidden>/<hidden>/<hidden>/<hidden>/<hidden>/<hidden>
  -------------------------------------------------------------------
                         required time                         -0.899    
                         arrival time                           1.616    
  -------------------------------------------------------------------
                         slack                                  0.717    

Slack (MET) :             0.717ns  (arrival time - required time)
  Source:                 mlp_system_wrapper/mlp_system/mlp_system_axi_mem_intercon_1/s00_couplers_imp_WXI7U5/mlp_system_axi_mem_intercon_imp_auto_pc_0/mlp_system_axi_mem_intercon_imp_auto_pc_0_axi_protocol_converter_v2_1_37_axi_protocol_converter/mlp_system_axi_mem_intercon_imp_auto_pc_0_axi_protocol_converter_v2_1_37_axi3_conv/mlp_system_axi_mem_intercon_imp_auto_pc_0_axi_protocol_converter_v2_1_37_a_axi3_conv/mlp_system_axi_mem_intercon_imp_auto_pc_0_axi_data_fifo_v2_1_36_axic_fifo/mlp_system_axi_mem_intercon_imp_auto_pc_0_axi_data_fifo_v2_1_36_fifo_gen/<hidden>/<hidden>/<hidden>/<hidden>/<hidden>/<hidden>
                            (rising edge-triggered cell FDPE clocked by clk_fpga_0  {rise@0.000ns fall@5.000ns period=10.000ns})
  Destination:            mlp_system_wrapper/mlp_system/mlp_system_axi_mem_intercon_1/s00_couplers_imp_WXI7U5/mlp_system_axi_mem_intercon_imp_auto_pc_0/mlp_system_axi_mem_intercon_imp_auto_pc_0_axi_protocol_converter_v2_1_37_axi_protocol_converter/mlp_system_axi_mem_intercon_imp_auto_pc_0_axi_protocol_converter_v2_1_37_axi3_conv/mlp_system_axi_mem_intercon_imp_auto_pc_0_axi_protocol_converter_v2_1_37_a_axi3_conv/mlp_system_axi_mem_intercon_imp_auto_pc_0_axi_data_fifo_v2_1_36_axic_fifo/mlp_system_axi_mem_intercon_imp_auto_pc_0_axi_data_fifo_v2_1_36_fifo_gen/<hidden>/<hidden>/<hidden>/<hidden>/<hidden>/<hidden>
                            (removal check against rising-edge clock clk_fpga_0  {rise@0.000ns fall@5.000ns period=10.000ns})
  Path Group:             **async_default**
  Path Type:              Removal (Min at Fast Process Corner)
  Requirement:            0.000ns  (clk_fpga_0 rise@0.000ns - clk_fpga_0 rise@0.000ns)
  Data Path Delay:        0.690ns  (logic 0.227ns (32.888%)  route 0.463ns (67.112%))
  Logic Levels:           1  (LUT3=1)
  Clock Path Skew:        0.040ns (DCD - SCD - CPR)
    Destination Clock Delay (DCD):    1.229ns
    Source Clock Delay      (SCD):    0.926ns
    Clock Pessimism Removal (CPR):    0.263ns

    Location             Delay type                Incr(ns)  Path(ns)    Netlist Resource(s)
  -------------------------------------------------------------------    -------------------
                         (clock clk_fpga_0 rise edge)
                                                      0.000     0.000 r  
    PS7_X0Y0             PS7                          0.000     0.000 r  mlp_system_i/processing_system7_0/inst/PS7_i/FCLKCLK[0]
                         net (fo=1, routed)           0.310     0.310    mlp_system_i/processing_system7_0/inst/FCLK_CLK_unbuffered[0]
    BUFGCTRL_X0Y16       BUFG (Prop_bufg_I_O)         0.026     0.336 r  mlp_system_i/processing_system7_0/inst/buffer_fclk_clk_0.FCLK_CLK_0_BUFG/O
                         net (fo=2400, routed)        0.590     0.926    mlp_system_wrapper/mlp_system/mlp_system_axi_mem_intercon_1/s00_couplers_imp_WXI7U5/mlp_system_axi_mem_intercon_imp_auto_pc_0/mlp_system_axi_mem_intercon_imp_auto_pc_0_axi_protocol_converter_v2_1_37_axi_protocol_converter/mlp_system_axi_mem_intercon_imp_auto_pc_0_axi_protocol_converter_v2_1_37_axi3_conv/mlp_system_axi_mem_intercon_imp_auto_pc_0_axi_protocol_converter_v2_1_37_a_axi3_conv/mlp_system_axi_mem_intercon_imp_auto_pc_0_axi_data_fifo_v2_1_36_axic_fifo/mlp_system_axi_mem_intercon_imp_auto_pc_0_axi_data_fifo_v2_1_36_fifo_gen/<hidden>/<hidden>/<hidden>/<hidden>/<hidden>/<hidden>
    SLICE_X25Y42         FDPE                                         r  mlp_system_wrapper/mlp_system/mlp_system_axi_mem_intercon_1/s00_couplers_imp_WXI7U5/mlp_system_axi_mem_intercon_imp_auto_pc_0/mlp_system_axi_mem_intercon_imp_auto_pc_0_axi_protocol_converter_v2_1_37_axi_protocol_converter/mlp_system_axi_mem_intercon_imp_auto_pc_0_axi_protocol_converter_v2_1_37_axi3_conv/mlp_system_axi_mem_intercon_imp_auto_pc_0_axi_protocol_converter_v2_1_37_a_axi3_conv/mlp_system_axi_mem_intercon_imp_auto_pc_0_axi_data_fifo_v2_1_36_axic_fifo/mlp_system_axi_mem_intercon_imp_auto_pc_0_axi_data_fifo_v2_1_36_fifo_gen/<hidden>/<hidden>/<hidden>/<hidden>/<hidden>/<hidden>
  -------------------------------------------------------------------    -------------------
    SLICE_X25Y42         FDPE (Prop_fdpe_C_Q)         0.128     1.054 f  mlp_system_wrapper/mlp_system/mlp_system_axi_mem_intercon_1/s00_couplers_imp_WXI7U5/mlp_system_axi_mem_intercon_imp_auto_pc_0/mlp_system_axi_mem_intercon_imp_auto_pc_0_axi_protocol_converter_v2_1_37_axi_protocol_converter/mlp_system_axi_mem_intercon_imp_auto_pc_0_axi_protocol_converter_v2_1_37_axi3_conv/mlp_system_axi_mem_intercon_imp_auto_pc_0_axi_protocol_converter_v2_1_37_a_axi3_conv/mlp_system_axi_mem_intercon_imp_auto_pc_0_axi_data_fifo_v2_1_36_axic_fifo/mlp_system_axi_mem_intercon_imp_auto_pc_0_axi_data_fifo_v2_1_36_fifo_gen/<hidden>/<hidden>/<hidden>/<hidden>/<hidden>/<hidden>
                         net (fo=2, routed)           0.111     1.165    mlp_system_wrapper/mlp_system/mlp_system_axi_mem_intercon_1/s00_couplers_imp_WXI7U5/mlp_system_axi_mem_intercon_imp_auto_pc_0/mlp_system_axi_mem_intercon_imp_auto_pc_0_axi_protocol_converter_v2_1_37_axi_protocol_converter/mlp_system_axi_mem_intercon_imp_auto_pc_0_axi_protocol_converter_v2_1_37_axi3_conv/mlp_system_axi_mem_intercon_imp_auto_pc_0_axi_protocol_converter_v2_1_37_a_axi3_conv/mlp_system_axi_mem_intercon_imp_auto_pc_0_axi_data_fifo_v2_1_36_axic_fifo/mlp_system_axi_mem_intercon_imp_auto_pc_0_axi_data_fifo_v2_1_36_fifo_gen/<hidden>/<hidden>/<hidden>/<hidden>/<hidden>
    SLICE_X26Y41         LUT3 (Prop_lut3_I2_O)        0.099     1.264 f  mlp_system_wrapper/mlp_system/mlp_system_axi_mem_intercon_1/s00_couplers_imp_WXI7U5/mlp_system_axi_mem_intercon_imp_auto_pc_0/mlp_system_axi_mem_intercon_imp_auto_pc_0_axi_protocol_converter_v2_1_37_axi_protocol_converter/mlp_system_axi_mem_intercon_imp_auto_pc_0_axi_protocol_converter_v2_1_37_axi3_conv/mlp_system_axi_mem_intercon_imp_auto_pc_0_axi_protocol_converter_v2_1_37_a_axi3_conv/mlp_system_axi_mem_intercon_imp_auto_pc_0_axi_data_fifo_v2_1_36_axic_fifo/mlp_system_axi_mem_intercon_imp_auto_pc_0_axi_data_fifo_v2_1_36_fifo_gen/<hidden>/<hidden>/<hidden>/<hidden>/<hidden>
                         net (fo=33, routed)          0.352     1.616    mlp_system_wrapper/mlp_system/mlp_system_axi_mem_intercon_1/s00_couplers_imp_WXI7U5/mlp_system_axi_mem_intercon_imp_auto_pc_0/mlp_system_axi_mem_intercon_imp_auto_pc_0_axi_protocol_converter_v2_1_37_axi_protocol_converter/mlp_system_axi_mem_intercon_imp_auto_pc_0_axi_protocol_converter_v2_1_37_axi3_conv/mlp_system_axi_mem_intercon_imp_auto_pc_0_axi_protocol_converter_v2_1_37_a_axi3_conv/mlp_system_axi_mem_intercon_imp_auto_pc_0_axi_data_fifo_v2_1_36_axic_fifo/mlp_system_axi_mem_intercon_imp_auto_pc_0_axi_data_fifo_v2_1_36_fifo_gen/<hidden>/<hidden>/<hidden>/<hidden>/<hidden>/<hidden>
    SLICE_X20Y40         FDCE                                         f  mlp_system_wrapper/mlp_system/mlp_system_axi_mem_intercon_1/s00_couplers_imp_WXI7U5/mlp_system_axi_mem_intercon_imp_auto_pc_0/mlp_system_axi_mem_intercon_imp_auto_pc_0_axi_protocol_converter_v2_1_37_axi_protocol_converter/mlp_system_axi_mem_intercon_imp_auto_pc_0_axi_protocol_converter_v2_1_37_axi3_conv/mlp_system_axi_mem_intercon_imp_auto_pc_0_axi_protocol_converter_v2_1_37_a_axi3_conv/mlp_system_axi_mem_intercon_imp_auto_pc_0_axi_data_fifo_v2_1_36_axic_fifo/mlp_system_axi_mem_intercon_imp_auto_pc_0_axi_data_fifo_v2_1_36_fifo_gen/<hidden>/<hidden>/<hidden>/<hidden>/<hidden>/<hidden>
  -------------------------------------------------------------------    -------------------

                         (clock clk_fpga_0 rise edge)
                                                      0.000     0.000 r  
    PS7_X0Y0             PS7                          0.000     0.000 r  mlp_system_i/processing_system7_0/inst/PS7_i/FCLKCLK[0]
                         net (fo=1, routed)           0.337     0.337    mlp_system_i/processing_system7_0/inst/FCLK_CLK_unbuffered[0]
    BUFGCTRL_X0Y16       BUFG (Prop_bufg_I_O)         0.029     0.366 r  mlp_system_i/processing_system7_0/inst/buffer_fclk_clk_0.FCLK_CLK_0_BUFG/O
                         net (fo=2400, routed)        0.863     1.229    mlp_system_wrapper/mlp_system/mlp_system_axi_mem_intercon_1/s00_couplers_imp_WXI7U5/mlp_system_axi_mem_intercon_imp_auto_pc_0/mlp_system_axi_mem_intercon_imp_auto_pc_0_axi_protocol_converter_v2_1_37_axi_protocol_converter/mlp_system_axi_mem_intercon_imp_auto_pc_0_axi_protocol_converter_v2_1_37_axi3_conv/mlp_system_axi_mem_intercon_imp_auto_pc_0_axi_protocol_converter_v2_1_37_a_axi3_conv/mlp_system_axi_mem_intercon_imp_auto_pc_0_axi_data_fifo_v2_1_36_axic_fifo/mlp_system_axi_mem_intercon_imp_auto_pc_0_axi_data_fifo_v2_1_36_fifo_gen/<hidden>/<hidden>/<hidden>/<hidden>/<hidden>/<hidden>
    SLICE_X20Y40         FDCE                                         r  mlp_system_wrapper/mlp_system/mlp_system_axi_mem_intercon_1/s00_couplers_imp_WXI7U5/mlp_system_axi_mem_intercon_imp_auto_pc_0/mlp_system_axi_mem_intercon_imp_auto_pc_0_axi_protocol_converter_v2_1_37_axi_protocol_converter/mlp_system_axi_mem_intercon_imp_auto_pc_0_axi_protocol_converter_v2_1_37_axi3_conv/mlp_system_axi_mem_intercon_imp_auto_pc_0_axi_protocol_converter_v2_1_37_a_axi3_conv/mlp_system_axi_mem_intercon_imp_auto_pc_0_axi_data_fifo_v2_1_36_axic_fifo/mlp_system_axi_mem_intercon_imp_auto_pc_0_axi_data_fifo_v2_1_36_fifo_gen/<hidden>/<hidden>/<hidden>/<hidden>/<hidden>/<hidden>
                         clock pessimism             -0.263     0.965    
    SLICE_X20Y40         FDCE (Remov_fdce_C_CLR)     -0.067     0.898    mlp_system_wrapper/mlp_system/mlp_system_axi_mem_intercon_1/s00_couplers_imp_WXI7U5/mlp_system_axi_mem_intercon_imp_auto_pc_0/mlp_system_axi_mem_intercon_imp_auto_pc_0_axi_protocol_converter_v2_1_37_axi_protocol_converter/mlp_system_axi_mem_intercon_imp_auto_pc_0_axi_protocol_converter_v2_1_37_axi3_conv/mlp_system_axi_mem_intercon_imp_auto_pc_0_axi_protocol_converter_v2_1_37_a_axi3_conv/mlp_system_axi_mem_intercon_imp_auto_pc_0_axi_data_fifo_v2_1_36_axic_fifo/mlp_system_axi_mem_intercon_imp_auto_pc_0_axi_data_fifo_v2_1_36_fifo_gen/<hidden>/<hidden>/<hidden>/<hidden>/<hidden>/<hidden>
  -------------------------------------------------------------------
                         required time                         -0.899    
                         arrival time                           1.616    
  -------------------------------------------------------------------
                         slack                                  0.717    

Slack (MET) :             0.721ns  (arrival time - required time)
  Source:                 mlp_system_wrapper/mlp_system/mlp_system_axi_mem_intercon_1/s00_couplers_imp_WXI7U5/mlp_system_axi_mem_intercon_imp_auto_pc_0/mlp_system_axi_mem_intercon_imp_auto_pc_0_axi_protocol_converter_v2_1_37_axi_protocol_converter/mlp_system_axi_mem_intercon_imp_auto_pc_0_axi_protocol_converter_v2_1_37_axi3_conv/mlp_system_axi_mem_intercon_imp_auto_pc_0_axi_protocol_converter_v2_1_37_a_axi3_conv/mlp_system_axi_mem_intercon_imp_auto_pc_0_axi_data_fifo_v2_1_36_axic_fifo/mlp_system_axi_mem_intercon_imp_auto_pc_0_axi_data_fifo_v2_1_36_fifo_gen/<hidden>/<hidden>/<hidden>/<hidden>/<hidden>/<hidden>
                            (rising edge-triggered cell FDPE clocked by clk_fpga_0  {rise@0.000ns fall@5.000ns period=10.000ns})
  Destination:            mlp_system_wrapper/mlp_system/mlp_system_axi_mem_intercon_1/s00_couplers_imp_WXI7U5/mlp_system_axi_mem_intercon_imp_auto_pc_0/mlp_system_axi_mem_intercon_imp_auto_pc_0_axi_protocol_converter_v2_1_37_axi_protocol_converter/mlp_system_axi_mem_intercon_imp_auto_pc_0_axi_protocol_converter_v2_1_37_axi3_conv/mlp_system_axi_mem_intercon_imp_auto_pc_0_axi_protocol_converter_v2_1_37_a_axi3_conv/mlp_system_axi_mem_intercon_imp_auto_pc_0_axi_data_fifo_v2_1_36_axic_fifo/mlp_system_axi_mem_intercon_imp_auto_pc_0_axi_data_fifo_v2_1_36_fifo_gen/<hidden>/<hidden>/<hidden>/<hidden>/<hidden>/<hidden>
                            (removal check against rising-edge clock clk_fpga_0  {rise@0.000ns fall@5.000ns period=10.000ns})
  Path Group:             **async_default**
  Path Type:              Removal (Min at Fast Process Corner)
  Requirement:            0.000ns  (clk_fpga_0 rise@0.000ns - clk_fpga_0 rise@0.000ns)
  Data Path Delay:        0.690ns  (logic 0.227ns (32.888%)  route 0.463ns (67.112%))
  Logic Levels:           1  (LUT3=1)
  Clock Path Skew:        0.040ns (DCD - SCD - CPR)
    Destination Clock Delay (DCD):    1.229ns
    Source Clock Delay      (SCD):    0.926ns
    Clock Pessimism Removal (CPR):    0.263ns

    Location             Delay type                Incr(ns)  Path(ns)    Netlist Resource(s)
  -------------------------------------------------------------------    -------------------
                         (clock clk_fpga_0 rise edge)
                                                      0.000     0.000 r  
    PS7_X0Y0             PS7                          0.000     0.000 r  mlp_system_i/processing_system7_0/inst/PS7_i/FCLKCLK[0]
                         net (fo=1, routed)           0.310     0.310    mlp_system_i/processing_system7_0/inst/FCLK_CLK_unbuffered[0]
    BUFGCTRL_X0Y16       BUFG (Prop_bufg_I_O)         0.026     0.336 r  mlp_system_i/processing_system7_0/inst/buffer_fclk_clk_0.FCLK_CLK_0_BUFG/O
                         net (fo=2400, routed)        0.590     0.926    mlp_system_wrapper/mlp_system/mlp_system_axi_mem_intercon_1/s00_couplers_imp_WXI7U5/mlp_system_axi_mem_intercon_imp_auto_pc_0/mlp_system_axi_mem_intercon_imp_auto_pc_0_axi_protocol_converter_v2_1_37_axi_protocol_converter/mlp_system_axi_mem_intercon_imp_auto_pc_0_axi_protocol_converter_v2_1_37_axi3_conv/mlp_system_axi_mem_intercon_imp_auto_pc_0_axi_protocol_converter_v2_1_37_a_axi3_conv/mlp_system_axi_mem_intercon_imp_auto_pc_0_axi_data_fifo_v2_1_36_axic_fifo/mlp_system_axi_mem_intercon_imp_auto_pc_0_axi_data_fifo_v2_1_36_fifo_gen/<hidden>/<hidden>/<hidden>/<hidden>/<hidden>/<hidden>
    SLICE_X25Y42         FDPE                                         r  mlp_system_wrapper/mlp_system/mlp_system_axi_mem_intercon_1/s00_couplers_imp_WXI7U5/mlp_system_axi_mem_intercon_imp_auto_pc_0/mlp_system_axi_mem_intercon_imp_auto_pc_0_axi_protocol_converter_v2_1_37_axi_protocol_converter/mlp_system_axi_mem_intercon_imp_auto_pc_0_axi_protocol_converter_v2_1_37_axi3_conv/mlp_system_axi_mem_intercon_imp_auto_pc_0_axi_protocol_converter_v2_1_37_a_axi3_conv/mlp_system_axi_mem_intercon_imp_auto_pc_0_axi_data_fifo_v2_1_36_axic_fifo/mlp_system_axi_mem_intercon_imp_auto_pc_0_axi_data_fifo_v2_1_36_fifo_gen/<hidden>/<hidden>/<hidden>/<hidden>/<hidden>/<hidden>
  -------------------------------------------------------------------    -------------------
    SLICE_X25Y42         FDPE (Prop_fdpe_C_Q)         0.128     1.054 f  mlp_system_wrapper/mlp_system/mlp_system_axi_mem_intercon_1/s00_couplers_imp_WXI7U5/mlp_system_axi_mem_intercon_imp_auto_pc_0/mlp_system_axi_mem_intercon_imp_auto_pc_0_axi_protocol_converter_v2_1_37_axi_protocol_converter/mlp_system_axi_mem_intercon_imp_auto_pc_0_axi_protocol_converter_v2_1_37_axi3_conv/mlp_system_axi_mem_intercon_imp_auto_pc_0_axi_protocol_converter_v2_1_37_a_axi3_conv/mlp_system_axi_mem_intercon_imp_auto_pc_0_axi_data_fifo_v2_1_36_axic_fifo/mlp_system_axi_mem_intercon_imp_auto_pc_0_axi_data_fifo_v2_1_36_fifo_gen/<hidden>/<hidden>/<hidden>/<hidden>/<hidden>/<hidden>
                         net (fo=2, routed)           0.111     1.165    mlp_system_wrapper/mlp_system/mlp_system_axi_mem_intercon_1/s00_couplers_imp_WXI7U5/mlp_system_axi_mem_intercon_imp_auto_pc_0/mlp_system_axi_mem_intercon_imp_auto_pc_0_axi_protocol_converter_v2_1_37_axi_protocol_converter/mlp_system_axi_mem_intercon_imp_auto_pc_0_axi_protocol_converter_v2_1_37_axi3_conv/mlp_system_axi_mem_intercon_imp_auto_pc_0_axi_protocol_converter_v2_1_37_a_axi3_conv/mlp_system_axi_mem_intercon_imp_auto_pc_0_axi_data_fifo_v2_1_36_axic_fifo/mlp_system_axi_mem_intercon_imp_auto_pc_0_axi_data_fifo_v2_1_36_fifo_gen/<hidden>/<hidden>/<hidden>/<hidden>/<hidden>
    SLICE_X26Y41         LUT3 (Prop_lut3_I2_O)        0.099     1.264 f  mlp_system_wrapper/mlp_system/mlp_system_axi_mem_intercon_1/s00_couplers_imp_WXI7U5/mlp_system_axi_mem_intercon_imp_auto_pc_0/mlp_system_axi_mem_intercon_imp_auto_pc_0_axi_protocol_converter_v2_1_37_axi_protocol_converter/mlp_system_axi_mem_intercon_imp_auto_pc_0_axi_protocol_converter_v2_1_37_axi3_conv/mlp_system_axi_mem_intercon_imp_auto_pc_0_axi_protocol_converter_v2_1_37_a_axi3_conv/mlp_system_axi_mem_intercon_imp_auto_pc_0_axi_data_fifo_v2_1_36_axic_fifo/mlp_system_axi_mem_intercon_imp_auto_pc_0_axi_data_fifo_v2_1_36_fifo_gen/<hidden>/<hidden>/<hidden>/<hidden>/<hidden>
                         net (fo=33, routed)          0.352     1.616    mlp_system_wrapper/mlp_system/mlp_system_axi_mem_intercon_1/s00_couplers_imp_WXI7U5/mlp_system_axi_mem_intercon_imp_auto_pc_0/mlp_system_axi_mem_intercon_imp_auto_pc_0_axi_protocol_converter_v2_1_37_axi_protocol_converter/mlp_system_axi_mem_intercon_imp_auto_pc_0_axi_protocol_converter_v2_1_37_axi3_conv/mlp_system_axi_mem_intercon_imp_auto_pc_0_axi_protocol_converter_v2_1_37_a_axi3_conv/mlp_system_axi_mem_intercon_imp_auto_pc_0_axi_data_fifo_v2_1_36_axic_fifo/mlp_system_axi_mem_intercon_imp_auto_pc_0_axi_data_fifo_v2_1_36_fifo_gen/<hidden>/<hidden>/<hidden>/<hidden>/<hidden>/<hidden>
    SLICE_X20Y40         FDPE                                         f  mlp_system_wrapper/mlp_system/mlp_system_axi_mem_intercon_1/s00_couplers_imp_WXI7U5/mlp_system_axi_mem_intercon_imp_auto_pc_0/mlp_system_axi_mem_intercon_imp_auto_pc_0_axi_protocol_converter_v2_1_37_axi_protocol_converter/mlp_system_axi_mem_intercon_imp_auto_pc_0_axi_protocol_converter_v2_1_37_axi3_conv/mlp_system_axi_mem_intercon_imp_auto_pc_0_axi_protocol_converter_v2_1_37_a_axi3_conv/mlp_system_axi_mem_intercon_imp_auto_pc_0_axi_data_fifo_v2_1_36_axic_fifo/mlp_system_axi_mem_intercon_imp_auto_pc_0_axi_data_fifo_v2_1_36_fifo_gen/<hidden>/<hidden>/<hidden>/<hidden>/<hidden>/<hidden>
  -------------------------------------------------------------------    -------------------

                         (clock clk_fpga_0 rise edge)
                                                      0.000     0.000 r  
    PS7_X0Y0             PS7                          0.000     0.000 r  mlp_system_i/processing_system7_0/inst/PS7_i/FCLKCLK[0]
                         net (fo=1, routed)           0.337     0.337    mlp_system_i/processing_system7_0/inst/FCLK_CLK_unbuffered[0]
    BUFGCTRL_X0Y16       BUFG (Prop_bufg_I_O)         0.029     0.366 r  mlp_system_i/processing_system7_0/inst/buffer_fclk_clk_0.FCLK_CLK_0_BUFG/O
                         net (fo=2400, routed)        0.863     1.229    mlp_system_wrapper/mlp_system/mlp_system_axi_mem_intercon_1/s00_couplers_imp_WXI7U5/mlp_system_axi_mem_intercon_imp_auto_pc_0/mlp_system_axi_mem_intercon_imp_auto_pc_0_axi_protocol_converter_v2_1_37_axi_protocol_converter/mlp_system_axi_mem_intercon_imp_auto_pc_0_axi_protocol_converter_v2_1_37_axi3_conv/mlp_system_axi_mem_intercon_imp_auto_pc_0_axi_protocol_converter_v2_1_37_a_axi3_conv/mlp_system_axi_mem_intercon_imp_auto_pc_0_axi_data_fifo_v2_1_36_axic_fifo/mlp_system_axi_mem_intercon_imp_auto_pc_0_axi_data_fifo_v2_1_36_fifo_gen/<hidden>/<hidden>/<hidden>/<hidden>/<hidden>/<hidden>
    SLICE_X20Y40         FDPE                                         r  mlp_system_wrapper/mlp_system/mlp_system_axi_mem_intercon_1/s00_couplers_imp_WXI7U5/mlp_system_axi_mem_intercon_imp_auto_pc_0/mlp_system_axi_mem_intercon_imp_auto_pc_0_axi_protocol_converter_v2_1_37_axi_protocol_converter/mlp_system_axi_mem_intercon_imp_auto_pc_0_axi_protocol_converter_v2_1_37_axi3_conv/mlp_system_axi_mem_intercon_imp_auto_pc_0_axi_protocol_converter_v2_1_37_a_axi3_conv/mlp_system_axi_mem_intercon_imp_auto_pc_0_axi_data_fifo_v2_1_36_axic_fifo/mlp_system_axi_mem_intercon_imp_auto_pc_0_axi_data_fifo_v2_1_36_fifo_gen/<hidden>/<hidden>/<hidden>/<hidden>/<hidden>/<hidden>
                         clock pessimism             -0.263     0.965    
    SLICE_X20Y40         FDPE (Remov_fdpe_C_PRE)     -0.071     0.895    mlp_system_wrapper/mlp_system/mlp_system_axi_mem_intercon_1/s00_couplers_imp_WXI7U5/mlp_system_axi_mem_intercon_imp_auto_pc_0/mlp_system_axi_mem_intercon_imp_auto_pc_0_axi_protocol_converter_v2_1_37_axi_protocol_converter/mlp_system_axi_mem_intercon_imp_auto_pc_0_axi_protocol_converter_v2_1_37_axi3_conv/mlp_system_axi_mem_intercon_imp_auto_pc_0_axi_protocol_converter_v2_1_37_a_axi3_conv/mlp_system_axi_mem_intercon_imp_auto_pc_0_axi_data_fifo_v2_1_36_axic_fifo/mlp_system_axi_mem_intercon_imp_auto_pc_0_axi_data_fifo_v2_1_36_fifo_gen/<hidden>/<hidden>/<hidden>/<hidden>/<hidden>/<hidden>
  -------------------------------------------------------------------
                         required time                         -0.895    
                         arrival time                           1.616    
  -------------------------------------------------------------------
                         slack                                  0.721    

Slack (MET) :             0.724ns  (arrival time - required time)
  Source:                 mlp_system_wrapper/mlp_system/mlp_system_axi_mem_intercon_1/s00_couplers_imp_WXI7U5/mlp_system_axi_mem_intercon_imp_auto_pc_0/mlp_system_axi_mem_intercon_imp_auto_pc_0_axi_protocol_converter_v2_1_37_axi_protocol_converter/mlp_system_axi_mem_intercon_imp_auto_pc_0_axi_protocol_converter_v2_1_37_axi3_conv/mlp_system_axi_mem_intercon_imp_auto_pc_0_axi_protocol_converter_v2_1_37_a_axi3_conv/mlp_system_axi_mem_intercon_imp_auto_pc_0_axi_data_fifo_v2_1_36_axic_fifo/mlp_system_axi_mem_intercon_imp_auto_pc_0_axi_data_fifo_v2_1_36_fifo_gen/<hidden>/<hidden>/<hidden>/<hidden>/<hidden>/<hidden>
                            (rising edge-triggered cell FDPE clocked by clk_fpga_0  {rise@0.000ns fall@5.000ns period=10.000ns})
  Destination:            mlp_system_wrapper/mlp_system/mlp_system_axi_mem_intercon_1/s00_couplers_imp_WXI7U5/mlp_system_axi_mem_intercon_imp_auto_pc_0/mlp_system_axi_mem_intercon_imp_auto_pc_0_axi_protocol_converter_v2_1_37_axi_protocol_converter/mlp_system_axi_mem_intercon_imp_auto_pc_0_axi_protocol_converter_v2_1_37_axi3_conv/mlp_system_axi_mem_intercon_imp_auto_pc_0_axi_protocol_converter_v2_1_37_a_axi3_conv/mlp_system_axi_mem_intercon_imp_auto_pc_0_axi_data_fifo_v2_1_36_axic_fifo/mlp_system_axi_mem_intercon_imp_auto_pc_0_axi_data_fifo_v2_1_36_fifo_gen/<hidden>/<hidden>/<hidden>/<hidden>/<hidden>/<hidden>
                            (removal check against rising-edge clock clk_fpga_0  {rise@0.000ns fall@5.000ns period=10.000ns})
  Path Group:             **async_default**
  Path Type:              Removal (Min at Fast Process Corner)
  Requirement:            0.000ns  (clk_fpga_0 rise@0.000ns - clk_fpga_0 rise@0.000ns)
  Data Path Delay:        0.669ns  (logic 0.227ns (33.948%)  route 0.442ns (66.052%))
  Logic Levels:           1  (LUT3=1)
  Clock Path Skew:        0.040ns (DCD - SCD - CPR)
    Destination Clock Delay (DCD):    1.229ns
    Source Clock Delay      (SCD):    0.926ns
    Clock Pessimism Removal (CPR):    0.263ns

    Location             Delay type                Incr(ns)  Path(ns)    Netlist Resource(s)
  -------------------------------------------------------------------    -------------------
                         (clock clk_fpga_0 rise edge)
                                                      0.000     0.000 r  
    PS7_X0Y0             PS7                          0.000     0.000 r  mlp_system_i/processing_system7_0/inst/PS7_i/FCLKCLK[0]
                         net (fo=1, routed)           0.310     0.310    mlp_system_i/processing_system7_0/inst/FCLK_CLK_unbuffered[0]
    BUFGCTRL_X0Y16       BUFG (Prop_bufg_I_O)         0.026     0.336 r  mlp_system_i/processing_system7_0/inst/buffer_fclk_clk_0.FCLK_CLK_0_BUFG/O
                         net (fo=2400, routed)        0.590     0.926    mlp_system_wrapper/mlp_system/mlp_system_axi_mem_intercon_1/s00_couplers_imp_WXI7U5/mlp_system_axi_mem_intercon_imp_auto_pc_0/mlp_system_axi_mem_intercon_imp_auto_pc_0_axi_protocol_converter_v2_1_37_axi_protocol_converter/mlp_system_axi_mem_intercon_imp_auto_pc_0_axi_protocol_converter_v2_1_37_axi3_conv/mlp_system_axi_mem_intercon_imp_auto_pc_0_axi_protocol_converter_v2_1_37_a_axi3_conv/mlp_system_axi_mem_intercon_imp_auto_pc_0_axi_data_fifo_v2_1_36_axic_fifo/mlp_system_axi_mem_intercon_imp_auto_pc_0_axi_data_fifo_v2_1_36_fifo_gen/<hidden>/<hidden>/<hidden>/<hidden>/<hidden>/<hidden>
    SLICE_X25Y42         FDPE                                         r  mlp_system_wrapper/mlp_system/mlp_system_axi_mem_intercon_1/s00_couplers_imp_WXI7U5/mlp_system_axi_mem_intercon_imp_auto_pc_0/mlp_system_axi_mem_intercon_imp_auto_pc_0_axi_protocol_converter_v2_1_37_axi_protocol_converter/mlp_system_axi_mem_intercon_imp_auto_pc_0_axi_protocol_converter_v2_1_37_axi3_conv/mlp_system_axi_mem_intercon_imp_auto_pc_0_axi_protocol_converter_v2_1_37_a_axi3_conv/mlp_system_axi_mem_intercon_imp_auto_pc_0_axi_data_fifo_v2_1_36_axic_fifo/mlp_system_axi_mem_intercon_imp_auto_pc_0_axi_data_fifo_v2_1_36_fifo_gen/<hidden>/<hidden>/<hidden>/<hidden>/<hidden>/<hidden>
  -------------------------------------------------------------------    -------------------
    SLICE_X25Y42         FDPE (Prop_fdpe_C_Q)         0.128     1.054 f  mlp_system_wrapper/mlp_system/mlp_system_axi_mem_intercon_1/s00_couplers_imp_WXI7U5/mlp_system_axi_mem_intercon_imp_auto_pc_0/mlp_system_axi_mem_intercon_imp_auto_pc_0_axi_protocol_converter_v2_1_37_axi_protocol_converter/mlp_system_axi_mem_intercon_imp_auto_pc_0_axi_protocol_converter_v2_1_37_axi3_conv/mlp_system_axi_mem_intercon_imp_auto_pc_0_axi_protocol_converter_v2_1_37_a_axi3_conv/mlp_system_axi_mem_intercon_imp_auto_pc_0_axi_data_fifo_v2_1_36_axic_fifo/mlp_system_axi_mem_intercon_imp_auto_pc_0_axi_data_fifo_v2_1_36_fifo_gen/<hidden>/<hidden>/<hidden>/<hidden>/<hidden>/<hidden>
                         net (fo=2, routed)           0.111     1.165    mlp_system_wrapper/mlp_system/mlp_system_axi_mem_intercon_1/s00_couplers_imp_WXI7U5/mlp_system_axi_mem_intercon_imp_auto_pc_0/mlp_system_axi_mem_intercon_imp_auto_pc_0_axi_protocol_converter_v2_1_37_axi_protocol_converter/mlp_system_axi_mem_intercon_imp_auto_pc_0_axi_protocol_converter_v2_1_37_axi3_conv/mlp_system_axi_mem_intercon_imp_auto_pc_0_axi_protocol_converter_v2_1_37_a_axi3_conv/mlp_system_axi_mem_intercon_imp_auto_pc_0_axi_data_fifo_v2_1_36_axic_fifo/mlp_system_axi_mem_intercon_imp_auto_pc_0_axi_data_fifo_v2_1_36_fifo_gen/<hidden>/<hidden>/<hidden>/<hidden>/<hidden>
    SLICE_X26Y41         LUT3 (Prop_lut3_I2_O)        0.099     1.264 f  mlp_system_wrapper/mlp_system/mlp_system_axi_mem_intercon_1/s00_couplers_imp_WXI7U5/mlp_system_axi_mem_intercon_imp_auto_pc_0/mlp_system_axi_mem_intercon_imp_auto_pc_0_axi_protocol_converter_v2_1_37_axi_protocol_converter/mlp_system_axi_mem_intercon_imp_auto_pc_0_axi_protocol_converter_v2_1_37_axi3_conv/mlp_system_axi_mem_intercon_imp_auto_pc_0_axi_protocol_converter_v2_1_37_a_axi3_conv/mlp_system_axi_mem_intercon_imp_auto_pc_0_axi_data_fifo_v2_1_36_axic_fifo/mlp_system_axi_mem_intercon_imp_auto_pc_0_axi_data_fifo_v2_1_36_fifo_gen/<hidden>/<hidden>/<hidden>/<hidden>/<hidden>
                         net (fo=33, routed)          0.331     1.594    mlp_system_wrapper/mlp_system/mlp_system_axi_mem_intercon_1/s00_couplers_imp_WXI7U5/mlp_system_axi_mem_intercon_imp_auto_pc_0/mlp_system_axi_mem_intercon_imp_auto_pc_0_axi_protocol_converter_v2_1_37_axi_protocol_converter/mlp_system_axi_mem_intercon_imp_auto_pc_0_axi_protocol_converter_v2_1_37_axi3_conv/mlp_system_axi_mem_intercon_imp_auto_pc_0_axi_protocol_converter_v2_1_37_a_axi3_conv/mlp_system_axi_mem_intercon_imp_auto_pc_0_axi_data_fifo_v2_1_36_axic_fifo/mlp_system_axi_mem_intercon_imp_auto_pc_0_axi_data_fifo_v2_1_36_fifo_gen/<hidden>/<hidden>/<hidden>/<hidden>/<hidden>/<hidden>
    SLICE_X21Y41         FDPE                                         f  mlp_system_wrapper/mlp_system/mlp_system_axi_mem_intercon_1/s00_couplers_imp_WXI7U5/mlp_system_axi_mem_intercon_imp_auto_pc_0/mlp_system_axi_mem_intercon_imp_auto_pc_0_axi_protocol_converter_v2_1_37_axi_protocol_converter/mlp_system_axi_mem_intercon_imp_auto_pc_0_axi_protocol_converter_v2_1_37_axi3_conv/mlp_system_axi_mem_intercon_imp_auto_pc_0_axi_protocol_converter_v2_1_37_a_axi3_conv/mlp_system_axi_mem_intercon_imp_auto_pc_0_axi_data_fifo_v2_1_36_axic_fifo/mlp_system_axi_mem_intercon_imp_auto_pc_0_axi_data_fifo_v2_1_36_fifo_gen/<hidden>/<hidden>/<hidden>/<hidden>/<hidden>/<hidden>
  -------------------------------------------------------------------    -------------------

                         (clock clk_fpga_0 rise edge)
                                                      0.000     0.000 r  
    PS7_X0Y0             PS7                          0.000     0.000 r  mlp_system_i/processing_system7_0/inst/PS7_i/FCLKCLK[0]
                         net (fo=1, routed)           0.337     0.337    mlp_system_i/processing_system7_0/inst/FCLK_CLK_unbuffered[0]
    BUFGCTRL_X0Y16       BUFG (Prop_bufg_I_O)         0.029     0.366 r  mlp_system_i/processing_system7_0/inst/buffer_fclk_clk_0.FCLK_CLK_0_BUFG/O
                         net (fo=2400, routed)        0.863     1.229    mlp_system_wrapper/mlp_system/mlp_system_axi_mem_intercon_1/s00_couplers_imp_WXI7U5/mlp_system_axi_mem_intercon_imp_auto_pc_0/mlp_system_axi_mem_intercon_imp_auto_pc_0_axi_protocol_converter_v2_1_37_axi_protocol_converter/mlp_system_axi_mem_intercon_imp_auto_pc_0_axi_protocol_converter_v2_1_37_axi3_conv/mlp_system_axi_mem_intercon_imp_auto_pc_0_axi_protocol_converter_v2_1_37_a_axi3_conv/mlp_system_axi_mem_intercon_imp_auto_pc_0_axi_data_fifo_v2_1_36_axic_fifo/mlp_system_axi_mem_intercon_imp_auto_pc_0_axi_data_fifo_v2_1_36_fifo_gen/<hidden>/<hidden>/<hidden>/<hidden>/<hidden>/<hidden>
    SLICE_X21Y41         FDPE                                         r  mlp_system_wrapper/mlp_system/mlp_system_axi_mem_intercon_1/s00_couplers_imp_WXI7U5/mlp_system_axi_mem_intercon_imp_auto_pc_0/mlp_system_axi_mem_intercon_imp_auto_pc_0_axi_protocol_converter_v2_1_37_axi_protocol_converter/mlp_system_axi_mem_intercon_imp_auto_pc_0_axi_protocol_converter_v2_1_37_axi3_conv/mlp_system_axi_mem_intercon_imp_auto_pc_0_axi_protocol_converter_v2_1_37_a_axi3_conv/mlp_system_axi_mem_intercon_imp_auto_pc_0_axi_data_fifo_v2_1_36_axic_fifo/mlp_system_axi_mem_intercon_imp_auto_pc_0_axi_data_fifo_v2_1_36_fifo_gen/<hidden>/<hidden>/<hidden>/<hidden>/<hidden>/<hidden>
                         clock pessimism             -0.263     0.965    
    SLICE_X21Y41         FDPE (Remov_fdpe_C_PRE)     -0.095     0.871    mlp_system_wrapper/mlp_system/mlp_system_axi_mem_intercon_1/s00_couplers_imp_WXI7U5/mlp_system_axi_mem_intercon_imp_auto_pc_0/mlp_system_axi_mem_intercon_imp_auto_pc_0_axi_protocol_converter_v2_1_37_axi_protocol_converter/mlp_system_axi_mem_intercon_imp_auto_pc_0_axi_protocol_converter_v2_1_37_axi3_conv/mlp_system_axi_mem_intercon_imp_auto_pc_0_axi_protocol_converter_v2_1_37_a_axi3_conv/mlp_system_axi_mem_intercon_imp_auto_pc_0_axi_data_fifo_v2_1_36_axic_fifo/mlp_system_axi_mem_intercon_imp_auto_pc_0_axi_data_fifo_v2_1_36_fifo_gen/<hidden>/<hidden>/<hidden>/<hidden>/<hidden>/<hidden>
  -------------------------------------------------------------------
                         required time                         -0.871    
                         arrival time                           1.594    
  -------------------------------------------------------------------
                         slack                                  0.724    

Slack (MET) :             0.745ns  (arrival time - required time)
  Source:                 mlp_system_wrapper/mlp_system/mlp_system_axi_mem_intercon_1/s00_couplers_imp_WXI7U5/mlp_system_axi_mem_intercon_imp_auto_pc_0/mlp_system_axi_mem_intercon_imp_auto_pc_0_axi_protocol_converter_v2_1_37_axi_protocol_converter/mlp_system_axi_mem_intercon_imp_auto_pc_0_axi_protocol_converter_v2_1_37_axi3_conv/mlp_system_axi_mem_intercon_imp_auto_pc_0_axi_protocol_converter_v2_1_37_a_axi3_conv/mlp_system_axi_mem_intercon_imp_auto_pc_0_axi_data_fifo_v2_1_36_axic_fifo/mlp_system_axi_mem_intercon_imp_auto_pc_0_axi_data_fifo_v2_1_36_fifo_gen/<hidden>/<hidden>/<hidden>/<hidden>/<hidden>/<hidden>
                            (rising edge-triggered cell FDPE clocked by clk_fpga_0  {rise@0.000ns fall@5.000ns period=10.000ns})
  Destination:            mlp_system_wrapper/mlp_system/mlp_system_axi_mem_intercon_1/s00_couplers_imp_WXI7U5/mlp_system_axi_mem_intercon_imp_auto_pc_0/mlp_system_axi_mem_intercon_imp_auto_pc_0_axi_protocol_converter_v2_1_37_axi_protocol_converter/mlp_system_axi_mem_intercon_imp_auto_pc_0_axi_protocol_converter_v2_1_37_axi3_conv/mlp_system_axi_mem_intercon_imp_auto_pc_0_axi_protocol_converter_v2_1_37_a_axi3_conv/mlp_system_axi_mem_intercon_imp_auto_pc_0_axi_data_fifo_v2_1_36_axic_fifo/mlp_system_axi_mem_intercon_imp_auto_pc_0_axi_data_fifo_v2_1_36_fifo_gen/<hidden>/<hidden>/<hidden>/<hidden>/<hidden>/<hidden>
                            (removal check against rising-edge clock clk_fpga_0  {rise@0.000ns fall@5.000ns period=10.000ns})
  Path Group:             **async_default**
  Path Type:              Removal (Min at Fast Process Corner)
  Requirement:            0.000ns  (clk_fpga_0 rise@0.000ns - clk_fpga_0 rise@0.000ns)
  Data Path Delay:        0.690ns  (logic 0.227ns (32.888%)  route 0.463ns (67.112%))
  Logic Levels:           1  (LUT3=1)
  Clock Path Skew:        0.040ns (DCD - SCD - CPR)
    Destination Clock Delay (DCD):    1.229ns
    Source Clock Delay      (SCD):    0.926ns
    Clock Pessimism Removal (CPR):    0.263ns

    Location             Delay type                Incr(ns)  Path(ns)    Netlist Resource(s)
  -------------------------------------------------------------------    -------------------
                         (clock clk_fpga_0 rise edge)
                                                      0.000     0.000 r  
    PS7_X0Y0             PS7                          0.000     0.000 r  mlp_system_i/processing_system7_0/inst/PS7_i/FCLKCLK[0]
                         net (fo=1, routed)           0.310     0.310    mlp_system_i/processing_system7_0/inst/FCLK_CLK_unbuffered[0]
    BUFGCTRL_X0Y16       BUFG (Prop_bufg_I_O)         0.026     0.336 r  mlp_system_i/processing_system7_0/inst/buffer_fclk_clk_0.FCLK_CLK_0_BUFG/O
                         net (fo=2400, routed)        0.590     0.926    mlp_system_wrapper/mlp_system/mlp_system_axi_mem_intercon_1/s00_couplers_imp_WXI7U5/mlp_system_axi_mem_intercon_imp_auto_pc_0/mlp_system_axi_mem_intercon_imp_auto_pc_0_axi_protocol_converter_v2_1_37_axi_protocol_converter/mlp_system_axi_mem_intercon_imp_auto_pc_0_axi_protocol_converter_v2_1_37_axi3_conv/mlp_system_axi_mem_intercon_imp_auto_pc_0_axi_protocol_converter_v2_1_37_a_axi3_conv/mlp_system_axi_mem_intercon_imp_auto_pc_0_axi_data_fifo_v2_1_36_axic_fifo/mlp_system_axi_mem_intercon_imp_auto_pc_0_axi_data_fifo_v2_1_36_fifo_gen/<hidden>/<hidden>/<hidden>/<hidden>/<hidden>/<hidden>
    SLICE_X25Y42         FDPE                                         r  mlp_system_wrapper/mlp_system/mlp_system_axi_mem_intercon_1/s00_couplers_imp_WXI7U5/mlp_system_axi_mem_intercon_imp_auto_pc_0/mlp_system_axi_mem_intercon_imp_auto_pc_0_axi_protocol_converter_v2_1_37_axi_protocol_converter/mlp_system_axi_mem_intercon_imp_auto_pc_0_axi_protocol_converter_v2_1_37_axi3_conv/mlp_system_axi_mem_intercon_imp_auto_pc_0_axi_protocol_converter_v2_1_37_a_axi3_conv/mlp_system_axi_mem_intercon_imp_auto_pc_0_axi_data_fifo_v2_1_36_axic_fifo/mlp_system_axi_mem_intercon_imp_auto_pc_0_axi_data_fifo_v2_1_36_fifo_gen/<hidden>/<hidden>/<hidden>/<hidden>/<hidden>/<hidden>
  -------------------------------------------------------------------    -------------------
    SLICE_X25Y42         FDPE (Prop_fdpe_C_Q)         0.128     1.054 f  mlp_system_wrapper/mlp_system/mlp_system_axi_mem_intercon_1/s00_couplers_imp_WXI7U5/mlp_system_axi_mem_intercon_imp_auto_pc_0/mlp_system_axi_mem_intercon_imp_auto_pc_0_axi_protocol_converter_v2_1_37_axi_protocol_converter/mlp_system_axi_mem_intercon_imp_auto_pc_0_axi_protocol_converter_v2_1_37_axi3_conv/mlp_system_axi_mem_intercon_imp_auto_pc_0_axi_protocol_converter_v2_1_37_a_axi3_conv/mlp_system_axi_mem_intercon_imp_auto_pc_0_axi_data_fifo_v2_1_36_axic_fifo/mlp_system_axi_mem_intercon_imp_auto_pc_0_axi_data_fifo_v2_1_36_fifo_gen/<hidden>/<hidden>/<hidden>/<hidden>/<hidden>/<hidden>
                         net (fo=2, routed)           0.111     1.165    mlp_system_wrapper/mlp_system/mlp_system_axi_mem_intercon_1/s00_couplers_imp_WXI7U5/mlp_system_axi_mem_intercon_imp_auto_pc_0/mlp_system_axi_mem_intercon_imp_auto_pc_0_axi_protocol_converter_v2_1_37_axi_protocol_converter/mlp_system_axi_mem_intercon_imp_auto_pc_0_axi_protocol_converter_v2_1_37_axi3_conv/mlp_system_axi_mem_intercon_imp_auto_pc_0_axi_protocol_converter_v2_1_37_a_axi3_conv/mlp_system_axi_mem_intercon_imp_auto_pc_0_axi_data_fifo_v2_1_36_axic_fifo/mlp_system_axi_mem_intercon_imp_auto_pc_0_axi_data_fifo_v2_1_36_fifo_gen/<hidden>/<hidden>/<hidden>/<hidden>/<hidden>
    SLICE_X26Y41         LUT3 (Prop_lut3_I2_O)        0.099     1.264 f  mlp_system_wrapper/mlp_system/mlp_system_axi_mem_intercon_1/s00_couplers_imp_WXI7U5/mlp_system_axi_mem_intercon_imp_auto_pc_0/mlp_system_axi_mem_intercon_imp_auto_pc_0_axi_protocol_converter_v2_1_37_axi_protocol_converter/mlp_system_axi_mem_intercon_imp_auto_pc_0_axi_protocol_converter_v2_1_37_axi3_conv/mlp_system_axi_mem_intercon_imp_auto_pc_0_axi_protocol_converter_v2_1_37_a_axi3_conv/mlp_system_axi_mem_intercon_imp_auto_pc_0_axi_data_fifo_v2_1_36_axic_fifo/mlp_system_axi_mem_intercon_imp_auto_pc_0_axi_data_fifo_v2_1_36_fifo_gen/<hidden>/<hidden>/<hidden>/<hidden>/<hidden>
                         net (fo=33, routed)          0.352     1.616    mlp_system_wrapper/mlp_system/mlp_system_axi_mem_intercon_1/s00_couplers_imp_WXI7U5/mlp_system_axi_mem_intercon_imp_auto_pc_0/mlp_system_axi_mem_intercon_imp_auto_pc_0_axi_protocol_converter_v2_1_37_axi_protocol_converter/mlp_system_axi_mem_intercon_imp_auto_pc_0_axi_protocol_converter_v2_1_37_axi3_conv/mlp_system_axi_mem_intercon_imp_auto_pc_0_axi_protocol_converter_v2_1_37_a_axi3_conv/mlp_system_axi_mem_intercon_imp_auto_pc_0_axi_data_fifo_v2_1_36_axic_fifo/mlp_system_axi_mem_intercon_imp_auto_pc_0_axi_data_fifo_v2_1_36_fifo_gen/<hidden>/<hidden>/<hidden>/<hidden>/<hidden>/<hidden>
    SLICE_X21Y40         FDPE                                         f  mlp_system_wrapper/mlp_system/mlp_system_axi_mem_intercon_1/s00_couplers_imp_WXI7U5/mlp_system_axi_mem_intercon_imp_auto_pc_0/mlp_system_axi_mem_intercon_imp_auto_pc_0_axi_protocol_converter_v2_1_37_axi_protocol_converter/mlp_system_axi_mem_intercon_imp_auto_pc_0_axi_protocol_converter_v2_1_37_axi3_conv/mlp_system_axi_mem_intercon_imp_auto_pc_0_axi_protocol_converter_v2_1_37_a_axi3_conv/mlp_system_axi_mem_intercon_imp_auto_pc_0_axi_data_fifo_v2_1_36_axic_fifo/mlp_system_axi_mem_intercon_imp_auto_pc_0_axi_data_fifo_v2_1_36_fifo_gen/<hidden>/<hidden>/<hidden>/<hidden>/<hidden>/<hidden>
  -------------------------------------------------------------------    -------------------

                         (clock clk_fpga_0 rise edge)
                                                      0.000     0.000 r  
    PS7_X0Y0             PS7                          0.000     0.000 r  mlp_system_i/processing_system7_0/inst/PS7_i/FCLKCLK[0]
                         net (fo=1, routed)           0.337     0.337    mlp_system_i/processing_system7_0/inst/FCLK_CLK_unbuffered[0]
    BUFGCTRL_X0Y16       BUFG (Prop_bufg_I_O)         0.029     0.366 r  mlp_system_i/processing_system7_0/inst/buffer_fclk_clk_0.FCLK_CLK_0_BUFG/O
                         net (fo=2400, routed)        0.863     1.229    mlp_system_wrapper/mlp_system/mlp_system_axi_mem_intercon_1/s00_couplers_imp_WXI7U5/mlp_system_axi_mem_intercon_imp_auto_pc_0/mlp_system_axi_mem_intercon_imp_auto_pc_0_axi_protocol_converter_v2_1_37_axi_protocol_converter/mlp_system_axi_mem_intercon_imp_auto_pc_0_axi_protocol_converter_v2_1_37_axi3_conv/mlp_system_axi_mem_intercon_imp_auto_pc_0_axi_protocol_converter_v2_1_37_a_axi3_conv/mlp_system_axi_mem_intercon_imp_auto_pc_0_axi_data_fifo_v2_1_36_axic_fifo/mlp_system_axi_mem_intercon_imp_auto_pc_0_axi_data_fifo_v2_1_36_fifo_gen/<hidden>/<hidden>/<hidden>/<hidden>/<hidden>/<hidden>
    SLICE_X21Y40         FDPE                                         r  mlp_system_wrapper/mlp_system/mlp_system_axi_mem_intercon_1/s00_couplers_imp_WXI7U5/mlp_system_axi_mem_intercon_imp_auto_pc_0/mlp_system_axi_mem_intercon_imp_auto_pc_0_axi_protocol_converter_v2_1_37_axi_protocol_converter/mlp_system_axi_mem_intercon_imp_auto_pc_0_axi_protocol_converter_v2_1_37_axi3_conv/mlp_system_axi_mem_intercon_imp_auto_pc_0_axi_protocol_converter_v2_1_37_a_axi3_conv/mlp_system_axi_mem_intercon_imp_auto_pc_0_axi_data_fifo_v2_1_36_axic_fifo/mlp_system_axi_mem_intercon_imp_auto_pc_0_axi_data_fifo_v2_1_36_fifo_gen/<hidden>/<hidden>/<hidden>/<hidden>/<hidden>/<hidden>
                         clock pessimism             -0.263     0.965    
    SLICE_X21Y40         FDPE (Remov_fdpe_C_PRE)     -0.095     0.871    mlp_system_wrapper/mlp_system/mlp_system_axi_mem_intercon_1/s00_couplers_imp_WXI7U5/mlp_system_axi_mem_intercon_imp_auto_pc_0/mlp_system_axi_mem_intercon_imp_auto_pc_0_axi_protocol_converter_v2_1_37_axi_protocol_converter/mlp_system_axi_mem_intercon_imp_auto_pc_0_axi_protocol_converter_v2_1_37_axi3_conv/mlp_system_axi_mem_intercon_imp_auto_pc_0_axi_protocol_converter_v2_1_37_a_axi3_conv/mlp_system_axi_mem_intercon_imp_auto_pc_0_axi_data_fifo_v2_1_36_axic_fifo/mlp_system_axi_mem_intercon_imp_auto_pc_0_axi_data_fifo_v2_1_36_fifo_gen/<hidden>/<hidden>/<hidden>/<hidden>/<hidden>/<hidden>
  -------------------------------------------------------------------
                         required time                         -0.871    
                         arrival time                           1.616    
  -------------------------------------------------------------------
                         slack                                  0.745    

Slack (MET) :             0.745ns  (arrival time - required time)
  Source:                 mlp_system_wrapper/mlp_system/mlp_system_axi_mem_intercon_1/s00_couplers_imp_WXI7U5/mlp_system_axi_mem_intercon_imp_auto_pc_0/mlp_system_axi_mem_intercon_imp_auto_pc_0_axi_protocol_converter_v2_1_37_axi_protocol_converter/mlp_system_axi_mem_intercon_imp_auto_pc_0_axi_protocol_converter_v2_1_37_axi3_conv/mlp_system_axi_mem_intercon_imp_auto_pc_0_axi_protocol_converter_v2_1_37_a_axi3_conv/mlp_system_axi_mem_intercon_imp_auto_pc_0_axi_data_fifo_v2_1_36_axic_fifo/mlp_system_axi_mem_intercon_imp_auto_pc_0_axi_data_fifo_v2_1_36_fifo_gen/<hidden>/<hidden>/<hidden>/<hidden>/<hidden>/<hidden>
                            (rising edge-triggered cell FDPE clocked by clk_fpga_0  {rise@0.000ns fall@5.000ns period=10.000ns})
  Destination:            mlp_system_wrapper/mlp_system/mlp_system_axi_mem_intercon_1/s00_couplers_imp_WXI7U5/mlp_system_axi_mem_intercon_imp_auto_pc_0/mlp_system_axi_mem_intercon_imp_auto_pc_0_axi_protocol_converter_v2_1_37_axi_protocol_converter/mlp_system_axi_mem_intercon_imp_auto_pc_0_axi_protocol_converter_v2_1_37_axi3_conv/mlp_system_axi_mem_intercon_imp_auto_pc_0_axi_protocol_converter_v2_1_37_a_axi3_conv/mlp_system_axi_mem_intercon_imp_auto_pc_0_axi_data_fifo_v2_1_36_axic_fifo/mlp_system_axi_mem_intercon_imp_auto_pc_0_axi_data_fifo_v2_1_36_fifo_gen/<hidden>/<hidden>/<hidden>/<hidden>/<hidden>/<hidden>
                            (removal check against rising-edge clock clk_fpga_0  {rise@0.000ns fall@5.000ns period=10.000ns})
  Path Group:             **async_default**
  Path Type:              Removal (Min at Fast Process Corner)
  Requirement:            0.000ns  (clk_fpga_0 rise@0.000ns - clk_fpga_0 rise@0.000ns)
  Data Path Delay:        0.690ns  (logic 0.227ns (32.888%)  route 0.463ns (67.112%))
  Logic Levels:           1  (LUT3=1)
  Clock Path Skew:        0.040ns (DCD - SCD - CPR)
    Destination Clock Delay (DCD):    1.229ns
    Source Clock Delay      (SCD):    0.926ns
    Clock Pessimism Removal (CPR):    0.263ns

    Location             Delay type                Incr(ns)  Path(ns)    Netlist Resource(s)
  -------------------------------------------------------------------    -------------------
                         (clock clk_fpga_0 rise edge)
                                                      0.000     0.000 r  
    PS7_X0Y0             PS7                          0.000     0.000 r  mlp_system_i/processing_system7_0/inst/PS7_i/FCLKCLK[0]
                         net (fo=1, routed)           0.310     0.310    mlp_system_i/processing_system7_0/inst/FCLK_CLK_unbuffered[0]
    BUFGCTRL_X0Y16       BUFG (Prop_bufg_I_O)         0.026     0.336 r  mlp_system_i/processing_system7_0/inst/buffer_fclk_clk_0.FCLK_CLK_0_BUFG/O
                         net (fo=2400, routed)        0.590     0.926    mlp_system_wrapper/mlp_system/mlp_system_axi_mem_intercon_1/s00_couplers_imp_WXI7U5/mlp_system_axi_mem_intercon_imp_auto_pc_0/mlp_system_axi_mem_intercon_imp_auto_pc_0_axi_protocol_converter_v2_1_37_axi_protocol_converter/mlp_system_axi_mem_intercon_imp_auto_pc_0_axi_protocol_converter_v2_1_37_axi3_conv/mlp_system_axi_mem_intercon_imp_auto_pc_0_axi_protocol_converter_v2_1_37_a_axi3_conv/mlp_system_axi_mem_intercon_imp_auto_pc_0_axi_data_fifo_v2_1_36_axic_fifo/mlp_system_axi_mem_intercon_imp_auto_pc_0_axi_data_fifo_v2_1_36_fifo_gen/<hidden>/<hidden>/<hidden>/<hidden>/<hidden>/<hidden>
    SLICE_X25Y42         FDPE                                         r  mlp_system_wrapper/mlp_system/mlp_system_axi_mem_intercon_1/s00_couplers_imp_WXI7U5/mlp_system_axi_mem_intercon_imp_auto_pc_0/mlp_system_axi_mem_intercon_imp_auto_pc_0_axi_protocol_converter_v2_1_37_axi_protocol_converter/mlp_system_axi_mem_intercon_imp_auto_pc_0_axi_protocol_converter_v2_1_37_axi3_conv/mlp_system_axi_mem_intercon_imp_auto_pc_0_axi_protocol_converter_v2_1_37_a_axi3_conv/mlp_system_axi_mem_intercon_imp_auto_pc_0_axi_data_fifo_v2_1_36_axic_fifo/mlp_system_axi_mem_intercon_imp_auto_pc_0_axi_data_fifo_v2_1_36_fifo_gen/<hidden>/<hidden>/<hidden>/<hidden>/<hidden>/<hidden>
  -------------------------------------------------------------------    -------------------
    SLICE_X25Y42         FDPE (Prop_fdpe_C_Q)         0.128     1.054 f  mlp_system_wrapper/mlp_system/mlp_system_axi_mem_intercon_1/s00_couplers_imp_WXI7U5/mlp_system_axi_mem_intercon_imp_auto_pc_0/mlp_system_axi_mem_intercon_imp_auto_pc_0_axi_protocol_converter_v2_1_37_axi_protocol_converter/mlp_system_axi_mem_intercon_imp_auto_pc_0_axi_protocol_converter_v2_1_37_axi3_conv/mlp_system_axi_mem_intercon_imp_auto_pc_0_axi_protocol_converter_v2_1_37_a_axi3_conv/mlp_system_axi_mem_intercon_imp_auto_pc_0_axi_data_fifo_v2_1_36_axic_fifo/mlp_system_axi_mem_intercon_imp_auto_pc_0_axi_data_fifo_v2_1_36_fifo_gen/<hidden>/<hidden>/<hidden>/<hidden>/<hidden>/<hidden>
                         net (fo=2, routed)           0.111     1.165    mlp_system_wrapper/mlp_system/mlp_system_axi_mem_intercon_1/s00_couplers_imp_WXI7U5/mlp_system_axi_mem_intercon_imp_auto_pc_0/mlp_system_axi_mem_intercon_imp_auto_pc_0_axi_protocol_converter_v2_1_37_axi_protocol_converter/mlp_system_axi_mem_intercon_imp_auto_pc_0_axi_protocol_converter_v2_1_37_axi3_conv/mlp_system_axi_mem_intercon_imp_auto_pc_0_axi_protocol_converter_v2_1_37_a_axi3_conv/mlp_system_axi_mem_intercon_imp_auto_pc_0_axi_data_fifo_v2_1_36_axic_fifo/mlp_system_axi_mem_intercon_imp_auto_pc_0_axi_data_fifo_v2_1_36_fifo_gen/<hidden>/<hidden>/<hidden>/<hidden>/<hidden>
    SLICE_X26Y41         LUT3 (Prop_lut3_I2_O)        0.099     1.264 f  mlp_system_wrapper/mlp_system/mlp_system_axi_mem_intercon_1/s00_couplers_imp_WXI7U5/mlp_system_axi_mem_intercon_imp_auto_pc_0/mlp_system_axi_mem_intercon_imp_auto_pc_0_axi_protocol_converter_v2_1_37_axi_protocol_converter/mlp_system_axi_mem_intercon_imp_auto_pc_0_axi_protocol_converter_v2_1_37_axi3_conv/mlp_system_axi_mem_intercon_imp_auto_pc_0_axi_protocol_converter_v2_1_37_a_axi3_conv/mlp_system_axi_mem_intercon_imp_auto_pc_0_axi_data_fifo_v2_1_36_axic_fifo/mlp_system_axi_mem_intercon_imp_auto_pc_0_axi_data_fifo_v2_1_36_fifo_gen/<hidden>/<hidden>/<hidden>/<hidden>/<hidden>
                         net (fo=33, routed)          0.352     1.616    mlp_system_wrapper/mlp_system/mlp_system_axi_mem_intercon_1/s00_couplers_imp_WXI7U5/mlp_system_axi_mem_intercon_imp_auto_pc_0/mlp_system_axi_mem_intercon_imp_auto_pc_0_axi_protocol_converter_v2_1_37_axi_protocol_converter/mlp_system_axi_mem_intercon_imp_auto_pc_0_axi_protocol_converter_v2_1_37_axi3_conv/mlp_system_axi_mem_intercon_imp_auto_pc_0_axi_protocol_converter_v2_1_37_a_axi3_conv/mlp_system_axi_mem_intercon_imp_auto_pc_0_axi_data_fifo_v2_1_36_axic_fifo/mlp_system_axi_mem_intercon_imp_auto_pc_0_axi_data_fifo_v2_1_36_fifo_gen/<hidden>/<hidden>/<hidden>/<hidden>/<hidden>/<hidden>
    SLICE_X21Y40         FDPE                                         f  mlp_system_wrapper/mlp_system/mlp_system_axi_mem_intercon_1/s00_couplers_imp_WXI7U5/mlp_system_axi_mem_intercon_imp_auto_pc_0/mlp_system_axi_mem_intercon_imp_auto_pc_0_axi_protocol_converter_v2_1_37_axi_protocol_converter/mlp_system_axi_mem_intercon_imp_auto_pc_0_axi_protocol_converter_v2_1_37_axi3_conv/mlp_system_axi_mem_intercon_imp_auto_pc_0_axi_protocol_converter_v2_1_37_a_axi3_conv/mlp_system_axi_mem_intercon_imp_auto_pc_0_axi_data_fifo_v2_1_36_axic_fifo/mlp_system_axi_mem_intercon_imp_auto_pc_0_axi_data_fifo_v2_1_36_fifo_gen/<hidden>/<hidden>/<hidden>/<hidden>/<hidden>/<hidden>
  -------------------------------------------------------------------    -------------------

                         (clock clk_fpga_0 rise edge)
                                                      0.000     0.000 r  
    PS7_X0Y0             PS7                          0.000     0.000 r  mlp_system_i/processing_system7_0/inst/PS7_i/FCLKCLK[0]
                         net (fo=1, routed)           0.337     0.337    mlp_system_i/processing_system7_0/inst/FCLK_CLK_unbuffered[0]
    BUFGCTRL_X0Y16       BUFG (Prop_bufg_I_O)         0.029     0.366 r  mlp_system_i/processing_system7_0/inst/buffer_fclk_clk_0.FCLK_CLK_0_BUFG/O
                         net (fo=2400, routed)        0.863     1.229    mlp_system_wrapper/mlp_system/mlp_system_axi_mem_intercon_1/s00_couplers_imp_WXI7U5/mlp_system_axi_mem_intercon_imp_auto_pc_0/mlp_system_axi_mem_intercon_imp_auto_pc_0_axi_protocol_converter_v2_1_37_axi_protocol_converter/mlp_system_axi_mem_intercon_imp_auto_pc_0_axi_protocol_converter_v2_1_37_axi3_conv/mlp_system_axi_mem_intercon_imp_auto_pc_0_axi_protocol_converter_v2_1_37_a_axi3_conv/mlp_system_axi_mem_intercon_imp_auto_pc_0_axi_data_fifo_v2_1_36_axic_fifo/mlp_system_axi_mem_intercon_imp_auto_pc_0_axi_data_fifo_v2_1_36_fifo_gen/<hidden>/<hidden>/<hidden>/<hidden>/<hidden>/<hidden>
    SLICE_X21Y40         FDPE                                         r  mlp_system_wrapper/mlp_system/mlp_system_axi_mem_intercon_1/s00_couplers_imp_WXI7U5/mlp_system_axi_mem_intercon_imp_auto_pc_0/mlp_system_axi_mem_intercon_imp_auto_pc_0_axi_protocol_converter_v2_1_37_axi_protocol_converter/mlp_system_axi_mem_intercon_imp_auto_pc_0_axi_protocol_converter_v2_1_37_axi3_conv/mlp_system_axi_mem_intercon_imp_auto_pc_0_axi_protocol_converter_v2_1_37_a_axi3_conv/mlp_system_axi_mem_intercon_imp_auto_pc_0_axi_data_fifo_v2_1_36_axic_fifo/mlp_system_axi_mem_intercon_imp_auto_pc_0_axi_data_fifo_v2_1_36_fifo_gen/<hidden>/<hidden>/<hidden>/<hidden>/<hidden>/<hidden>
                         clock pessimism             -0.263     0.965    
    SLICE_X21Y40         FDPE (Remov_fdpe_C_PRE)     -0.095     0.871    mlp_system_wrapper/mlp_system/mlp_system_axi_mem_intercon_1/s00_couplers_imp_WXI7U5/mlp_system_axi_mem_intercon_imp_auto_pc_0/mlp_system_axi_mem_intercon_imp_auto_pc_0_axi_protocol_converter_v2_1_37_axi_protocol_converter/mlp_system_axi_mem_intercon_imp_auto_pc_0_axi_protocol_converter_v2_1_37_axi3_conv/mlp_system_axi_mem_intercon_imp_auto_pc_0_axi_protocol_converter_v2_1_37_a_axi3_conv/mlp_system_axi_mem_intercon_imp_auto_pc_0_axi_data_fifo_v2_1_36_axic_fifo/mlp_system_axi_mem_intercon_imp_auto_pc_0_axi_data_fifo_v2_1_36_fifo_gen/<hidden>/<hidden>/<hidden>/<hidden>/<hidden>/<hidden>
  -------------------------------------------------------------------
                         required time                         -0.871    
                         arrival time                           1.616    
  -------------------------------------------------------------------
                         slack                                  0.745    

Slack (MET) :             0.745ns  (arrival time - required time)
  Source:                 mlp_system_wrapper/mlp_system/mlp_system_axi_mem_intercon_1/s00_couplers_imp_WXI7U5/mlp_system_axi_mem_intercon_imp_auto_pc_0/mlp_system_axi_mem_intercon_imp_auto_pc_0_axi_protocol_converter_v2_1_37_axi_protocol_converter/mlp_system_axi_mem_intercon_imp_auto_pc_0_axi_protocol_converter_v2_1_37_axi3_conv/mlp_system_axi_mem_intercon_imp_auto_pc_0_axi_protocol_converter_v2_1_37_a_axi3_conv/mlp_system_axi_mem_intercon_imp_auto_pc_0_axi_data_fifo_v2_1_36_axic_fifo/mlp_system_axi_mem_intercon_imp_auto_pc_0_axi_data_fifo_v2_1_36_fifo_gen/<hidden>/<hidden>/<hidden>/<hidden>/<hidden>/<hidden>
                            (rising edge-triggered cell FDPE clocked by clk_fpga_0  {rise@0.000ns fall@5.000ns period=10.000ns})
  Destination:            mlp_system_wrapper/mlp_system/mlp_system_axi_mem_intercon_1/s00_couplers_imp_WXI7U5/mlp_system_axi_mem_intercon_imp_auto_pc_0/mlp_system_axi_mem_intercon_imp_auto_pc_0_axi_protocol_converter_v2_1_37_axi_protocol_converter/mlp_system_axi_mem_intercon_imp_auto_pc_0_axi_protocol_converter_v2_1_37_axi3_conv/mlp_system_axi_mem_intercon_imp_auto_pc_0_axi_protocol_converter_v2_1_37_a_axi3_conv/mlp_system_axi_mem_intercon_imp_auto_pc_0_axi_data_fifo_v2_1_36_axic_fifo/mlp_system_axi_mem_intercon_imp_auto_pc_0_axi_data_fifo_v2_1_36_fifo_gen/<hidden>/<hidden>/<hidden>/<hidden>/<hidden>/<hidden>
                            (removal check against rising-edge clock clk_fpga_0  {rise@0.000ns fall@5.000ns period=10.000ns})
  Path Group:             **async_default**
  Path Type:              Removal (Min at Fast Process Corner)
  Requirement:            0.000ns  (clk_fpga_0 rise@0.000ns - clk_fpga_0 rise@0.000ns)
  Data Path Delay:        0.690ns  (logic 0.227ns (32.888%)  route 0.463ns (67.112%))
  Logic Levels:           1  (LUT3=1)
  Clock Path Skew:        0.040ns (DCD - SCD - CPR)
    Destination Clock Delay (DCD):    1.229ns
    Source Clock Delay      (SCD):    0.926ns
    Clock Pessimism Removal (CPR):    0.263ns

    Location             Delay type                Incr(ns)  Path(ns)    Netlist Resource(s)
  -------------------------------------------------------------------    -------------------
                         (clock clk_fpga_0 rise edge)
                                                      0.000     0.000 r  
    PS7_X0Y0             PS7                          0.000     0.000 r  mlp_system_i/processing_system7_0/inst/PS7_i/FCLKCLK[0]
                         net (fo=1, routed)           0.310     0.310    mlp_system_i/processing_system7_0/inst/FCLK_CLK_unbuffered[0]
    BUFGCTRL_X0Y16       BUFG (Prop_bufg_I_O)         0.026     0.336 r  mlp_system_i/processing_system7_0/inst/buffer_fclk_clk_0.FCLK_CLK_0_BUFG/O
                         net (fo=2400, routed)        0.590     0.926    mlp_system_wrapper/mlp_system/mlp_system_axi_mem_intercon_1/s00_couplers_imp_WXI7U5/mlp_system_axi_mem_intercon_imp_auto_pc_0/mlp_system_axi_mem_intercon_imp_auto_pc_0_axi_protocol_converter_v2_1_37_axi_protocol_converter/mlp_system_axi_mem_intercon_imp_auto_pc_0_axi_protocol_converter_v2_1_37_axi3_conv/mlp_system_axi_mem_intercon_imp_auto_pc_0_axi_protocol_converter_v2_1_37_a_axi3_conv/mlp_system_axi_mem_intercon_imp_auto_pc_0_axi_data_fifo_v2_1_36_axic_fifo/mlp_system_axi_mem_intercon_imp_auto_pc_0_axi_data_fifo_v2_1_36_fifo_gen/<hidden>/<hidden>/<hidden>/<hidden>/<hidden>/<hidden>
    SLICE_X25Y42         FDPE                                         r  mlp_system_wrapper/mlp_system/mlp_system_axi_mem_intercon_1/s00_couplers_imp_WXI7U5/mlp_system_axi_mem_intercon_imp_auto_pc_0/mlp_system_axi_mem_intercon_imp_auto_pc_0_axi_protocol_converter_v2_1_37_axi_protocol_converter/mlp_system_axi_mem_intercon_imp_auto_pc_0_axi_protocol_converter_v2_1_37_axi3_conv/mlp_system_axi_mem_intercon_imp_auto_pc_0_axi_protocol_converter_v2_1_37_a_axi3_conv/mlp_system_axi_mem_intercon_imp_auto_pc_0_axi_data_fifo_v2_1_36_axic_fifo/mlp_system_axi_mem_intercon_imp_auto_pc_0_axi_data_fifo_v2_1_36_fifo_gen/<hidden>/<hidden>/<hidden>/<hidden>/<hidden>/<hidden>
  -------------------------------------------------------------------    -------------------
    SLICE_X25Y42         FDPE (Prop_fdpe_C_Q)         0.128     1.054 f  mlp_system_wrapper/mlp_system/mlp_system_axi_mem_intercon_1/s00_couplers_imp_WXI7U5/mlp_system_axi_mem_intercon_imp_auto_pc_0/mlp_system_axi_mem_intercon_imp_auto_pc_0_axi_protocol_converter_v2_1_37_axi_protocol_converter/mlp_system_axi_mem_intercon_imp_auto_pc_0_axi_protocol_converter_v2_1_37_axi3_conv/mlp_system_axi_mem_intercon_imp_auto_pc_0_axi_protocol_converter_v2_1_37_a_axi3_conv/mlp_system_axi_mem_intercon_imp_auto_pc_0_axi_data_fifo_v2_1_36_axic_fifo/mlp_system_axi_mem_intercon_imp_auto_pc_0_axi_data_fifo_v2_1_36_fifo_gen/<hidden>/<hidden>/<hidden>/<hidden>/<hidden>/<hidden>
                         net (fo=2, routed)           0.111     1.165    mlp_system_wrapper/mlp_system/mlp_system_axi_mem_intercon_1/s00_couplers_imp_WXI7U5/mlp_system_axi_mem_intercon_imp_auto_pc_0/mlp_system_axi_mem_intercon_imp_auto_pc_0_axi_protocol_converter_v2_1_37_axi_protocol_converter/mlp_system_axi_mem_intercon_imp_auto_pc_0_axi_protocol_converter_v2_1_37_axi3_conv/mlp_system_axi_mem_intercon_imp_auto_pc_0_axi_protocol_converter_v2_1_37_a_axi3_conv/mlp_system_axi_mem_intercon_imp_auto_pc_0_axi_data_fifo_v2_1_36_axic_fifo/mlp_system_axi_mem_intercon_imp_auto_pc_0_axi_data_fifo_v2_1_36_fifo_gen/<hidden>/<hidden>/<hidden>/<hidden>/<hidden>
    SLICE_X26Y41         LUT3 (Prop_lut3_I2_O)        0.099     1.264 f  mlp_system_wrapper/mlp_system/mlp_system_axi_mem_intercon_1/s00_couplers_imp_WXI7U5/mlp_system_axi_mem_intercon_imp_auto_pc_0/mlp_system_axi_mem_intercon_imp_auto_pc_0_axi_protocol_converter_v2_1_37_axi_protocol_converter/mlp_system_axi_mem_intercon_imp_auto_pc_0_axi_protocol_converter_v2_1_37_axi3_conv/mlp_system_axi_mem_intercon_imp_auto_pc_0_axi_protocol_converter_v2_1_37_a_axi3_conv/mlp_system_axi_mem_intercon_imp_auto_pc_0_axi_data_fifo_v2_1_36_axic_fifo/mlp_system_axi_mem_intercon_imp_auto_pc_0_axi_data_fifo_v2_1_36_fifo_gen/<hidden>/<hidden>/<hidden>/<hidden>/<hidden>
                         net (fo=33, routed)          0.352     1.616    mlp_system_wrapper/mlp_system/mlp_system_axi_mem_intercon_1/s00_couplers_imp_WXI7U5/mlp_system_axi_mem_intercon_imp_auto_pc_0/mlp_system_axi_mem_intercon_imp_auto_pc_0_axi_protocol_converter_v2_1_37_axi_protocol_converter/mlp_system_axi_mem_intercon_imp_auto_pc_0_axi_protocol_converter_v2_1_37_axi3_conv/mlp_system_axi_mem_intercon_imp_auto_pc_0_axi_protocol_converter_v2_1_37_a_axi3_conv/mlp_system_axi_mem_intercon_imp_auto_pc_0_axi_data_fifo_v2_1_36_axic_fifo/mlp_system_axi_mem_intercon_imp_auto_pc_0_axi_data_fifo_v2_1_36_fifo_gen/<hidden>/<hidden>/<hidden>/<hidden>/<hidden>/<hidden>
    SLICE_X21Y40         FDPE                                         f  mlp_system_wrapper/mlp_system/mlp_system_axi_mem_intercon_1/s00_couplers_imp_WXI7U5/mlp_system_axi_mem_intercon_imp_auto_pc_0/mlp_system_axi_mem_intercon_imp_auto_pc_0_axi_protocol_converter_v2_1_37_axi_protocol_converter/mlp_system_axi_mem_intercon_imp_auto_pc_0_axi_protocol_converter_v2_1_37_axi3_conv/mlp_system_axi_mem_intercon_imp_auto_pc_0_axi_protocol_converter_v2_1_37_a_axi3_conv/mlp_system_axi_mem_intercon_imp_auto_pc_0_axi_data_fifo_v2_1_36_axic_fifo/mlp_system_axi_mem_intercon_imp_auto_pc_0_axi_data_fifo_v2_1_36_fifo_gen/<hidden>/<hidden>/<hidden>/<hidden>/<hidden>/<hidden>
  -------------------------------------------------------------------    -------------------

                         (clock clk_fpga_0 rise edge)
                                                      0.000     0.000 r  
    PS7_X0Y0             PS7                          0.000     0.000 r  mlp_system_i/processing_system7_0/inst/PS7_i/FCLKCLK[0]
                         net (fo=1, routed)           0.337     0.337    mlp_system_i/processing_system7_0/inst/FCLK_CLK_unbuffered[0]
    BUFGCTRL_X0Y16       BUFG (Prop_bufg_I_O)         0.029     0.366 r  mlp_system_i/processing_system7_0/inst/buffer_fclk_clk_0.FCLK_CLK_0_BUFG/O
                         net (fo=2400, routed)        0.863     1.229    mlp_system_wrapper/mlp_system/mlp_system_axi_mem_intercon_1/s00_couplers_imp_WXI7U5/mlp_system_axi_mem_intercon_imp_auto_pc_0/mlp_system_axi_mem_intercon_imp_auto_pc_0_axi_protocol_converter_v2_1_37_axi_protocol_converter/mlp_system_axi_mem_intercon_imp_auto_pc_0_axi_protocol_converter_v2_1_37_axi3_conv/mlp_system_axi_mem_intercon_imp_auto_pc_0_axi_protocol_converter_v2_1_37_a_axi3_conv/mlp_system_axi_mem_intercon_imp_auto_pc_0_axi_data_fifo_v2_1_36_axic_fifo/mlp_system_axi_mem_intercon_imp_auto_pc_0_axi_data_fifo_v2_1_36_fifo_gen/<hidden>/<hidden>/<hidden>/<hidden>/<hidden>/<hidden>
    SLICE_X21Y40         FDPE                                         r  mlp_system_wrapper/mlp_system/mlp_system_axi_mem_intercon_1/s00_couplers_imp_WXI7U5/mlp_system_axi_mem_intercon_imp_auto_pc_0/mlp_system_axi_mem_intercon_imp_auto_pc_0_axi_protocol_converter_v2_1_37_axi_protocol_converter/mlp_system_axi_mem_intercon_imp_auto_pc_0_axi_protocol_converter_v2_1_37_axi3_conv/mlp_system_axi_mem_intercon_imp_auto_pc_0_axi_protocol_converter_v2_1_37_a_axi3_conv/mlp_system_axi_mem_intercon_imp_auto_pc_0_axi_data_fifo_v2_1_36_axic_fifo/mlp_system_axi_mem_intercon_imp_auto_pc_0_axi_data_fifo_v2_1_36_fifo_gen/<hidden>/<hidden>/<hidden>/<hidden>/<hidden>/<hidden>
                         clock pessimism             -0.263     0.965    
    SLICE_X21Y40         FDPE (Remov_fdpe_C_PRE)     -0.095     0.871    mlp_system_wrapper/mlp_system/mlp_system_axi_mem_intercon_1/s00_couplers_imp_WXI7U5/mlp_system_axi_mem_intercon_imp_auto_pc_0/mlp_system_axi_mem_intercon_imp_auto_pc_0_axi_protocol_converter_v2_1_37_axi_protocol_converter/mlp_system_axi_mem_intercon_imp_auto_pc_0_axi_protocol_converter_v2_1_37_axi3_conv/mlp_system_axi_mem_intercon_imp_auto_pc_0_axi_protocol_converter_v2_1_37_a_axi3_conv/mlp_system_axi_mem_intercon_imp_auto_pc_0_axi_data_fifo_v2_1_36_axic_fifo/mlp_system_axi_mem_intercon_imp_auto_pc_0_axi_data_fifo_v2_1_36_fifo_gen/<hidden>/<hidden>/<hidden>/<hidden>/<hidden>/<hidden>
  -------------------------------------------------------------------
                         required time                         -0.871    
                         arrival time                           1.616    
  -------------------------------------------------------------------
                         slack                                  0.745    

Slack (MET) :             0.787ns  (arrival time - required time)
  Source:                 mlp_system_wrapper/mlp_system/mlp_system_axi_mem_intercon_1/s00_couplers_imp_WXI7U5/mlp_system_axi_mem_intercon_imp_auto_pc_0/mlp_system_axi_mem_intercon_imp_auto_pc_0_axi_protocol_converter_v2_1_37_axi_protocol_converter/mlp_system_axi_mem_intercon_imp_auto_pc_0_axi_protocol_converter_v2_1_37_axi3_conv/mlp_system_axi_mem_intercon_imp_auto_pc_0_axi_protocol_converter_v2_1_37_a_axi3_conv/mlp_system_axi_mem_intercon_imp_auto_pc_0_axi_data_fifo_v2_1_36_axic_fifo/mlp_system_axi_mem_intercon_imp_auto_pc_0_axi_data_fifo_v2_1_36_fifo_gen/<hidden>/<hidden>/<hidden>/<hidden>/<hidden>/<hidden>
                            (rising edge-triggered cell FDPE clocked by clk_fpga_0  {rise@0.000ns fall@5.000ns period=10.000ns})
  Destination:            mlp_system_wrapper/mlp_system/mlp_system_axi_mem_intercon_1/s00_couplers_imp_WXI7U5/mlp_system_axi_mem_intercon_imp_auto_pc_0/mlp_system_axi_mem_intercon_imp_auto_pc_0_axi_protocol_converter_v2_1_37_axi_protocol_converter/mlp_system_axi_mem_intercon_imp_auto_pc_0_axi_protocol_converter_v2_1_37_axi3_conv/mlp_system_axi_mem_intercon_imp_auto_pc_0_axi_protocol_converter_v2_1_37_a_axi3_conv/mlp_system_axi_mem_intercon_imp_auto_pc_0_axi_data_fifo_v2_1_36_axic_fifo/mlp_system_axi_mem_intercon_imp_auto_pc_0_axi_data_fifo_v2_1_36_fifo_gen/<hidden>/<hidden>/<hidden>/<hidden>/<hidden>/<hidden>
                            (removal check against rising-edge clock clk_fpga_0  {rise@0.000ns fall@5.000ns period=10.000ns})
  Path Group:             **async_default**
  Path Type:              Removal (Min at Fast Process Corner)
  Requirement:            0.000ns  (clk_fpga_0 rise@0.000ns - clk_fpga_0 rise@0.000ns)
  Data Path Delay:        0.761ns  (logic 0.227ns (29.818%)  route 0.534ns (70.182%))
  Logic Levels:           1  (LUT3=1)
  Clock Path Skew:        0.041ns (DCD - SCD - CPR)
    Destination Clock Delay (DCD):    1.230ns
    Source Clock Delay      (SCD):    0.926ns
    Clock Pessimism Removal (CPR):    0.263ns

    Location             Delay type                Incr(ns)  Path(ns)    Netlist Resource(s)
  -------------------------------------------------------------------    -------------------
                         (clock clk_fpga_0 rise edge)
                                                      0.000     0.000 r  
    PS7_X0Y0             PS7                          0.000     0.000 r  mlp_system_i/processing_system7_0/inst/PS7_i/FCLKCLK[0]
                         net (fo=1, routed)           0.310     0.310    mlp_system_i/processing_system7_0/inst/FCLK_CLK_unbuffered[0]
    BUFGCTRL_X0Y16       BUFG (Prop_bufg_I_O)         0.026     0.336 r  mlp_system_i/processing_system7_0/inst/buffer_fclk_clk_0.FCLK_CLK_0_BUFG/O
                         net (fo=2400, routed)        0.590     0.926    mlp_system_wrapper/mlp_system/mlp_system_axi_mem_intercon_1/s00_couplers_imp_WXI7U5/mlp_system_axi_mem_intercon_imp_auto_pc_0/mlp_system_axi_mem_intercon_imp_auto_pc_0_axi_protocol_converter_v2_1_37_axi_protocol_converter/mlp_system_axi_mem_intercon_imp_auto_pc_0_axi_protocol_converter_v2_1_37_axi3_conv/mlp_system_axi_mem_intercon_imp_auto_pc_0_axi_protocol_converter_v2_1_37_a_axi3_conv/mlp_system_axi_mem_intercon_imp_auto_pc_0_axi_data_fifo_v2_1_36_axic_fifo/mlp_system_axi_mem_intercon_imp_auto_pc_0_axi_data_fifo_v2_1_36_fifo_gen/<hidden>/<hidden>/<hidden>/<hidden>/<hidden>/<hidden>
    SLICE_X25Y42         FDPE                                         r  mlp_system_wrapper/mlp_system/mlp_system_axi_mem_intercon_1/s00_couplers_imp_WXI7U5/mlp_system_axi_mem_intercon_imp_auto_pc_0/mlp_system_axi_mem_intercon_imp_auto_pc_0_axi_protocol_converter_v2_1_37_axi_protocol_converter/mlp_system_axi_mem_intercon_imp_auto_pc_0_axi_protocol_converter_v2_1_37_axi3_conv/mlp_system_axi_mem_intercon_imp_auto_pc_0_axi_protocol_converter_v2_1_37_a_axi3_conv/mlp_system_axi_mem_intercon_imp_auto_pc_0_axi_data_fifo_v2_1_36_axic_fifo/mlp_system_axi_mem_intercon_imp_auto_pc_0_axi_data_fifo_v2_1_36_fifo_gen/<hidden>/<hidden>/<hidden>/<hidden>/<hidden>/<hidden>
  -------------------------------------------------------------------    -------------------
    SLICE_X25Y42         FDPE (Prop_fdpe_C_Q)         0.128     1.054 f  mlp_system_wrapper/mlp_system/mlp_system_axi_mem_intercon_1/s00_couplers_imp_WXI7U5/mlp_system_axi_mem_intercon_imp_auto_pc_0/mlp_system_axi_mem_intercon_imp_auto_pc_0_axi_protocol_converter_v2_1_37_axi_protocol_converter/mlp_system_axi_mem_intercon_imp_auto_pc_0_axi_protocol_converter_v2_1_37_axi3_conv/mlp_system_axi_mem_intercon_imp_auto_pc_0_axi_protocol_converter_v2_1_37_a_axi3_conv/mlp_system_axi_mem_intercon_imp_auto_pc_0_axi_data_fifo_v2_1_36_axic_fifo/mlp_system_axi_mem_intercon_imp_auto_pc_0_axi_data_fifo_v2_1_36_fifo_gen/<hidden>/<hidden>/<hidden>/<hidden>/<hidden>/<hidden>
                         net (fo=2, routed)           0.111     1.165    mlp_system_wrapper/mlp_system/mlp_system_axi_mem_intercon_1/s00_couplers_imp_WXI7U5/mlp_system_axi_mem_intercon_imp_auto_pc_0/mlp_system_axi_mem_intercon_imp_auto_pc_0_axi_protocol_converter_v2_1_37_axi_protocol_converter/mlp_system_axi_mem_intercon_imp_auto_pc_0_axi_protocol_converter_v2_1_37_axi3_conv/mlp_system_axi_mem_intercon_imp_auto_pc_0_axi_protocol_converter_v2_1_37_a_axi3_conv/mlp_system_axi_mem_intercon_imp_auto_pc_0_axi_data_fifo_v2_1_36_axic_fifo/mlp_system_axi_mem_intercon_imp_auto_pc_0_axi_data_fifo_v2_1_36_fifo_gen/<hidden>/<hidden>/<hidden>/<hidden>/<hidden>
    SLICE_X26Y41         LUT3 (Prop_lut3_I2_O)        0.099     1.264 f  mlp_system_wrapper/mlp_system/mlp_system_axi_mem_intercon_1/s00_couplers_imp_WXI7U5/mlp_system_axi_mem_intercon_imp_auto_pc_0/mlp_system_axi_mem_intercon_imp_auto_pc_0_axi_protocol_converter_v2_1_37_axi_protocol_converter/mlp_system_axi_mem_intercon_imp_auto_pc_0_axi_protocol_converter_v2_1_37_axi3_conv/mlp_system_axi_mem_intercon_imp_auto_pc_0_axi_protocol_converter_v2_1_37_a_axi3_conv/mlp_system_axi_mem_intercon_imp_auto_pc_0_axi_data_fifo_v2_1_36_axic_fifo/mlp_system_axi_mem_intercon_imp_auto_pc_0_axi_data_fifo_v2_1_36_fifo_gen/<hidden>/<hidden>/<hidden>/<hidden>/<hidden>
                         net (fo=33, routed)          0.423     1.687    mlp_system_wrapper/mlp_system/mlp_system_axi_mem_intercon_1/s00_couplers_imp_WXI7U5/mlp_system_axi_mem_intercon_imp_auto_pc_0/mlp_system_axi_mem_intercon_imp_auto_pc_0_axi_protocol_converter_v2_1_37_axi_protocol_converter/mlp_system_axi_mem_intercon_imp_auto_pc_0_axi_protocol_converter_v2_1_37_axi3_conv/mlp_system_axi_mem_intercon_imp_auto_pc_0_axi_protocol_converter_v2_1_37_a_axi3_conv/mlp_system_axi_mem_intercon_imp_auto_pc_0_axi_data_fifo_v2_1_36_axic_fifo/mlp_system_axi_mem_intercon_imp_auto_pc_0_axi_data_fifo_v2_1_36_fifo_gen/<hidden>/<hidden>/<hidden>/<hidden>/<hidden>/<hidden>
    SLICE_X18Y41         FDCE                                         f  mlp_system_wrapper/mlp_system/mlp_system_axi_mem_intercon_1/s00_couplers_imp_WXI7U5/mlp_system_axi_mem_intercon_imp_auto_pc_0/mlp_system_axi_mem_intercon_imp_auto_pc_0_axi_protocol_converter_v2_1_37_axi_protocol_converter/mlp_system_axi_mem_intercon_imp_auto_pc_0_axi_protocol_converter_v2_1_37_axi3_conv/mlp_system_axi_mem_intercon_imp_auto_pc_0_axi_protocol_converter_v2_1_37_a_axi3_conv/mlp_system_axi_mem_intercon_imp_auto_pc_0_axi_data_fifo_v2_1_36_axic_fifo/mlp_system_axi_mem_intercon_imp_auto_pc_0_axi_data_fifo_v2_1_36_fifo_gen/<hidden>/<hidden>/<hidden>/<hidden>/<hidden>/<hidden>
  -------------------------------------------------------------------    -------------------

                         (clock clk_fpga_0 rise edge)
                                                      0.000     0.000 r  
    PS7_X0Y0             PS7                          0.000     0.000 r  mlp_system_i/processing_system7_0/inst/PS7_i/FCLKCLK[0]
                         net (fo=1, routed)           0.337     0.337    mlp_system_i/processing_system7_0/inst/FCLK_CLK_unbuffered[0]
    BUFGCTRL_X0Y16       BUFG (Prop_bufg_I_O)         0.029     0.366 r  mlp_system_i/processing_system7_0/inst/buffer_fclk_clk_0.FCLK_CLK_0_BUFG/O
                         net (fo=2400, routed)        0.864     1.230    mlp_system_wrapper/mlp_system/mlp_system_axi_mem_intercon_1/s00_couplers_imp_WXI7U5/mlp_system_axi_mem_intercon_imp_auto_pc_0/mlp_system_axi_mem_intercon_imp_auto_pc_0_axi_protocol_converter_v2_1_37_axi_protocol_converter/mlp_system_axi_mem_intercon_imp_auto_pc_0_axi_protocol_converter_v2_1_37_axi3_conv/mlp_system_axi_mem_intercon_imp_auto_pc_0_axi_protocol_converter_v2_1_37_a_axi3_conv/mlp_system_axi_mem_intercon_imp_auto_pc_0_axi_data_fifo_v2_1_36_axic_fifo/mlp_system_axi_mem_intercon_imp_auto_pc_0_axi_data_fifo_v2_1_36_fifo_gen/<hidden>/<hidden>/<hidden>/<hidden>/<hidden>/<hidden>
    SLICE_X18Y41         FDCE                                         r  mlp_system_wrapper/mlp_system/mlp_system_axi_mem_intercon_1/s00_couplers_imp_WXI7U5/mlp_system_axi_mem_intercon_imp_auto_pc_0/mlp_system_axi_mem_intercon_imp_auto_pc_0_axi_protocol_converter_v2_1_37_axi_protocol_converter/mlp_system_axi_mem_intercon_imp_auto_pc_0_axi_protocol_converter_v2_1_37_axi3_conv/mlp_system_axi_mem_intercon_imp_auto_pc_0_axi_protocol_converter_v2_1_37_a_axi3_conv/mlp_system_axi_mem_intercon_imp_auto_pc_0_axi_data_fifo_v2_1_36_axic_fifo/mlp_system_axi_mem_intercon_imp_auto_pc_0_axi_data_fifo_v2_1_36_fifo_gen/<hidden>/<hidden>/<hidden>/<hidden>/<hidden>/<hidden>
                         clock pessimism             -0.263     0.967    
    SLICE_X18Y41         FDCE (Remov_fdce_C_CLR)     -0.067     0.900    mlp_system_wrapper/mlp_system/mlp_system_axi_mem_intercon_1/s00_couplers_imp_WXI7U5/mlp_system_axi_mem_intercon_imp_auto_pc_0/mlp_system_axi_mem_intercon_imp_auto_pc_0_axi_protocol_converter_v2_1_37_axi_protocol_converter/mlp_system_axi_mem_intercon_imp_auto_pc_0_axi_protocol_converter_v2_1_37_axi3_conv/mlp_system_axi_mem_intercon_imp_auto_pc_0_axi_protocol_converter_v2_1_37_a_axi3_conv/mlp_system_axi_mem_intercon_imp_auto_pc_0_axi_data_fifo_v2_1_36_axic_fifo/mlp_system_axi_mem_intercon_imp_auto_pc_0_axi_data_fifo_v2_1_36_fifo_gen/<hidden>/<hidden>/<hidden>/<hidden>/<hidden>/<hidden>
  -------------------------------------------------------------------
                         required time                         -0.899    
                         arrival time                           1.687    
  -------------------------------------------------------------------
                         slack                                  0.787    

Slack (MET) :             0.787ns  (arrival time - required time)
  Source:                 mlp_system_wrapper/mlp_system/mlp_system_axi_mem_intercon_1/s00_couplers_imp_WXI7U5/mlp_system_axi_mem_intercon_imp_auto_pc_0/mlp_system_axi_mem_intercon_imp_auto_pc_0_axi_protocol_converter_v2_1_37_axi_protocol_converter/mlp_system_axi_mem_intercon_imp_auto_pc_0_axi_protocol_converter_v2_1_37_axi3_conv/mlp_system_axi_mem_intercon_imp_auto_pc_0_axi_protocol_converter_v2_1_37_a_axi3_conv/mlp_system_axi_mem_intercon_imp_auto_pc_0_axi_data_fifo_v2_1_36_axic_fifo/mlp_system_axi_mem_intercon_imp_auto_pc_0_axi_data_fifo_v2_1_36_fifo_gen/<hidden>/<hidden>/<hidden>/<hidden>/<hidden>/<hidden>
                            (rising edge-triggered cell FDPE clocked by clk_fpga_0  {rise@0.000ns fall@5.000ns period=10.000ns})
  Destination:            mlp_system_wrapper/mlp_system/mlp_system_axi_mem_intercon_1/s00_couplers_imp_WXI7U5/mlp_system_axi_mem_intercon_imp_auto_pc_0/mlp_system_axi_mem_intercon_imp_auto_pc_0_axi_protocol_converter_v2_1_37_axi_protocol_converter/mlp_system_axi_mem_intercon_imp_auto_pc_0_axi_protocol_converter_v2_1_37_axi3_conv/mlp_system_axi_mem_intercon_imp_auto_pc_0_axi_protocol_converter_v2_1_37_a_axi3_conv/mlp_system_axi_mem_intercon_imp_auto_pc_0_axi_data_fifo_v2_1_36_axic_fifo/mlp_system_axi_mem_intercon_imp_auto_pc_0_axi_data_fifo_v2_1_36_fifo_gen/<hidden>/<hidden>/<hidden>/<hidden>/<hidden>/<hidden>
                            (removal check against rising-edge clock clk_fpga_0  {rise@0.000ns fall@5.000ns period=10.000ns})
  Path Group:             **async_default**
  Path Type:              Removal (Min at Fast Process Corner)
  Requirement:            0.000ns  (clk_fpga_0 rise@0.000ns - clk_fpga_0 rise@0.000ns)
  Data Path Delay:        0.761ns  (logic 0.227ns (29.818%)  route 0.534ns (70.182%))
  Logic Levels:           1  (LUT3=1)
  Clock Path Skew:        0.041ns (DCD - SCD - CPR)
    Destination Clock Delay (DCD):    1.230ns
    Source Clock Delay      (SCD):    0.926ns
    Clock Pessimism Removal (CPR):    0.263ns

    Location             Delay type                Incr(ns)  Path(ns)    Netlist Resource(s)
  -------------------------------------------------------------------    -------------------
                         (clock clk_fpga_0 rise edge)
                                                      0.000     0.000 r  
    PS7_X0Y0             PS7                          0.000     0.000 r  mlp_system_i/processing_system7_0/inst/PS7_i/FCLKCLK[0]
                         net (fo=1, routed)           0.310     0.310    mlp_system_i/processing_system7_0/inst/FCLK_CLK_unbuffered[0]
    BUFGCTRL_X0Y16       BUFG (Prop_bufg_I_O)         0.026     0.336 r  mlp_system_i/processing_system7_0/inst/buffer_fclk_clk_0.FCLK_CLK_0_BUFG/O
                         net (fo=2400, routed)        0.590     0.926    mlp_system_wrapper/mlp_system/mlp_system_axi_mem_intercon_1/s00_couplers_imp_WXI7U5/mlp_system_axi_mem_intercon_imp_auto_pc_0/mlp_system_axi_mem_intercon_imp_auto_pc_0_axi_protocol_converter_v2_1_37_axi_protocol_converter/mlp_system_axi_mem_intercon_imp_auto_pc_0_axi_protocol_converter_v2_1_37_axi3_conv/mlp_system_axi_mem_intercon_imp_auto_pc_0_axi_protocol_converter_v2_1_37_a_axi3_conv/mlp_system_axi_mem_intercon_imp_auto_pc_0_axi_data_fifo_v2_1_36_axic_fifo/mlp_system_axi_mem_intercon_imp_auto_pc_0_axi_data_fifo_v2_1_36_fifo_gen/<hidden>/<hidden>/<hidden>/<hidden>/<hidden>/<hidden>
    SLICE_X25Y42         FDPE                                         r  mlp_system_wrapper/mlp_system/mlp_system_axi_mem_intercon_1/s00_couplers_imp_WXI7U5/mlp_system_axi_mem_intercon_imp_auto_pc_0/mlp_system_axi_mem_intercon_imp_auto_pc_0_axi_protocol_converter_v2_1_37_axi_protocol_converter/mlp_system_axi_mem_intercon_imp_auto_pc_0_axi_protocol_converter_v2_1_37_axi3_conv/mlp_system_axi_mem_intercon_imp_auto_pc_0_axi_protocol_converter_v2_1_37_a_axi3_conv/mlp_system_axi_mem_intercon_imp_auto_pc_0_axi_data_fifo_v2_1_36_axic_fifo/mlp_system_axi_mem_intercon_imp_auto_pc_0_axi_data_fifo_v2_1_36_fifo_gen/<hidden>/<hidden>/<hidden>/<hidden>/<hidden>/<hidden>
  -------------------------------------------------------------------    -------------------
    SLICE_X25Y42         FDPE (Prop_fdpe_C_Q)         0.128     1.054 f  mlp_system_wrapper/mlp_system/mlp_system_axi_mem_intercon_1/s00_couplers_imp_WXI7U5/mlp_system_axi_mem_intercon_imp_auto_pc_0/mlp_system_axi_mem_intercon_imp_auto_pc_0_axi_protocol_converter_v2_1_37_axi_protocol_converter/mlp_system_axi_mem_intercon_imp_auto_pc_0_axi_protocol_converter_v2_1_37_axi3_conv/mlp_system_axi_mem_intercon_imp_auto_pc_0_axi_protocol_converter_v2_1_37_a_axi3_conv/mlp_system_axi_mem_intercon_imp_auto_pc_0_axi_data_fifo_v2_1_36_axic_fifo/mlp_system_axi_mem_intercon_imp_auto_pc_0_axi_data_fifo_v2_1_36_fifo_gen/<hidden>/<hidden>/<hidden>/<hidden>/<hidden>/<hidden>
                         net (fo=2, routed)           0.111     1.165    mlp_system_wrapper/mlp_system/mlp_system_axi_mem_intercon_1/s00_couplers_imp_WXI7U5/mlp_system_axi_mem_intercon_imp_auto_pc_0/mlp_system_axi_mem_intercon_imp_auto_pc_0_axi_protocol_converter_v2_1_37_axi_protocol_converter/mlp_system_axi_mem_intercon_imp_auto_pc_0_axi_protocol_converter_v2_1_37_axi3_conv/mlp_system_axi_mem_intercon_imp_auto_pc_0_axi_protocol_converter_v2_1_37_a_axi3_conv/mlp_system_axi_mem_intercon_imp_auto_pc_0_axi_data_fifo_v2_1_36_axic_fifo/mlp_system_axi_mem_intercon_imp_auto_pc_0_axi_data_fifo_v2_1_36_fifo_gen/<hidden>/<hidden>/<hidden>/<hidden>/<hidden>
    SLICE_X26Y41         LUT3 (Prop_lut3_I2_O)        0.099     1.264 f  mlp_system_wrapper/mlp_system/mlp_system_axi_mem_intercon_1/s00_couplers_imp_WXI7U5/mlp_system_axi_mem_intercon_imp_auto_pc_0/mlp_system_axi_mem_intercon_imp_auto_pc_0_axi_protocol_converter_v2_1_37_axi_protocol_converter/mlp_system_axi_mem_intercon_imp_auto_pc_0_axi_protocol_converter_v2_1_37_axi3_conv/mlp_system_axi_mem_intercon_imp_auto_pc_0_axi_protocol_converter_v2_1_37_a_axi3_conv/mlp_system_axi_mem_intercon_imp_auto_pc_0_axi_data_fifo_v2_1_36_axic_fifo/mlp_system_axi_mem_intercon_imp_auto_pc_0_axi_data_fifo_v2_1_36_fifo_gen/<hidden>/<hidden>/<hidden>/<hidden>/<hidden>
                         net (fo=33, routed)          0.423     1.687    mlp_system_wrapper/mlp_system/mlp_system_axi_mem_intercon_1/s00_couplers_imp_WXI7U5/mlp_system_axi_mem_intercon_imp_auto_pc_0/mlp_system_axi_mem_intercon_imp_auto_pc_0_axi_protocol_converter_v2_1_37_axi_protocol_converter/mlp_system_axi_mem_intercon_imp_auto_pc_0_axi_protocol_converter_v2_1_37_axi3_conv/mlp_system_axi_mem_intercon_imp_auto_pc_0_axi_protocol_converter_v2_1_37_a_axi3_conv/mlp_system_axi_mem_intercon_imp_auto_pc_0_axi_data_fifo_v2_1_36_axic_fifo/mlp_system_axi_mem_intercon_imp_auto_pc_0_axi_data_fifo_v2_1_36_fifo_gen/<hidden>/<hidden>/<hidden>/<hidden>/<hidden>/<hidden>
    SLICE_X18Y41         FDCE                                         f  mlp_system_wrapper/mlp_system/mlp_system_axi_mem_intercon_1/s00_couplers_imp_WXI7U5/mlp_system_axi_mem_intercon_imp_auto_pc_0/mlp_system_axi_mem_intercon_imp_auto_pc_0_axi_protocol_converter_v2_1_37_axi_protocol_converter/mlp_system_axi_mem_intercon_imp_auto_pc_0_axi_protocol_converter_v2_1_37_axi3_conv/mlp_system_axi_mem_intercon_imp_auto_pc_0_axi_protocol_converter_v2_1_37_a_axi3_conv/mlp_system_axi_mem_intercon_imp_auto_pc_0_axi_data_fifo_v2_1_36_axic_fifo/mlp_system_axi_mem_intercon_imp_auto_pc_0_axi_data_fifo_v2_1_36_fifo_gen/<hidden>/<hidden>/<hidden>/<hidden>/<hidden>/<hidden>
  -------------------------------------------------------------------    -------------------

                         (clock clk_fpga_0 rise edge)
                                                      0.000     0.000 r  
    PS7_X0Y0             PS7                          0.000     0.000 r  mlp_system_i/processing_system7_0/inst/PS7_i/FCLKCLK[0]
                         net (fo=1, routed)           0.337     0.337    mlp_system_i/processing_system7_0/inst/FCLK_CLK_unbuffered[0]
    BUFGCTRL_X0Y16       BUFG (Prop_bufg_I_O)         0.029     0.366 r  mlp_system_i/processing_system7_0/inst/buffer_fclk_clk_0.FCLK_CLK_0_BUFG/O
                         net (fo=2400, routed)        0.864     1.230    mlp_system_wrapper/mlp_system/mlp_system_axi_mem_intercon_1/s00_couplers_imp_WXI7U5/mlp_system_axi_mem_intercon_imp_auto_pc_0/mlp_system_axi_mem_intercon_imp_auto_pc_0_axi_protocol_converter_v2_1_37_axi_protocol_converter/mlp_system_axi_mem_intercon_imp_auto_pc_0_axi_protocol_converter_v2_1_37_axi3_conv/mlp_system_axi_mem_intercon_imp_auto_pc_0_axi_protocol_converter_v2_1_37_a_axi3_conv/mlp_system_axi_mem_intercon_imp_auto_pc_0_axi_data_fifo_v2_1_36_axic_fifo/mlp_system_axi_mem_intercon_imp_auto_pc_0_axi_data_fifo_v2_1_36_fifo_gen/<hidden>/<hidden>/<hidden>/<hidden>/<hidden>/<hidden>
    SLICE_X18Y41         FDCE                                         r  mlp_system_wrapper/mlp_system/mlp_system_axi_mem_intercon_1/s00_couplers_imp_WXI7U5/mlp_system_axi_mem_intercon_imp_auto_pc_0/mlp_system_axi_mem_intercon_imp_auto_pc_0_axi_protocol_converter_v2_1_37_axi_protocol_converter/mlp_system_axi_mem_intercon_imp_auto_pc_0_axi_protocol_converter_v2_1_37_axi3_conv/mlp_system_axi_mem_intercon_imp_auto_pc_0_axi_protocol_converter_v2_1_37_a_axi3_conv/mlp_system_axi_mem_intercon_imp_auto_pc_0_axi_data_fifo_v2_1_36_axic_fifo/mlp_system_axi_mem_intercon_imp_auto_pc_0_axi_data_fifo_v2_1_36_fifo_gen/<hidden>/<hidden>/<hidden>/<hidden>/<hidden>/<hidden>
                         clock pessimism             -0.263     0.967    
    SLICE_X18Y41         FDCE (Remov_fdce_C_CLR)     -0.067     0.900    mlp_system_wrapper/mlp_system/mlp_system_axi_mem_intercon_1/s00_couplers_imp_WXI7U5/mlp_system_axi_mem_intercon_imp_auto_pc_0/mlp_system_axi_mem_intercon_imp_auto_pc_0_axi_protocol_converter_v2_1_37_axi_protocol_converter/mlp_system_axi_mem_intercon_imp_auto_pc_0_axi_protocol_converter_v2_1_37_axi3_conv/mlp_system_axi_mem_intercon_imp_auto_pc_0_axi_protocol_converter_v2_1_37_a_axi3_conv/mlp_system_axi_mem_intercon_imp_auto_pc_0_axi_data_fifo_v2_1_36_axic_fifo/mlp_system_axi_mem_intercon_imp_auto_pc_0_axi_data_fifo_v2_1_36_fifo_gen/<hidden>/<hidden>/<hidden>/<hidden>/<hidden>/<hidden>
  -------------------------------------------------------------------
                         required time                         -0.899    
                         arrival time                           1.687    
  -------------------------------------------------------------------
                         slack                                  0.787    





--------------------------------------------------------------------------------------
Path Group:  (none)
From Clock:  
  To Clock:  clk_fpga_0

Max Delay             1 Endpoint
Min Delay             1 Endpoint
--------------------------------------------------------------------------------------


Max Delay Paths
--------------------------------------------------------------------------------------
Slack:                    inf
  Source:                 mlp_system_i/processing_system7_0/inst/PS7_i/FCLKRESETN[0]
                            (internal pin)
  Destination:            mlp_system_i/rst_ps7_0_100M/U0/EXT_LPF/ACTIVE_LOW_EXT.ACT_LO_EXT/syncstages_ff_reg[0]/D
                            (rising edge-triggered cell FDRE clocked by clk_fpga_0  {rise@0.000ns fall@5.000ns period=10.000ns})
  Path Group:             (none)
  Path Type:              Setup (Max at Slow Process Corner)
  Data Path Delay:        2.422ns  (logic 0.124ns (5.120%)  route 2.298ns (94.880%))
  Logic Levels:           1  (LUT1=1)
  Clock Uncertainty:      0.152ns  ((TSJ^2 + TIJ^2)^1/2 + DJ) / 2 + PE
    Total System Jitter     (TSJ):    0.050ns
    Total Input Jitter      (TIJ):    0.300ns
    Discrete Jitter          (DJ):    0.000ns
    Phase Error              (PE):    0.000ns
  Timing Exception:       False Path

    Location             Delay type                Incr(ns)  Path(ns)    Netlist Resource(s)
  -------------------------------------------------------------------    -------------------
    PS7_X0Y0             PS7                          0.000     0.000 f  mlp_system_i/processing_system7_0/inst/PS7_i/FCLKRESETN[0]
                         net (fo=1, routed)           1.632     1.632    mlp_system_i/rst_ps7_0_100M/U0/EXT_LPF/ext_reset_in
    SLICE_X31Y72         LUT1 (Prop_lut1_I0_O)        0.124     1.756 r  mlp_system_i/rst_ps7_0_100M/U0/EXT_LPF/ACTIVE_LOW_EXT.ACT_LO_EXT_i_1/O
                         net (fo=1, routed)           0.666     2.422    mlp_system_i/rst_ps7_0_100M/U0/EXT_LPF/ACTIVE_LOW_EXT.ACT_LO_EXT/src_in
    SLICE_X32Y70         FDRE                                         r  mlp_system_i/rst_ps7_0_100M/U0/EXT_LPF/ACTIVE_LOW_EXT.ACT_LO_EXT/syncstages_ff_reg[0]/D
  -------------------------------------------------------------------    -------------------

                         (clock clk_fpga_0 rise edge)
                                                      0.000     0.000 r  
    PS7_X0Y0             PS7                          0.000     0.000 r  mlp_system_i/processing_system7_0/inst/PS7_i/FCLKCLK[0]
                         net (fo=1, routed)           1.088     1.088    mlp_system_i/processing_system7_0/inst/FCLK_CLK_unbuffered[0]
    BUFGCTRL_X0Y16       BUFG (Prop_bufg_I_O)         0.091     1.179 r  mlp_system_i/processing_system7_0/inst/buffer_fclk_clk_0.FCLK_CLK_0_BUFG/O
                         net (fo=2400, routed)        1.468     2.647    mlp_system_i/rst_ps7_0_100M/U0/EXT_LPF/ACTIVE_LOW_EXT.ACT_LO_EXT/dest_clk
    SLICE_X32Y70         FDRE                                         r  mlp_system_i/rst_ps7_0_100M/U0/EXT_LPF/ACTIVE_LOW_EXT.ACT_LO_EXT/syncstages_ff_reg[0]/C





Min Delay Paths
--------------------------------------------------------------------------------------
Slack:                    inf
  Source:                 mlp_system_i/processing_system7_0/inst/PS7_i/FCLKRESETN[0]
                            (internal pin)
  Destination:            mlp_system_i/rst_ps7_0_100M/U0/EXT_LPF/ACTIVE_LOW_EXT.ACT_LO_EXT/syncstages_ff_reg[0]/D
                            (rising edge-triggered cell FDRE clocked by clk_fpga_0  {rise@0.000ns fall@5.000ns period=10.000ns})
  Path Group:             (none)
  Path Type:              Hold (Min at Fast Process Corner)
  Data Path Delay:        0.943ns  (logic 0.045ns (4.773%)  route 0.898ns (95.227%))
  Logic Levels:           1  (LUT1=1)
  Clock Uncertainty:      0.152ns  ((TSJ^2 + TIJ^2)^1/2 + DJ) / 2 + PE
    Total System Jitter     (TSJ):    0.050ns
    Total Input Jitter      (TIJ):    0.300ns
    Discrete Jitter          (DJ):    0.000ns
    Phase Error              (PE):    0.000ns
  Timing Exception:       False Path

    Location             Delay type                Incr(ns)  Path(ns)    Netlist Resource(s)
  -------------------------------------------------------------------    -------------------
    PS7_X0Y0             PS7                          0.000     0.000 f  mlp_system_i/processing_system7_0/inst/PS7_i/FCLKRESETN[0]
                         net (fo=1, routed)           0.604     0.604    mlp_system_i/rst_ps7_0_100M/U0/EXT_LPF/ext_reset_in
    SLICE_X31Y72         LUT1 (Prop_lut1_I0_O)        0.045     0.649 r  mlp_system_i/rst_ps7_0_100M/U0/EXT_LPF/ACTIVE_LOW_EXT.ACT_LO_EXT_i_1/O
                         net (fo=1, routed)           0.294     0.943    mlp_system_i/rst_ps7_0_100M/U0/EXT_LPF/ACTIVE_LOW_EXT.ACT_LO_EXT/src_in
    SLICE_X32Y70         FDRE                                         r  mlp_system_i/rst_ps7_0_100M/U0/EXT_LPF/ACTIVE_LOW_EXT.ACT_LO_EXT/syncstages_ff_reg[0]/D
  -------------------------------------------------------------------    -------------------

                         (clock clk_fpga_0 rise edge)
                                                      0.000     0.000 r  
    PS7_X0Y0             PS7                          0.000     0.000 r  mlp_system_i/processing_system7_0/inst/PS7_i/FCLKCLK[0]
                         net (fo=1, routed)           0.337     0.337    mlp_system_i/processing_system7_0/inst/FCLK_CLK_unbuffered[0]
    BUFGCTRL_X0Y16       BUFG (Prop_bufg_I_O)         0.029     0.366 r  mlp_system_i/processing_system7_0/inst/buffer_fclk_clk_0.FCLK_CLK_0_BUFG/O
                         net (fo=2400, routed)        0.814     1.180    mlp_system_i/rst_ps7_0_100M/U0/EXT_LPF/ACTIVE_LOW_EXT.ACT_LO_EXT/dest_clk
    SLICE_X32Y70         FDRE                                         r  mlp_system_i/rst_ps7_0_100M/U0/EXT_LPF/ACTIVE_LOW_EXT.ACT_LO_EXT/syncstages_ff_reg[0]/C





--------------------------------------------------------------------------------------
Path Group:  (none)
From Clock:  clk_fpga_0
  To Clock:  clk_fpga_0

Max Delay            80 Endpoints
Min Delay            80 Endpoints
--------------------------------------------------------------------------------------


Max Delay Paths
--------------------------------------------------------------------------------------
Slack:                    inf
  Source:                 mlp_system_i/rst_ps7_0_100M/U0/ACTIVE_LOW_PR_OUT_DFF[0].FDRE_PER_N/C
                            (rising edge-triggered cell FDRE clocked by clk_fpga_0  {rise@0.000ns fall@5.000ns period=10.000ns})
  Destination:            mlp_system_wrapper/mlp_system/mlp_system_axi_mem_intercon_1/s00_couplers_imp_WXI7U5/mlp_system_axi_mem_intercon_imp_auto_pc_0/mlp_system_axi_mem_intercon_imp_auto_pc_0_axi_protocol_converter_v2_1_37_axi_protocol_converter/mlp_system_axi_mem_intercon_imp_auto_pc_0_axi_protocol_converter_v2_1_37_axi3_conv/mlp_system_axi_mem_intercon_imp_auto_pc_0_axi_protocol_converter_v2_1_37_a_axi3_conv/mlp_system_axi_mem_intercon_imp_auto_pc_0_axi_data_fifo_v2_1_36_axic_fifo/mlp_system_axi_mem_intercon_imp_auto_pc_0_axi_data_fifo_v2_1_36_fifo_gen/<hidden>/<hidden>/<hidden>/<hidden>/<hidden>/<hidden>
                            (recovery check against rising-edge clock clk_fpga_0  {rise@0.000ns fall@5.000ns period=10.000ns})
  Path Group:             (none)
  Path Type:              Recovery (Max at Slow Process Corner)
  Data Path Delay:        3.241ns  (logic 0.580ns (17.897%)  route 2.661ns (82.103%))
  Logic Levels:           1  (LUT1=1)
  Clock Path Skew:        -0.184ns (DCD - SCD + CPR)
    Destination Clock Delay (DCD):    2.750ns
    Source Clock Delay      (SCD):    2.935ns
    Clock Pessimism Removal (CPR):    0.000ns
  Clock Uncertainty:      0.154ns  ((TSJ^2 + TIJ^2)^1/2 + DJ) / 2 + PE
    Total System Jitter     (TSJ):    0.071ns
    Total Input Jitter      (TIJ):    0.300ns
    Discrete Jitter          (DJ):    0.000ns
    Phase Error              (PE):    0.000ns
  Timing Exception:       False Path

    Location             Delay type                Incr(ns)  Path(ns)    Netlist Resource(s)
  -------------------------------------------------------------------    -------------------
                         (clock clk_fpga_0 rise edge)
                                                      0.000     0.000 r  
    PS7_X0Y0             PS7                          0.000     0.000 r  mlp_system_i/processing_system7_0/inst/PS7_i/FCLKCLK[0]
                         net (fo=1, routed)           1.193     1.193    mlp_system_i/processing_system7_0/inst/FCLK_CLK_unbuffered[0]
    BUFGCTRL_X0Y16       BUFG (Prop_bufg_I_O)         0.101     1.294 r  mlp_system_i/processing_system7_0/inst/buffer_fclk_clk_0.FCLK_CLK_0_BUFG/O
                         net (fo=2400, routed)        1.641     2.935    mlp_system_i/rst_ps7_0_100M/U0/slowest_sync_clk
    SLICE_X37Y68         FDRE                                         r  mlp_system_i/rst_ps7_0_100M/U0/ACTIVE_LOW_PR_OUT_DFF[0].FDRE_PER_N/C
  -------------------------------------------------------------------    -------------------
    SLICE_X37Y68         FDRE (Prop_fdre_C_Q)         0.456     3.391 r  mlp_system_i/rst_ps7_0_100M/U0/ACTIVE_LOW_PR_OUT_DFF[0].FDRE_PER_N/Q
                         net (fo=35, routed)          2.150     5.541    mlp_system_i/axi_mem_intercon/s00_couplers/auto_pc/inst/gen_axi4_axi3.axi3_conv_inst/USE_READ.USE_SPLIT_R.read_addr_inst/USE_R_CHANNEL.cmd_queue/inst/aresetn
    SLICE_X26Y42         LUT1 (Prop_lut1_I0_O)        0.124     5.665 f  mlp_system_i/axi_mem_intercon/s00_couplers/auto_pc/inst/gen_axi4_axi3.axi3_conv_inst/USE_READ.USE_SPLIT_R.read_addr_inst/USE_R_CHANNEL.cmd_queue/inst/S_AXI_ASIZE_Q[2]_i_1/O
                         net (fo=44, routed)          0.510     6.176    mlp_system_wrapper/mlp_system/mlp_system_axi_mem_intercon_1/s00_couplers_imp_WXI7U5/mlp_system_axi_mem_intercon_imp_auto_pc_0/mlp_system_axi_mem_intercon_imp_auto_pc_0_axi_protocol_converter_v2_1_37_axi_protocol_converter/mlp_system_axi_mem_intercon_imp_auto_pc_0_axi_protocol_converter_v2_1_37_axi3_conv/mlp_system_axi_mem_intercon_imp_auto_pc_0_axi_protocol_converter_v2_1_37_a_axi3_conv/mlp_system_axi_mem_intercon_imp_auto_pc_0_axi_data_fifo_v2_1_36_axic_fifo/mlp_system_axi_mem_intercon_imp_auto_pc_0_axi_data_fifo_v2_1_36_fifo_gen/<hidden>/<hidden>/<hidden>/<hidden>/<hidden>/<hidden>
    SLICE_X25Y42         FDPE                                         f  mlp_system_wrapper/mlp_system/mlp_system_axi_mem_intercon_1/s00_couplers_imp_WXI7U5/mlp_system_axi_mem_intercon_imp_auto_pc_0/mlp_system_axi_mem_intercon_imp_auto_pc_0_axi_protocol_converter_v2_1_37_axi_protocol_converter/mlp_system_axi_mem_intercon_imp_auto_pc_0_axi_protocol_converter_v2_1_37_axi3_conv/mlp_system_axi_mem_intercon_imp_auto_pc_0_axi_protocol_converter_v2_1_37_a_axi3_conv/mlp_system_axi_mem_intercon_imp_auto_pc_0_axi_data_fifo_v2_1_36_axic_fifo/mlp_system_axi_mem_intercon_imp_auto_pc_0_axi_data_fifo_v2_1_36_fifo_gen/<hidden>/<hidden>/<hidden>/<hidden>/<hidden>/<hidden>
  -------------------------------------------------------------------    -------------------

                         (clock clk_fpga_0 rise edge)
                                                      0.000     0.000 r  
    PS7_X0Y0             PS7                          0.000     0.000 r  mlp_system_i/processing_system7_0/inst/PS7_i/FCLKCLK[0]
                         net (fo=1, routed)           1.088     1.088    mlp_system_i/processing_system7_0/inst/FCLK_CLK_unbuffered[0]
    BUFGCTRL_X0Y16       BUFG (Prop_bufg_I_O)         0.091     1.179 r  mlp_system_i/processing_system7_0/inst/buffer_fclk_clk_0.FCLK_CLK_0_BUFG/O
                         net (fo=2400, routed)        1.571     2.750    mlp_system_wrapper/mlp_system/mlp_system_axi_mem_intercon_1/s00_couplers_imp_WXI7U5/mlp_system_axi_mem_intercon_imp_auto_pc_0/mlp_system_axi_mem_intercon_imp_auto_pc_0_axi_protocol_converter_v2_1_37_axi_protocol_converter/mlp_system_axi_mem_intercon_imp_auto_pc_0_axi_protocol_converter_v2_1_37_axi3_conv/mlp_system_axi_mem_intercon_imp_auto_pc_0_axi_protocol_converter_v2_1_37_a_axi3_conv/mlp_system_axi_mem_intercon_imp_auto_pc_0_axi_data_fifo_v2_1_36_axic_fifo/mlp_system_axi_mem_intercon_imp_auto_pc_0_axi_data_fifo_v2_1_36_fifo_gen/<hidden>/<hidden>/<hidden>/<hidden>/<hidden>/<hidden>
    SLICE_X25Y42         FDPE                                         r  mlp_system_wrapper/mlp_system/mlp_system_axi_mem_intercon_1/s00_couplers_imp_WXI7U5/mlp_system_axi_mem_intercon_imp_auto_pc_0/mlp_system_axi_mem_intercon_imp_auto_pc_0_axi_protocol_converter_v2_1_37_axi_protocol_converter/mlp_system_axi_mem_intercon_imp_auto_pc_0_axi_protocol_converter_v2_1_37_axi3_conv/mlp_system_axi_mem_intercon_imp_auto_pc_0_axi_protocol_converter_v2_1_37_a_axi3_conv/mlp_system_axi_mem_intercon_imp_auto_pc_0_axi_data_fifo_v2_1_36_axic_fifo/mlp_system_axi_mem_intercon_imp_auto_pc_0_axi_data_fifo_v2_1_36_fifo_gen/<hidden>/<hidden>/<hidden>/<hidden>/<hidden>/<hidden>

Slack:                    inf
  Source:                 mlp_system_i/rst_ps7_0_100M/U0/ACTIVE_LOW_PR_OUT_DFF[0].FDRE_PER_N/C
                            (rising edge-triggered cell FDRE clocked by clk_fpga_0  {rise@0.000ns fall@5.000ns period=10.000ns})
  Destination:            mlp_system_wrapper/mlp_system/mlp_system_axi_mem_intercon_1/s00_couplers_imp_WXI7U5/mlp_system_axi_mem_intercon_imp_auto_pc_0/mlp_system_axi_mem_intercon_imp_auto_pc_0_axi_protocol_converter_v2_1_37_axi_protocol_converter/mlp_system_axi_mem_intercon_imp_auto_pc_0_axi_protocol_converter_v2_1_37_axi3_conv/mlp_system_axi_mem_intercon_imp_auto_pc_0_axi_protocol_converter_v2_1_37_a_axi3_conv/mlp_system_axi_mem_intercon_imp_auto_pc_0_axi_data_fifo_v2_1_36_axic_fifo/mlp_system_axi_mem_intercon_imp_auto_pc_0_axi_data_fifo_v2_1_36_fifo_gen/<hidden>/<hidden>/<hidden>/<hidden>/<hidden>/<hidden>
                            (recovery check against rising-edge clock clk_fpga_0  {rise@0.000ns fall@5.000ns period=10.000ns})
  Path Group:             (none)
  Path Type:              Recovery (Max at Slow Process Corner)
  Data Path Delay:        3.241ns  (logic 0.580ns (17.897%)  route 2.661ns (82.103%))
  Logic Levels:           1  (LUT1=1)
  Clock Path Skew:        -0.184ns (DCD - SCD + CPR)
    Destination Clock Delay (DCD):    2.750ns
    Source Clock Delay      (SCD):    2.935ns
    Clock Pessimism Removal (CPR):    0.000ns
  Clock Uncertainty:      0.154ns  ((TSJ^2 + TIJ^2)^1/2 + DJ) / 2 + PE
    Total System Jitter     (TSJ):    0.071ns
    Total Input Jitter      (TIJ):    0.300ns
    Discrete Jitter          (DJ):    0.000ns
    Phase Error              (PE):    0.000ns
  Timing Exception:       False Path

    Location             Delay type                Incr(ns)  Path(ns)    Netlist Resource(s)
  -------------------------------------------------------------------    -------------------
                         (clock clk_fpga_0 rise edge)
                                                      0.000     0.000 r  
    PS7_X0Y0             PS7                          0.000     0.000 r  mlp_system_i/processing_system7_0/inst/PS7_i/FCLKCLK[0]
                         net (fo=1, routed)           1.193     1.193    mlp_system_i/processing_system7_0/inst/FCLK_CLK_unbuffered[0]
    BUFGCTRL_X0Y16       BUFG (Prop_bufg_I_O)         0.101     1.294 r  mlp_system_i/processing_system7_0/inst/buffer_fclk_clk_0.FCLK_CLK_0_BUFG/O
                         net (fo=2400, routed)        1.641     2.935    mlp_system_i/rst_ps7_0_100M/U0/slowest_sync_clk
    SLICE_X37Y68         FDRE                                         r  mlp_system_i/rst_ps7_0_100M/U0/ACTIVE_LOW_PR_OUT_DFF[0].FDRE_PER_N/C
  -------------------------------------------------------------------    -------------------
    SLICE_X37Y68         FDRE (Prop_fdre_C_Q)         0.456     3.391 r  mlp_system_i/rst_ps7_0_100M/U0/ACTIVE_LOW_PR_OUT_DFF[0].FDRE_PER_N/Q
                         net (fo=35, routed)          2.150     5.541    mlp_system_i/axi_mem_intercon/s00_couplers/auto_pc/inst/gen_axi4_axi3.axi3_conv_inst/USE_READ.USE_SPLIT_R.read_addr_inst/USE_R_CHANNEL.cmd_queue/inst/aresetn
    SLICE_X26Y42         LUT1 (Prop_lut1_I0_O)        0.124     5.665 f  mlp_system_i/axi_mem_intercon/s00_couplers/auto_pc/inst/gen_axi4_axi3.axi3_conv_inst/USE_READ.USE_SPLIT_R.read_addr_inst/USE_R_CHANNEL.cmd_queue/inst/S_AXI_ASIZE_Q[2]_i_1/O
                         net (fo=44, routed)          0.510     6.176    mlp_system_wrapper/mlp_system/mlp_system_axi_mem_intercon_1/s00_couplers_imp_WXI7U5/mlp_system_axi_mem_intercon_imp_auto_pc_0/mlp_system_axi_mem_intercon_imp_auto_pc_0_axi_protocol_converter_v2_1_37_axi_protocol_converter/mlp_system_axi_mem_intercon_imp_auto_pc_0_axi_protocol_converter_v2_1_37_axi3_conv/mlp_system_axi_mem_intercon_imp_auto_pc_0_axi_protocol_converter_v2_1_37_a_axi3_conv/mlp_system_axi_mem_intercon_imp_auto_pc_0_axi_data_fifo_v2_1_36_axic_fifo/mlp_system_axi_mem_intercon_imp_auto_pc_0_axi_data_fifo_v2_1_36_fifo_gen/<hidden>/<hidden>/<hidden>/<hidden>/<hidden>/<hidden>
    SLICE_X25Y42         FDPE                                         f  mlp_system_wrapper/mlp_system/mlp_system_axi_mem_intercon_1/s00_couplers_imp_WXI7U5/mlp_system_axi_mem_intercon_imp_auto_pc_0/mlp_system_axi_mem_intercon_imp_auto_pc_0_axi_protocol_converter_v2_1_37_axi_protocol_converter/mlp_system_axi_mem_intercon_imp_auto_pc_0_axi_protocol_converter_v2_1_37_axi3_conv/mlp_system_axi_mem_intercon_imp_auto_pc_0_axi_protocol_converter_v2_1_37_a_axi3_conv/mlp_system_axi_mem_intercon_imp_auto_pc_0_axi_data_fifo_v2_1_36_axic_fifo/mlp_system_axi_mem_intercon_imp_auto_pc_0_axi_data_fifo_v2_1_36_fifo_gen/<hidden>/<hidden>/<hidden>/<hidden>/<hidden>/<hidden>
  -------------------------------------------------------------------    -------------------

                         (clock clk_fpga_0 rise edge)
                                                      0.000     0.000 r  
    PS7_X0Y0             PS7                          0.000     0.000 r  mlp_system_i/processing_system7_0/inst/PS7_i/FCLKCLK[0]
                         net (fo=1, routed)           1.088     1.088    mlp_system_i/processing_system7_0/inst/FCLK_CLK_unbuffered[0]
    BUFGCTRL_X0Y16       BUFG (Prop_bufg_I_O)         0.091     1.179 r  mlp_system_i/processing_system7_0/inst/buffer_fclk_clk_0.FCLK_CLK_0_BUFG/O
                         net (fo=2400, routed)        1.571     2.750    mlp_system_wrapper/mlp_system/mlp_system_axi_mem_intercon_1/s00_couplers_imp_WXI7U5/mlp_system_axi_mem_intercon_imp_auto_pc_0/mlp_system_axi_mem_intercon_imp_auto_pc_0_axi_protocol_converter_v2_1_37_axi_protocol_converter/mlp_system_axi_mem_intercon_imp_auto_pc_0_axi_protocol_converter_v2_1_37_axi3_conv/mlp_system_axi_mem_intercon_imp_auto_pc_0_axi_protocol_converter_v2_1_37_a_axi3_conv/mlp_system_axi_mem_intercon_imp_auto_pc_0_axi_data_fifo_v2_1_36_axic_fifo/mlp_system_axi_mem_intercon_imp_auto_pc_0_axi_data_fifo_v2_1_36_fifo_gen/<hidden>/<hidden>/<hidden>/<hidden>/<hidden>/<hidden>
    SLICE_X25Y42         FDPE                                         r  mlp_system_wrapper/mlp_system/mlp_system_axi_mem_intercon_1/s00_couplers_imp_WXI7U5/mlp_system_axi_mem_intercon_imp_auto_pc_0/mlp_system_axi_mem_intercon_imp_auto_pc_0_axi_protocol_converter_v2_1_37_axi_protocol_converter/mlp_system_axi_mem_intercon_imp_auto_pc_0_axi_protocol_converter_v2_1_37_axi3_conv/mlp_system_axi_mem_intercon_imp_auto_pc_0_axi_protocol_converter_v2_1_37_a_axi3_conv/mlp_system_axi_mem_intercon_imp_auto_pc_0_axi_data_fifo_v2_1_36_axic_fifo/mlp_system_axi_mem_intercon_imp_auto_pc_0_axi_data_fifo_v2_1_36_fifo_gen/<hidden>/<hidden>/<hidden>/<hidden>/<hidden>/<hidden>

Slack:                    inf
  Source:                 mlp_system_i/axi_smc/inst/clk_map/psr_aclk/U0/ACTIVE_LOW_BSR_OUT_DFF[0].FDRE_BSR_N/C
                            (rising edge-triggered cell FDRE clocked by clk_fpga_0  {rise@0.000ns fall@5.000ns period=10.000ns})
  Destination:            mlp_system_i/axi_smc/inst/s00_nodes/s00_b_node/inst/s_sc_xpm_cdc_async_rst_inst/arststages_ff_reg[0]/CLR
                            (recovery check against rising-edge clock clk_fpga_0  {rise@0.000ns fall@5.000ns period=10.000ns})
  Path Group:             (none)
  Path Type:              Recovery (Max at Slow Process Corner)
  Data Path Delay:        3.000ns  (logic 0.610ns (20.332%)  route 2.390ns (79.668%))
  Logic Levels:           1  (LUT1=1)
  Clock Path Skew:        -0.281ns (DCD - SCD + CPR)
    Destination Clock Delay (DCD):    2.658ns
    Source Clock Delay      (SCD):    2.939ns
    Clock Pessimism Removal (CPR):    0.000ns
  Clock Uncertainty:      0.154ns  ((TSJ^2 + TIJ^2)^1/2 + DJ) / 2 + PE
    Total System Jitter     (TSJ):    0.071ns
    Total Input Jitter      (TIJ):    0.300ns
    Discrete Jitter          (DJ):    0.000ns
    Phase Error              (PE):    0.000ns
  Timing Exception:       False Path

    Location             Delay type                Incr(ns)  Path(ns)    Netlist Resource(s)
  -------------------------------------------------------------------    -------------------
                         (clock clk_fpga_0 rise edge)
                                                      0.000     0.000 r  
    PS7_X0Y0             PS7                          0.000     0.000 r  mlp_system_i/processing_system7_0/inst/PS7_i/FCLKCLK[0]
                         net (fo=1, routed)           1.193     1.193    mlp_system_i/processing_system7_0/inst/FCLK_CLK_unbuffered[0]
    BUFGCTRL_X0Y16       BUFG (Prop_bufg_I_O)         0.101     1.294 r  mlp_system_i/processing_system7_0/inst/buffer_fclk_clk_0.FCLK_CLK_0_BUFG/O
                         net (fo=2400, routed)        1.645     2.939    mlp_system_i/axi_smc/inst/clk_map/psr_aclk/U0/aclk
    SLICE_X49Y86         FDRE                                         r  mlp_system_i/axi_smc/inst/clk_map/psr_aclk/U0/ACTIVE_LOW_BSR_OUT_DFF[0].FDRE_BSR_N/C
  -------------------------------------------------------------------    -------------------
    SLICE_X49Y86         FDRE (Prop_fdre_C_Q)         0.456     3.395 r  mlp_system_i/axi_smc/inst/clk_map/psr_aclk/U0/ACTIVE_LOW_BSR_OUT_DFF[0].FDRE_BSR_N/Q
                         net (fo=25, routed)          1.858     5.253    mlp_system_i/axi_smc/inst/s00_nodes/s00_b_node/inst/s_sc_xpm_cdc_async_rst_inst/src_arst
    SLICE_X45Y98         LUT1 (Prop_lut1_I0_O)        0.154     5.407 f  mlp_system_i/axi_smc/inst/s00_nodes/s00_b_node/inst/s_sc_xpm_cdc_async_rst_inst/arststages_ff[2]_i_1/O
                         net (fo=3, routed)           0.532     5.939    mlp_system_i/axi_smc/inst/s00_nodes/s00_b_node/inst/s_sc_xpm_cdc_async_rst_inst/reset_pol
    SLICE_X45Y98         FDCE                                         f  mlp_system_i/axi_smc/inst/s00_nodes/s00_b_node/inst/s_sc_xpm_cdc_async_rst_inst/arststages_ff_reg[0]/CLR
  -------------------------------------------------------------------    -------------------

                         (clock clk_fpga_0 rise edge)
                                                      0.000     0.000 r  
    PS7_X0Y0             PS7                          0.000     0.000 r  mlp_system_i/processing_system7_0/inst/PS7_i/FCLKCLK[0]
                         net (fo=1, routed)           1.088     1.088    mlp_system_i/processing_system7_0/inst/FCLK_CLK_unbuffered[0]
    BUFGCTRL_X0Y16       BUFG (Prop_bufg_I_O)         0.091     1.179 r  mlp_system_i/processing_system7_0/inst/buffer_fclk_clk_0.FCLK_CLK_0_BUFG/O
                         net (fo=2400, routed)        1.479     2.658    mlp_system_i/axi_smc/inst/s00_nodes/s00_b_node/inst/s_sc_xpm_cdc_async_rst_inst/dest_clk
    SLICE_X45Y98         FDCE                                         r  mlp_system_i/axi_smc/inst/s00_nodes/s00_b_node/inst/s_sc_xpm_cdc_async_rst_inst/arststages_ff_reg[0]/C

Slack:                    inf
  Source:                 mlp_system_i/axi_smc/inst/clk_map/psr_aclk/U0/ACTIVE_LOW_BSR_OUT_DFF[0].FDRE_BSR_N/C
                            (rising edge-triggered cell FDRE clocked by clk_fpga_0  {rise@0.000ns fall@5.000ns period=10.000ns})
  Destination:            mlp_system_i/axi_smc/inst/s00_nodes/s00_b_node/inst/s_sc_xpm_cdc_async_rst_inst/arststages_ff_reg[1]/CLR
                            (recovery check against rising-edge clock clk_fpga_0  {rise@0.000ns fall@5.000ns period=10.000ns})
  Path Group:             (none)
  Path Type:              Recovery (Max at Slow Process Corner)
  Data Path Delay:        3.000ns  (logic 0.610ns (20.332%)  route 2.390ns (79.668%))
  Logic Levels:           1  (LUT1=1)
  Clock Path Skew:        -0.281ns (DCD - SCD + CPR)
    Destination Clock Delay (DCD):    2.658ns
    Source Clock Delay      (SCD):    2.939ns
    Clock Pessimism Removal (CPR):    0.000ns
  Clock Uncertainty:      0.154ns  ((TSJ^2 + TIJ^2)^1/2 + DJ) / 2 + PE
    Total System Jitter     (TSJ):    0.071ns
    Total Input Jitter      (TIJ):    0.300ns
    Discrete Jitter          (DJ):    0.000ns
    Phase Error              (PE):    0.000ns
  Timing Exception:       False Path

    Location             Delay type                Incr(ns)  Path(ns)    Netlist Resource(s)
  -------------------------------------------------------------------    -------------------
                         (clock clk_fpga_0 rise edge)
                                                      0.000     0.000 r  
    PS7_X0Y0             PS7                          0.000     0.000 r  mlp_system_i/processing_system7_0/inst/PS7_i/FCLKCLK[0]
                         net (fo=1, routed)           1.193     1.193    mlp_system_i/processing_system7_0/inst/FCLK_CLK_unbuffered[0]
    BUFGCTRL_X0Y16       BUFG (Prop_bufg_I_O)         0.101     1.294 r  mlp_system_i/processing_system7_0/inst/buffer_fclk_clk_0.FCLK_CLK_0_BUFG/O
                         net (fo=2400, routed)        1.645     2.939    mlp_system_i/axi_smc/inst/clk_map/psr_aclk/U0/aclk
    SLICE_X49Y86         FDRE                                         r  mlp_system_i/axi_smc/inst/clk_map/psr_aclk/U0/ACTIVE_LOW_BSR_OUT_DFF[0].FDRE_BSR_N/C
  -------------------------------------------------------------------    -------------------
    SLICE_X49Y86         FDRE (Prop_fdre_C_Q)         0.456     3.395 r  mlp_system_i/axi_smc/inst/clk_map/psr_aclk/U0/ACTIVE_LOW_BSR_OUT_DFF[0].FDRE_BSR_N/Q
                         net (fo=25, routed)          1.858     5.253    mlp_system_i/axi_smc/inst/s00_nodes/s00_b_node/inst/s_sc_xpm_cdc_async_rst_inst/src_arst
    SLICE_X45Y98         LUT1 (Prop_lut1_I0_O)        0.154     5.407 f  mlp_system_i/axi_smc/inst/s00_nodes/s00_b_node/inst/s_sc_xpm_cdc_async_rst_inst/arststages_ff[2]_i_1/O
                         net (fo=3, routed)           0.532     5.939    mlp_system_i/axi_smc/inst/s00_nodes/s00_b_node/inst/s_sc_xpm_cdc_async_rst_inst/reset_pol
    SLICE_X45Y98         FDCE                                         f  mlp_system_i/axi_smc/inst/s00_nodes/s00_b_node/inst/s_sc_xpm_cdc_async_rst_inst/arststages_ff_reg[1]/CLR
  -------------------------------------------------------------------    -------------------

                         (clock clk_fpga_0 rise edge)
                                                      0.000     0.000 r  
    PS7_X0Y0             PS7                          0.000     0.000 r  mlp_system_i/processing_system7_0/inst/PS7_i/FCLKCLK[0]
                         net (fo=1, routed)           1.088     1.088    mlp_system_i/processing_system7_0/inst/FCLK_CLK_unbuffered[0]
    BUFGCTRL_X0Y16       BUFG (Prop_bufg_I_O)         0.091     1.179 r  mlp_system_i/processing_system7_0/inst/buffer_fclk_clk_0.FCLK_CLK_0_BUFG/O
                         net (fo=2400, routed)        1.479     2.658    mlp_system_i/axi_smc/inst/s00_nodes/s00_b_node/inst/s_sc_xpm_cdc_async_rst_inst/dest_clk
    SLICE_X45Y98         FDCE                                         r  mlp_system_i/axi_smc/inst/s00_nodes/s00_b_node/inst/s_sc_xpm_cdc_async_rst_inst/arststages_ff_reg[1]/C

Slack:                    inf
  Source:                 mlp_system_i/axi_smc/inst/clk_map/psr_aclk/U0/ACTIVE_LOW_BSR_OUT_DFF[0].FDRE_BSR_N/C
                            (rising edge-triggered cell FDRE clocked by clk_fpga_0  {rise@0.000ns fall@5.000ns period=10.000ns})
  Destination:            mlp_system_i/axi_smc/inst/s00_nodes/s00_b_node/inst/s_sc_xpm_cdc_async_rst_inst/arststages_ff_reg[2]/CLR
                            (recovery check against rising-edge clock clk_fpga_0  {rise@0.000ns fall@5.000ns period=10.000ns})
  Path Group:             (none)
  Path Type:              Recovery (Max at Slow Process Corner)
  Data Path Delay:        3.000ns  (logic 0.610ns (20.332%)  route 2.390ns (79.668%))
  Logic Levels:           1  (LUT1=1)
  Clock Path Skew:        -0.281ns (DCD - SCD + CPR)
    Destination Clock Delay (DCD):    2.658ns
    Source Clock Delay      (SCD):    2.939ns
    Clock Pessimism Removal (CPR):    0.000ns
  Clock Uncertainty:      0.154ns  ((TSJ^2 + TIJ^2)^1/2 + DJ) / 2 + PE
    Total System Jitter     (TSJ):    0.071ns
    Total Input Jitter      (TIJ):    0.300ns
    Discrete Jitter          (DJ):    0.000ns
    Phase Error              (PE):    0.000ns
  Timing Exception:       False Path

    Location             Delay type                Incr(ns)  Path(ns)    Netlist Resource(s)
  -------------------------------------------------------------------    -------------------
                         (clock clk_fpga_0 rise edge)
                                                      0.000     0.000 r  
    PS7_X0Y0             PS7                          0.000     0.000 r  mlp_system_i/processing_system7_0/inst/PS7_i/FCLKCLK[0]
                         net (fo=1, routed)           1.193     1.193    mlp_system_i/processing_system7_0/inst/FCLK_CLK_unbuffered[0]
    BUFGCTRL_X0Y16       BUFG (Prop_bufg_I_O)         0.101     1.294 r  mlp_system_i/processing_system7_0/inst/buffer_fclk_clk_0.FCLK_CLK_0_BUFG/O
                         net (fo=2400, routed)        1.645     2.939    mlp_system_i/axi_smc/inst/clk_map/psr_aclk/U0/aclk
    SLICE_X49Y86         FDRE                                         r  mlp_system_i/axi_smc/inst/clk_map/psr_aclk/U0/ACTIVE_LOW_BSR_OUT_DFF[0].FDRE_BSR_N/C
  -------------------------------------------------------------------    -------------------
    SLICE_X49Y86         FDRE (Prop_fdre_C_Q)         0.456     3.395 r  mlp_system_i/axi_smc/inst/clk_map/psr_aclk/U0/ACTIVE_LOW_BSR_OUT_DFF[0].FDRE_BSR_N/Q
                         net (fo=25, routed)          1.858     5.253    mlp_system_i/axi_smc/inst/s00_nodes/s00_b_node/inst/s_sc_xpm_cdc_async_rst_inst/src_arst
    SLICE_X45Y98         LUT1 (Prop_lut1_I0_O)        0.154     5.407 f  mlp_system_i/axi_smc/inst/s00_nodes/s00_b_node/inst/s_sc_xpm_cdc_async_rst_inst/arststages_ff[2]_i_1/O
                         net (fo=3, routed)           0.532     5.939    mlp_system_i/axi_smc/inst/s00_nodes/s00_b_node/inst/s_sc_xpm_cdc_async_rst_inst/reset_pol
    SLICE_X45Y98         FDCE                                         f  mlp_system_i/axi_smc/inst/s00_nodes/s00_b_node/inst/s_sc_xpm_cdc_async_rst_inst/arststages_ff_reg[2]/CLR
  -------------------------------------------------------------------    -------------------

                         (clock clk_fpga_0 rise edge)
                                                      0.000     0.000 r  
    PS7_X0Y0             PS7                          0.000     0.000 r  mlp_system_i/processing_system7_0/inst/PS7_i/FCLKCLK[0]
                         net (fo=1, routed)           1.088     1.088    mlp_system_i/processing_system7_0/inst/FCLK_CLK_unbuffered[0]
    BUFGCTRL_X0Y16       BUFG (Prop_bufg_I_O)         0.091     1.179 r  mlp_system_i/processing_system7_0/inst/buffer_fclk_clk_0.FCLK_CLK_0_BUFG/O
                         net (fo=2400, routed)        1.479     2.658    mlp_system_i/axi_smc/inst/s00_nodes/s00_b_node/inst/s_sc_xpm_cdc_async_rst_inst/dest_clk
    SLICE_X45Y98         FDCE                                         r  mlp_system_i/axi_smc/inst/s00_nodes/s00_b_node/inst/s_sc_xpm_cdc_async_rst_inst/arststages_ff_reg[2]/C

Slack:                    inf
  Source:                 mlp_system_i/axi_smc/inst/clk_map/psr_aclk/U0/ACTIVE_LOW_BSR_OUT_DFF[0].FDRE_BSR_N/C
                            (rising edge-triggered cell FDRE clocked by clk_fpga_0  {rise@0.000ns fall@5.000ns period=10.000ns})
  Destination:            mlp_system_i/axi_smc/inst/switchboards/i_nodes/i_w_node/inst/s_sc_xpm_cdc_async_rst_inst/arststages_ff_reg[0]/CLR
                            (recovery check against rising-edge clock clk_fpga_0  {rise@0.000ns fall@5.000ns period=10.000ns})
  Path Group:             (none)
  Path Type:              Recovery (Max at Slow Process Corner)
  Data Path Delay:        2.838ns  (logic 0.610ns (21.494%)  route 2.228ns (78.506%))
  Logic Levels:           1  (LUT1=1)
  Clock Path Skew:        -0.282ns (DCD - SCD + CPR)
    Destination Clock Delay (DCD):    2.657ns
    Source Clock Delay      (SCD):    2.939ns
    Clock Pessimism Removal (CPR):    0.000ns
  Clock Uncertainty:      0.154ns  ((TSJ^2 + TIJ^2)^1/2 + DJ) / 2 + PE
    Total System Jitter     (TSJ):    0.071ns
    Total Input Jitter      (TIJ):    0.300ns
    Discrete Jitter          (DJ):    0.000ns
    Phase Error              (PE):    0.000ns
  Timing Exception:       False Path

    Location             Delay type                Incr(ns)  Path(ns)    Netlist Resource(s)
  -------------------------------------------------------------------    -------------------
                         (clock clk_fpga_0 rise edge)
                                                      0.000     0.000 r  
    PS7_X0Y0             PS7                          0.000     0.000 r  mlp_system_i/processing_system7_0/inst/PS7_i/FCLKCLK[0]
                         net (fo=1, routed)           1.193     1.193    mlp_system_i/processing_system7_0/inst/FCLK_CLK_unbuffered[0]
    BUFGCTRL_X0Y16       BUFG (Prop_bufg_I_O)         0.101     1.294 r  mlp_system_i/processing_system7_0/inst/buffer_fclk_clk_0.FCLK_CLK_0_BUFG/O
                         net (fo=2400, routed)        1.645     2.939    mlp_system_i/axi_smc/inst/clk_map/psr_aclk/U0/aclk
    SLICE_X49Y86         FDRE                                         r  mlp_system_i/axi_smc/inst/clk_map/psr_aclk/U0/ACTIVE_LOW_BSR_OUT_DFF[0].FDRE_BSR_N/C
  -------------------------------------------------------------------    -------------------
    SLICE_X49Y86         FDRE (Prop_fdre_C_Q)         0.456     3.395 r  mlp_system_i/axi_smc/inst/clk_map/psr_aclk/U0/ACTIVE_LOW_BSR_OUT_DFF[0].FDRE_BSR_N/Q
                         net (fo=25, routed)          1.586     4.981    mlp_system_i/axi_smc/inst/switchboards/i_nodes/i_w_node/inst/s_sc_xpm_cdc_async_rst_inst/src_arst
    SLICE_X44Y95         LUT1 (Prop_lut1_I0_O)        0.154     5.135 f  mlp_system_i/axi_smc/inst/switchboards/i_nodes/i_w_node/inst/s_sc_xpm_cdc_async_rst_inst/arststages_ff[2]_i_1/O
                         net (fo=3, routed)           0.642     5.777    mlp_system_i/axi_smc/inst/switchboards/i_nodes/i_w_node/inst/s_sc_xpm_cdc_async_rst_inst/reset_pol
    SLICE_X44Y95         FDCE                                         f  mlp_system_i/axi_smc/inst/switchboards/i_nodes/i_w_node/inst/s_sc_xpm_cdc_async_rst_inst/arststages_ff_reg[0]/CLR
  -------------------------------------------------------------------    -------------------

                         (clock clk_fpga_0 rise edge)
                                                      0.000     0.000 r  
    PS7_X0Y0             PS7                          0.000     0.000 r  mlp_system_i/processing_system7_0/inst/PS7_i/FCLKCLK[0]
                         net (fo=1, routed)           1.088     1.088    mlp_system_i/processing_system7_0/inst/FCLK_CLK_unbuffered[0]
    BUFGCTRL_X0Y16       BUFG (Prop_bufg_I_O)         0.091     1.179 r  mlp_system_i/processing_system7_0/inst/buffer_fclk_clk_0.FCLK_CLK_0_BUFG/O
                         net (fo=2400, routed)        1.478     2.657    mlp_system_i/axi_smc/inst/switchboards/i_nodes/i_w_node/inst/s_sc_xpm_cdc_async_rst_inst/dest_clk
    SLICE_X44Y95         FDCE                                         r  mlp_system_i/axi_smc/inst/switchboards/i_nodes/i_w_node/inst/s_sc_xpm_cdc_async_rst_inst/arststages_ff_reg[0]/C

Slack:                    inf
  Source:                 mlp_system_i/axi_smc/inst/clk_map/psr_aclk/U0/ACTIVE_LOW_BSR_OUT_DFF[0].FDRE_BSR_N/C
                            (rising edge-triggered cell FDRE clocked by clk_fpga_0  {rise@0.000ns fall@5.000ns period=10.000ns})
  Destination:            mlp_system_i/axi_smc/inst/switchboards/i_nodes/i_w_node/inst/s_sc_xpm_cdc_async_rst_inst/arststages_ff_reg[1]/CLR
                            (recovery check against rising-edge clock clk_fpga_0  {rise@0.000ns fall@5.000ns period=10.000ns})
  Path Group:             (none)
  Path Type:              Recovery (Max at Slow Process Corner)
  Data Path Delay:        2.838ns  (logic 0.610ns (21.494%)  route 2.228ns (78.506%))
  Logic Levels:           1  (LUT1=1)
  Clock Path Skew:        -0.282ns (DCD - SCD + CPR)
    Destination Clock Delay (DCD):    2.657ns
    Source Clock Delay      (SCD):    2.939ns
    Clock Pessimism Removal (CPR):    0.000ns
  Clock Uncertainty:      0.154ns  ((TSJ^2 + TIJ^2)^1/2 + DJ) / 2 + PE
    Total System Jitter     (TSJ):    0.071ns
    Total Input Jitter      (TIJ):    0.300ns
    Discrete Jitter          (DJ):    0.000ns
    Phase Error              (PE):    0.000ns
  Timing Exception:       False Path

    Location             Delay type                Incr(ns)  Path(ns)    Netlist Resource(s)
  -------------------------------------------------------------------    -------------------
                         (clock clk_fpga_0 rise edge)
                                                      0.000     0.000 r  
    PS7_X0Y0             PS7                          0.000     0.000 r  mlp_system_i/processing_system7_0/inst/PS7_i/FCLKCLK[0]
                         net (fo=1, routed)           1.193     1.193    mlp_system_i/processing_system7_0/inst/FCLK_CLK_unbuffered[0]
    BUFGCTRL_X0Y16       BUFG (Prop_bufg_I_O)         0.101     1.294 r  mlp_system_i/processing_system7_0/inst/buffer_fclk_clk_0.FCLK_CLK_0_BUFG/O
                         net (fo=2400, routed)        1.645     2.939    mlp_system_i/axi_smc/inst/clk_map/psr_aclk/U0/aclk
    SLICE_X49Y86         FDRE                                         r  mlp_system_i/axi_smc/inst/clk_map/psr_aclk/U0/ACTIVE_LOW_BSR_OUT_DFF[0].FDRE_BSR_N/C
  -------------------------------------------------------------------    -------------------
    SLICE_X49Y86         FDRE (Prop_fdre_C_Q)         0.456     3.395 r  mlp_system_i/axi_smc/inst/clk_map/psr_aclk/U0/ACTIVE_LOW_BSR_OUT_DFF[0].FDRE_BSR_N/Q
                         net (fo=25, routed)          1.586     4.981    mlp_system_i/axi_smc/inst/switchboards/i_nodes/i_w_node/inst/s_sc_xpm_cdc_async_rst_inst/src_arst
    SLICE_X44Y95         LUT1 (Prop_lut1_I0_O)        0.154     5.135 f  mlp_system_i/axi_smc/inst/switchboards/i_nodes/i_w_node/inst/s_sc_xpm_cdc_async_rst_inst/arststages_ff[2]_i_1/O
                         net (fo=3, routed)           0.642     5.777    mlp_system_i/axi_smc/inst/switchboards/i_nodes/i_w_node/inst/s_sc_xpm_cdc_async_rst_inst/reset_pol
    SLICE_X44Y95         FDCE                                         f  mlp_system_i/axi_smc/inst/switchboards/i_nodes/i_w_node/inst/s_sc_xpm_cdc_async_rst_inst/arststages_ff_reg[1]/CLR
  -------------------------------------------------------------------    -------------------

                         (clock clk_fpga_0 rise edge)
                                                      0.000     0.000 r  
    PS7_X0Y0             PS7                          0.000     0.000 r  mlp_system_i/processing_system7_0/inst/PS7_i/FCLKCLK[0]
                         net (fo=1, routed)           1.088     1.088    mlp_system_i/processing_system7_0/inst/FCLK_CLK_unbuffered[0]
    BUFGCTRL_X0Y16       BUFG (Prop_bufg_I_O)         0.091     1.179 r  mlp_system_i/processing_system7_0/inst/buffer_fclk_clk_0.FCLK_CLK_0_BUFG/O
                         net (fo=2400, routed)        1.478     2.657    mlp_system_i/axi_smc/inst/switchboards/i_nodes/i_w_node/inst/s_sc_xpm_cdc_async_rst_inst/dest_clk
    SLICE_X44Y95         FDCE                                         r  mlp_system_i/axi_smc/inst/switchboards/i_nodes/i_w_node/inst/s_sc_xpm_cdc_async_rst_inst/arststages_ff_reg[1]/C

Slack:                    inf
  Source:                 mlp_system_i/axi_smc/inst/clk_map/psr_aclk/U0/ACTIVE_LOW_BSR_OUT_DFF[0].FDRE_BSR_N/C
                            (rising edge-triggered cell FDRE clocked by clk_fpga_0  {rise@0.000ns fall@5.000ns period=10.000ns})
  Destination:            mlp_system_i/axi_smc/inst/switchboards/i_nodes/i_w_node/inst/s_sc_xpm_cdc_async_rst_inst/arststages_ff_reg[2]/CLR
                            (recovery check against rising-edge clock clk_fpga_0  {rise@0.000ns fall@5.000ns period=10.000ns})
  Path Group:             (none)
  Path Type:              Recovery (Max at Slow Process Corner)
  Data Path Delay:        2.838ns  (logic 0.610ns (21.494%)  route 2.228ns (78.506%))
  Logic Levels:           1  (LUT1=1)
  Clock Path Skew:        -0.282ns (DCD - SCD + CPR)
    Destination Clock Delay (DCD):    2.657ns
    Source Clock Delay      (SCD):    2.939ns
    Clock Pessimism Removal (CPR):    0.000ns
  Clock Uncertainty:      0.154ns  ((TSJ^2 + TIJ^2)^1/2 + DJ) / 2 + PE
    Total System Jitter     (TSJ):    0.071ns
    Total Input Jitter      (TIJ):    0.300ns
    Discrete Jitter          (DJ):    0.000ns
    Phase Error              (PE):    0.000ns
  Timing Exception:       False Path

    Location             Delay type                Incr(ns)  Path(ns)    Netlist Resource(s)
  -------------------------------------------------------------------    -------------------
                         (clock clk_fpga_0 rise edge)
                                                      0.000     0.000 r  
    PS7_X0Y0             PS7                          0.000     0.000 r  mlp_system_i/processing_system7_0/inst/PS7_i/FCLKCLK[0]
                         net (fo=1, routed)           1.193     1.193    mlp_system_i/processing_system7_0/inst/FCLK_CLK_unbuffered[0]
    BUFGCTRL_X0Y16       BUFG (Prop_bufg_I_O)         0.101     1.294 r  mlp_system_i/processing_system7_0/inst/buffer_fclk_clk_0.FCLK_CLK_0_BUFG/O
                         net (fo=2400, routed)        1.645     2.939    mlp_system_i/axi_smc/inst/clk_map/psr_aclk/U0/aclk
    SLICE_X49Y86         FDRE                                         r  mlp_system_i/axi_smc/inst/clk_map/psr_aclk/U0/ACTIVE_LOW_BSR_OUT_DFF[0].FDRE_BSR_N/C
  -------------------------------------------------------------------    -------------------
    SLICE_X49Y86         FDRE (Prop_fdre_C_Q)         0.456     3.395 r  mlp_system_i/axi_smc/inst/clk_map/psr_aclk/U0/ACTIVE_LOW_BSR_OUT_DFF[0].FDRE_BSR_N/Q
                         net (fo=25, routed)          1.586     4.981    mlp_system_i/axi_smc/inst/switchboards/i_nodes/i_w_node/inst/s_sc_xpm_cdc_async_rst_inst/src_arst
    SLICE_X44Y95         LUT1 (Prop_lut1_I0_O)        0.154     5.135 f  mlp_system_i/axi_smc/inst/switchboards/i_nodes/i_w_node/inst/s_sc_xpm_cdc_async_rst_inst/arststages_ff[2]_i_1/O
                         net (fo=3, routed)           0.642     5.777    mlp_system_i/axi_smc/inst/switchboards/i_nodes/i_w_node/inst/s_sc_xpm_cdc_async_rst_inst/reset_pol
    SLICE_X44Y95         FDCE                                         f  mlp_system_i/axi_smc/inst/switchboards/i_nodes/i_w_node/inst/s_sc_xpm_cdc_async_rst_inst/arststages_ff_reg[2]/CLR
  -------------------------------------------------------------------    -------------------

                         (clock clk_fpga_0 rise edge)
                                                      0.000     0.000 r  
    PS7_X0Y0             PS7                          0.000     0.000 r  mlp_system_i/processing_system7_0/inst/PS7_i/FCLKCLK[0]
                         net (fo=1, routed)           1.088     1.088    mlp_system_i/processing_system7_0/inst/FCLK_CLK_unbuffered[0]
    BUFGCTRL_X0Y16       BUFG (Prop_bufg_I_O)         0.091     1.179 r  mlp_system_i/processing_system7_0/inst/buffer_fclk_clk_0.FCLK_CLK_0_BUFG/O
                         net (fo=2400, routed)        1.478     2.657    mlp_system_i/axi_smc/inst/switchboards/i_nodes/i_w_node/inst/s_sc_xpm_cdc_async_rst_inst/dest_clk
    SLICE_X44Y95         FDCE                                         r  mlp_system_i/axi_smc/inst/switchboards/i_nodes/i_w_node/inst/s_sc_xpm_cdc_async_rst_inst/arststages_ff_reg[2]/C

Slack:                    inf
  Source:                 mlp_system_i/axi_smc/inst/clk_map/psr_aclk/U0/ACTIVE_LOW_BSR_OUT_DFF[0].FDRE_BSR_N/C
                            (rising edge-triggered cell FDRE clocked by clk_fpga_0  {rise@0.000ns fall@5.000ns period=10.000ns})
  Destination:            mlp_system_i/axi_smc/inst/s00_nodes/s00_aw_node/inst/s_sc_xpm_cdc_async_rst_inst/arststages_ff_reg[0]/CLR
                            (recovery check against rising-edge clock clk_fpga_0  {rise@0.000ns fall@5.000ns period=10.000ns})
  Path Group:             (none)
  Path Type:              Recovery (Max at Slow Process Corner)
  Data Path Delay:        2.778ns  (logic 0.580ns (20.877%)  route 2.198ns (79.123%))
  Logic Levels:           1  (LUT1=1)
  Clock Path Skew:        -0.281ns (DCD - SCD + CPR)
    Destination Clock Delay (DCD):    2.658ns
    Source Clock Delay      (SCD):    2.939ns
    Clock Pessimism Removal (CPR):    0.000ns
  Clock Uncertainty:      0.154ns  ((TSJ^2 + TIJ^2)^1/2 + DJ) / 2 + PE
    Total System Jitter     (TSJ):    0.071ns
    Total Input Jitter      (TIJ):    0.300ns
    Discrete Jitter          (DJ):    0.000ns
    Phase Error              (PE):    0.000ns
  Timing Exception:       False Path

    Location             Delay type                Incr(ns)  Path(ns)    Netlist Resource(s)
  -------------------------------------------------------------------    -------------------
                         (clock clk_fpga_0 rise edge)
                                                      0.000     0.000 r  
    PS7_X0Y0             PS7                          0.000     0.000 r  mlp_system_i/processing_system7_0/inst/PS7_i/FCLKCLK[0]
                         net (fo=1, routed)           1.193     1.193    mlp_system_i/processing_system7_0/inst/FCLK_CLK_unbuffered[0]
    BUFGCTRL_X0Y16       BUFG (Prop_bufg_I_O)         0.101     1.294 r  mlp_system_i/processing_system7_0/inst/buffer_fclk_clk_0.FCLK_CLK_0_BUFG/O
                         net (fo=2400, routed)        1.645     2.939    mlp_system_i/axi_smc/inst/clk_map/psr_aclk/U0/aclk
    SLICE_X49Y86         FDRE                                         r  mlp_system_i/axi_smc/inst/clk_map/psr_aclk/U0/ACTIVE_LOW_BSR_OUT_DFF[0].FDRE_BSR_N/C
  -------------------------------------------------------------------    -------------------
    SLICE_X49Y86         FDRE (Prop_fdre_C_Q)         0.456     3.395 r  mlp_system_i/axi_smc/inst/clk_map/psr_aclk/U0/ACTIVE_LOW_BSR_OUT_DFF[0].FDRE_BSR_N/Q
                         net (fo=25, routed)          1.858     5.253    mlp_system_i/axi_smc/inst/s00_nodes/s00_aw_node/inst/s_sc_xpm_cdc_async_rst_inst/src_arst
    SLICE_X45Y98         LUT1 (Prop_lut1_I0_O)        0.124     5.377 f  mlp_system_i/axi_smc/inst/s00_nodes/s00_aw_node/inst/s_sc_xpm_cdc_async_rst_inst/arststages_ff[2]_i_1/O
                         net (fo=3, routed)           0.340     5.717    mlp_system_i/axi_smc/inst/s00_nodes/s00_aw_node/inst/s_sc_xpm_cdc_async_rst_inst/reset_pol
    SLICE_X45Y99         FDCE                                         f  mlp_system_i/axi_smc/inst/s00_nodes/s00_aw_node/inst/s_sc_xpm_cdc_async_rst_inst/arststages_ff_reg[0]/CLR
  -------------------------------------------------------------------    -------------------

                         (clock clk_fpga_0 rise edge)
                                                      0.000     0.000 r  
    PS7_X0Y0             PS7                          0.000     0.000 r  mlp_system_i/processing_system7_0/inst/PS7_i/FCLKCLK[0]
                         net (fo=1, routed)           1.088     1.088    mlp_system_i/processing_system7_0/inst/FCLK_CLK_unbuffered[0]
    BUFGCTRL_X0Y16       BUFG (Prop_bufg_I_O)         0.091     1.179 r  mlp_system_i/processing_system7_0/inst/buffer_fclk_clk_0.FCLK_CLK_0_BUFG/O
                         net (fo=2400, routed)        1.479     2.658    mlp_system_i/axi_smc/inst/s00_nodes/s00_aw_node/inst/s_sc_xpm_cdc_async_rst_inst/dest_clk
    SLICE_X45Y99         FDCE                                         r  mlp_system_i/axi_smc/inst/s00_nodes/s00_aw_node/inst/s_sc_xpm_cdc_async_rst_inst/arststages_ff_reg[0]/C

Slack:                    inf
  Source:                 mlp_system_i/axi_smc/inst/clk_map/psr_aclk/U0/ACTIVE_LOW_BSR_OUT_DFF[0].FDRE_BSR_N/C
                            (rising edge-triggered cell FDRE clocked by clk_fpga_0  {rise@0.000ns fall@5.000ns period=10.000ns})
  Destination:            mlp_system_i/axi_smc/inst/s00_nodes/s00_aw_node/inst/s_sc_xpm_cdc_async_rst_inst/arststages_ff_reg[1]/CLR
                            (recovery check against rising-edge clock clk_fpga_0  {rise@0.000ns fall@5.000ns period=10.000ns})
  Path Group:             (none)
  Path Type:              Recovery (Max at Slow Process Corner)
  Data Path Delay:        2.778ns  (logic 0.580ns (20.877%)  route 2.198ns (79.123%))
  Logic Levels:           1  (LUT1=1)
  Clock Path Skew:        -0.281ns (DCD - SCD + CPR)
    Destination Clock Delay (DCD):    2.658ns
    Source Clock Delay      (SCD):    2.939ns
    Clock Pessimism Removal (CPR):    0.000ns
  Clock Uncertainty:      0.154ns  ((TSJ^2 + TIJ^2)^1/2 + DJ) / 2 + PE
    Total System Jitter     (TSJ):    0.071ns
    Total Input Jitter      (TIJ):    0.300ns
    Discrete Jitter          (DJ):    0.000ns
    Phase Error              (PE):    0.000ns
  Timing Exception:       False Path

    Location             Delay type                Incr(ns)  Path(ns)    Netlist Resource(s)
  -------------------------------------------------------------------    -------------------
                         (clock clk_fpga_0 rise edge)
                                                      0.000     0.000 r  
    PS7_X0Y0             PS7                          0.000     0.000 r  mlp_system_i/processing_system7_0/inst/PS7_i/FCLKCLK[0]
                         net (fo=1, routed)           1.193     1.193    mlp_system_i/processing_system7_0/inst/FCLK_CLK_unbuffered[0]
    BUFGCTRL_X0Y16       BUFG (Prop_bufg_I_O)         0.101     1.294 r  mlp_system_i/processing_system7_0/inst/buffer_fclk_clk_0.FCLK_CLK_0_BUFG/O
                         net (fo=2400, routed)        1.645     2.939    mlp_system_i/axi_smc/inst/clk_map/psr_aclk/U0/aclk
    SLICE_X49Y86         FDRE                                         r  mlp_system_i/axi_smc/inst/clk_map/psr_aclk/U0/ACTIVE_LOW_BSR_OUT_DFF[0].FDRE_BSR_N/C
  -------------------------------------------------------------------    -------------------
    SLICE_X49Y86         FDRE (Prop_fdre_C_Q)         0.456     3.395 r  mlp_system_i/axi_smc/inst/clk_map/psr_aclk/U0/ACTIVE_LOW_BSR_OUT_DFF[0].FDRE_BSR_N/Q
                         net (fo=25, routed)          1.858     5.253    mlp_system_i/axi_smc/inst/s00_nodes/s00_aw_node/inst/s_sc_xpm_cdc_async_rst_inst/src_arst
    SLICE_X45Y98         LUT1 (Prop_lut1_I0_O)        0.124     5.377 f  mlp_system_i/axi_smc/inst/s00_nodes/s00_aw_node/inst/s_sc_xpm_cdc_async_rst_inst/arststages_ff[2]_i_1/O
                         net (fo=3, routed)           0.340     5.717    mlp_system_i/axi_smc/inst/s00_nodes/s00_aw_node/inst/s_sc_xpm_cdc_async_rst_inst/reset_pol
    SLICE_X45Y99         FDCE                                         f  mlp_system_i/axi_smc/inst/s00_nodes/s00_aw_node/inst/s_sc_xpm_cdc_async_rst_inst/arststages_ff_reg[1]/CLR
  -------------------------------------------------------------------    -------------------

                         (clock clk_fpga_0 rise edge)
                                                      0.000     0.000 r  
    PS7_X0Y0             PS7                          0.000     0.000 r  mlp_system_i/processing_system7_0/inst/PS7_i/FCLKCLK[0]
                         net (fo=1, routed)           1.088     1.088    mlp_system_i/processing_system7_0/inst/FCLK_CLK_unbuffered[0]
    BUFGCTRL_X0Y16       BUFG (Prop_bufg_I_O)         0.091     1.179 r  mlp_system_i/processing_system7_0/inst/buffer_fclk_clk_0.FCLK_CLK_0_BUFG/O
                         net (fo=2400, routed)        1.479     2.658    mlp_system_i/axi_smc/inst/s00_nodes/s00_aw_node/inst/s_sc_xpm_cdc_async_rst_inst/dest_clk
    SLICE_X45Y99         FDCE                                         r  mlp_system_i/axi_smc/inst/s00_nodes/s00_aw_node/inst/s_sc_xpm_cdc_async_rst_inst/arststages_ff_reg[1]/C





Min Delay Paths
--------------------------------------------------------------------------------------
Slack:                    inf
  Source:                 mlp_system_i/axi_smc/inst/clk_map/psr_aclk/U0/ACTIVE_LOW_BSR_OUT_DFF[0].FDRE_BSR_N/C
                            (rising edge-triggered cell FDRE clocked by clk_fpga_0  {rise@0.000ns fall@5.000ns period=10.000ns})
  Destination:            mlp_system_i/axi_smc/inst/m01_exit_pipeline/m01_exit/inst/xpm_cdc_async_rst_inst/arststages_ff_reg[0]/CLR
                            (removal check against rising-edge clock clk_fpga_0  {rise@0.000ns fall@5.000ns period=10.000ns})
  Path Group:             (none)
  Path Type:              Removal (Min at Fast Process Corner)
  Data Path Delay:        0.535ns  (logic 0.186ns (34.797%)  route 0.349ns (65.203%))
  Logic Levels:           1  (LUT1=1)
  Clock Path Skew:        0.301ns (DCD - SCD - CPR)
    Destination Clock Delay (DCD):    1.188ns
    Source Clock Delay      (SCD):    0.887ns
    Clock Pessimism Removal (CPR):    -0.000ns
  Clock Uncertainty:      0.154ns  ((TSJ^2 + TIJ^2)^1/2 + DJ) / 2 + PE
    Total System Jitter     (TSJ):    0.071ns
    Total Input Jitter      (TIJ):    0.300ns
    Discrete Jitter          (DJ):    0.000ns
    Phase Error              (PE):    0.000ns
  Timing Exception:       False Path

    Location             Delay type                Incr(ns)  Path(ns)    Netlist Resource(s)
  -------------------------------------------------------------------    -------------------
                         (clock clk_fpga_0 rise edge)
                                                      0.000     0.000 r  
    PS7_X0Y0             PS7                          0.000     0.000 r  mlp_system_i/processing_system7_0/inst/PS7_i/FCLKCLK[0]
                         net (fo=1, routed)           0.310     0.310    mlp_system_i/processing_system7_0/inst/FCLK_CLK_unbuffered[0]
    BUFGCTRL_X0Y16       BUFG (Prop_bufg_I_O)         0.026     0.336 r  mlp_system_i/processing_system7_0/inst/buffer_fclk_clk_0.FCLK_CLK_0_BUFG/O
                         net (fo=2400, routed)        0.551     0.887    mlp_system_i/axi_smc/inst/clk_map/psr_aclk/U0/aclk
    SLICE_X49Y86         FDRE                                         r  mlp_system_i/axi_smc/inst/clk_map/psr_aclk/U0/ACTIVE_LOW_BSR_OUT_DFF[0].FDRE_BSR_N/C
  -------------------------------------------------------------------    -------------------
    SLICE_X49Y86         FDRE (Prop_fdre_C_Q)         0.141     1.028 r  mlp_system_i/axi_smc/inst/clk_map/psr_aclk/U0/ACTIVE_LOW_BSR_OUT_DFF[0].FDRE_BSR_N/Q
                         net (fo=25, routed)          0.233     1.260    mlp_system_i/axi_smc/inst/m01_exit_pipeline/m01_exit/inst/xpm_cdc_async_rst_inst/src_arst
    SLICE_X47Y87         LUT1 (Prop_lut1_I0_O)        0.045     1.305 f  mlp_system_i/axi_smc/inst/m01_exit_pipeline/m01_exit/inst/xpm_cdc_async_rst_inst/arststages_ff[2]_i_1/O
                         net (fo=3, routed)           0.116     1.421    mlp_system_i/axi_smc/inst/m01_exit_pipeline/m01_exit/inst/xpm_cdc_async_rst_inst/reset_pol
    SLICE_X47Y88         FDCE                                         f  mlp_system_i/axi_smc/inst/m01_exit_pipeline/m01_exit/inst/xpm_cdc_async_rst_inst/arststages_ff_reg[0]/CLR
  -------------------------------------------------------------------    -------------------

                         (clock clk_fpga_0 rise edge)
                                                      0.000     0.000 r  
    PS7_X0Y0             PS7                          0.000     0.000 r  mlp_system_i/processing_system7_0/inst/PS7_i/FCLKCLK[0]
                         net (fo=1, routed)           0.337     0.337    mlp_system_i/processing_system7_0/inst/FCLK_CLK_unbuffered[0]
    BUFGCTRL_X0Y16       BUFG (Prop_bufg_I_O)         0.029     0.366 r  mlp_system_i/processing_system7_0/inst/buffer_fclk_clk_0.FCLK_CLK_0_BUFG/O
                         net (fo=2400, routed)        0.822     1.188    mlp_system_i/axi_smc/inst/m01_exit_pipeline/m01_exit/inst/xpm_cdc_async_rst_inst/dest_clk
    SLICE_X47Y88         FDCE                                         r  mlp_system_i/axi_smc/inst/m01_exit_pipeline/m01_exit/inst/xpm_cdc_async_rst_inst/arststages_ff_reg[0]/C

Slack:                    inf
  Source:                 mlp_system_i/axi_smc/inst/clk_map/psr_aclk/U0/ACTIVE_LOW_BSR_OUT_DFF[0].FDRE_BSR_N/C
                            (rising edge-triggered cell FDRE clocked by clk_fpga_0  {rise@0.000ns fall@5.000ns period=10.000ns})
  Destination:            mlp_system_i/axi_smc/inst/m01_exit_pipeline/m01_exit/inst/xpm_cdc_async_rst_inst/arststages_ff_reg[1]/CLR
                            (removal check against rising-edge clock clk_fpga_0  {rise@0.000ns fall@5.000ns period=10.000ns})
  Path Group:             (none)
  Path Type:              Removal (Min at Fast Process Corner)
  Data Path Delay:        0.535ns  (logic 0.186ns (34.797%)  route 0.349ns (65.203%))
  Logic Levels:           1  (LUT1=1)
  Clock Path Skew:        0.301ns (DCD - SCD - CPR)
    Destination Clock Delay (DCD):    1.188ns
    Source Clock Delay      (SCD):    0.887ns
    Clock Pessimism Removal (CPR):    -0.000ns
  Clock Uncertainty:      0.154ns  ((TSJ^2 + TIJ^2)^1/2 + DJ) / 2 + PE
    Total System Jitter     (TSJ):    0.071ns
    Total Input Jitter      (TIJ):    0.300ns
    Discrete Jitter          (DJ):    0.000ns
    Phase Error              (PE):    0.000ns
  Timing Exception:       False Path

    Location             Delay type                Incr(ns)  Path(ns)    Netlist Resource(s)
  -------------------------------------------------------------------    -------------------
                         (clock clk_fpga_0 rise edge)
                                                      0.000     0.000 r  
    PS7_X0Y0             PS7                          0.000     0.000 r  mlp_system_i/processing_system7_0/inst/PS7_i/FCLKCLK[0]
                         net (fo=1, routed)           0.310     0.310    mlp_system_i/processing_system7_0/inst/FCLK_CLK_unbuffered[0]
    BUFGCTRL_X0Y16       BUFG (Prop_bufg_I_O)         0.026     0.336 r  mlp_system_i/processing_system7_0/inst/buffer_fclk_clk_0.FCLK_CLK_0_BUFG/O
                         net (fo=2400, routed)        0.551     0.887    mlp_system_i/axi_smc/inst/clk_map/psr_aclk/U0/aclk
    SLICE_X49Y86         FDRE                                         r  mlp_system_i/axi_smc/inst/clk_map/psr_aclk/U0/ACTIVE_LOW_BSR_OUT_DFF[0].FDRE_BSR_N/C
  -------------------------------------------------------------------    -------------------
    SLICE_X49Y86         FDRE (Prop_fdre_C_Q)         0.141     1.028 r  mlp_system_i/axi_smc/inst/clk_map/psr_aclk/U0/ACTIVE_LOW_BSR_OUT_DFF[0].FDRE_BSR_N/Q
                         net (fo=25, routed)          0.233     1.260    mlp_system_i/axi_smc/inst/m01_exit_pipeline/m01_exit/inst/xpm_cdc_async_rst_inst/src_arst
    SLICE_X47Y87         LUT1 (Prop_lut1_I0_O)        0.045     1.305 f  mlp_system_i/axi_smc/inst/m01_exit_pipeline/m01_exit/inst/xpm_cdc_async_rst_inst/arststages_ff[2]_i_1/O
                         net (fo=3, routed)           0.116     1.421    mlp_system_i/axi_smc/inst/m01_exit_pipeline/m01_exit/inst/xpm_cdc_async_rst_inst/reset_pol
    SLICE_X47Y88         FDCE                                         f  mlp_system_i/axi_smc/inst/m01_exit_pipeline/m01_exit/inst/xpm_cdc_async_rst_inst/arststages_ff_reg[1]/CLR
  -------------------------------------------------------------------    -------------------

                         (clock clk_fpga_0 rise edge)
                                                      0.000     0.000 r  
    PS7_X0Y0             PS7                          0.000     0.000 r  mlp_system_i/processing_system7_0/inst/PS7_i/FCLKCLK[0]
                         net (fo=1, routed)           0.337     0.337    mlp_system_i/processing_system7_0/inst/FCLK_CLK_unbuffered[0]
    BUFGCTRL_X0Y16       BUFG (Prop_bufg_I_O)         0.029     0.366 r  mlp_system_i/processing_system7_0/inst/buffer_fclk_clk_0.FCLK_CLK_0_BUFG/O
                         net (fo=2400, routed)        0.822     1.188    mlp_system_i/axi_smc/inst/m01_exit_pipeline/m01_exit/inst/xpm_cdc_async_rst_inst/dest_clk
    SLICE_X47Y88         FDCE                                         r  mlp_system_i/axi_smc/inst/m01_exit_pipeline/m01_exit/inst/xpm_cdc_async_rst_inst/arststages_ff_reg[1]/C

Slack:                    inf
  Source:                 mlp_system_i/axi_smc/inst/clk_map/psr_aclk/U0/ACTIVE_LOW_BSR_OUT_DFF[0].FDRE_BSR_N/C
                            (rising edge-triggered cell FDRE clocked by clk_fpga_0  {rise@0.000ns fall@5.000ns period=10.000ns})
  Destination:            mlp_system_i/axi_smc/inst/m01_exit_pipeline/m01_exit/inst/xpm_cdc_async_rst_inst/arststages_ff_reg[2]/CLR
                            (removal check against rising-edge clock clk_fpga_0  {rise@0.000ns fall@5.000ns period=10.000ns})
  Path Group:             (none)
  Path Type:              Removal (Min at Fast Process Corner)
  Data Path Delay:        0.535ns  (logic 0.186ns (34.797%)  route 0.349ns (65.203%))
  Logic Levels:           1  (LUT1=1)
  Clock Path Skew:        0.301ns (DCD - SCD - CPR)
    Destination Clock Delay (DCD):    1.188ns
    Source Clock Delay      (SCD):    0.887ns
    Clock Pessimism Removal (CPR):    -0.000ns
  Clock Uncertainty:      0.154ns  ((TSJ^2 + TIJ^2)^1/2 + DJ) / 2 + PE
    Total System Jitter     (TSJ):    0.071ns
    Total Input Jitter      (TIJ):    0.300ns
    Discrete Jitter          (DJ):    0.000ns
    Phase Error              (PE):    0.000ns
  Timing Exception:       False Path

    Location             Delay type                Incr(ns)  Path(ns)    Netlist Resource(s)
  -------------------------------------------------------------------    -------------------
                         (clock clk_fpga_0 rise edge)
                                                      0.000     0.000 r  
    PS7_X0Y0             PS7                          0.000     0.000 r  mlp_system_i/processing_system7_0/inst/PS7_i/FCLKCLK[0]
                         net (fo=1, routed)           0.310     0.310    mlp_system_i/processing_system7_0/inst/FCLK_CLK_unbuffered[0]
    BUFGCTRL_X0Y16       BUFG (Prop_bufg_I_O)         0.026     0.336 r  mlp_system_i/processing_system7_0/inst/buffer_fclk_clk_0.FCLK_CLK_0_BUFG/O
                         net (fo=2400, routed)        0.551     0.887    mlp_system_i/axi_smc/inst/clk_map/psr_aclk/U0/aclk
    SLICE_X49Y86         FDRE                                         r  mlp_system_i/axi_smc/inst/clk_map/psr_aclk/U0/ACTIVE_LOW_BSR_OUT_DFF[0].FDRE_BSR_N/C
  -------------------------------------------------------------------    -------------------
    SLICE_X49Y86         FDRE (Prop_fdre_C_Q)         0.141     1.028 r  mlp_system_i/axi_smc/inst/clk_map/psr_aclk/U0/ACTIVE_LOW_BSR_OUT_DFF[0].FDRE_BSR_N/Q
                         net (fo=25, routed)          0.233     1.260    mlp_system_i/axi_smc/inst/m01_exit_pipeline/m01_exit/inst/xpm_cdc_async_rst_inst/src_arst
    SLICE_X47Y87         LUT1 (Prop_lut1_I0_O)        0.045     1.305 f  mlp_system_i/axi_smc/inst/m01_exit_pipeline/m01_exit/inst/xpm_cdc_async_rst_inst/arststages_ff[2]_i_1/O
                         net (fo=3, routed)           0.116     1.421    mlp_system_i/axi_smc/inst/m01_exit_pipeline/m01_exit/inst/xpm_cdc_async_rst_inst/reset_pol
    SLICE_X47Y88         FDCE                                         f  mlp_system_i/axi_smc/inst/m01_exit_pipeline/m01_exit/inst/xpm_cdc_async_rst_inst/arststages_ff_reg[2]/CLR
  -------------------------------------------------------------------    -------------------

                         (clock clk_fpga_0 rise edge)
                                                      0.000     0.000 r  
    PS7_X0Y0             PS7                          0.000     0.000 r  mlp_system_i/processing_system7_0/inst/PS7_i/FCLKCLK[0]
                         net (fo=1, routed)           0.337     0.337    mlp_system_i/processing_system7_0/inst/FCLK_CLK_unbuffered[0]
    BUFGCTRL_X0Y16       BUFG (Prop_bufg_I_O)         0.029     0.366 r  mlp_system_i/processing_system7_0/inst/buffer_fclk_clk_0.FCLK_CLK_0_BUFG/O
                         net (fo=2400, routed)        0.822     1.188    mlp_system_i/axi_smc/inst/m01_exit_pipeline/m01_exit/inst/xpm_cdc_async_rst_inst/dest_clk
    SLICE_X47Y88         FDCE                                         r  mlp_system_i/axi_smc/inst/m01_exit_pipeline/m01_exit/inst/xpm_cdc_async_rst_inst/arststages_ff_reg[2]/C

Slack:                    inf
  Source:                 mlp_system_i/axi_smc/inst/clk_map/psr_aclk/U0/ACTIVE_LOW_BSR_OUT_DFF[0].FDRE_BSR_N/C
                            (rising edge-triggered cell FDRE clocked by clk_fpga_0  {rise@0.000ns fall@5.000ns period=10.000ns})
  Destination:            mlp_system_i/axi_smc/inst/m01_nodes/m01_ar_node/inst/s_sc_xpm_cdc_async_rst_inst/arststages_ff_reg[0]/CLR
                            (removal check against rising-edge clock clk_fpga_0  {rise@0.000ns fall@5.000ns period=10.000ns})
  Path Group:             (none)
  Path Type:              Removal (Min at Fast Process Corner)
  Data Path Delay:        0.657ns  (logic 0.192ns (29.243%)  route 0.465ns (70.757%))
  Logic Levels:           1  (LUT1=1)
  Clock Path Skew:        0.299ns (DCD - SCD - CPR)
    Destination Clock Delay (DCD):    1.186ns
    Source Clock Delay      (SCD):    0.887ns
    Clock Pessimism Removal (CPR):    -0.000ns
  Clock Uncertainty:      0.154ns  ((TSJ^2 + TIJ^2)^1/2 + DJ) / 2 + PE
    Total System Jitter     (TSJ):    0.071ns
    Total Input Jitter      (TIJ):    0.300ns
    Discrete Jitter          (DJ):    0.000ns
    Phase Error              (PE):    0.000ns
  Timing Exception:       False Path

    Location             Delay type                Incr(ns)  Path(ns)    Netlist Resource(s)
  -------------------------------------------------------------------    -------------------
                         (clock clk_fpga_0 rise edge)
                                                      0.000     0.000 r  
    PS7_X0Y0             PS7                          0.000     0.000 r  mlp_system_i/processing_system7_0/inst/PS7_i/FCLKCLK[0]
                         net (fo=1, routed)           0.310     0.310    mlp_system_i/processing_system7_0/inst/FCLK_CLK_unbuffered[0]
    BUFGCTRL_X0Y16       BUFG (Prop_bufg_I_O)         0.026     0.336 r  mlp_system_i/processing_system7_0/inst/buffer_fclk_clk_0.FCLK_CLK_0_BUFG/O
                         net (fo=2400, routed)        0.551     0.887    mlp_system_i/axi_smc/inst/clk_map/psr_aclk/U0/aclk
    SLICE_X49Y86         FDRE                                         r  mlp_system_i/axi_smc/inst/clk_map/psr_aclk/U0/ACTIVE_LOW_BSR_OUT_DFF[0].FDRE_BSR_N/C
  -------------------------------------------------------------------    -------------------
    SLICE_X49Y86         FDRE (Prop_fdre_C_Q)         0.141     1.028 r  mlp_system_i/axi_smc/inst/clk_map/psr_aclk/U0/ACTIVE_LOW_BSR_OUT_DFF[0].FDRE_BSR_N/Q
                         net (fo=25, routed)          0.233     1.260    mlp_system_i/axi_smc/inst/m01_nodes/m01_ar_node/inst/s_sc_xpm_cdc_async_rst_inst/src_arst
    SLICE_X47Y87         LUT1 (Prop_lut1_I0_O)        0.051     1.311 f  mlp_system_i/axi_smc/inst/m01_nodes/m01_ar_node/inst/s_sc_xpm_cdc_async_rst_inst/arststages_ff[2]_i_1/O
                         net (fo=3, routed)           0.232     1.543    mlp_system_i/axi_smc/inst/m01_nodes/m01_ar_node/inst/s_sc_xpm_cdc_async_rst_inst/reset_pol
    SLICE_X47Y87         FDCE                                         f  mlp_system_i/axi_smc/inst/m01_nodes/m01_ar_node/inst/s_sc_xpm_cdc_async_rst_inst/arststages_ff_reg[0]/CLR
  -------------------------------------------------------------------    -------------------

                         (clock clk_fpga_0 rise edge)
                                                      0.000     0.000 r  
    PS7_X0Y0             PS7                          0.000     0.000 r  mlp_system_i/processing_system7_0/inst/PS7_i/FCLKCLK[0]
                         net (fo=1, routed)           0.337     0.337    mlp_system_i/processing_system7_0/inst/FCLK_CLK_unbuffered[0]
    BUFGCTRL_X0Y16       BUFG (Prop_bufg_I_O)         0.029     0.366 r  mlp_system_i/processing_system7_0/inst/buffer_fclk_clk_0.FCLK_CLK_0_BUFG/O
                         net (fo=2400, routed)        0.820     1.186    mlp_system_i/axi_smc/inst/m01_nodes/m01_ar_node/inst/s_sc_xpm_cdc_async_rst_inst/dest_clk
    SLICE_X47Y87         FDCE                                         r  mlp_system_i/axi_smc/inst/m01_nodes/m01_ar_node/inst/s_sc_xpm_cdc_async_rst_inst/arststages_ff_reg[0]/C

Slack:                    inf
  Source:                 mlp_system_i/axi_smc/inst/clk_map/psr_aclk/U0/ACTIVE_LOW_BSR_OUT_DFF[0].FDRE_BSR_N/C
                            (rising edge-triggered cell FDRE clocked by clk_fpga_0  {rise@0.000ns fall@5.000ns period=10.000ns})
  Destination:            mlp_system_i/axi_smc/inst/m01_nodes/m01_ar_node/inst/s_sc_xpm_cdc_async_rst_inst/arststages_ff_reg[1]/CLR
                            (removal check against rising-edge clock clk_fpga_0  {rise@0.000ns fall@5.000ns period=10.000ns})
  Path Group:             (none)
  Path Type:              Removal (Min at Fast Process Corner)
  Data Path Delay:        0.657ns  (logic 0.192ns (29.243%)  route 0.465ns (70.757%))
  Logic Levels:           1  (LUT1=1)
  Clock Path Skew:        0.299ns (DCD - SCD - CPR)
    Destination Clock Delay (DCD):    1.186ns
    Source Clock Delay      (SCD):    0.887ns
    Clock Pessimism Removal (CPR):    -0.000ns
  Clock Uncertainty:      0.154ns  ((TSJ^2 + TIJ^2)^1/2 + DJ) / 2 + PE
    Total System Jitter     (TSJ):    0.071ns
    Total Input Jitter      (TIJ):    0.300ns
    Discrete Jitter          (DJ):    0.000ns
    Phase Error              (PE):    0.000ns
  Timing Exception:       False Path

    Location             Delay type                Incr(ns)  Path(ns)    Netlist Resource(s)
  -------------------------------------------------------------------    -------------------
                         (clock clk_fpga_0 rise edge)
                                                      0.000     0.000 r  
    PS7_X0Y0             PS7                          0.000     0.000 r  mlp_system_i/processing_system7_0/inst/PS7_i/FCLKCLK[0]
                         net (fo=1, routed)           0.310     0.310    mlp_system_i/processing_system7_0/inst/FCLK_CLK_unbuffered[0]
    BUFGCTRL_X0Y16       BUFG (Prop_bufg_I_O)         0.026     0.336 r  mlp_system_i/processing_system7_0/inst/buffer_fclk_clk_0.FCLK_CLK_0_BUFG/O
                         net (fo=2400, routed)        0.551     0.887    mlp_system_i/axi_smc/inst/clk_map/psr_aclk/U0/aclk
    SLICE_X49Y86         FDRE                                         r  mlp_system_i/axi_smc/inst/clk_map/psr_aclk/U0/ACTIVE_LOW_BSR_OUT_DFF[0].FDRE_BSR_N/C
  -------------------------------------------------------------------    -------------------
    SLICE_X49Y86         FDRE (Prop_fdre_C_Q)         0.141     1.028 r  mlp_system_i/axi_smc/inst/clk_map/psr_aclk/U0/ACTIVE_LOW_BSR_OUT_DFF[0].FDRE_BSR_N/Q
                         net (fo=25, routed)          0.233     1.260    mlp_system_i/axi_smc/inst/m01_nodes/m01_ar_node/inst/s_sc_xpm_cdc_async_rst_inst/src_arst
    SLICE_X47Y87         LUT1 (Prop_lut1_I0_O)        0.051     1.311 f  mlp_system_i/axi_smc/inst/m01_nodes/m01_ar_node/inst/s_sc_xpm_cdc_async_rst_inst/arststages_ff[2]_i_1/O
                         net (fo=3, routed)           0.232     1.543    mlp_system_i/axi_smc/inst/m01_nodes/m01_ar_node/inst/s_sc_xpm_cdc_async_rst_inst/reset_pol
    SLICE_X47Y87         FDCE                                         f  mlp_system_i/axi_smc/inst/m01_nodes/m01_ar_node/inst/s_sc_xpm_cdc_async_rst_inst/arststages_ff_reg[1]/CLR
  -------------------------------------------------------------------    -------------------

                         (clock clk_fpga_0 rise edge)
                                                      0.000     0.000 r  
    PS7_X0Y0             PS7                          0.000     0.000 r  mlp_system_i/processing_system7_0/inst/PS7_i/FCLKCLK[0]
                         net (fo=1, routed)           0.337     0.337    mlp_system_i/processing_system7_0/inst/FCLK_CLK_unbuffered[0]
    BUFGCTRL_X0Y16       BUFG (Prop_bufg_I_O)         0.029     0.366 r  mlp_system_i/processing_system7_0/inst/buffer_fclk_clk_0.FCLK_CLK_0_BUFG/O
                         net (fo=2400, routed)        0.820     1.186    mlp_system_i/axi_smc/inst/m01_nodes/m01_ar_node/inst/s_sc_xpm_cdc_async_rst_inst/dest_clk
    SLICE_X47Y87         FDCE                                         r  mlp_system_i/axi_smc/inst/m01_nodes/m01_ar_node/inst/s_sc_xpm_cdc_async_rst_inst/arststages_ff_reg[1]/C

Slack:                    inf
  Source:                 mlp_system_i/axi_smc/inst/clk_map/psr_aclk/U0/ACTIVE_LOW_BSR_OUT_DFF[0].FDRE_BSR_N/C
                            (rising edge-triggered cell FDRE clocked by clk_fpga_0  {rise@0.000ns fall@5.000ns period=10.000ns})
  Destination:            mlp_system_i/axi_smc/inst/m01_nodes/m01_ar_node/inst/s_sc_xpm_cdc_async_rst_inst/arststages_ff_reg[2]/CLR
                            (removal check against rising-edge clock clk_fpga_0  {rise@0.000ns fall@5.000ns period=10.000ns})
  Path Group:             (none)
  Path Type:              Removal (Min at Fast Process Corner)
  Data Path Delay:        0.657ns  (logic 0.192ns (29.243%)  route 0.465ns (70.757%))
  Logic Levels:           1  (LUT1=1)
  Clock Path Skew:        0.299ns (DCD - SCD - CPR)
    Destination Clock Delay (DCD):    1.186ns
    Source Clock Delay      (SCD):    0.887ns
    Clock Pessimism Removal (CPR):    -0.000ns
  Clock Uncertainty:      0.154ns  ((TSJ^2 + TIJ^2)^1/2 + DJ) / 2 + PE
    Total System Jitter     (TSJ):    0.071ns
    Total Input Jitter      (TIJ):    0.300ns
    Discrete Jitter          (DJ):    0.000ns
    Phase Error              (PE):    0.000ns
  Timing Exception:       False Path

    Location             Delay type                Incr(ns)  Path(ns)    Netlist Resource(s)
  -------------------------------------------------------------------    -------------------
                         (clock clk_fpga_0 rise edge)
                                                      0.000     0.000 r  
    PS7_X0Y0             PS7                          0.000     0.000 r  mlp_system_i/processing_system7_0/inst/PS7_i/FCLKCLK[0]
                         net (fo=1, routed)           0.310     0.310    mlp_system_i/processing_system7_0/inst/FCLK_CLK_unbuffered[0]
    BUFGCTRL_X0Y16       BUFG (Prop_bufg_I_O)         0.026     0.336 r  mlp_system_i/processing_system7_0/inst/buffer_fclk_clk_0.FCLK_CLK_0_BUFG/O
                         net (fo=2400, routed)        0.551     0.887    mlp_system_i/axi_smc/inst/clk_map/psr_aclk/U0/aclk
    SLICE_X49Y86         FDRE                                         r  mlp_system_i/axi_smc/inst/clk_map/psr_aclk/U0/ACTIVE_LOW_BSR_OUT_DFF[0].FDRE_BSR_N/C
  -------------------------------------------------------------------    -------------------
    SLICE_X49Y86         FDRE (Prop_fdre_C_Q)         0.141     1.028 r  mlp_system_i/axi_smc/inst/clk_map/psr_aclk/U0/ACTIVE_LOW_BSR_OUT_DFF[0].FDRE_BSR_N/Q
                         net (fo=25, routed)          0.233     1.260    mlp_system_i/axi_smc/inst/m01_nodes/m01_ar_node/inst/s_sc_xpm_cdc_async_rst_inst/src_arst
    SLICE_X47Y87         LUT1 (Prop_lut1_I0_O)        0.051     1.311 f  mlp_system_i/axi_smc/inst/m01_nodes/m01_ar_node/inst/s_sc_xpm_cdc_async_rst_inst/arststages_ff[2]_i_1/O
                         net (fo=3, routed)           0.232     1.543    mlp_system_i/axi_smc/inst/m01_nodes/m01_ar_node/inst/s_sc_xpm_cdc_async_rst_inst/reset_pol
    SLICE_X47Y87         FDCE                                         f  mlp_system_i/axi_smc/inst/m01_nodes/m01_ar_node/inst/s_sc_xpm_cdc_async_rst_inst/arststages_ff_reg[2]/CLR
  -------------------------------------------------------------------    -------------------

                         (clock clk_fpga_0 rise edge)
                                                      0.000     0.000 r  
    PS7_X0Y0             PS7                          0.000     0.000 r  mlp_system_i/processing_system7_0/inst/PS7_i/FCLKCLK[0]
                         net (fo=1, routed)           0.337     0.337    mlp_system_i/processing_system7_0/inst/FCLK_CLK_unbuffered[0]
    BUFGCTRL_X0Y16       BUFG (Prop_bufg_I_O)         0.029     0.366 r  mlp_system_i/processing_system7_0/inst/buffer_fclk_clk_0.FCLK_CLK_0_BUFG/O
                         net (fo=2400, routed)        0.820     1.186    mlp_system_i/axi_smc/inst/m01_nodes/m01_ar_node/inst/s_sc_xpm_cdc_async_rst_inst/dest_clk
    SLICE_X47Y87         FDCE                                         r  mlp_system_i/axi_smc/inst/m01_nodes/m01_ar_node/inst/s_sc_xpm_cdc_async_rst_inst/arststages_ff_reg[2]/C

Slack:                    inf
  Source:                 mlp_system_i/axi_smc/inst/clk_map/psr_aclk/U0/ACTIVE_LOW_BSR_OUT_DFF[0].FDRE_BSR_N/C
                            (rising edge-triggered cell FDRE clocked by clk_fpga_0  {rise@0.000ns fall@5.000ns period=10.000ns})
  Destination:            mlp_system_i/axi_smc/inst/m00_nodes/m00_ar_node/inst/s_sc_xpm_cdc_async_rst_inst/arststages_ff_reg[0]/CLR
                            (removal check against rising-edge clock clk_fpga_0  {rise@0.000ns fall@5.000ns period=10.000ns})
  Path Group:             (none)
  Path Type:              Removal (Min at Fast Process Corner)
  Data Path Delay:        0.716ns  (logic 0.183ns (25.572%)  route 0.533ns (74.428%))
  Logic Levels:           1  (LUT1=1)
  Clock Path Skew:        0.298ns (DCD - SCD - CPR)
    Destination Clock Delay (DCD):    1.185ns
    Source Clock Delay      (SCD):    0.887ns
    Clock Pessimism Removal (CPR):    -0.000ns
  Clock Uncertainty:      0.154ns  ((TSJ^2 + TIJ^2)^1/2 + DJ) / 2 + PE
    Total System Jitter     (TSJ):    0.071ns
    Total Input Jitter      (TIJ):    0.300ns
    Discrete Jitter          (DJ):    0.000ns
    Phase Error              (PE):    0.000ns
  Timing Exception:       False Path

    Location             Delay type                Incr(ns)  Path(ns)    Netlist Resource(s)
  -------------------------------------------------------------------    -------------------
                         (clock clk_fpga_0 rise edge)
                                                      0.000     0.000 r  
    PS7_X0Y0             PS7                          0.000     0.000 r  mlp_system_i/processing_system7_0/inst/PS7_i/FCLKCLK[0]
                         net (fo=1, routed)           0.310     0.310    mlp_system_i/processing_system7_0/inst/FCLK_CLK_unbuffered[0]
    BUFGCTRL_X0Y16       BUFG (Prop_bufg_I_O)         0.026     0.336 r  mlp_system_i/processing_system7_0/inst/buffer_fclk_clk_0.FCLK_CLK_0_BUFG/O
                         net (fo=2400, routed)        0.551     0.887    mlp_system_i/axi_smc/inst/clk_map/psr_aclk/U0/aclk
    SLICE_X49Y86         FDRE                                         r  mlp_system_i/axi_smc/inst/clk_map/psr_aclk/U0/ACTIVE_LOW_BSR_OUT_DFF[0].FDRE_BSR_N/C
  -------------------------------------------------------------------    -------------------
    SLICE_X49Y86         FDRE (Prop_fdre_C_Q)         0.141     1.028 r  mlp_system_i/axi_smc/inst/clk_map/psr_aclk/U0/ACTIVE_LOW_BSR_OUT_DFF[0].FDRE_BSR_N/Q
                         net (fo=25, routed)          0.356     1.383    mlp_system_i/axi_smc/inst/m00_nodes/m00_ar_node/inst/s_sc_xpm_cdc_async_rst_inst/src_arst
    SLICE_X45Y85         LUT1 (Prop_lut1_I0_O)        0.042     1.425 f  mlp_system_i/axi_smc/inst/m00_nodes/m00_ar_node/inst/s_sc_xpm_cdc_async_rst_inst/arststages_ff[2]_i_1/O
                         net (fo=3, routed)           0.177     1.602    mlp_system_i/axi_smc/inst/m00_nodes/m00_ar_node/inst/s_sc_xpm_cdc_async_rst_inst/reset_pol
    SLICE_X45Y85         FDCE                                         f  mlp_system_i/axi_smc/inst/m00_nodes/m00_ar_node/inst/s_sc_xpm_cdc_async_rst_inst/arststages_ff_reg[0]/CLR
  -------------------------------------------------------------------    -------------------

                         (clock clk_fpga_0 rise edge)
                                                      0.000     0.000 r  
    PS7_X0Y0             PS7                          0.000     0.000 r  mlp_system_i/processing_system7_0/inst/PS7_i/FCLKCLK[0]
                         net (fo=1, routed)           0.337     0.337    mlp_system_i/processing_system7_0/inst/FCLK_CLK_unbuffered[0]
    BUFGCTRL_X0Y16       BUFG (Prop_bufg_I_O)         0.029     0.366 r  mlp_system_i/processing_system7_0/inst/buffer_fclk_clk_0.FCLK_CLK_0_BUFG/O
                         net (fo=2400, routed)        0.819     1.185    mlp_system_i/axi_smc/inst/m00_nodes/m00_ar_node/inst/s_sc_xpm_cdc_async_rst_inst/dest_clk
    SLICE_X45Y85         FDCE                                         r  mlp_system_i/axi_smc/inst/m00_nodes/m00_ar_node/inst/s_sc_xpm_cdc_async_rst_inst/arststages_ff_reg[0]/C

Slack:                    inf
  Source:                 mlp_system_i/axi_smc/inst/clk_map/psr_aclk/U0/ACTIVE_LOW_BSR_OUT_DFF[0].FDRE_BSR_N/C
                            (rising edge-triggered cell FDRE clocked by clk_fpga_0  {rise@0.000ns fall@5.000ns period=10.000ns})
  Destination:            mlp_system_i/axi_smc/inst/m00_nodes/m00_ar_node/inst/s_sc_xpm_cdc_async_rst_inst/arststages_ff_reg[1]/CLR
                            (removal check against rising-edge clock clk_fpga_0  {rise@0.000ns fall@5.000ns period=10.000ns})
  Path Group:             (none)
  Path Type:              Removal (Min at Fast Process Corner)
  Data Path Delay:        0.716ns  (logic 0.183ns (25.572%)  route 0.533ns (74.428%))
  Logic Levels:           1  (LUT1=1)
  Clock Path Skew:        0.298ns (DCD - SCD - CPR)
    Destination Clock Delay (DCD):    1.185ns
    Source Clock Delay      (SCD):    0.887ns
    Clock Pessimism Removal (CPR):    -0.000ns
  Clock Uncertainty:      0.154ns  ((TSJ^2 + TIJ^2)^1/2 + DJ) / 2 + PE
    Total System Jitter     (TSJ):    0.071ns
    Total Input Jitter      (TIJ):    0.300ns
    Discrete Jitter          (DJ):    0.000ns
    Phase Error              (PE):    0.000ns
  Timing Exception:       False Path

    Location             Delay type                Incr(ns)  Path(ns)    Netlist Resource(s)
  -------------------------------------------------------------------    -------------------
                         (clock clk_fpga_0 rise edge)
                                                      0.000     0.000 r  
    PS7_X0Y0             PS7                          0.000     0.000 r  mlp_system_i/processing_system7_0/inst/PS7_i/FCLKCLK[0]
                         net (fo=1, routed)           0.310     0.310    mlp_system_i/processing_system7_0/inst/FCLK_CLK_unbuffered[0]
    BUFGCTRL_X0Y16       BUFG (Prop_bufg_I_O)         0.026     0.336 r  mlp_system_i/processing_system7_0/inst/buffer_fclk_clk_0.FCLK_CLK_0_BUFG/O
                         net (fo=2400, routed)        0.551     0.887    mlp_system_i/axi_smc/inst/clk_map/psr_aclk/U0/aclk
    SLICE_X49Y86         FDRE                                         r  mlp_system_i/axi_smc/inst/clk_map/psr_aclk/U0/ACTIVE_LOW_BSR_OUT_DFF[0].FDRE_BSR_N/C
  -------------------------------------------------------------------    -------------------
    SLICE_X49Y86         FDRE (Prop_fdre_C_Q)         0.141     1.028 r  mlp_system_i/axi_smc/inst/clk_map/psr_aclk/U0/ACTIVE_LOW_BSR_OUT_DFF[0].FDRE_BSR_N/Q
                         net (fo=25, routed)          0.356     1.383    mlp_system_i/axi_smc/inst/m00_nodes/m00_ar_node/inst/s_sc_xpm_cdc_async_rst_inst/src_arst
    SLICE_X45Y85         LUT1 (Prop_lut1_I0_O)        0.042     1.425 f  mlp_system_i/axi_smc/inst/m00_nodes/m00_ar_node/inst/s_sc_xpm_cdc_async_rst_inst/arststages_ff[2]_i_1/O
                         net (fo=3, routed)           0.177     1.602    mlp_system_i/axi_smc/inst/m00_nodes/m00_ar_node/inst/s_sc_xpm_cdc_async_rst_inst/reset_pol
    SLICE_X45Y85         FDCE                                         f  mlp_system_i/axi_smc/inst/m00_nodes/m00_ar_node/inst/s_sc_xpm_cdc_async_rst_inst/arststages_ff_reg[1]/CLR
  -------------------------------------------------------------------    -------------------

                         (clock clk_fpga_0 rise edge)
                                                      0.000     0.000 r  
    PS7_X0Y0             PS7                          0.000     0.000 r  mlp_system_i/processing_system7_0/inst/PS7_i/FCLKCLK[0]
                         net (fo=1, routed)           0.337     0.337    mlp_system_i/processing_system7_0/inst/FCLK_CLK_unbuffered[0]
    BUFGCTRL_X0Y16       BUFG (Prop_bufg_I_O)         0.029     0.366 r  mlp_system_i/processing_system7_0/inst/buffer_fclk_clk_0.FCLK_CLK_0_BUFG/O
                         net (fo=2400, routed)        0.819     1.185    mlp_system_i/axi_smc/inst/m00_nodes/m00_ar_node/inst/s_sc_xpm_cdc_async_rst_inst/dest_clk
    SLICE_X45Y85         FDCE                                         r  mlp_system_i/axi_smc/inst/m00_nodes/m00_ar_node/inst/s_sc_xpm_cdc_async_rst_inst/arststages_ff_reg[1]/C

Slack:                    inf
  Source:                 mlp_system_i/axi_smc/inst/clk_map/psr_aclk/U0/ACTIVE_LOW_BSR_OUT_DFF[0].FDRE_BSR_N/C
                            (rising edge-triggered cell FDRE clocked by clk_fpga_0  {rise@0.000ns fall@5.000ns period=10.000ns})
  Destination:            mlp_system_i/axi_smc/inst/m00_nodes/m00_ar_node/inst/s_sc_xpm_cdc_async_rst_inst/arststages_ff_reg[2]/CLR
                            (removal check against rising-edge clock clk_fpga_0  {rise@0.000ns fall@5.000ns period=10.000ns})
  Path Group:             (none)
  Path Type:              Removal (Min at Fast Process Corner)
  Data Path Delay:        0.716ns  (logic 0.183ns (25.572%)  route 0.533ns (74.428%))
  Logic Levels:           1  (LUT1=1)
  Clock Path Skew:        0.298ns (DCD - SCD - CPR)
    Destination Clock Delay (DCD):    1.185ns
    Source Clock Delay      (SCD):    0.887ns
    Clock Pessimism Removal (CPR):    -0.000ns
  Clock Uncertainty:      0.154ns  ((TSJ^2 + TIJ^2)^1/2 + DJ) / 2 + PE
    Total System Jitter     (TSJ):    0.071ns
    Total Input Jitter      (TIJ):    0.300ns
    Discrete Jitter          (DJ):    0.000ns
    Phase Error              (PE):    0.000ns
  Timing Exception:       False Path

    Location             Delay type                Incr(ns)  Path(ns)    Netlist Resource(s)
  -------------------------------------------------------------------    -------------------
                         (clock clk_fpga_0 rise edge)
                                                      0.000     0.000 r  
    PS7_X0Y0             PS7                          0.000     0.000 r  mlp_system_i/processing_system7_0/inst/PS7_i/FCLKCLK[0]
                         net (fo=1, routed)           0.310     0.310    mlp_system_i/processing_system7_0/inst/FCLK_CLK_unbuffered[0]
    BUFGCTRL_X0Y16       BUFG (Prop_bufg_I_O)         0.026     0.336 r  mlp_system_i/processing_system7_0/inst/buffer_fclk_clk_0.FCLK_CLK_0_BUFG/O
                         net (fo=2400, routed)        0.551     0.887    mlp_system_i/axi_smc/inst/clk_map/psr_aclk/U0/aclk
    SLICE_X49Y86         FDRE                                         r  mlp_system_i/axi_smc/inst/clk_map/psr_aclk/U0/ACTIVE_LOW_BSR_OUT_DFF[0].FDRE_BSR_N/C
  -------------------------------------------------------------------    -------------------
    SLICE_X49Y86         FDRE (Prop_fdre_C_Q)         0.141     1.028 r  mlp_system_i/axi_smc/inst/clk_map/psr_aclk/U0/ACTIVE_LOW_BSR_OUT_DFF[0].FDRE_BSR_N/Q
                         net (fo=25, routed)          0.356     1.383    mlp_system_i/axi_smc/inst/m00_nodes/m00_ar_node/inst/s_sc_xpm_cdc_async_rst_inst/src_arst
    SLICE_X45Y85         LUT1 (Prop_lut1_I0_O)        0.042     1.425 f  mlp_system_i/axi_smc/inst/m00_nodes/m00_ar_node/inst/s_sc_xpm_cdc_async_rst_inst/arststages_ff[2]_i_1/O
                         net (fo=3, routed)           0.177     1.602    mlp_system_i/axi_smc/inst/m00_nodes/m00_ar_node/inst/s_sc_xpm_cdc_async_rst_inst/reset_pol
    SLICE_X45Y85         FDCE                                         f  mlp_system_i/axi_smc/inst/m00_nodes/m00_ar_node/inst/s_sc_xpm_cdc_async_rst_inst/arststages_ff_reg[2]/CLR
  -------------------------------------------------------------------    -------------------

                         (clock clk_fpga_0 rise edge)
                                                      0.000     0.000 r  
    PS7_X0Y0             PS7                          0.000     0.000 r  mlp_system_i/processing_system7_0/inst/PS7_i/FCLKCLK[0]
                         net (fo=1, routed)           0.337     0.337    mlp_system_i/processing_system7_0/inst/FCLK_CLK_unbuffered[0]
    BUFGCTRL_X0Y16       BUFG (Prop_bufg_I_O)         0.029     0.366 r  mlp_system_i/processing_system7_0/inst/buffer_fclk_clk_0.FCLK_CLK_0_BUFG/O
                         net (fo=2400, routed)        0.819     1.185    mlp_system_i/axi_smc/inst/m00_nodes/m00_ar_node/inst/s_sc_xpm_cdc_async_rst_inst/dest_clk
    SLICE_X45Y85         FDCE                                         r  mlp_system_i/axi_smc/inst/m00_nodes/m00_ar_node/inst/s_sc_xpm_cdc_async_rst_inst/arststages_ff_reg[2]/C

Slack:                    inf
  Source:                 mlp_system_i/axi_smc/inst/clk_map/psr_aclk/U0/ACTIVE_LOW_BSR_OUT_DFF[0].FDRE_BSR_N/C
                            (rising edge-triggered cell FDRE clocked by clk_fpga_0  {rise@0.000ns fall@5.000ns period=10.000ns})
  Destination:            mlp_system_i/axi_smc/inst/m00_exit_pipeline/m00_exit/inst/xpm_cdc_async_rst_inst/arststages_ff_reg[0]/CLR
                            (removal check against rising-edge clock clk_fpga_0  {rise@0.000ns fall@5.000ns period=10.000ns})
  Path Group:             (none)
  Path Type:              Removal (Min at Fast Process Corner)
  Data Path Delay:        0.717ns  (logic 0.186ns (25.952%)  route 0.531ns (74.048%))
  Logic Levels:           1  (LUT1=1)
  Clock Path Skew:        0.297ns (DCD - SCD - CPR)
    Destination Clock Delay (DCD):    1.184ns
    Source Clock Delay      (SCD):    0.887ns
    Clock Pessimism Removal (CPR):    -0.000ns
  Clock Uncertainty:      0.154ns  ((TSJ^2 + TIJ^2)^1/2 + DJ) / 2 + PE
    Total System Jitter     (TSJ):    0.071ns
    Total Input Jitter      (TIJ):    0.300ns
    Discrete Jitter          (DJ):    0.000ns
    Phase Error              (PE):    0.000ns
  Timing Exception:       False Path

    Location             Delay type                Incr(ns)  Path(ns)    Netlist Resource(s)
  -------------------------------------------------------------------    -------------------
                         (clock clk_fpga_0 rise edge)
                                                      0.000     0.000 r  
    PS7_X0Y0             PS7                          0.000     0.000 r  mlp_system_i/processing_system7_0/inst/PS7_i/FCLKCLK[0]
                         net (fo=1, routed)           0.310     0.310    mlp_system_i/processing_system7_0/inst/FCLK_CLK_unbuffered[0]
    BUFGCTRL_X0Y16       BUFG (Prop_bufg_I_O)         0.026     0.336 r  mlp_system_i/processing_system7_0/inst/buffer_fclk_clk_0.FCLK_CLK_0_BUFG/O
                         net (fo=2400, routed)        0.551     0.887    mlp_system_i/axi_smc/inst/clk_map/psr_aclk/U0/aclk
    SLICE_X49Y86         FDRE                                         r  mlp_system_i/axi_smc/inst/clk_map/psr_aclk/U0/ACTIVE_LOW_BSR_OUT_DFF[0].FDRE_BSR_N/C
  -------------------------------------------------------------------    -------------------
    SLICE_X49Y86         FDRE (Prop_fdre_C_Q)         0.141     1.028 r  mlp_system_i/axi_smc/inst/clk_map/psr_aclk/U0/ACTIVE_LOW_BSR_OUT_DFF[0].FDRE_BSR_N/Q
                         net (fo=25, routed)          0.356     1.383    mlp_system_i/axi_smc/inst/m00_exit_pipeline/m00_exit/inst/xpm_cdc_async_rst_inst/src_arst
    SLICE_X45Y85         LUT1 (Prop_lut1_I0_O)        0.045     1.428 f  mlp_system_i/axi_smc/inst/m00_exit_pipeline/m00_exit/inst/xpm_cdc_async_rst_inst/arststages_ff[2]_i_1/O
                         net (fo=3, routed)           0.175     1.603    mlp_system_i/axi_smc/inst/m00_exit_pipeline/m00_exit/inst/xpm_cdc_async_rst_inst/reset_pol
    SLICE_X45Y84         FDCE                                         f  mlp_system_i/axi_smc/inst/m00_exit_pipeline/m00_exit/inst/xpm_cdc_async_rst_inst/arststages_ff_reg[0]/CLR
  -------------------------------------------------------------------    -------------------

                         (clock clk_fpga_0 rise edge)
                                                      0.000     0.000 r  
    PS7_X0Y0             PS7                          0.000     0.000 r  mlp_system_i/processing_system7_0/inst/PS7_i/FCLKCLK[0]
                         net (fo=1, routed)           0.337     0.337    mlp_system_i/processing_system7_0/inst/FCLK_CLK_unbuffered[0]
    BUFGCTRL_X0Y16       BUFG (Prop_bufg_I_O)         0.029     0.366 r  mlp_system_i/processing_system7_0/inst/buffer_fclk_clk_0.FCLK_CLK_0_BUFG/O
                         net (fo=2400, routed)        0.818     1.184    mlp_system_i/axi_smc/inst/m00_exit_pipeline/m00_exit/inst/xpm_cdc_async_rst_inst/dest_clk
    SLICE_X45Y84         FDCE                                         r  mlp_system_i/axi_smc/inst/m00_exit_pipeline/m00_exit/inst/xpm_cdc_async_rst_inst/arststages_ff_reg[0]/C





--------------------------------------------------------------------------------------
Path Group:  (none)
From Clock:  clk_fpga_0
  To Clock:  

Max Delay             3 Endpoints
Min Delay             3 Endpoints
--------------------------------------------------------------------------------------


Max Delay Paths
--------------------------------------------------------------------------------------
Slack:                    inf
  Source:                 mlp_system_i/mlp_axi_wrapper_0/U0/mlp_inst/o_led_reg[2]/C
                            (rising edge-triggered cell FDRE clocked by clk_fpga_0  {rise@0.000ns fall@5.000ns period=10.000ns})
  Destination:            o_led_0[2]
                            (output port)
  Path Group:             (none)
  Path Type:              Max at Slow Process Corner
  Data Path Delay:        8.935ns  (logic 3.987ns (44.621%)  route 4.948ns (55.379%))
  Logic Levels:           1  (OBUF=1)
  Clock Uncertainty:      0.152ns  ((TSJ^2 + TIJ^2)^1/2 + DJ) / 2 + PE
    Total System Jitter     (TSJ):    0.050ns
    Total Input Jitter      (TIJ):    0.300ns
    Discrete Jitter          (DJ):    0.000ns
    Phase Error              (PE):    0.000ns

    Location             Delay type                Incr(ns)  Path(ns)    Netlist Resource(s)
  -------------------------------------------------------------------    -------------------
                         (clock clk_fpga_0 rise edge)
                                                      0.000     0.000 r  
    PS7_X0Y0             PS7                          0.000     0.000 r  mlp_system_i/processing_system7_0/inst/PS7_i/FCLKCLK[0]
                         net (fo=1, routed)           1.193     1.193    mlp_system_i/processing_system7_0/inst/FCLK_CLK_unbuffered[0]
    BUFGCTRL_X0Y16       BUFG (Prop_bufg_I_O)         0.101     1.294 r  mlp_system_i/processing_system7_0/inst/buffer_fclk_clk_0.FCLK_CLK_0_BUFG/O
                         net (fo=2400, routed)        1.640     2.934    mlp_system_i/mlp_axi_wrapper_0/U0/mlp_inst/S_AXI_ACLK
    SLICE_X40Y81         FDRE                                         r  mlp_system_i/mlp_axi_wrapper_0/U0/mlp_inst/o_led_reg[2]/C
  -------------------------------------------------------------------    -------------------
    SLICE_X40Y81         FDRE (Prop_fdre_C_Q)         0.456     3.390 r  mlp_system_i/mlp_axi_wrapper_0/U0/mlp_inst/o_led_reg[2]/Q
                         net (fo=2, routed)           4.948     8.338    o_led_0_OBUF[2]
    U22                  OBUF (Prop_obuf_I_O)         3.531    11.869 r  o_led_0_OBUF[2]_inst/O
                         net (fo=0)                   0.000    11.869    o_led_0[2]
    U22                                                               r  o_led_0[2] (OUT)
  -------------------------------------------------------------------    -------------------

Slack:                    inf
  Source:                 mlp_system_i/mlp_axi_wrapper_0/U0/mlp_inst/o_led_reg[0]/C
                            (rising edge-triggered cell FDRE clocked by clk_fpga_0  {rise@0.000ns fall@5.000ns period=10.000ns})
  Destination:            o_led_0[0]
                            (output port)
  Path Group:             (none)
  Path Type:              Max at Slow Process Corner
  Data Path Delay:        8.854ns  (logic 3.978ns (44.935%)  route 4.875ns (55.065%))
  Logic Levels:           1  (OBUF=1)
  Clock Uncertainty:      0.152ns  ((TSJ^2 + TIJ^2)^1/2 + DJ) / 2 + PE
    Total System Jitter     (TSJ):    0.050ns
    Total Input Jitter      (TIJ):    0.300ns
    Discrete Jitter          (DJ):    0.000ns
    Phase Error              (PE):    0.000ns

    Location             Delay type                Incr(ns)  Path(ns)    Netlist Resource(s)
  -------------------------------------------------------------------    -------------------
                         (clock clk_fpga_0 rise edge)
                                                      0.000     0.000 r  
    PS7_X0Y0             PS7                          0.000     0.000 r  mlp_system_i/processing_system7_0/inst/PS7_i/FCLKCLK[0]
                         net (fo=1, routed)           1.193     1.193    mlp_system_i/processing_system7_0/inst/FCLK_CLK_unbuffered[0]
    BUFGCTRL_X0Y16       BUFG (Prop_bufg_I_O)         0.101     1.294 r  mlp_system_i/processing_system7_0/inst/buffer_fclk_clk_0.FCLK_CLK_0_BUFG/O
                         net (fo=2400, routed)        1.641     2.935    mlp_system_i/mlp_axi_wrapper_0/U0/mlp_inst/S_AXI_ACLK
    SLICE_X39Y81         FDRE                                         r  mlp_system_i/mlp_axi_wrapper_0/U0/mlp_inst/o_led_reg[0]/C
  -------------------------------------------------------------------    -------------------
    SLICE_X39Y81         FDRE (Prop_fdre_C_Q)         0.456     3.391 r  mlp_system_i/mlp_axi_wrapper_0/U0/mlp_inst/o_led_reg[0]/Q
                         net (fo=2, routed)           4.875     8.266    o_led_0_OBUF[0]
    T22                  OBUF (Prop_obuf_I_O)         3.522    11.789 r  o_led_0_OBUF[0]_inst/O
                         net (fo=0)                   0.000    11.789    o_led_0[0]
    T22                                                               r  o_led_0[0] (OUT)
  -------------------------------------------------------------------    -------------------

Slack:                    inf
  Source:                 mlp_system_i/mlp_axi_wrapper_0/U0/mlp_inst/o_led_reg[1]/C
                            (rising edge-triggered cell FDRE clocked by clk_fpga_0  {rise@0.000ns fall@5.000ns period=10.000ns})
  Destination:            o_led_0[1]
                            (output port)
  Path Group:             (none)
  Path Type:              Max at Slow Process Corner
  Data Path Delay:        8.670ns  (logic 3.970ns (45.788%)  route 4.700ns (54.212%))
  Logic Levels:           1  (OBUF=1)
  Clock Uncertainty:      0.152ns  ((TSJ^2 + TIJ^2)^1/2 + DJ) / 2 + PE
    Total System Jitter     (TSJ):    0.050ns
    Total Input Jitter      (TIJ):    0.300ns
    Discrete Jitter          (DJ):    0.000ns
    Phase Error              (PE):    0.000ns

    Location             Delay type                Incr(ns)  Path(ns)    Netlist Resource(s)
  -------------------------------------------------------------------    -------------------
                         (clock clk_fpga_0 rise edge)
                                                      0.000     0.000 r  
    PS7_X0Y0             PS7                          0.000     0.000 r  mlp_system_i/processing_system7_0/inst/PS7_i/FCLKCLK[0]
                         net (fo=1, routed)           1.193     1.193    mlp_system_i/processing_system7_0/inst/FCLK_CLK_unbuffered[0]
    BUFGCTRL_X0Y16       BUFG (Prop_bufg_I_O)         0.101     1.294 r  mlp_system_i/processing_system7_0/inst/buffer_fclk_clk_0.FCLK_CLK_0_BUFG/O
                         net (fo=2400, routed)        1.640     2.934    mlp_system_i/mlp_axi_wrapper_0/U0/mlp_inst/S_AXI_ACLK
    SLICE_X40Y81         FDRE                                         r  mlp_system_i/mlp_axi_wrapper_0/U0/mlp_inst/o_led_reg[1]/C
  -------------------------------------------------------------------    -------------------
    SLICE_X40Y81         FDRE (Prop_fdre_C_Q)         0.456     3.390 r  mlp_system_i/mlp_axi_wrapper_0/U0/mlp_inst/o_led_reg[1]/Q
                         net (fo=2, routed)           4.700     8.090    o_led_0_OBUF[1]
    T21                  OBUF (Prop_obuf_I_O)         3.514    11.604 r  o_led_0_OBUF[1]_inst/O
                         net (fo=0)                   0.000    11.604    o_led_0[1]
    T21                                                               r  o_led_0[1] (OUT)
  -------------------------------------------------------------------    -------------------





Min Delay Paths
--------------------------------------------------------------------------------------
Slack:                    inf
  Source:                 mlp_system_i/mlp_axi_wrapper_0/U0/mlp_inst/o_led_reg[1]/C
                            (rising edge-triggered cell FDRE clocked by clk_fpga_0  {rise@0.000ns fall@5.000ns period=10.000ns})
  Destination:            o_led_0[1]
                            (output port)
  Path Group:             (none)
  Path Type:              Min at Fast Process Corner
  Data Path Delay:        3.166ns  (logic 1.356ns (42.824%)  route 1.810ns (57.176%))
  Logic Levels:           1  (OBUF=1)
  Clock Uncertainty:      0.152ns  ((TSJ^2 + TIJ^2)^1/2 + DJ) / 2 + PE
    Total System Jitter     (TSJ):    0.050ns
    Total Input Jitter      (TIJ):    0.300ns
    Discrete Jitter          (DJ):    0.000ns
    Phase Error              (PE):    0.000ns

    Location             Delay type                Incr(ns)  Path(ns)    Netlist Resource(s)
  -------------------------------------------------------------------    -------------------
                         (clock clk_fpga_0 rise edge)
                                                      0.000     0.000 r  
    PS7_X0Y0             PS7                          0.000     0.000 r  mlp_system_i/processing_system7_0/inst/PS7_i/FCLKCLK[0]
                         net (fo=1, routed)           0.310     0.310    mlp_system_i/processing_system7_0/inst/FCLK_CLK_unbuffered[0]
    BUFGCTRL_X0Y16       BUFG (Prop_bufg_I_O)         0.026     0.336 r  mlp_system_i/processing_system7_0/inst/buffer_fclk_clk_0.FCLK_CLK_0_BUFG/O
                         net (fo=2400, routed)        0.549     0.885    mlp_system_i/mlp_axi_wrapper_0/U0/mlp_inst/S_AXI_ACLK
    SLICE_X40Y81         FDRE                                         r  mlp_system_i/mlp_axi_wrapper_0/U0/mlp_inst/o_led_reg[1]/C
  -------------------------------------------------------------------    -------------------
    SLICE_X40Y81         FDRE (Prop_fdre_C_Q)         0.141     1.026 r  mlp_system_i/mlp_axi_wrapper_0/U0/mlp_inst/o_led_reg[1]/Q
                         net (fo=2, routed)           1.810     2.836    o_led_0_OBUF[1]
    T21                  OBUF (Prop_obuf_I_O)         1.215     4.050 r  o_led_0_OBUF[1]_inst/O
                         net (fo=0)                   0.000     4.050    o_led_0[1]
    T21                                                               r  o_led_0[1] (OUT)
  -------------------------------------------------------------------    -------------------

Slack:                    inf
  Source:                 mlp_system_i/mlp_axi_wrapper_0/U0/mlp_inst/o_led_reg[2]/C
                            (rising edge-triggered cell FDRE clocked by clk_fpga_0  {rise@0.000ns fall@5.000ns period=10.000ns})
  Destination:            o_led_0[2]
                            (output port)
  Path Group:             (none)
  Path Type:              Min at Fast Process Corner
  Data Path Delay:        3.227ns  (logic 1.373ns (42.542%)  route 1.854ns (57.458%))
  Logic Levels:           1  (OBUF=1)
  Clock Uncertainty:      0.152ns  ((TSJ^2 + TIJ^2)^1/2 + DJ) / 2 + PE
    Total System Jitter     (TSJ):    0.050ns
    Total Input Jitter      (TIJ):    0.300ns
    Discrete Jitter          (DJ):    0.000ns
    Phase Error              (PE):    0.000ns

    Location             Delay type                Incr(ns)  Path(ns)    Netlist Resource(s)
  -------------------------------------------------------------------    -------------------
                         (clock clk_fpga_0 rise edge)
                                                      0.000     0.000 r  
    PS7_X0Y0             PS7                          0.000     0.000 r  mlp_system_i/processing_system7_0/inst/PS7_i/FCLKCLK[0]
                         net (fo=1, routed)           0.310     0.310    mlp_system_i/processing_system7_0/inst/FCLK_CLK_unbuffered[0]
    BUFGCTRL_X0Y16       BUFG (Prop_bufg_I_O)         0.026     0.336 r  mlp_system_i/processing_system7_0/inst/buffer_fclk_clk_0.FCLK_CLK_0_BUFG/O
                         net (fo=2400, routed)        0.549     0.885    mlp_system_i/mlp_axi_wrapper_0/U0/mlp_inst/S_AXI_ACLK
    SLICE_X40Y81         FDRE                                         r  mlp_system_i/mlp_axi_wrapper_0/U0/mlp_inst/o_led_reg[2]/C
  -------------------------------------------------------------------    -------------------
    SLICE_X40Y81         FDRE (Prop_fdre_C_Q)         0.141     1.026 r  mlp_system_i/mlp_axi_wrapper_0/U0/mlp_inst/o_led_reg[2]/Q
                         net (fo=2, routed)           1.854     2.880    o_led_0_OBUF[2]
    U22                  OBUF (Prop_obuf_I_O)         1.232     4.112 r  o_led_0_OBUF[2]_inst/O
                         net (fo=0)                   0.000     4.112    o_led_0[2]
    U22                                                               r  o_led_0[2] (OUT)
  -------------------------------------------------------------------    -------------------

Slack:                    inf
  Source:                 mlp_system_i/mlp_axi_wrapper_0/U0/mlp_inst/o_led_reg[0]/C
                            (rising edge-triggered cell FDRE clocked by clk_fpga_0  {rise@0.000ns fall@5.000ns period=10.000ns})
  Destination:            o_led_0[0]
                            (output port)
  Path Group:             (none)
  Path Type:              Min at Fast Process Corner
  Data Path Delay:        3.256ns  (logic 1.364ns (41.908%)  route 1.891ns (58.092%))
  Logic Levels:           1  (OBUF=1)
  Clock Uncertainty:      0.152ns  ((TSJ^2 + TIJ^2)^1/2 + DJ) / 2 + PE
    Total System Jitter     (TSJ):    0.050ns
    Total Input Jitter      (TIJ):    0.300ns
    Discrete Jitter          (DJ):    0.000ns
    Phase Error              (PE):    0.000ns

    Location             Delay type                Incr(ns)  Path(ns)    Netlist Resource(s)
  -------------------------------------------------------------------    -------------------
                         (clock clk_fpga_0 rise edge)
                                                      0.000     0.000 r  
    PS7_X0Y0             PS7                          0.000     0.000 r  mlp_system_i/processing_system7_0/inst/PS7_i/FCLKCLK[0]
                         net (fo=1, routed)           0.310     0.310    mlp_system_i/processing_system7_0/inst/FCLK_CLK_unbuffered[0]
    BUFGCTRL_X0Y16       BUFG (Prop_bufg_I_O)         0.026     0.336 r  mlp_system_i/processing_system7_0/inst/buffer_fclk_clk_0.FCLK_CLK_0_BUFG/O
                         net (fo=2400, routed)        0.549     0.885    mlp_system_i/mlp_axi_wrapper_0/U0/mlp_inst/S_AXI_ACLK
    SLICE_X39Y81         FDRE                                         r  mlp_system_i/mlp_axi_wrapper_0/U0/mlp_inst/o_led_reg[0]/C
  -------------------------------------------------------------------    -------------------
    SLICE_X39Y81         FDRE (Prop_fdre_C_Q)         0.141     1.026 r  mlp_system_i/mlp_axi_wrapper_0/U0/mlp_inst/o_led_reg[0]/Q
                         net (fo=2, routed)           1.891     2.917    o_led_0_OBUF[0]
    T22                  OBUF (Prop_obuf_I_O)         1.223     4.140 r  o_led_0_OBUF[0]_inst/O
                         net (fo=0)                   0.000     4.140    o_led_0[0]
    T22                                                               r  o_led_0[0] (OUT)
  -------------------------------------------------------------------    -------------------





