Copyright 1986-2022 Xilinx, Inc. All Rights Reserved. Copyright 2022-2025 Advanced Micro Devices, Inc. All Rights Reserved.
--------------------------------------------------------------------------------------------------------------------------------------------------------------------------------------------
| Tool Version : Vivado v.2025.2 (win64) Build 6299465 Fri Nov 14 19:35:11 GMT 2025
| Date         : Tue Apr 14 04:46:17 2026
| Host         : Batu running 64-bit major release  (build 9200)
| Command      : report_methodology -file mlp_system_wrapper_methodology_drc_routed.rpt -pb mlp_system_wrapper_methodology_drc_routed.pb -rpx mlp_system_wrapper_methodology_drc_routed.rpx
| Design       : mlp_system_wrapper
| Device       : xc7z020clg484-1
| Speed File   : -1
| Design State : Fully Routed
--------------------------------------------------------------------------------------------------------------------------------------------------------------------------------------------

Report Methodology

Table of Contents
-----------------
1. REPORT SUMMARY
2. REPORT DETAILS

1. REPORT SUMMARY
-----------------
            Netlist: netlist
          Floorplan: design_1
      Design limits: <entire design considered>
             Max checks: <unlimited>
             Checks found: 1004
+-----------+----------+-------------------------------+--------+
| Rule      | Severity | Description                   | Checks |
+-----------+----------+-------------------------------+--------+
| LUTAR-1   | Warning  | LUT drives async reset alert  | 1      |
| TIMING-16 | Warning  | Large setup violation         | 1000   |
| TIMING-18 | Warning  | Missing input or output delay | 3      |
+-----------+----------+-------------------------------+--------+

2. REPORT DETAILS
-----------------
LUTAR-1#1 Warning
LUT drives async reset alert  
LUT cell mlp_system_i/axi_mem_intercon/s00_couplers/auto_pc/inst/gen_axi4_axi3.axi3_conv_inst/USE_READ.USE_SPLIT_R.read_addr_inst/USE_R_CHANNEL.cmd_queue/inst/fifo_gen_inst/inst_fifo_gen/gconvfifo.rf/grf.rf/rstblk/gpregsm1.curr_fwft_state[1]_i_2, with 2 or more inputs, drives asynchronous preset/clear pin(s) mlp_system_i/axi_mem_intercon/s00_couplers/auto_pc/inst/gen_axi4_axi3.axi3_conv_inst/USE_READ.USE_SPLIT_R.read_addr_inst/USE_R_CHANNEL.cmd_queue/inst/fifo_gen_inst/inst_fifo_gen/gconvfifo.rf/grf.rf/gntv_or_sync_fifo.gl0.rd/rpntr/gc0.count_reg[2]/CLR,
mlp_system_i/axi_mem_intercon/s00_couplers/auto_pc/inst/gen_axi4_axi3.axi3_conv_inst/USE_READ.USE_SPLIT_R.read_addr_inst/USE_R_CHANNEL.cmd_queue/inst/fifo_gen_inst/inst_fifo_gen/gconvfifo.rf/grf.rf/gntv_or_sync_fifo.gl0.rd/rpntr/gc0.count_reg[3]/CLR,
mlp_system_i/axi_mem_intercon/s00_couplers/auto_pc/inst/gen_axi4_axi3.axi3_conv_inst/USE_READ.USE_SPLIT_R.read_addr_inst/USE_R_CHANNEL.cmd_queue/inst/fifo_gen_inst/inst_fifo_gen/gconvfifo.rf/grf.rf/gntv_or_sync_fifo.gl0.rd/rpntr/gc0.count_reg[4]/CLR,
mlp_system_i/axi_mem_intercon/s00_couplers/auto_pc/inst/gen_axi4_axi3.axi3_conv_inst/USE_READ.USE_SPLIT_R.read_addr_inst/USE_R_CHANNEL.cmd_queue/inst/fifo_gen_inst/inst_fifo_gen/gconvfifo.rf/grf.rf/gntv_or_sync_fifo.gl0.wr/gwss.wsts/ram_full_fb_i_reg/CLR,
mlp_system_i/axi_mem_intercon/s00_couplers/auto_pc/inst/gen_axi4_axi3.axi3_conv_inst/USE_READ.USE_SPLIT_R.read_addr_inst/USE_R_CHANNEL.cmd_queue/inst/fifo_gen_inst/inst_fifo_gen/gconvfifo.rf/grf.rf/gntv_or_sync_fifo.gl0.wr/gwss.wsts/ram_full_i_reg/CLR,
mlp_system_i/axi_mem_intercon/s00_couplers/auto_pc/inst/gen_axi4_axi3.axi3_conv_inst/USE_READ.USE_SPLIT_R.read_addr_inst/USE_R_CHANNEL.cmd_queue/inst/fifo_gen_inst/inst_fifo_gen/gconvfifo.rf/grf.rf/gntv_or_sync_fifo.gl0.wr/wpntr/gcc0.gc0.count_d1_reg[0]/CLR,
mlp_system_i/axi_mem_intercon/s00_couplers/auto_pc/inst/gen_axi4_axi3.axi3_conv_inst/USE_READ.USE_SPLIT_R.read_addr_inst/USE_R_CHANNEL.cmd_queue/inst/fifo_gen_inst/inst_fifo_gen/gconvfifo.rf/grf.rf/gntv_or_sync_fifo.gl0.wr/wpntr/gcc0.gc0.count_d1_reg[1]/CLR,
mlp_system_i/axi_mem_intercon/s00_couplers/auto_pc/inst/gen_axi4_axi3.axi3_conv_inst/USE_READ.USE_SPLIT_R.read_addr_inst/USE_R_CHANNEL.cmd_queue/inst/fifo_gen_inst/inst_fifo_gen/gconvfifo.rf/grf.rf/gntv_or_sync_fifo.gl0.wr/wpntr/gcc0.gc0.count_d1_reg[2]/CLR,
mlp_system_i/axi_mem_intercon/s00_couplers/auto_pc/inst/gen_axi4_axi3.axi3_conv_inst/USE_READ.USE_SPLIT_R.read_addr_inst/USE_R_CHANNEL.cmd_queue/inst/fifo_gen_inst/inst_fifo_gen/gconvfifo.rf/grf.rf/gntv_or_sync_fifo.gl0.wr/wpntr/gcc0.gc0.count_d1_reg[3]/CLR,
mlp_system_i/axi_mem_intercon/s00_couplers/auto_pc/inst/gen_axi4_axi3.axi3_conv_inst/USE_READ.USE_SPLIT_R.read_addr_inst/USE_R_CHANNEL.cmd_queue/inst/fifo_gen_inst/inst_fifo_gen/gconvfifo.rf/grf.rf/gntv_or_sync_fifo.gl0.wr/wpntr/gcc0.gc0.count_d1_reg[4]/CLR,
mlp_system_i/axi_mem_intercon/s00_couplers/auto_pc/inst/gen_axi4_axi3.axi3_conv_inst/USE_READ.USE_SPLIT_R.read_addr_inst/USE_R_CHANNEL.cmd_queue/inst/fifo_gen_inst/inst_fifo_gen/gconvfifo.rf/grf.rf/gntv_or_sync_fifo.gl0.wr/wpntr/gcc0.gc0.count_reg[0]/PRE,
mlp_system_i/axi_mem_intercon/s00_couplers/auto_pc/inst/gen_axi4_axi3.axi3_conv_inst/USE_READ.USE_SPLIT_R.read_addr_inst/USE_R_CHANNEL.cmd_queue/inst/fifo_gen_inst/inst_fifo_gen/gconvfifo.rf/grf.rf/gntv_or_sync_fifo.gl0.wr/wpntr/gcc0.gc0.count_reg[1]/CLR,
mlp_system_i/axi_mem_intercon/s00_couplers/auto_pc/inst/gen_axi4_axi3.axi3_conv_inst/USE_READ.USE_SPLIT_R.read_addr_inst/USE_R_CHANNEL.cmd_queue/inst/fifo_gen_inst/inst_fifo_gen/gconvfifo.rf/grf.rf/gntv_or_sync_fifo.gl0.wr/wpntr/gcc0.gc0.count_reg[2]/CLR,
mlp_system_i/axi_mem_intercon/s00_couplers/auto_pc/inst/gen_axi4_axi3.axi3_conv_inst/USE_READ.USE_SPLIT_R.read_addr_inst/USE_R_CHANNEL.cmd_queue/inst/fifo_gen_inst/inst_fifo_gen/gconvfifo.rf/grf.rf/gntv_or_sync_fifo.gl0.wr/wpntr/gcc0.gc0.count_reg[3]/CLR,
mlp_system_i/axi_mem_intercon/s00_couplers/auto_pc/inst/gen_axi4_axi3.axi3_conv_inst/USE_READ.USE_SPLIT_R.read_addr_inst/USE_R_CHANNEL.cmd_queue/inst/fifo_gen_inst/inst_fifo_gen/gconvfifo.rf/grf.rf/gntv_or_sync_fifo.gl0.wr/wpntr/gcc0.gc0.count_reg[4]/CLR
 (the first 15 of 32 listed). The LUT may glitch and trigger an unexpected reset, even if it is a properly timed path.
Related violations: <none>

TIMING-16#1 Warning
Large setup violation  
There is a large setup violation of -1.017 ns between mlp_system_i/mlp_axi_wrapper_0/U0/mlp_inst/s_cnt_reg[5]_rep__0/C (clocked by clk_fpga_0) and mlp_system_i/mlp_axi_wrapper_0/U0/mlp_inst/l1_sum0/B[7] (clocked by clk_fpga_0). Large setup violations at the end of those stages might be difficult to fix during the post-placement implementation flow and could be the result of non-optimal XDC constraints or non-optimal design architecture
Related violations: <none>

TIMING-16#2 Warning
Large setup violation  
There is a large setup violation of -1.018 ns between mlp_system_i/mlp_axi_wrapper_0/U0/mlp_inst/s_cnt_reg[5]_rep__0/C (clocked by clk_fpga_0) and mlp_system_i/mlp_axi_wrapper_0/U0/mlp_inst/l1_sum0/B[6] (clocked by clk_fpga_0). Large setup violations at the end of those stages might be difficult to fix during the post-placement implementation flow and could be the result of non-optimal XDC constraints or non-optimal design architecture
Related violations: <none>

TIMING-16#3 Warning
Large setup violation  
There is a large setup violation of -1.041 ns between mlp_system_i/mlp_axi_wrapper_0/U0/mlp_inst/s_cnt_reg[5]_rep__0/C (clocked by clk_fpga_0) and mlp_system_i/mlp_axi_wrapper_0/U0/mlp_inst/l1_sum0/B[8] (clocked by clk_fpga_0). Large setup violations at the end of those stages might be difficult to fix during the post-placement implementation flow and could be the result of non-optimal XDC constraints or non-optimal design architecture
Related violations: <none>

TIMING-16#4 Warning
Large setup violation  
There is a large setup violation of -1.158 ns between mlp_system_i/mlp_axi_wrapper_0/U0/mlp_inst/s_cnt_reg[5]_rep__0/C (clocked by clk_fpga_0) and mlp_system_i/mlp_axi_wrapper_0/U0/mlp_inst/l1_sum0/B[5] (clocked by clk_fpga_0). Large setup violations at the end of those stages might be difficult to fix during the post-placement implementation flow and could be the result of non-optimal XDC constraints or non-optimal design architecture
Related violations: <none>

TIMING-16#5 Warning
Large setup violation  
There is a large setup violation of -1.169 ns between mlp_system_i/mlp_axi_wrapper_0/U0/mlp_inst/s_cnt_reg[5]_rep__0/C (clocked by clk_fpga_0) and mlp_system_i/mlp_axi_wrapper_0/U0/mlp_inst/l1_sum0/B[4] (clocked by clk_fpga_0). Large setup violations at the end of those stages might be difficult to fix during the post-placement implementation flow and could be the result of non-optimal XDC constraints or non-optimal design architecture
Related violations: <none>

TIMING-16#6 Warning
Large setup violation  
There is a large setup violation of -1.268 ns between mlp_system_i/mlp_axi_wrapper_0/U0/mlp_inst/s_cnt_reg[2]/C (clocked by clk_fpga_0) and mlp_system_i/mlp_axi_wrapper_0/U0/mlp_inst/l2_mult_reg[63]/B[4] (clocked by clk_fpga_0). Large setup violations at the end of those stages might be difficult to fix during the post-placement implementation flow and could be the result of non-optimal XDC constraints or non-optimal design architecture
Related violations: <none>

TIMING-16#7 Warning
Large setup violation  
There is a large setup violation of -1.373 ns between mlp_system_i/mlp_axi_wrapper_0/U0/mlp_inst/s_cnt_reg[2]/C (clocked by clk_fpga_0) and mlp_system_i/mlp_axi_wrapper_0/U0/mlp_inst/l2_mult_reg[63]/B[2] (clocked by clk_fpga_0). Large setup violations at the end of those stages might be difficult to fix during the post-placement implementation flow and could be the result of non-optimal XDC constraints or non-optimal design architecture
Related violations: <none>

TIMING-16#8 Warning
Large setup violation  
There is a large setup violation of -1.389 ns between mlp_system_i/mlp_axi_wrapper_0/U0/mlp_inst/s_cnt_reg[1]_rep__5/C (clocked by clk_fpga_0) and mlp_system_i/mlp_axi_wrapper_0/U0/mlp_inst/l2_mult_reg[63]/B[17] (clocked by clk_fpga_0). Large setup violations at the end of those stages might be difficult to fix during the post-placement implementation flow and could be the result of non-optimal XDC constraints or non-optimal design architecture
Related violations: <none>

TIMING-16#9 Warning
Large setup violation  
There is a large setup violation of -1.404 ns between mlp_system_i/mlp_axi_wrapper_0/U0/mlp_inst/s_cnt_reg[5]_rep__0/C (clocked by clk_fpga_0) and mlp_system_i/mlp_axi_wrapper_0/U0/mlp_inst/l1_sum0/B[3] (clocked by clk_fpga_0). Large setup violations at the end of those stages might be difficult to fix during the post-placement implementation flow and could be the result of non-optimal XDC constraints or non-optimal design architecture
Related violations: <none>

TIMING-16#10 Warning
Large setup violation  
There is a large setup violation of -1.531 ns between mlp_system_i/mlp_axi_wrapper_0/U0/mlp_inst/s_cnt_reg[5]_rep__0/C (clocked by clk_fpga_0) and mlp_system_i/mlp_axi_wrapper_0/U0/mlp_inst/l1_sum0/B[1] (clocked by clk_fpga_0). Large setup violations at the end of those stages might be difficult to fix during the post-placement implementation flow and could be the result of non-optimal XDC constraints or non-optimal design architecture
Related violations: <none>

TIMING-16#11 Warning
Large setup violation  
There is a large setup violation of -1.536 ns between mlp_system_i/mlp_axi_wrapper_0/U0/mlp_inst/s_cnt_reg[5]_rep__0/C (clocked by clk_fpga_0) and mlp_system_i/mlp_axi_wrapper_0/U0/mlp_inst/l1_sum0/B[2] (clocked by clk_fpga_0). Large setup violations at the end of those stages might be difficult to fix during the post-placement implementation flow and could be the result of non-optimal XDC constraints or non-optimal design architecture
Related violations: <none>

TIMING-16#12 Warning
Large setup violation  
There is a large setup violation of -1.551 ns between mlp_system_i/mlp_axi_wrapper_0/U0/mlp_inst/s_cnt_reg[5]_rep__0/C (clocked by clk_fpga_0) and mlp_system_i/mlp_axi_wrapper_0/U0/mlp_inst/l1_sum0/B[0] (clocked by clk_fpga_0). Large setup violations at the end of those stages might be difficult to fix during the post-placement implementation flow and could be the result of non-optimal XDC constraints or non-optimal design architecture
Related violations: <none>

TIMING-16#13 Warning
Large setup violation  
There is a large setup violation of -1.566 ns between mlp_system_i/mlp_axi_wrapper_0/U0/mlp_inst/s_cnt_reg[1]_rep__5/C (clocked by clk_fpga_0) and mlp_system_i/mlp_axi_wrapper_0/U0/mlp_inst/l2_mult_reg[63]/B[12] (clocked by clk_fpga_0). Large setup violations at the end of those stages might be difficult to fix during the post-placement implementation flow and could be the result of non-optimal XDC constraints or non-optimal design architecture
Related violations: <none>

TIMING-16#14 Warning
Large setup violation  
There is a large setup violation of -1.566 ns between mlp_system_i/mlp_axi_wrapper_0/U0/mlp_inst/s_cnt_reg[1]_rep__5/C (clocked by clk_fpga_0) and mlp_system_i/mlp_axi_wrapper_0/U0/mlp_inst/l2_mult_reg[63]/B[13] (clocked by clk_fpga_0). Large setup violations at the end of those stages might be difficult to fix during the post-placement implementation flow and could be the result of non-optimal XDC constraints or non-optimal design architecture
Related violations: <none>

TIMING-16#15 Warning
Large setup violation  
There is a large setup violation of -1.566 ns between mlp_system_i/mlp_axi_wrapper_0/U0/mlp_inst/s_cnt_reg[1]_rep__5/C (clocked by clk_fpga_0) and mlp_system_i/mlp_axi_wrapper_0/U0/mlp_inst/l2_mult_reg[63]/B[14] (clocked by clk_fpga_0). Large setup violations at the end of those stages might be difficult to fix during the post-placement implementation flow and could be the result of non-optimal XDC constraints or non-optimal design architecture
Related violations: <none>

TIMING-16#16 Warning
Large setup violation  
There is a large setup violation of -1.566 ns between mlp_system_i/mlp_axi_wrapper_0/U0/mlp_inst/s_cnt_reg[1]_rep__5/C (clocked by clk_fpga_0) and mlp_system_i/mlp_axi_wrapper_0/U0/mlp_inst/l2_mult_reg[63]/B[15] (clocked by clk_fpga_0). Large setup violations at the end of those stages might be difficult to fix during the post-placement implementation flow and could be the result of non-optimal XDC constraints or non-optimal design architecture
Related violations: <none>

TIMING-16#17 Warning
Large setup violation  
There is a large setup violation of -1.579 ns between mlp_system_i/mlp_axi_wrapper_0/U0/mlp_inst/s_cnt_reg[1]_rep__5/C (clocked by clk_fpga_0) and mlp_system_i/mlp_axi_wrapper_0/U0/mlp_inst/l2_mult_reg[63]/B[16] (clocked by clk_fpga_0). Large setup violations at the end of those stages might be difficult to fix during the post-placement implementation flow and could be the result of non-optimal XDC constraints or non-optimal design architecture
Related violations: <none>

TIMING-16#18 Warning
Large setup violation  
There is a large setup violation of -1.608 ns between mlp_system_i/mlp_axi_wrapper_0/U0/mlp_inst/s_cnt_reg[2]/C (clocked by clk_fpga_0) and mlp_system_i/mlp_axi_wrapper_0/U0/mlp_inst/l2_mult_reg[63]/B[0] (clocked by clk_fpga_0). Large setup violations at the end of those stages might be difficult to fix during the post-placement implementation flow and could be the result of non-optimal XDC constraints or non-optimal design architecture
Related violations: <none>

TIMING-16#19 Warning
Large setup violation  
There is a large setup violation of -1.621 ns between mlp_system_i/mlp_axi_wrapper_0/U0/mlp_inst/s_cnt_reg[2]/C (clocked by clk_fpga_0) and mlp_system_i/mlp_axi_wrapper_0/U0/mlp_inst/l2_mult_reg[63]/B[1] (clocked by clk_fpga_0). Large setup violations at the end of those stages might be difficult to fix during the post-placement implementation flow and could be the result of non-optimal XDC constraints or non-optimal design architecture
Related violations: <none>

TIMING-16#20 Warning
Large setup violation  
There is a large setup violation of -1.734 ns between mlp_system_i/mlp_axi_wrapper_0/U0/mlp_inst/s_cnt_reg[1]_rep__5/C (clocked by clk_fpga_0) and mlp_system_i/mlp_axi_wrapper_0/U0/mlp_inst/l2_mult_reg[63]/B[8] (clocked by clk_fpga_0). Large setup violations at the end of those stages might be difficult to fix during the post-placement implementation flow and could be the result of non-optimal XDC constraints or non-optimal design architecture
Related violations: <none>

TIMING-16#21 Warning
Large setup violation  
There is a large setup violation of -1.791 ns between mlp_system_i/mlp_axi_wrapper_0/U0/mlp_inst/s_cnt_reg[2]/C (clocked by clk_fpga_0) and mlp_system_i/mlp_axi_wrapper_0/U0/mlp_inst/l2_mult_reg[63]/B[3] (clocked by clk_fpga_0). Large setup violations at the end of those stages might be difficult to fix during the post-placement implementation flow and could be the result of non-optimal XDC constraints or non-optimal design architecture
Related violations: <none>

TIMING-16#22 Warning
Large setup violation  
There is a large setup violation of -1.893 ns between mlp_system_i/mlp_axi_wrapper_0/U0/mlp_inst/s_cnt_reg[1]_rep__5/C (clocked by clk_fpga_0) and mlp_system_i/mlp_axi_wrapper_0/U0/mlp_inst/l2_mult_reg[63]/B[11] (clocked by clk_fpga_0). Large setup violations at the end of those stages might be difficult to fix during the post-placement implementation flow and could be the result of non-optimal XDC constraints or non-optimal design architecture
Related violations: <none>

TIMING-16#23 Warning
Large setup violation  
There is a large setup violation of -1.935 ns between mlp_system_i/mlp_axi_wrapper_0/U0/mlp_inst/s_cnt_reg[1]_rep__5/C (clocked by clk_fpga_0) and mlp_system_i/mlp_axi_wrapper_0/U0/mlp_inst/l2_mult_reg[63]/B[10] (clocked by clk_fpga_0). Large setup violations at the end of those stages might be difficult to fix during the post-placement implementation flow and could be the result of non-optimal XDC constraints or non-optimal design architecture
Related violations: <none>

TIMING-16#24 Warning
Large setup violation  
There is a large setup violation of -1.935 ns between mlp_system_i/mlp_axi_wrapper_0/U0/mlp_inst/s_cnt_reg[1]_rep__5/C (clocked by clk_fpga_0) and mlp_system_i/mlp_axi_wrapper_0/U0/mlp_inst/l2_mult_reg[63]/B[9] (clocked by clk_fpga_0). Large setup violations at the end of those stages might be difficult to fix during the post-placement implementation flow and could be the result of non-optimal XDC constraints or non-optimal design architecture
Related violations: <none>

TIMING-16#25 Warning
Large setup violation  
There is a large setup violation of -10.004 ns between mlp_system_i/mlp_axi_wrapper_0/U0/mlp_inst/l1_sum_reg[24]/C (clocked by clk_fpga_0) and mlp_system_i/mlp_axi_wrapper_0/U0/mlp_inst/l2_sum0__23/A[13] (clocked by clk_fpga_0). Large setup violations at the end of those stages might be difficult to fix during the post-placement implementation flow and could be the result of non-optimal XDC constraints or non-optimal design architecture
Related violations: <none>

TIMING-16#26 Warning
Large setup violation  
There is a large setup violation of -10.016 ns between mlp_system_i/mlp_axi_wrapper_0/U0/mlp_inst/l1_sum_reg[24]/C (clocked by clk_fpga_0) and mlp_system_i/mlp_axi_wrapper_0/U0/mlp_inst/l2_sum0__31/A[2] (clocked by clk_fpga_0). Large setup violations at the end of those stages might be difficult to fix during the post-placement implementation flow and could be the result of non-optimal XDC constraints or non-optimal design architecture
Related violations: <none>

TIMING-16#27 Warning
Large setup violation  
There is a large setup violation of -10.017 ns between mlp_system_i/mlp_axi_wrapper_0/U0/mlp_inst/l1_sum_reg[24]/C (clocked by clk_fpga_0) and mlp_system_i/mlp_axi_wrapper_0/U0/mlp_inst/l2_sum0__24/A[10] (clocked by clk_fpga_0). Large setup violations at the end of those stages might be difficult to fix during the post-placement implementation flow and could be the result of non-optimal XDC constraints or non-optimal design architecture
Related violations: <none>

TIMING-16#28 Warning
Large setup violation  
There is a large setup violation of -10.018 ns between mlp_system_i/mlp_axi_wrapper_0/U0/mlp_inst/l1_sum_reg[24]/C (clocked by clk_fpga_0) and mlp_system_i/mlp_axi_wrapper_0/U0/mlp_inst/l2_sum0__30/A[4] (clocked by clk_fpga_0). Large setup violations at the end of those stages might be difficult to fix during the post-placement implementation flow and could be the result of non-optimal XDC constraints or non-optimal design architecture
Related violations: <none>

TIMING-16#29 Warning
Large setup violation  
There is a large setup violation of -10.029 ns between mlp_system_i/mlp_axi_wrapper_0/U0/mlp_inst/l1_sum_reg[24]/C (clocked by clk_fpga_0) and mlp_system_i/mlp_axi_wrapper_0/U0/mlp_inst/l2_sum0__32/A[8] (clocked by clk_fpga_0). Large setup violations at the end of those stages might be difficult to fix during the post-placement implementation flow and could be the result of non-optimal XDC constraints or non-optimal design architecture
Related violations: <none>

TIMING-16#30 Warning
Large setup violation  
There is a large setup violation of -10.038 ns between mlp_system_i/mlp_axi_wrapper_0/U0/mlp_inst/l1_sum_reg[24]/C (clocked by clk_fpga_0) and mlp_system_i/mlp_axi_wrapper_0/U0/mlp_inst/l2_sum0__25/A[1] (clocked by clk_fpga_0). Large setup violations at the end of those stages might be difficult to fix during the post-placement implementation flow and could be the result of non-optimal XDC constraints or non-optimal design architecture
Related violations: <none>

TIMING-16#31 Warning
Large setup violation  
There is a large setup violation of -10.045 ns between mlp_system_i/mlp_axi_wrapper_0/U0/mlp_inst/l1_sum_reg[24]/C (clocked by clk_fpga_0) and mlp_system_i/mlp_axi_wrapper_0/U0/mlp_inst/l2_sum0__33/A[2] (clocked by clk_fpga_0). Large setup violations at the end of those stages might be difficult to fix during the post-placement implementation flow and could be the result of non-optimal XDC constraints or non-optimal design architecture
Related violations: <none>

TIMING-16#32 Warning
Large setup violation  
There is a large setup violation of -10.047 ns between mlp_system_i/mlp_axi_wrapper_0/U0/mlp_inst/l1_sum_reg[24]/C (clocked by clk_fpga_0) and mlp_system_i/mlp_axi_wrapper_0/U0/mlp_inst/l2_sum0__29/A[5] (clocked by clk_fpga_0). Large setup violations at the end of those stages might be difficult to fix during the post-placement implementation flow and could be the result of non-optimal XDC constraints or non-optimal design architecture
Related violations: <none>

TIMING-16#33 Warning
Large setup violation  
There is a large setup violation of -10.051 ns between mlp_system_i/mlp_axi_wrapper_0/U0/mlp_inst/l1_sum_reg[24]/C (clocked by clk_fpga_0) and mlp_system_i/mlp_axi_wrapper_0/U0/mlp_inst/l2_sum0__31/A[8] (clocked by clk_fpga_0). Large setup violations at the end of those stages might be difficult to fix during the post-placement implementation flow and could be the result of non-optimal XDC constraints or non-optimal design architecture
Related violations: <none>

TIMING-16#34 Warning
Large setup violation  
There is a large setup violation of -10.051 ns between mlp_system_i/mlp_axi_wrapper_0/U0/mlp_inst/l1_sum_reg[24]/C (clocked by clk_fpga_0) and mlp_system_i/mlp_axi_wrapper_0/U0/mlp_inst/l2_sum0__32/A[13] (clocked by clk_fpga_0). Large setup violations at the end of those stages might be difficult to fix during the post-placement implementation flow and could be the result of non-optimal XDC constraints or non-optimal design architecture
Related violations: <none>

TIMING-16#35 Warning
Large setup violation  
There is a large setup violation of -10.053 ns between mlp_system_i/mlp_axi_wrapper_0/U0/mlp_inst/l1_sum_reg[24]/C (clocked by clk_fpga_0) and mlp_system_i/mlp_axi_wrapper_0/U0/mlp_inst/l2_sum0__31/A[9] (clocked by clk_fpga_0). Large setup violations at the end of those stages might be difficult to fix during the post-placement implementation flow and could be the result of non-optimal XDC constraints or non-optimal design architecture
Related violations: <none>

TIMING-16#36 Warning
Large setup violation  
There is a large setup violation of -10.060 ns between mlp_system_i/mlp_axi_wrapper_0/U0/mlp_inst/l1_sum_reg[24]/C (clocked by clk_fpga_0) and mlp_system_i/mlp_axi_wrapper_0/U0/mlp_inst/l2_sum0__27/A[14] (clocked by clk_fpga_0). Large setup violations at the end of those stages might be difficult to fix during the post-placement implementation flow and could be the result of non-optimal XDC constraints or non-optimal design architecture
Related violations: <none>

TIMING-16#37 Warning
Large setup violation  
There is a large setup violation of -10.074 ns between mlp_system_i/mlp_axi_wrapper_0/U0/mlp_inst/l1_sum_reg[24]/C (clocked by clk_fpga_0) and mlp_system_i/mlp_axi_wrapper_0/U0/mlp_inst/l2_sum0__29/A[8] (clocked by clk_fpga_0). Large setup violations at the end of those stages might be difficult to fix during the post-placement implementation flow and could be the result of non-optimal XDC constraints or non-optimal design architecture
Related violations: <none>

TIMING-16#38 Warning
Large setup violation  
There is a large setup violation of -10.082 ns between mlp_system_i/mlp_axi_wrapper_0/U0/mlp_inst/l1_sum_reg[24]/C (clocked by clk_fpga_0) and mlp_system_i/mlp_axi_wrapper_0/U0/mlp_inst/l2_sum0__32/A[1] (clocked by clk_fpga_0). Large setup violations at the end of those stages might be difficult to fix during the post-placement implementation flow and could be the result of non-optimal XDC constraints or non-optimal design architecture
Related violations: <none>

TIMING-16#39 Warning
Large setup violation  
There is a large setup violation of -10.089 ns between mlp_system_i/mlp_axi_wrapper_0/U0/mlp_inst/l1_sum_reg[24]/C (clocked by clk_fpga_0) and mlp_system_i/mlp_axi_wrapper_0/U0/mlp_inst/l2_sum0__29/A[11] (clocked by clk_fpga_0). Large setup violations at the end of those stages might be difficult to fix during the post-placement implementation flow and could be the result of non-optimal XDC constraints or non-optimal design architecture
Related violations: <none>

TIMING-16#40 Warning
Large setup violation  
There is a large setup violation of -10.093 ns between mlp_system_i/mlp_axi_wrapper_0/U0/mlp_inst/l1_sum_reg[24]/C (clocked by clk_fpga_0) and mlp_system_i/mlp_axi_wrapper_0/U0/mlp_inst/l2_sum0__27/A[3] (clocked by clk_fpga_0). Large setup violations at the end of those stages might be difficult to fix during the post-placement implementation flow and could be the result of non-optimal XDC constraints or non-optimal design architecture
Related violations: <none>

TIMING-16#41 Warning
Large setup violation  
There is a large setup violation of -10.095 ns between mlp_system_i/mlp_axi_wrapper_0/U0/mlp_inst/l1_sum_reg[24]/C (clocked by clk_fpga_0) and mlp_system_i/mlp_axi_wrapper_0/U0/mlp_inst/l2_sum0__24/A[24] (clocked by clk_fpga_0). Large setup violations at the end of those stages might be difficult to fix during the post-placement implementation flow and could be the result of non-optimal XDC constraints or non-optimal design architecture
Related violations: <none>

TIMING-16#42 Warning
Large setup violation  
There is a large setup violation of -10.095 ns between mlp_system_i/mlp_axi_wrapper_0/U0/mlp_inst/l1_sum_reg[24]/C (clocked by clk_fpga_0) and mlp_system_i/mlp_axi_wrapper_0/U0/mlp_inst/l2_sum0__33/A[0] (clocked by clk_fpga_0). Large setup violations at the end of those stages might be difficult to fix during the post-placement implementation flow and could be the result of non-optimal XDC constraints or non-optimal design architecture
Related violations: <none>

TIMING-16#43 Warning
Large setup violation  
There is a large setup violation of -10.096 ns between mlp_system_i/mlp_axi_wrapper_0/U0/mlp_inst/l1_sum_reg[24]/C (clocked by clk_fpga_0) and mlp_system_i/mlp_axi_wrapper_0/U0/mlp_inst/l2_sum0__31/A[4] (clocked by clk_fpga_0). Large setup violations at the end of those stages might be difficult to fix during the post-placement implementation flow and could be the result of non-optimal XDC constraints or non-optimal design architecture
Related violations: <none>

TIMING-16#44 Warning
Large setup violation  
There is a large setup violation of -10.100 ns between mlp_system_i/mlp_axi_wrapper_0/U0/mlp_inst/l1_sum_reg[24]/C (clocked by clk_fpga_0) and mlp_system_i/mlp_axi_wrapper_0/U0/mlp_inst/l2_sum0__27/A[1] (clocked by clk_fpga_0). Large setup violations at the end of those stages might be difficult to fix during the post-placement implementation flow and could be the result of non-optimal XDC constraints or non-optimal design architecture
Related violations: <none>

TIMING-16#45 Warning
Large setup violation  
There is a large setup violation of -10.107 ns between mlp_system_i/mlp_axi_wrapper_0/U0/mlp_inst/l1_sum_reg[24]/C (clocked by clk_fpga_0) and mlp_system_i/mlp_axi_wrapper_0/U0/mlp_inst/l2_sum0__22/A[15] (clocked by clk_fpga_0). Large setup violations at the end of those stages might be difficult to fix during the post-placement implementation flow and could be the result of non-optimal XDC constraints or non-optimal design architecture
Related violations: <none>

TIMING-16#46 Warning
Large setup violation  
There is a large setup violation of -10.108 ns between mlp_system_i/mlp_axi_wrapper_0/U0/mlp_inst/l1_sum_reg[24]/C (clocked by clk_fpga_0) and mlp_system_i/mlp_axi_wrapper_0/U0/mlp_inst/l2_sum0__22/A[16] (clocked by clk_fpga_0). Large setup violations at the end of those stages might be difficult to fix during the post-placement implementation flow and could be the result of non-optimal XDC constraints or non-optimal design architecture
Related violations: <none>

TIMING-16#47 Warning
Large setup violation  
There is a large setup violation of -10.109 ns between mlp_system_i/mlp_axi_wrapper_0/U0/mlp_inst/l1_sum_reg[24]/C (clocked by clk_fpga_0) and mlp_system_i/mlp_axi_wrapper_0/U0/mlp_inst/l2_sum0__25/A[10] (clocked by clk_fpga_0). Large setup violations at the end of those stages might be difficult to fix during the post-placement implementation flow and could be the result of non-optimal XDC constraints or non-optimal design architecture
Related violations: <none>

TIMING-16#48 Warning
Large setup violation  
There is a large setup violation of -10.110 ns between mlp_system_i/mlp_axi_wrapper_0/U0/mlp_inst/l1_sum_reg[24]/C (clocked by clk_fpga_0) and mlp_system_i/mlp_axi_wrapper_0/U0/mlp_inst/l2_sum0__24/A[20] (clocked by clk_fpga_0). Large setup violations at the end of those stages might be difficult to fix during the post-placement implementation flow and could be the result of non-optimal XDC constraints or non-optimal design architecture
Related violations: <none>

TIMING-16#49 Warning
Large setup violation  
There is a large setup violation of -10.110 ns between mlp_system_i/mlp_axi_wrapper_0/U0/mlp_inst/l1_sum_reg[24]/C (clocked by clk_fpga_0) and mlp_system_i/mlp_axi_wrapper_0/U0/mlp_inst/l2_sum0__24/A[21] (clocked by clk_fpga_0). Large setup violations at the end of those stages might be difficult to fix during the post-placement implementation flow and could be the result of non-optimal XDC constraints or non-optimal design architecture
Related violations: <none>

TIMING-16#50 Warning
Large setup violation  
There is a large setup violation of -10.110 ns between mlp_system_i/mlp_axi_wrapper_0/U0/mlp_inst/l1_sum_reg[24]/C (clocked by clk_fpga_0) and mlp_system_i/mlp_axi_wrapper_0/U0/mlp_inst/l2_sum0__24/A[22] (clocked by clk_fpga_0). Large setup violations at the end of those stages might be difficult to fix during the post-placement implementation flow and could be the result of non-optimal XDC constraints or non-optimal design architecture
Related violations: <none>

TIMING-16#51 Warning
Large setup violation  
There is a large setup violation of -10.110 ns between mlp_system_i/mlp_axi_wrapper_0/U0/mlp_inst/l1_sum_reg[24]/C (clocked by clk_fpga_0) and mlp_system_i/mlp_axi_wrapper_0/U0/mlp_inst/l2_sum0__24/A[23] (clocked by clk_fpga_0). Large setup violations at the end of those stages might be difficult to fix during the post-placement implementation flow and could be the result of non-optimal XDC constraints or non-optimal design architecture
Related violations: <none>

TIMING-16#52 Warning
Large setup violation  
There is a large setup violation of -10.110 ns between mlp_system_i/mlp_axi_wrapper_0/U0/mlp_inst/l1_sum_reg[24]/C (clocked by clk_fpga_0) and mlp_system_i/mlp_axi_wrapper_0/U0/mlp_inst/l2_sum0__25/A[24] (clocked by clk_fpga_0). Large setup violations at the end of those stages might be difficult to fix during the post-placement implementation flow and could be the result of non-optimal XDC constraints or non-optimal design architecture
Related violations: <none>

TIMING-16#53 Warning
Large setup violation  
There is a large setup violation of -10.123 ns between mlp_system_i/mlp_axi_wrapper_0/U0/mlp_inst/l1_sum_reg[24]/C (clocked by clk_fpga_0) and mlp_system_i/mlp_axi_wrapper_0/U0/mlp_inst/l2_sum0__25/A[23] (clocked by clk_fpga_0). Large setup violations at the end of those stages might be difficult to fix during the post-placement implementation flow and could be the result of non-optimal XDC constraints or non-optimal design architecture
Related violations: <none>

TIMING-16#54 Warning
Large setup violation  
There is a large setup violation of -10.125 ns between mlp_system_i/mlp_axi_wrapper_0/U0/mlp_inst/l1_sum_reg[24]/C (clocked by clk_fpga_0) and mlp_system_i/mlp_axi_wrapper_0/U0/mlp_inst/l2_sum0__26/A[11] (clocked by clk_fpga_0). Large setup violations at the end of those stages might be difficult to fix during the post-placement implementation flow and could be the result of non-optimal XDC constraints or non-optimal design architecture
Related violations: <none>

TIMING-16#55 Warning
Large setup violation  
There is a large setup violation of -10.127 ns between mlp_system_i/mlp_axi_wrapper_0/U0/mlp_inst/l1_sum_reg[24]/C (clocked by clk_fpga_0) and mlp_system_i/mlp_axi_wrapper_0/U0/mlp_inst/l2_sum0__27/A[20] (clocked by clk_fpga_0). Large setup violations at the end of those stages might be difficult to fix during the post-placement implementation flow and could be the result of non-optimal XDC constraints or non-optimal design architecture
Related violations: <none>

TIMING-16#56 Warning
Large setup violation  
There is a large setup violation of -10.127 ns between mlp_system_i/mlp_axi_wrapper_0/U0/mlp_inst/l1_sum_reg[24]/C (clocked by clk_fpga_0) and mlp_system_i/mlp_axi_wrapper_0/U0/mlp_inst/l2_sum0__27/A[21] (clocked by clk_fpga_0). Large setup violations at the end of those stages might be difficult to fix during the post-placement implementation flow and could be the result of non-optimal XDC constraints or non-optimal design architecture
Related violations: <none>

TIMING-16#57 Warning
Large setup violation  
There is a large setup violation of -10.127 ns between mlp_system_i/mlp_axi_wrapper_0/U0/mlp_inst/l1_sum_reg[24]/C (clocked by clk_fpga_0) and mlp_system_i/mlp_axi_wrapper_0/U0/mlp_inst/l2_sum0__27/A[22] (clocked by clk_fpga_0). Large setup violations at the end of those stages might be difficult to fix during the post-placement implementation flow and could be the result of non-optimal XDC constraints or non-optimal design architecture
Related violations: <none>

TIMING-16#58 Warning
Large setup violation  
There is a large setup violation of -10.133 ns between mlp_system_i/mlp_axi_wrapper_0/U0/mlp_inst/l1_sum_reg[24]/C (clocked by clk_fpga_0) and mlp_system_i/mlp_axi_wrapper_0/U0/mlp_inst/l2_sum0__33/A[9] (clocked by clk_fpga_0). Large setup violations at the end of those stages might be difficult to fix during the post-placement implementation flow and could be the result of non-optimal XDC constraints or non-optimal design architecture
Related violations: <none>

TIMING-16#59 Warning
Large setup violation  
There is a large setup violation of -10.138 ns between mlp_system_i/mlp_axi_wrapper_0/U0/mlp_inst/l1_sum_reg[24]/C (clocked by clk_fpga_0) and mlp_system_i/mlp_axi_wrapper_0/U0/mlp_inst/l2_sum0__32/A[7] (clocked by clk_fpga_0). Large setup violations at the end of those stages might be difficult to fix during the post-placement implementation flow and could be the result of non-optimal XDC constraints or non-optimal design architecture
Related violations: <none>

TIMING-16#60 Warning
Large setup violation  
There is a large setup violation of -10.145 ns between mlp_system_i/mlp_axi_wrapper_0/U0/mlp_inst/l1_sum_reg[24]/C (clocked by clk_fpga_0) and mlp_system_i/mlp_axi_wrapper_0/U0/mlp_inst/l2_sum0__32/A[2] (clocked by clk_fpga_0). Large setup violations at the end of those stages might be difficult to fix during the post-placement implementation flow and could be the result of non-optimal XDC constraints or non-optimal design architecture
Related violations: <none>

TIMING-16#61 Warning
Large setup violation  
There is a large setup violation of -10.149 ns between mlp_system_i/mlp_axi_wrapper_0/U0/mlp_inst/l1_sum_reg[24]/C (clocked by clk_fpga_0) and mlp_system_i/mlp_axi_wrapper_0/U0/mlp_inst/l2_sum0__29/A[9] (clocked by clk_fpga_0). Large setup violations at the end of those stages might be difficult to fix during the post-placement implementation flow and could be the result of non-optimal XDC constraints or non-optimal design architecture
Related violations: <none>

TIMING-16#62 Warning
Large setup violation  
There is a large setup violation of -10.161 ns between mlp_system_i/mlp_axi_wrapper_0/U0/mlp_inst/l1_sum_reg[24]/C (clocked by clk_fpga_0) and mlp_system_i/mlp_axi_wrapper_0/U0/mlp_inst/l2_sum0__26/A[10] (clocked by clk_fpga_0). Large setup violations at the end of those stages might be difficult to fix during the post-placement implementation flow and could be the result of non-optimal XDC constraints or non-optimal design architecture
Related violations: <none>

TIMING-16#63 Warning
Large setup violation  
There is a large setup violation of -10.167 ns between mlp_system_i/mlp_axi_wrapper_0/U0/mlp_inst/l1_sum_reg[24]/C (clocked by clk_fpga_0) and mlp_system_i/mlp_axi_wrapper_0/U0/mlp_inst/l2_sum0__33/A[4] (clocked by clk_fpga_0). Large setup violations at the end of those stages might be difficult to fix during the post-placement implementation flow and could be the result of non-optimal XDC constraints or non-optimal design architecture
Related violations: <none>

TIMING-16#64 Warning
Large setup violation  
There is a large setup violation of -10.182 ns between mlp_system_i/mlp_axi_wrapper_0/U0/mlp_inst/l1_sum_reg[24]/C (clocked by clk_fpga_0) and mlp_system_i/mlp_axi_wrapper_0/U0/mlp_inst/l2_sum0__23/A[12] (clocked by clk_fpga_0). Large setup violations at the end of those stages might be difficult to fix during the post-placement implementation flow and could be the result of non-optimal XDC constraints or non-optimal design architecture
Related violations: <none>

TIMING-16#65 Warning
Large setup violation  
There is a large setup violation of -10.183 ns between mlp_system_i/mlp_axi_wrapper_0/U0/mlp_inst/l1_sum_reg[24]/C (clocked by clk_fpga_0) and mlp_system_i/mlp_axi_wrapper_0/U0/mlp_inst/l2_sum0__33/A[8] (clocked by clk_fpga_0). Large setup violations at the end of those stages might be difficult to fix during the post-placement implementation flow and could be the result of non-optimal XDC constraints or non-optimal design architecture
Related violations: <none>

TIMING-16#66 Warning
Large setup violation  
There is a large setup violation of -10.195 ns between mlp_system_i/mlp_axi_wrapper_0/U0/mlp_inst/l1_sum_reg[24]/C (clocked by clk_fpga_0) and mlp_system_i/mlp_axi_wrapper_0/U0/mlp_inst/l2_sum0__25/A[12] (clocked by clk_fpga_0). Large setup violations at the end of those stages might be difficult to fix during the post-placement implementation flow and could be the result of non-optimal XDC constraints or non-optimal design architecture
Related violations: <none>

TIMING-16#67 Warning
Large setup violation  
There is a large setup violation of -10.197 ns between mlp_system_i/mlp_axi_wrapper_0/U0/mlp_inst/l1_sum_reg[24]/C (clocked by clk_fpga_0) and mlp_system_i/mlp_axi_wrapper_0/U0/mlp_inst/l2_sum0__25/A[17] (clocked by clk_fpga_0). Large setup violations at the end of those stages might be difficult to fix during the post-placement implementation flow and could be the result of non-optimal XDC constraints or non-optimal design architecture
Related violations: <none>

TIMING-16#68 Warning
Large setup violation  
There is a large setup violation of -10.197 ns between mlp_system_i/mlp_axi_wrapper_0/U0/mlp_inst/l1_sum_reg[24]/C (clocked by clk_fpga_0) and mlp_system_i/mlp_axi_wrapper_0/U0/mlp_inst/l2_sum0__25/A[18] (clocked by clk_fpga_0). Large setup violations at the end of those stages might be difficult to fix during the post-placement implementation flow and could be the result of non-optimal XDC constraints or non-optimal design architecture
Related violations: <none>

TIMING-16#69 Warning
Large setup violation  
There is a large setup violation of -10.197 ns between mlp_system_i/mlp_axi_wrapper_0/U0/mlp_inst/l1_sum_reg[24]/C (clocked by clk_fpga_0) and mlp_system_i/mlp_axi_wrapper_0/U0/mlp_inst/l2_sum0__25/A[19] (clocked by clk_fpga_0). Large setup violations at the end of those stages might be difficult to fix during the post-placement implementation flow and could be the result of non-optimal XDC constraints or non-optimal design architecture
Related violations: <none>

TIMING-16#70 Warning
Large setup violation  
There is a large setup violation of -10.201 ns between mlp_system_i/mlp_axi_wrapper_0/U0/mlp_inst/l1_sum_reg[24]/C (clocked by clk_fpga_0) and mlp_system_i/mlp_axi_wrapper_0/U0/mlp_inst/l2_sum0__24/A[16] (clocked by clk_fpga_0). Large setup violations at the end of those stages might be difficult to fix during the post-placement implementation flow and could be the result of non-optimal XDC constraints or non-optimal design architecture
Related violations: <none>

TIMING-16#71 Warning
Large setup violation  
There is a large setup violation of -10.201 ns between mlp_system_i/mlp_axi_wrapper_0/U0/mlp_inst/l1_sum_reg[24]/C (clocked by clk_fpga_0) and mlp_system_i/mlp_axi_wrapper_0/U0/mlp_inst/l2_sum0__24/A[17] (clocked by clk_fpga_0). Large setup violations at the end of those stages might be difficult to fix during the post-placement implementation flow and could be the result of non-optimal XDC constraints or non-optimal design architecture
Related violations: <none>

TIMING-16#72 Warning
Large setup violation  
There is a large setup violation of -10.208 ns between mlp_system_i/mlp_axi_wrapper_0/U0/mlp_inst/l1_sum_reg[24]/C (clocked by clk_fpga_0) and mlp_system_i/mlp_axi_wrapper_0/U0/mlp_inst/l2_sum0__31/A[14] (clocked by clk_fpga_0). Large setup violations at the end of those stages might be difficult to fix during the post-placement implementation flow and could be the result of non-optimal XDC constraints or non-optimal design architecture
Related violations: <none>

TIMING-16#73 Warning
Large setup violation  
There is a large setup violation of -10.224 ns between mlp_system_i/mlp_axi_wrapper_0/U0/mlp_inst/l1_sum_reg[24]/C (clocked by clk_fpga_0) and mlp_system_i/mlp_axi_wrapper_0/U0/mlp_inst/l2_sum0__31/A[5] (clocked by clk_fpga_0). Large setup violations at the end of those stages might be difficult to fix during the post-placement implementation flow and could be the result of non-optimal XDC constraints or non-optimal design architecture
Related violations: <none>

TIMING-16#74 Warning
Large setup violation  
There is a large setup violation of -10.230 ns between mlp_system_i/mlp_axi_wrapper_0/U0/mlp_inst/l1_sum_reg[24]/C (clocked by clk_fpga_0) and mlp_system_i/mlp_axi_wrapper_0/U0/mlp_inst/l2_sum0__29/A[14] (clocked by clk_fpga_0). Large setup violations at the end of those stages might be difficult to fix during the post-placement implementation flow and could be the result of non-optimal XDC constraints or non-optimal design architecture
Related violations: <none>

TIMING-16#75 Warning
Large setup violation  
There is a large setup violation of -10.231 ns between mlp_system_i/mlp_axi_wrapper_0/U0/mlp_inst/l1_sum_reg[24]/C (clocked by clk_fpga_0) and mlp_system_i/mlp_axi_wrapper_0/U0/mlp_inst/l2_sum0__25/A[3] (clocked by clk_fpga_0). Large setup violations at the end of those stages might be difficult to fix during the post-placement implementation flow and could be the result of non-optimal XDC constraints or non-optimal design architecture
Related violations: <none>

TIMING-16#76 Warning
Large setup violation  
There is a large setup violation of -10.236 ns between mlp_system_i/mlp_axi_wrapper_0/U0/mlp_inst/l1_sum_reg[24]/C (clocked by clk_fpga_0) and mlp_system_i/mlp_axi_wrapper_0/U0/mlp_inst/l2_sum0__23/A[15] (clocked by clk_fpga_0). Large setup violations at the end of those stages might be difficult to fix during the post-placement implementation flow and could be the result of non-optimal XDC constraints or non-optimal design architecture
Related violations: <none>

TIMING-16#77 Warning
Large setup violation  
There is a large setup violation of -10.238 ns between mlp_system_i/mlp_axi_wrapper_0/U0/mlp_inst/l1_sum_reg[24]/C (clocked by clk_fpga_0) and mlp_system_i/mlp_axi_wrapper_0/U0/mlp_inst/l2_sum0__25/A[13] (clocked by clk_fpga_0). Large setup violations at the end of those stages might be difficult to fix during the post-placement implementation flow and could be the result of non-optimal XDC constraints or non-optimal design architecture
Related violations: <none>

TIMING-16#78 Warning
Large setup violation  
There is a large setup violation of -10.238 ns between mlp_system_i/mlp_axi_wrapper_0/U0/mlp_inst/l1_sum_reg[24]/C (clocked by clk_fpga_0) and mlp_system_i/mlp_axi_wrapper_0/U0/mlp_inst/l2_sum0__32/A[14] (clocked by clk_fpga_0). Large setup violations at the end of those stages might be difficult to fix during the post-placement implementation flow and could be the result of non-optimal XDC constraints or non-optimal design architecture
Related violations: <none>

TIMING-16#79 Warning
Large setup violation  
There is a large setup violation of -10.241 ns between mlp_system_i/mlp_axi_wrapper_0/U0/mlp_inst/l1_sum_reg[24]/C (clocked by clk_fpga_0) and mlp_system_i/mlp_axi_wrapper_0/U0/mlp_inst/l2_sum0__27/A[10] (clocked by clk_fpga_0). Large setup violations at the end of those stages might be difficult to fix during the post-placement implementation flow and could be the result of non-optimal XDC constraints or non-optimal design architecture
Related violations: <none>

TIMING-16#80 Warning
Large setup violation  
There is a large setup violation of -10.241 ns between mlp_system_i/mlp_axi_wrapper_0/U0/mlp_inst/l1_sum_reg[24]/C (clocked by clk_fpga_0) and mlp_system_i/mlp_axi_wrapper_0/U0/mlp_inst/l2_sum0__31/A[1] (clocked by clk_fpga_0). Large setup violations at the end of those stages might be difficult to fix during the post-placement implementation flow and could be the result of non-optimal XDC constraints or non-optimal design architecture
Related violations: <none>

TIMING-16#81 Warning
Large setup violation  
There is a large setup violation of -10.252 ns between mlp_system_i/mlp_axi_wrapper_0/U0/mlp_inst/l1_sum_reg[24]/C (clocked by clk_fpga_0) and mlp_system_i/mlp_axi_wrapper_0/U0/mlp_inst/l2_sum0__24/A[15] (clocked by clk_fpga_0). Large setup violations at the end of those stages might be difficult to fix during the post-placement implementation flow and could be the result of non-optimal XDC constraints or non-optimal design architecture
Related violations: <none>

TIMING-16#82 Warning
Large setup violation  
There is a large setup violation of -10.252 ns between mlp_system_i/mlp_axi_wrapper_0/U0/mlp_inst/l1_sum_reg[24]/C (clocked by clk_fpga_0) and mlp_system_i/mlp_axi_wrapper_0/U0/mlp_inst/l2_sum0__25/A[15] (clocked by clk_fpga_0). Large setup violations at the end of those stages might be difficult to fix during the post-placement implementation flow and could be the result of non-optimal XDC constraints or non-optimal design architecture
Related violations: <none>

TIMING-16#83 Warning
Large setup violation  
There is a large setup violation of -10.256 ns between mlp_system_i/mlp_axi_wrapper_0/U0/mlp_inst/l1_sum_reg[24]/C (clocked by clk_fpga_0) and mlp_system_i/mlp_axi_wrapper_0/U0/mlp_inst/l2_sum0__27/A[13] (clocked by clk_fpga_0). Large setup violations at the end of those stages might be difficult to fix during the post-placement implementation flow and could be the result of non-optimal XDC constraints or non-optimal design architecture
Related violations: <none>

TIMING-16#84 Warning
Large setup violation  
There is a large setup violation of -10.272 ns between mlp_system_i/mlp_axi_wrapper_0/U0/mlp_inst/l1_sum_reg[24]/C (clocked by clk_fpga_0) and mlp_system_i/mlp_axi_wrapper_0/U0/mlp_inst/l2_sum0__31/A[11] (clocked by clk_fpga_0). Large setup violations at the end of those stages might be difficult to fix during the post-placement implementation flow and could be the result of non-optimal XDC constraints or non-optimal design architecture
Related violations: <none>

TIMING-16#85 Warning
Large setup violation  
There is a large setup violation of -10.274 ns between mlp_system_i/mlp_axi_wrapper_0/U0/mlp_inst/l1_sum_reg[24]/C (clocked by clk_fpga_0) and mlp_system_i/mlp_axi_wrapper_0/U0/mlp_inst/l2_sum0__33/A[11] (clocked by clk_fpga_0). Large setup violations at the end of those stages might be difficult to fix during the post-placement implementation flow and could be the result of non-optimal XDC constraints or non-optimal design architecture
Related violations: <none>

TIMING-16#86 Warning
Large setup violation  
There is a large setup violation of -10.275 ns between mlp_system_i/mlp_axi_wrapper_0/U0/mlp_inst/l1_sum_reg[24]/C (clocked by clk_fpga_0) and mlp_system_i/mlp_axi_wrapper_0/U0/mlp_inst/l2_sum0__22/A[17] (clocked by clk_fpga_0). Large setup violations at the end of those stages might be difficult to fix during the post-placement implementation flow and could be the result of non-optimal XDC constraints or non-optimal design architecture
Related violations: <none>

TIMING-16#87 Warning
Large setup violation  
There is a large setup violation of -10.275 ns between mlp_system_i/mlp_axi_wrapper_0/U0/mlp_inst/l1_sum_reg[24]/C (clocked by clk_fpga_0) and mlp_system_i/mlp_axi_wrapper_0/U0/mlp_inst/l2_sum0__22/A[18] (clocked by clk_fpga_0). Large setup violations at the end of those stages might be difficult to fix during the post-placement implementation flow and could be the result of non-optimal XDC constraints or non-optimal design architecture
Related violations: <none>

TIMING-16#88 Warning
Large setup violation  
There is a large setup violation of -10.275 ns between mlp_system_i/mlp_axi_wrapper_0/U0/mlp_inst/l1_sum_reg[24]/C (clocked by clk_fpga_0) and mlp_system_i/mlp_axi_wrapper_0/U0/mlp_inst/l2_sum0__22/A[19] (clocked by clk_fpga_0). Large setup violations at the end of those stages might be difficult to fix during the post-placement implementation flow and could be the result of non-optimal XDC constraints or non-optimal design architecture
Related violations: <none>

TIMING-16#89 Warning
Large setup violation  
There is a large setup violation of -10.277 ns between mlp_system_i/mlp_axi_wrapper_0/U0/mlp_inst/l1_sum_reg[24]/C (clocked by clk_fpga_0) and mlp_system_i/mlp_axi_wrapper_0/U0/mlp_inst/l2_sum0__33/A[5] (clocked by clk_fpga_0). Large setup violations at the end of those stages might be difficult to fix during the post-placement implementation flow and could be the result of non-optimal XDC constraints or non-optimal design architecture
Related violations: <none>

TIMING-16#90 Warning
Large setup violation  
There is a large setup violation of -10.286 ns between mlp_system_i/mlp_axi_wrapper_0/U0/mlp_inst/l1_sum_reg[24]/C (clocked by clk_fpga_0) and mlp_system_i/mlp_axi_wrapper_0/U0/mlp_inst/l2_sum0__33/A[14] (clocked by clk_fpga_0). Large setup violations at the end of those stages might be difficult to fix during the post-placement implementation flow and could be the result of non-optimal XDC constraints or non-optimal design architecture
Related violations: <none>

TIMING-16#91 Warning
Large setup violation  
There is a large setup violation of -10.301 ns between mlp_system_i/mlp_axi_wrapper_0/U0/mlp_inst/l1_sum_reg[24]/C (clocked by clk_fpga_0) and mlp_system_i/mlp_axi_wrapper_0/U0/mlp_inst/l2_sum0__27/A[23] (clocked by clk_fpga_0). Large setup violations at the end of those stages might be difficult to fix during the post-placement implementation flow and could be the result of non-optimal XDC constraints or non-optimal design architecture
Related violations: <none>

TIMING-16#92 Warning
Large setup violation  
There is a large setup violation of -10.305 ns between mlp_system_i/mlp_axi_wrapper_0/U0/mlp_inst/l1_sum_reg[24]/C (clocked by clk_fpga_0) and mlp_system_i/mlp_axi_wrapper_0/U0/mlp_inst/l2_sum0__27/A[24] (clocked by clk_fpga_0). Large setup violations at the end of those stages might be difficult to fix during the post-placement implementation flow and could be the result of non-optimal XDC constraints or non-optimal design architecture
Related violations: <none>

TIMING-16#93 Warning
Large setup violation  
There is a large setup violation of -10.305 ns between mlp_system_i/mlp_axi_wrapper_0/U0/mlp_inst/l1_sum_reg[24]/C (clocked by clk_fpga_0) and mlp_system_i/mlp_axi_wrapper_0/U0/mlp_inst/l2_sum0__27/A[25] (clocked by clk_fpga_0). Large setup violations at the end of those stages might be difficult to fix during the post-placement implementation flow and could be the result of non-optimal XDC constraints or non-optimal design architecture
Related violations: <none>

TIMING-16#94 Warning
Large setup violation  
There is a large setup violation of -10.305 ns between mlp_system_i/mlp_axi_wrapper_0/U0/mlp_inst/l1_sum_reg[24]/C (clocked by clk_fpga_0) and mlp_system_i/mlp_axi_wrapper_0/U0/mlp_inst/l2_sum0__27/A[26] (clocked by clk_fpga_0). Large setup violations at the end of those stages might be difficult to fix during the post-placement implementation flow and could be the result of non-optimal XDC constraints or non-optimal design architecture
Related violations: <none>

TIMING-16#95 Warning
Large setup violation  
There is a large setup violation of -10.305 ns between mlp_system_i/mlp_axi_wrapper_0/U0/mlp_inst/l1_sum_reg[24]/C (clocked by clk_fpga_0) and mlp_system_i/mlp_axi_wrapper_0/U0/mlp_inst/l2_sum0__27/A[27] (clocked by clk_fpga_0). Large setup violations at the end of those stages might be difficult to fix during the post-placement implementation flow and could be the result of non-optimal XDC constraints or non-optimal design architecture
Related violations: <none>

TIMING-16#96 Warning
Large setup violation  
There is a large setup violation of -10.308 ns between mlp_system_i/mlp_axi_wrapper_0/U0/mlp_inst/l1_sum_reg[24]/C (clocked by clk_fpga_0) and mlp_system_i/mlp_axi_wrapper_0/U0/mlp_inst/l2_sum0__26/A[20] (clocked by clk_fpga_0). Large setup violations at the end of those stages might be difficult to fix during the post-placement implementation flow and could be the result of non-optimal XDC constraints or non-optimal design architecture
Related violations: <none>

TIMING-16#97 Warning
Large setup violation  
There is a large setup violation of -10.317 ns between mlp_system_i/mlp_axi_wrapper_0/U0/mlp_inst/l1_sum_reg[24]/C (clocked by clk_fpga_0) and mlp_system_i/mlp_axi_wrapper_0/U0/mlp_inst/l2_sum0__29/A[1] (clocked by clk_fpga_0). Large setup violations at the end of those stages might be difficult to fix during the post-placement implementation flow and could be the result of non-optimal XDC constraints or non-optimal design architecture
Related violations: <none>

TIMING-16#98 Warning
Large setup violation  
There is a large setup violation of -10.329 ns between mlp_system_i/mlp_axi_wrapper_0/U0/mlp_inst/l1_sum_reg[24]/C (clocked by clk_fpga_0) and mlp_system_i/mlp_axi_wrapper_0/U0/mlp_inst/l2_sum0__29/A[3] (clocked by clk_fpga_0). Large setup violations at the end of those stages might be difficult to fix during the post-placement implementation flow and could be the result of non-optimal XDC constraints or non-optimal design architecture
Related violations: <none>

TIMING-16#99 Warning
Large setup violation  
There is a large setup violation of -10.334 ns between mlp_system_i/mlp_axi_wrapper_0/U0/mlp_inst/l1_sum_reg[24]/C (clocked by clk_fpga_0) and mlp_system_i/mlp_axi_wrapper_0/U0/mlp_inst/l2_sum0__28/A[10] (clocked by clk_fpga_0). Large setup violations at the end of those stages might be difficult to fix during the post-placement implementation flow and could be the result of non-optimal XDC constraints or non-optimal design architecture
Related violations: <none>

TIMING-16#100 Warning
Large setup violation  
There is a large setup violation of -10.350 ns between mlp_system_i/mlp_axi_wrapper_0/U0/mlp_inst/l1_sum_reg[24]/C (clocked by clk_fpga_0) and mlp_system_i/mlp_axi_wrapper_0/U0/mlp_inst/l2_sum0__28/A[11] (clocked by clk_fpga_0). Large setup violations at the end of those stages might be difficult to fix during the post-placement implementation flow and could be the result of non-optimal XDC constraints or non-optimal design architecture
Related violations: <none>

TIMING-16#101 Warning
Large setup violation  
There is a large setup violation of -10.350 ns between mlp_system_i/mlp_axi_wrapper_0/U0/mlp_inst/l1_sum_reg[24]/C (clocked by clk_fpga_0) and mlp_system_i/mlp_axi_wrapper_0/U0/mlp_inst/l2_sum0__32/A[4] (clocked by clk_fpga_0). Large setup violations at the end of those stages might be difficult to fix during the post-placement implementation flow and could be the result of non-optimal XDC constraints or non-optimal design architecture
Related violations: <none>

TIMING-16#102 Warning
Large setup violation  
There is a large setup violation of -10.353 ns between mlp_system_i/mlp_axi_wrapper_0/U0/mlp_inst/l1_sum_reg[24]/C (clocked by clk_fpga_0) and mlp_system_i/mlp_axi_wrapper_0/U0/mlp_inst/l2_sum0__30/A[10] (clocked by clk_fpga_0). Large setup violations at the end of those stages might be difficult to fix during the post-placement implementation flow and could be the result of non-optimal XDC constraints or non-optimal design architecture
Related violations: <none>

TIMING-16#103 Warning
Large setup violation  
There is a large setup violation of -10.366 ns between mlp_system_i/mlp_axi_wrapper_0/U0/mlp_inst/l1_sum_reg[24]/C (clocked by clk_fpga_0) and mlp_system_i/mlp_axi_wrapper_0/U0/mlp_inst/l2_sum0__31/A[3] (clocked by clk_fpga_0). Large setup violations at the end of those stages might be difficult to fix during the post-placement implementation flow and could be the result of non-optimal XDC constraints or non-optimal design architecture
Related violations: <none>

TIMING-16#104 Warning
Large setup violation  
There is a large setup violation of -10.387 ns between mlp_system_i/mlp_axi_wrapper_0/U0/mlp_inst/l1_sum_reg[24]/C (clocked by clk_fpga_0) and mlp_system_i/mlp_axi_wrapper_0/U0/mlp_inst/l2_sum0__25/A[16] (clocked by clk_fpga_0). Large setup violations at the end of those stages might be difficult to fix during the post-placement implementation flow and could be the result of non-optimal XDC constraints or non-optimal design architecture
Related violations: <none>

TIMING-16#105 Warning
Large setup violation  
There is a large setup violation of -10.400 ns between mlp_system_i/mlp_axi_wrapper_0/U0/mlp_inst/l1_sum_reg[24]/C (clocked by clk_fpga_0) and mlp_system_i/mlp_axi_wrapper_0/U0/mlp_inst/l2_sum0__24/A[29] (clocked by clk_fpga_0). Large setup violations at the end of those stages might be difficult to fix during the post-placement implementation flow and could be the result of non-optimal XDC constraints or non-optimal design architecture
Related violations: <none>

TIMING-16#106 Warning
Large setup violation  
There is a large setup violation of -10.401 ns between mlp_system_i/mlp_axi_wrapper_0/U0/mlp_inst/l1_sum_reg[24]/C (clocked by clk_fpga_0) and mlp_system_i/mlp_axi_wrapper_0/U0/mlp_inst/l2_sum0__24/A[18] (clocked by clk_fpga_0). Large setup violations at the end of those stages might be difficult to fix during the post-placement implementation flow and could be the result of non-optimal XDC constraints or non-optimal design architecture
Related violations: <none>

TIMING-16#107 Warning
Large setup violation  
There is a large setup violation of -10.401 ns between mlp_system_i/mlp_axi_wrapper_0/U0/mlp_inst/l1_sum_reg[24]/C (clocked by clk_fpga_0) and mlp_system_i/mlp_axi_wrapper_0/U0/mlp_inst/l2_sum0__24/A[19] (clocked by clk_fpga_0). Large setup violations at the end of those stages might be difficult to fix during the post-placement implementation flow and could be the result of non-optimal XDC constraints or non-optimal design architecture
Related violations: <none>

TIMING-16#108 Warning
Large setup violation  
There is a large setup violation of -10.406 ns between mlp_system_i/mlp_axi_wrapper_0/U0/mlp_inst/l1_sum_reg[24]/C (clocked by clk_fpga_0) and mlp_system_i/mlp_axi_wrapper_0/U0/mlp_inst/l2_sum0__23/A[16] (clocked by clk_fpga_0). Large setup violations at the end of those stages might be difficult to fix during the post-placement implementation flow and could be the result of non-optimal XDC constraints or non-optimal design architecture
Related violations: <none>

TIMING-16#109 Warning
Large setup violation  
There is a large setup violation of -10.406 ns between mlp_system_i/mlp_axi_wrapper_0/U0/mlp_inst/l1_sum_reg[24]/C (clocked by clk_fpga_0) and mlp_system_i/mlp_axi_wrapper_0/U0/mlp_inst/l2_sum0__23/A[17] (clocked by clk_fpga_0). Large setup violations at the end of those stages might be difficult to fix during the post-placement implementation flow and could be the result of non-optimal XDC constraints or non-optimal design architecture
Related violations: <none>

TIMING-16#110 Warning
Large setup violation  
There is a large setup violation of -10.431 ns between mlp_system_i/mlp_axi_wrapper_0/U0/mlp_inst/l1_sum_reg[24]/C (clocked by clk_fpga_0) and mlp_system_i/mlp_axi_wrapper_0/U0/mlp_inst/l2_sum0__27/A[12] (clocked by clk_fpga_0). Large setup violations at the end of those stages might be difficult to fix during the post-placement implementation flow and could be the result of non-optimal XDC constraints or non-optimal design architecture
Related violations: <none>

TIMING-16#111 Warning
Large setup violation  
There is a large setup violation of -10.433 ns between mlp_system_i/mlp_axi_wrapper_0/U0/mlp_inst/l1_sum_reg[24]/C (clocked by clk_fpga_0) and mlp_system_i/mlp_axi_wrapper_0/U0/mlp_inst/l2_sum0__24/A[28] (clocked by clk_fpga_0). Large setup violations at the end of those stages might be difficult to fix during the post-placement implementation flow and could be the result of non-optimal XDC constraints or non-optimal design architecture
Related violations: <none>

TIMING-16#112 Warning
Large setup violation  
There is a large setup violation of -10.439 ns between mlp_system_i/mlp_axi_wrapper_0/U0/mlp_inst/l1_sum_reg[24]/C (clocked by clk_fpga_0) and mlp_system_i/mlp_axi_wrapper_0/U0/mlp_inst/l2_sum0__24/A[25] (clocked by clk_fpga_0). Large setup violations at the end of those stages might be difficult to fix during the post-placement implementation flow and could be the result of non-optimal XDC constraints or non-optimal design architecture
Related violations: <none>

TIMING-16#113 Warning
Large setup violation  
There is a large setup violation of -10.439 ns between mlp_system_i/mlp_axi_wrapper_0/U0/mlp_inst/l1_sum_reg[24]/C (clocked by clk_fpga_0) and mlp_system_i/mlp_axi_wrapper_0/U0/mlp_inst/l2_sum0__24/A[26] (clocked by clk_fpga_0). Large setup violations at the end of those stages might be difficult to fix during the post-placement implementation flow and could be the result of non-optimal XDC constraints or non-optimal design architecture
Related violations: <none>

TIMING-16#114 Warning
Large setup violation  
There is a large setup violation of -10.439 ns between mlp_system_i/mlp_axi_wrapper_0/U0/mlp_inst/l1_sum_reg[24]/C (clocked by clk_fpga_0) and mlp_system_i/mlp_axi_wrapper_0/U0/mlp_inst/l2_sum0__24/A[27] (clocked by clk_fpga_0). Large setup violations at the end of those stages might be difficult to fix during the post-placement implementation flow and could be the result of non-optimal XDC constraints or non-optimal design architecture
Related violations: <none>

TIMING-16#115 Warning
Large setup violation  
There is a large setup violation of -10.440 ns between mlp_system_i/mlp_axi_wrapper_0/U0/mlp_inst/l1_sum_reg[24]/C (clocked by clk_fpga_0) and mlp_system_i/mlp_axi_wrapper_0/U0/mlp_inst/l2_sum0__26/A[28] (clocked by clk_fpga_0). Large setup violations at the end of those stages might be difficult to fix during the post-placement implementation flow and could be the result of non-optimal XDC constraints or non-optimal design architecture
Related violations: <none>

TIMING-16#116 Warning
Large setup violation  
There is a large setup violation of -10.443 ns between mlp_system_i/mlp_axi_wrapper_0/U0/mlp_inst/l1_sum_reg[24]/C (clocked by clk_fpga_0) and mlp_system_i/mlp_axi_wrapper_0/U0/mlp_inst/l2_sum0__27/A[29] (clocked by clk_fpga_0). Large setup violations at the end of those stages might be difficult to fix during the post-placement implementation flow and could be the result of non-optimal XDC constraints or non-optimal design architecture
Related violations: <none>

TIMING-16#117 Warning
Large setup violation  
There is a large setup violation of -10.445 ns between mlp_system_i/mlp_axi_wrapper_0/U0/mlp_inst/l1_sum_reg[24]/C (clocked by clk_fpga_0) and mlp_system_i/mlp_axi_wrapper_0/U0/mlp_inst/l2_sum0__27/A[28] (clocked by clk_fpga_0). Large setup violations at the end of those stages might be difficult to fix during the post-placement implementation flow and could be the result of non-optimal XDC constraints or non-optimal design architecture
Related violations: <none>

TIMING-16#118 Warning
Large setup violation  
There is a large setup violation of -10.448 ns between mlp_system_i/mlp_axi_wrapper_0/U0/mlp_inst/l1_sum_reg[24]/C (clocked by clk_fpga_0) and mlp_system_i/mlp_axi_wrapper_0/U0/mlp_inst/l2_sum0__32/A[11] (clocked by clk_fpga_0). Large setup violations at the end of those stages might be difficult to fix during the post-placement implementation flow and could be the result of non-optimal XDC constraints or non-optimal design architecture
Related violations: <none>

TIMING-16#119 Warning
Large setup violation  
There is a large setup violation of -10.448 ns between mlp_system_i/mlp_axi_wrapper_0/U0/mlp_inst/l1_sum_reg[24]/C (clocked by clk_fpga_0) and mlp_system_i/mlp_axi_wrapper_0/U0/mlp_inst/l2_sum0__33/A[1] (clocked by clk_fpga_0). Large setup violations at the end of those stages might be difficult to fix during the post-placement implementation flow and could be the result of non-optimal XDC constraints or non-optimal design architecture
Related violations: <none>

TIMING-16#120 Warning
Large setup violation  
There is a large setup violation of -10.450 ns between mlp_system_i/mlp_axi_wrapper_0/U0/mlp_inst/l1_sum_reg[24]/C (clocked by clk_fpga_0) and mlp_system_i/mlp_axi_wrapper_0/U0/mlp_inst/l2_sum0__26/A[24] (clocked by clk_fpga_0). Large setup violations at the end of those stages might be difficult to fix during the post-placement implementation flow and could be the result of non-optimal XDC constraints or non-optimal design architecture
Related violations: <none>

TIMING-16#121 Warning
Large setup violation  
There is a large setup violation of -10.454 ns between mlp_system_i/mlp_axi_wrapper_0/U0/mlp_inst/l1_sum_reg[24]/C (clocked by clk_fpga_0) and mlp_system_i/mlp_axi_wrapper_0/U0/mlp_inst/l2_sum0__26/A[25] (clocked by clk_fpga_0). Large setup violations at the end of those stages might be difficult to fix during the post-placement implementation flow and could be the result of non-optimal XDC constraints or non-optimal design architecture
Related violations: <none>

TIMING-16#122 Warning
Large setup violation  
There is a large setup violation of -10.457 ns between mlp_system_i/mlp_axi_wrapper_0/U0/mlp_inst/l1_sum_reg[24]/C (clocked by clk_fpga_0) and mlp_system_i/mlp_axi_wrapper_0/U0/mlp_inst/l2_sum0__23/A[18] (clocked by clk_fpga_0). Large setup violations at the end of those stages might be difficult to fix during the post-placement implementation flow and could be the result of non-optimal XDC constraints or non-optimal design architecture
Related violations: <none>

TIMING-16#123 Warning
Large setup violation  
There is a large setup violation of -10.457 ns between mlp_system_i/mlp_axi_wrapper_0/U0/mlp_inst/l1_sum_reg[24]/C (clocked by clk_fpga_0) and mlp_system_i/mlp_axi_wrapper_0/U0/mlp_inst/l2_sum0__23/A[19] (clocked by clk_fpga_0). Large setup violations at the end of those stages might be difficult to fix during the post-placement implementation flow and could be the result of non-optimal XDC constraints or non-optimal design architecture
Related violations: <none>

TIMING-16#124 Warning
Large setup violation  
There is a large setup violation of -10.457 ns between mlp_system_i/mlp_axi_wrapper_0/U0/mlp_inst/l1_sum_reg[24]/C (clocked by clk_fpga_0) and mlp_system_i/mlp_axi_wrapper_0/U0/mlp_inst/l2_sum0__26/A[21] (clocked by clk_fpga_0). Large setup violations at the end of those stages might be difficult to fix during the post-placement implementation flow and could be the result of non-optimal XDC constraints or non-optimal design architecture
Related violations: <none>

TIMING-16#125 Warning
Large setup violation  
There is a large setup violation of -10.457 ns between mlp_system_i/mlp_axi_wrapper_0/U0/mlp_inst/l1_sum_reg[24]/C (clocked by clk_fpga_0) and mlp_system_i/mlp_axi_wrapper_0/U0/mlp_inst/l2_sum0__26/A[22] (clocked by clk_fpga_0). Large setup violations at the end of those stages might be difficult to fix during the post-placement implementation flow and could be the result of non-optimal XDC constraints or non-optimal design architecture
Related violations: <none>

TIMING-16#126 Warning
Large setup violation  
There is a large setup violation of -10.457 ns between mlp_system_i/mlp_axi_wrapper_0/U0/mlp_inst/l1_sum_reg[24]/C (clocked by clk_fpga_0) and mlp_system_i/mlp_axi_wrapper_0/U0/mlp_inst/l2_sum0__26/A[23] (clocked by clk_fpga_0). Large setup violations at the end of those stages might be difficult to fix during the post-placement implementation flow and could be the result of non-optimal XDC constraints or non-optimal design architecture
Related violations: <none>

TIMING-16#127 Warning
Large setup violation  
There is a large setup violation of -10.457 ns between mlp_system_i/mlp_axi_wrapper_0/U0/mlp_inst/l1_sum_reg[24]/C (clocked by clk_fpga_0) and mlp_system_i/mlp_axi_wrapper_0/U0/mlp_inst/l2_sum0__26/A[26] (clocked by clk_fpga_0). Large setup violations at the end of those stages might be difficult to fix during the post-placement implementation flow and could be the result of non-optimal XDC constraints or non-optimal design architecture
Related violations: <none>

TIMING-16#128 Warning
Large setup violation  
There is a large setup violation of -10.457 ns between mlp_system_i/mlp_axi_wrapper_0/U0/mlp_inst/l1_sum_reg[24]/C (clocked by clk_fpga_0) and mlp_system_i/mlp_axi_wrapper_0/U0/mlp_inst/l2_sum0__26/A[27] (clocked by clk_fpga_0). Large setup violations at the end of those stages might be difficult to fix during the post-placement implementation flow and could be the result of non-optimal XDC constraints or non-optimal design architecture
Related violations: <none>

TIMING-16#129 Warning
Large setup violation  
There is a large setup violation of -10.460 ns between mlp_system_i/mlp_axi_wrapper_0/U0/mlp_inst/l1_sum_reg[24]/C (clocked by clk_fpga_0) and mlp_system_i/mlp_axi_wrapper_0/U0/mlp_inst/l2_sum0__32/A[10] (clocked by clk_fpga_0). Large setup violations at the end of those stages might be difficult to fix during the post-placement implementation flow and could be the result of non-optimal XDC constraints or non-optimal design architecture
Related violations: <none>

TIMING-16#130 Warning
Large setup violation  
There is a large setup violation of -10.461 ns between mlp_system_i/mlp_axi_wrapper_0/U0/mlp_inst/l1_sum_reg[24]/C (clocked by clk_fpga_0) and mlp_system_i/mlp_axi_wrapper_0/U0/mlp_inst/l2_sum0__33/A[3] (clocked by clk_fpga_0). Large setup violations at the end of those stages might be difficult to fix during the post-placement implementation flow and could be the result of non-optimal XDC constraints or non-optimal design architecture
Related violations: <none>

TIMING-16#131 Warning
Large setup violation  
There is a large setup violation of -10.517 ns between mlp_system_i/mlp_axi_wrapper_0/U0/mlp_inst/l1_sum_reg[24]/C (clocked by clk_fpga_0) and mlp_system_i/mlp_axi_wrapper_0/U0/mlp_inst/l2_sum0__30/A[11] (clocked by clk_fpga_0). Large setup violations at the end of those stages might be difficult to fix during the post-placement implementation flow and could be the result of non-optimal XDC constraints or non-optimal design architecture
Related violations: <none>

TIMING-16#132 Warning
Large setup violation  
There is a large setup violation of -10.523 ns between mlp_system_i/mlp_axi_wrapper_0/U0/mlp_inst/l1_sum_reg[24]/C (clocked by clk_fpga_0) and mlp_system_i/mlp_axi_wrapper_0/U0/mlp_inst/l2_sum0__29/A[13] (clocked by clk_fpga_0). Large setup violations at the end of those stages might be difficult to fix during the post-placement implementation flow and could be the result of non-optimal XDC constraints or non-optimal design architecture
Related violations: <none>

TIMING-16#133 Warning
Large setup violation  
There is a large setup violation of -10.554 ns between mlp_system_i/mlp_axi_wrapper_0/U0/mlp_inst/l1_sum_reg[24]/C (clocked by clk_fpga_0) and mlp_system_i/mlp_axi_wrapper_0/U0/mlp_inst/l2_sum0__25/A[25] (clocked by clk_fpga_0). Large setup violations at the end of those stages might be difficult to fix during the post-placement implementation flow and could be the result of non-optimal XDC constraints or non-optimal design architecture
Related violations: <none>

TIMING-16#134 Warning
Large setup violation  
There is a large setup violation of -10.578 ns between mlp_system_i/mlp_axi_wrapper_0/U0/mlp_inst/l1_sum_reg[24]/C (clocked by clk_fpga_0) and mlp_system_i/mlp_axi_wrapper_0/U0/mlp_inst/l2_sum0__29/A[12] (clocked by clk_fpga_0). Large setup violations at the end of those stages might be difficult to fix during the post-placement implementation flow and could be the result of non-optimal XDC constraints or non-optimal design architecture
Related violations: <none>

TIMING-16#135 Warning
Large setup violation  
There is a large setup violation of -10.595 ns between mlp_system_i/mlp_axi_wrapper_0/U0/mlp_inst/l1_sum_reg[24]/C (clocked by clk_fpga_0) and mlp_system_i/mlp_axi_wrapper_0/U0/mlp_inst/l2_sum0__26/A[29] (clocked by clk_fpga_0). Large setup violations at the end of those stages might be difficult to fix during the post-placement implementation flow and could be the result of non-optimal XDC constraints or non-optimal design architecture
Related violations: <none>

TIMING-16#136 Warning
Large setup violation  
There is a large setup violation of -10.597 ns between mlp_system_i/mlp_axi_wrapper_0/U0/mlp_inst/l1_sum_reg[24]/C (clocked by clk_fpga_0) and mlp_system_i/mlp_axi_wrapper_0/U0/mlp_inst/l2_sum0__29/A[10] (clocked by clk_fpga_0). Large setup violations at the end of those stages might be difficult to fix during the post-placement implementation flow and could be the result of non-optimal XDC constraints or non-optimal design architecture
Related violations: <none>

TIMING-16#137 Warning
Large setup violation  
There is a large setup violation of -10.600 ns between mlp_system_i/mlp_axi_wrapper_0/U0/mlp_inst/l1_sum_reg[24]/C (clocked by clk_fpga_0) and mlp_system_i/mlp_axi_wrapper_0/U0/mlp_inst/l2_sum0__33/A[10] (clocked by clk_fpga_0). Large setup violations at the end of those stages might be difficult to fix during the post-placement implementation flow and could be the result of non-optimal XDC constraints or non-optimal design architecture
Related violations: <none>

TIMING-16#138 Warning
Large setup violation  
There is a large setup violation of -10.611 ns between mlp_system_i/mlp_axi_wrapper_0/U0/mlp_inst/l1_sum_reg[24]/C (clocked by clk_fpga_0) and mlp_system_i/mlp_axi_wrapper_0/U0/mlp_inst/l2_sum0__31/A[12] (clocked by clk_fpga_0). Large setup violations at the end of those stages might be difficult to fix during the post-placement implementation flow and could be the result of non-optimal XDC constraints or non-optimal design architecture
Related violations: <none>

TIMING-16#139 Warning
Large setup violation  
There is a large setup violation of -10.615 ns between mlp_system_i/mlp_axi_wrapper_0/U0/mlp_inst/l1_sum_reg[24]/C (clocked by clk_fpga_0) and mlp_system_i/mlp_axi_wrapper_0/U0/mlp_inst/l2_sum0__25/A[26] (clocked by clk_fpga_0). Large setup violations at the end of those stages might be difficult to fix during the post-placement implementation flow and could be the result of non-optimal XDC constraints or non-optimal design architecture
Related violations: <none>

TIMING-16#140 Warning
Large setup violation  
There is a large setup violation of -10.615 ns between mlp_system_i/mlp_axi_wrapper_0/U0/mlp_inst/l1_sum_reg[24]/C (clocked by clk_fpga_0) and mlp_system_i/mlp_axi_wrapper_0/U0/mlp_inst/l2_sum0__25/A[27] (clocked by clk_fpga_0). Large setup violations at the end of those stages might be difficult to fix during the post-placement implementation flow and could be the result of non-optimal XDC constraints or non-optimal design architecture
Related violations: <none>

TIMING-16#141 Warning
Large setup violation  
There is a large setup violation of -10.624 ns between mlp_system_i/mlp_axi_wrapper_0/U0/mlp_inst/l1_sum_reg[24]/C (clocked by clk_fpga_0) and mlp_system_i/mlp_axi_wrapper_0/U0/mlp_inst/l2_sum0__31/A[10] (clocked by clk_fpga_0). Large setup violations at the end of those stages might be difficult to fix during the post-placement implementation flow and could be the result of non-optimal XDC constraints or non-optimal design architecture
Related violations: <none>

TIMING-16#142 Warning
Large setup violation  
There is a large setup violation of -10.648 ns between mlp_system_i/mlp_axi_wrapper_0/U0/mlp_inst/l1_sum_reg[24]/C (clocked by clk_fpga_0) and mlp_system_i/mlp_axi_wrapper_0/U0/mlp_inst/l2_sum0__29/A[20] (clocked by clk_fpga_0). Large setup violations at the end of those stages might be difficult to fix during the post-placement implementation flow and could be the result of non-optimal XDC constraints or non-optimal design architecture
Related violations: <none>

TIMING-16#143 Warning
Large setup violation  
There is a large setup violation of -10.648 ns between mlp_system_i/mlp_axi_wrapper_0/U0/mlp_inst/l1_sum_reg[24]/C (clocked by clk_fpga_0) and mlp_system_i/mlp_axi_wrapper_0/U0/mlp_inst/l2_sum0__29/A[21] (clocked by clk_fpga_0). Large setup violations at the end of those stages might be difficult to fix during the post-placement implementation flow and could be the result of non-optimal XDC constraints or non-optimal design architecture
Related violations: <none>

TIMING-16#144 Warning
Large setup violation  
There is a large setup violation of -10.648 ns between mlp_system_i/mlp_axi_wrapper_0/U0/mlp_inst/l1_sum_reg[24]/C (clocked by clk_fpga_0) and mlp_system_i/mlp_axi_wrapper_0/U0/mlp_inst/l2_sum0__29/A[22] (clocked by clk_fpga_0). Large setup violations at the end of those stages might be difficult to fix during the post-placement implementation flow and could be the result of non-optimal XDC constraints or non-optimal design architecture
Related violations: <none>

TIMING-16#145 Warning
Large setup violation  
There is a large setup violation of -10.661 ns between mlp_system_i/mlp_axi_wrapper_0/U0/mlp_inst/l1_sum_reg[24]/C (clocked by clk_fpga_0) and mlp_system_i/mlp_axi_wrapper_0/U0/mlp_inst/l2_sum0__31/A[13] (clocked by clk_fpga_0). Large setup violations at the end of those stages might be difficult to fix during the post-placement implementation flow and could be the result of non-optimal XDC constraints or non-optimal design architecture
Related violations: <none>

TIMING-16#146 Warning
Large setup violation  
There is a large setup violation of -10.686 ns between mlp_system_i/mlp_axi_wrapper_0/U0/mlp_inst/l1_sum_reg[24]/C (clocked by clk_fpga_0) and mlp_system_i/mlp_axi_wrapper_0/U0/mlp_inst/l2_sum0__25/A[29] (clocked by clk_fpga_0). Large setup violations at the end of those stages might be difficult to fix during the post-placement implementation flow and could be the result of non-optimal XDC constraints or non-optimal design architecture
Related violations: <none>

TIMING-16#147 Warning
Large setup violation  
There is a large setup violation of -10.687 ns between mlp_system_i/mlp_axi_wrapper_0/U0/mlp_inst/l1_sum_reg[24]/C (clocked by clk_fpga_0) and mlp_system_i/mlp_axi_wrapper_0/U0/mlp_inst/l2_sum0__25/A[28] (clocked by clk_fpga_0). Large setup violations at the end of those stages might be difficult to fix during the post-placement implementation flow and could be the result of non-optimal XDC constraints or non-optimal design architecture
Related violations: <none>

TIMING-16#148 Warning
Large setup violation  
There is a large setup violation of -10.708 ns between mlp_system_i/mlp_axi_wrapper_0/U0/mlp_inst/l1_sum_reg[24]/C (clocked by clk_fpga_0) and mlp_system_i/mlp_axi_wrapper_0/U0/mlp_inst/l2_sum0__33/A[12] (clocked by clk_fpga_0). Large setup violations at the end of those stages might be difficult to fix during the post-placement implementation flow and could be the result of non-optimal XDC constraints or non-optimal design architecture
Related violations: <none>

TIMING-16#149 Warning
Large setup violation  
There is a large setup violation of -10.717 ns between mlp_system_i/mlp_axi_wrapper_0/U0/mlp_inst/l1_sum_reg[24]/C (clocked by clk_fpga_0) and mlp_system_i/mlp_axi_wrapper_0/U0/mlp_inst/l2_sum0__33/A[13] (clocked by clk_fpga_0). Large setup violations at the end of those stages might be difficult to fix during the post-placement implementation flow and could be the result of non-optimal XDC constraints or non-optimal design architecture
Related violations: <none>

TIMING-16#150 Warning
Large setup violation  
There is a large setup violation of -10.724 ns between mlp_system_i/mlp_axi_wrapper_0/U0/mlp_inst/l1_sum_reg[24]/C (clocked by clk_fpga_0) and mlp_system_i/mlp_axi_wrapper_0/U0/mlp_inst/l2_sum0__34/A[15] (clocked by clk_fpga_0). Large setup violations at the end of those stages might be difficult to fix during the post-placement implementation flow and could be the result of non-optimal XDC constraints or non-optimal design architecture
Related violations: <none>

TIMING-16#151 Warning
Large setup violation  
There is a large setup violation of -10.821 ns between mlp_system_i/mlp_axi_wrapper_0/U0/mlp_inst/l1_sum_reg[24]/C (clocked by clk_fpga_0) and mlp_system_i/mlp_axi_wrapper_0/U0/mlp_inst/l2_sum0__29/A[23] (clocked by clk_fpga_0). Large setup violations at the end of those stages might be difficult to fix during the post-placement implementation flow and could be the result of non-optimal XDC constraints or non-optimal design architecture
Related violations: <none>

TIMING-16#152 Warning
Large setup violation  
There is a large setup violation of -10.832 ns between mlp_system_i/mlp_axi_wrapper_0/U0/mlp_inst/l1_sum_reg[24]/C (clocked by clk_fpga_0) and mlp_system_i/mlp_axi_wrapper_0/U0/mlp_inst/l2_sum0__29/A[24] (clocked by clk_fpga_0). Large setup violations at the end of those stages might be difficult to fix during the post-placement implementation flow and could be the result of non-optimal XDC constraints or non-optimal design architecture
Related violations: <none>

TIMING-16#153 Warning
Large setup violation  
There is a large setup violation of -10.896 ns between mlp_system_i/mlp_axi_wrapper_0/U0/mlp_inst/l1_sum_reg[24]/C (clocked by clk_fpga_0) and mlp_system_i/mlp_axi_wrapper_0/U0/mlp_inst/l2_sum0__29/A[17] (clocked by clk_fpga_0). Large setup violations at the end of those stages might be difficult to fix during the post-placement implementation flow and could be the result of non-optimal XDC constraints or non-optimal design architecture
Related violations: <none>

TIMING-16#154 Warning
Large setup violation  
There is a large setup violation of -10.896 ns between mlp_system_i/mlp_axi_wrapper_0/U0/mlp_inst/l1_sum_reg[24]/C (clocked by clk_fpga_0) and mlp_system_i/mlp_axi_wrapper_0/U0/mlp_inst/l2_sum0__29/A[18] (clocked by clk_fpga_0). Large setup violations at the end of those stages might be difficult to fix during the post-placement implementation flow and could be the result of non-optimal XDC constraints or non-optimal design architecture
Related violations: <none>

TIMING-16#155 Warning
Large setup violation  
There is a large setup violation of -10.896 ns between mlp_system_i/mlp_axi_wrapper_0/U0/mlp_inst/l1_sum_reg[24]/C (clocked by clk_fpga_0) and mlp_system_i/mlp_axi_wrapper_0/U0/mlp_inst/l2_sum0__29/A[19] (clocked by clk_fpga_0). Large setup violations at the end of those stages might be difficult to fix during the post-placement implementation flow and could be the result of non-optimal XDC constraints or non-optimal design architecture
Related violations: <none>

TIMING-16#156 Warning
Large setup violation  
There is a large setup violation of -10.901 ns between mlp_system_i/mlp_axi_wrapper_0/U0/mlp_inst/l1_sum_reg[24]/C (clocked by clk_fpga_0) and mlp_system_i/mlp_axi_wrapper_0/U0/mlp_inst/l2_sum0__34/A[16] (clocked by clk_fpga_0). Large setup violations at the end of those stages might be difficult to fix during the post-placement implementation flow and could be the result of non-optimal XDC constraints or non-optimal design architecture
Related violations: <none>

TIMING-16#157 Warning
Large setup violation  
There is a large setup violation of -10.901 ns between mlp_system_i/mlp_axi_wrapper_0/U0/mlp_inst/l1_sum_reg[24]/C (clocked by clk_fpga_0) and mlp_system_i/mlp_axi_wrapper_0/U0/mlp_inst/l2_sum0__34/A[17] (clocked by clk_fpga_0). Large setup violations at the end of those stages might be difficult to fix during the post-placement implementation flow and could be the result of non-optimal XDC constraints or non-optimal design architecture
Related violations: <none>

TIMING-16#158 Warning
Large setup violation  
There is a large setup violation of -10.901 ns between mlp_system_i/mlp_axi_wrapper_0/U0/mlp_inst/l1_sum_reg[24]/C (clocked by clk_fpga_0) and mlp_system_i/mlp_axi_wrapper_0/U0/mlp_inst/l2_sum0__34/A[18] (clocked by clk_fpga_0). Large setup violations at the end of those stages might be difficult to fix during the post-placement implementation flow and could be the result of non-optimal XDC constraints or non-optimal design architecture
Related violations: <none>

TIMING-16#159 Warning
Large setup violation  
There is a large setup violation of -10.901 ns between mlp_system_i/mlp_axi_wrapper_0/U0/mlp_inst/l1_sum_reg[24]/C (clocked by clk_fpga_0) and mlp_system_i/mlp_axi_wrapper_0/U0/mlp_inst/l2_sum0__34/A[19] (clocked by clk_fpga_0). Large setup violations at the end of those stages might be difficult to fix during the post-placement implementation flow and could be the result of non-optimal XDC constraints or non-optimal design architecture
Related violations: <none>

TIMING-16#160 Warning
Large setup violation  
There is a large setup violation of -10.974 ns between mlp_system_i/mlp_axi_wrapper_0/U0/mlp_inst/l1_sum_reg[24]/C (clocked by clk_fpga_0) and mlp_system_i/mlp_axi_wrapper_0/U0/mlp_inst/l2_sum0__29/A[15] (clocked by clk_fpga_0). Large setup violations at the end of those stages might be difficult to fix during the post-placement implementation flow and could be the result of non-optimal XDC constraints or non-optimal design architecture
Related violations: <none>

TIMING-16#161 Warning
Large setup violation  
There is a large setup violation of -10.978 ns between mlp_system_i/mlp_axi_wrapper_0/U0/mlp_inst/l1_sum_reg[24]/C (clocked by clk_fpga_0) and mlp_system_i/mlp_axi_wrapper_0/U0/mlp_inst/l2_sum0__26/A[15] (clocked by clk_fpga_0). Large setup violations at the end of those stages might be difficult to fix during the post-placement implementation flow and could be the result of non-optimal XDC constraints or non-optimal design architecture
Related violations: <none>

TIMING-16#162 Warning
Large setup violation  
There is a large setup violation of -10.992 ns between mlp_system_i/mlp_axi_wrapper_0/U0/mlp_inst/l1_sum_reg[24]/C (clocked by clk_fpga_0) and mlp_system_i/mlp_axi_wrapper_0/U0/mlp_inst/l2_sum0__30/A[20] (clocked by clk_fpga_0). Large setup violations at the end of those stages might be difficult to fix during the post-placement implementation flow and could be the result of non-optimal XDC constraints or non-optimal design architecture
Related violations: <none>

TIMING-16#163 Warning
Large setup violation  
There is a large setup violation of -10.993 ns between mlp_system_i/mlp_axi_wrapper_0/U0/mlp_inst/l1_sum_reg[24]/C (clocked by clk_fpga_0) and mlp_system_i/mlp_axi_wrapper_0/U0/mlp_inst/l2_sum0__27/A[16] (clocked by clk_fpga_0). Large setup violations at the end of those stages might be difficult to fix during the post-placement implementation flow and could be the result of non-optimal XDC constraints or non-optimal design architecture
Related violations: <none>

TIMING-16#164 Warning
Large setup violation  
There is a large setup violation of -10.993 ns between mlp_system_i/mlp_axi_wrapper_0/U0/mlp_inst/l1_sum_reg[24]/C (clocked by clk_fpga_0) and mlp_system_i/mlp_axi_wrapper_0/U0/mlp_inst/l2_sum0__27/A[17] (clocked by clk_fpga_0). Large setup violations at the end of those stages might be difficult to fix during the post-placement implementation flow and could be the result of non-optimal XDC constraints or non-optimal design architecture
Related violations: <none>

TIMING-16#165 Warning
Large setup violation  
There is a large setup violation of -10.993 ns between mlp_system_i/mlp_axi_wrapper_0/U0/mlp_inst/l1_sum_reg[24]/C (clocked by clk_fpga_0) and mlp_system_i/mlp_axi_wrapper_0/U0/mlp_inst/l2_sum0__27/A[18] (clocked by clk_fpga_0). Large setup violations at the end of those stages might be difficult to fix during the post-placement implementation flow and could be the result of non-optimal XDC constraints or non-optimal design architecture
Related violations: <none>

TIMING-16#166 Warning
Large setup violation  
There is a large setup violation of -10.993 ns between mlp_system_i/mlp_axi_wrapper_0/U0/mlp_inst/l1_sum_reg[24]/C (clocked by clk_fpga_0) and mlp_system_i/mlp_axi_wrapper_0/U0/mlp_inst/l2_sum0__27/A[19] (clocked by clk_fpga_0). Large setup violations at the end of those stages might be difficult to fix during the post-placement implementation flow and could be the result of non-optimal XDC constraints or non-optimal design architecture
Related violations: <none>

TIMING-16#167 Warning
Large setup violation  
There is a large setup violation of -10.999 ns between mlp_system_i/mlp_axi_wrapper_0/U0/mlp_inst/l1_sum_reg[24]/C (clocked by clk_fpga_0) and mlp_system_i/mlp_axi_wrapper_0/U0/mlp_inst/l2_sum0__26/A[18] (clocked by clk_fpga_0). Large setup violations at the end of those stages might be difficult to fix during the post-placement implementation flow and could be the result of non-optimal XDC constraints or non-optimal design architecture
Related violations: <none>

TIMING-16#168 Warning
Large setup violation  
There is a large setup violation of -10.999 ns between mlp_system_i/mlp_axi_wrapper_0/U0/mlp_inst/l1_sum_reg[24]/C (clocked by clk_fpga_0) and mlp_system_i/mlp_axi_wrapper_0/U0/mlp_inst/l2_sum0__26/A[19] (clocked by clk_fpga_0). Large setup violations at the end of those stages might be difficult to fix during the post-placement implementation flow and could be the result of non-optimal XDC constraints or non-optimal design architecture
Related violations: <none>

TIMING-16#169 Warning
Large setup violation  
There is a large setup violation of -11.005 ns between mlp_system_i/mlp_axi_wrapper_0/U0/mlp_inst/l1_sum_reg[24]/C (clocked by clk_fpga_0) and mlp_system_i/mlp_axi_wrapper_0/U0/mlp_inst/l2_sum0__26/A[17] (clocked by clk_fpga_0). Large setup violations at the end of those stages might be difficult to fix during the post-placement implementation flow and could be the result of non-optimal XDC constraints or non-optimal design architecture
Related violations: <none>

TIMING-16#170 Warning
Large setup violation  
There is a large setup violation of -11.005 ns between mlp_system_i/mlp_axi_wrapper_0/U0/mlp_inst/l1_sum_reg[24]/C (clocked by clk_fpga_0) and mlp_system_i/mlp_axi_wrapper_0/U0/mlp_inst/l2_sum0__27/A[15] (clocked by clk_fpga_0). Large setup violations at the end of those stages might be difficult to fix during the post-placement implementation flow and could be the result of non-optimal XDC constraints or non-optimal design architecture
Related violations: <none>

TIMING-16#171 Warning
Large setup violation  
There is a large setup violation of -11.020 ns between mlp_system_i/mlp_axi_wrapper_0/U0/mlp_inst/l1_sum_reg[24]/C (clocked by clk_fpga_0) and mlp_system_i/mlp_axi_wrapper_0/U0/mlp_inst/l2_sum0__28/A[20] (clocked by clk_fpga_0). Large setup violations at the end of those stages might be difficult to fix during the post-placement implementation flow and could be the result of non-optimal XDC constraints or non-optimal design architecture
Related violations: <none>

TIMING-16#172 Warning
Large setup violation  
There is a large setup violation of -11.053 ns between mlp_system_i/mlp_axi_wrapper_0/U0/mlp_inst/l1_sum_reg[24]/C (clocked by clk_fpga_0) and mlp_system_i/mlp_axi_wrapper_0/U0/mlp_inst/l2_sum0__26/A[16] (clocked by clk_fpga_0). Large setup violations at the end of those stages might be difficult to fix during the post-placement implementation flow and could be the result of non-optimal XDC constraints or non-optimal design architecture
Related violations: <none>

TIMING-16#173 Warning
Large setup violation  
There is a large setup violation of -11.079 ns between mlp_system_i/mlp_axi_wrapper_0/U0/mlp_inst/l1_sum_reg[24]/C (clocked by clk_fpga_0) and mlp_system_i/mlp_axi_wrapper_0/U0/mlp_inst/l2_sum0__29/A[29] (clocked by clk_fpga_0). Large setup violations at the end of those stages might be difficult to fix during the post-placement implementation flow and could be the result of non-optimal XDC constraints or non-optimal design architecture
Related violations: <none>

TIMING-16#174 Warning
Large setup violation  
There is a large setup violation of -11.080 ns between mlp_system_i/mlp_axi_wrapper_0/U0/mlp_inst/l1_sum_reg[24]/C (clocked by clk_fpga_0) and mlp_system_i/mlp_axi_wrapper_0/U0/mlp_inst/l2_sum0__23/A[20] (clocked by clk_fpga_0). Large setup violations at the end of those stages might be difficult to fix during the post-placement implementation flow and could be the result of non-optimal XDC constraints or non-optimal design architecture
Related violations: <none>

TIMING-16#175 Warning
Large setup violation  
There is a large setup violation of -11.080 ns between mlp_system_i/mlp_axi_wrapper_0/U0/mlp_inst/l1_sum_reg[24]/C (clocked by clk_fpga_0) and mlp_system_i/mlp_axi_wrapper_0/U0/mlp_inst/l2_sum0__23/A[21] (clocked by clk_fpga_0). Large setup violations at the end of those stages might be difficult to fix during the post-placement implementation flow and could be the result of non-optimal XDC constraints or non-optimal design architecture
Related violations: <none>

TIMING-16#176 Warning
Large setup violation  
There is a large setup violation of -11.080 ns between mlp_system_i/mlp_axi_wrapper_0/U0/mlp_inst/l1_sum_reg[24]/C (clocked by clk_fpga_0) and mlp_system_i/mlp_axi_wrapper_0/U0/mlp_inst/l2_sum0__23/A[22] (clocked by clk_fpga_0). Large setup violations at the end of those stages might be difficult to fix during the post-placement implementation flow and could be the result of non-optimal XDC constraints or non-optimal design architecture
Related violations: <none>

TIMING-16#177 Warning
Large setup violation  
There is a large setup violation of -11.085 ns between mlp_system_i/mlp_axi_wrapper_0/U0/mlp_inst/l1_sum_reg[24]/C (clocked by clk_fpga_0) and mlp_system_i/mlp_axi_wrapper_0/U0/mlp_inst/l2_sum0__29/A[16] (clocked by clk_fpga_0). Large setup violations at the end of those stages might be difficult to fix during the post-placement implementation flow and could be the result of non-optimal XDC constraints or non-optimal design architecture
Related violations: <none>

TIMING-16#178 Warning
Large setup violation  
There is a large setup violation of -11.118 ns between mlp_system_i/mlp_axi_wrapper_0/U0/mlp_inst/l1_sum_reg[24]/C (clocked by clk_fpga_0) and mlp_system_i/mlp_axi_wrapper_0/U0/mlp_inst/l2_sum0__30/A[25] (clocked by clk_fpga_0). Large setup violations at the end of those stages might be difficult to fix during the post-placement implementation flow and could be the result of non-optimal XDC constraints or non-optimal design architecture
Related violations: <none>

TIMING-16#179 Warning
Large setup violation  
There is a large setup violation of -11.124 ns between mlp_system_i/mlp_axi_wrapper_0/U0/mlp_inst/l1_sum_reg[24]/C (clocked by clk_fpga_0) and mlp_system_i/mlp_axi_wrapper_0/U0/mlp_inst/l2_sum0__22/A[20] (clocked by clk_fpga_0). Large setup violations at the end of those stages might be difficult to fix during the post-placement implementation flow and could be the result of non-optimal XDC constraints or non-optimal design architecture
Related violations: <none>

TIMING-16#180 Warning
Large setup violation  
There is a large setup violation of -11.129 ns between mlp_system_i/mlp_axi_wrapper_0/U0/mlp_inst/l1_sum_reg[24]/C (clocked by clk_fpga_0) and mlp_system_i/mlp_axi_wrapper_0/U0/mlp_inst/l2_sum0__28/A[28] (clocked by clk_fpga_0). Large setup violations at the end of those stages might be difficult to fix during the post-placement implementation flow and could be the result of non-optimal XDC constraints or non-optimal design architecture
Related violations: <none>

TIMING-16#181 Warning
Large setup violation  
There is a large setup violation of -11.129 ns between mlp_system_i/mlp_axi_wrapper_0/U0/mlp_inst/l1_sum_reg[24]/C (clocked by clk_fpga_0) and mlp_system_i/mlp_axi_wrapper_0/U0/mlp_inst/l2_sum0__28/A[29] (clocked by clk_fpga_0). Large setup violations at the end of those stages might be difficult to fix during the post-placement implementation flow and could be the result of non-optimal XDC constraints or non-optimal design architecture
Related violations: <none>

TIMING-16#182 Warning
Large setup violation  
There is a large setup violation of -11.133 ns between mlp_system_i/mlp_axi_wrapper_0/U0/mlp_inst/l1_sum_reg[24]/C (clocked by clk_fpga_0) and mlp_system_i/mlp_axi_wrapper_0/U0/mlp_inst/l2_sum0__30/A[28] (clocked by clk_fpga_0). Large setup violations at the end of those stages might be difficult to fix during the post-placement implementation flow and could be the result of non-optimal XDC constraints or non-optimal design architecture
Related violations: <none>

TIMING-16#183 Warning
Large setup violation  
There is a large setup violation of -11.134 ns between mlp_system_i/mlp_axi_wrapper_0/U0/mlp_inst/l1_sum_reg[24]/C (clocked by clk_fpga_0) and mlp_system_i/mlp_axi_wrapper_0/U0/mlp_inst/l2_sum0__30/A[24] (clocked by clk_fpga_0). Large setup violations at the end of those stages might be difficult to fix during the post-placement implementation flow and could be the result of non-optimal XDC constraints or non-optimal design architecture
Related violations: <none>

TIMING-16#184 Warning
Large setup violation  
There is a large setup violation of -11.141 ns between mlp_system_i/mlp_axi_wrapper_0/U0/mlp_inst/l1_sum_reg[24]/C (clocked by clk_fpga_0) and mlp_system_i/mlp_axi_wrapper_0/U0/mlp_inst/l2_sum0__30/A[21] (clocked by clk_fpga_0). Large setup violations at the end of those stages might be difficult to fix during the post-placement implementation flow and could be the result of non-optimal XDC constraints or non-optimal design architecture
Related violations: <none>

TIMING-16#185 Warning
Large setup violation  
There is a large setup violation of -11.141 ns between mlp_system_i/mlp_axi_wrapper_0/U0/mlp_inst/l1_sum_reg[24]/C (clocked by clk_fpga_0) and mlp_system_i/mlp_axi_wrapper_0/U0/mlp_inst/l2_sum0__30/A[22] (clocked by clk_fpga_0). Large setup violations at the end of those stages might be difficult to fix during the post-placement implementation flow and could be the result of non-optimal XDC constraints or non-optimal design architecture
Related violations: <none>

TIMING-16#186 Warning
Large setup violation  
There is a large setup violation of -11.141 ns between mlp_system_i/mlp_axi_wrapper_0/U0/mlp_inst/l1_sum_reg[24]/C (clocked by clk_fpga_0) and mlp_system_i/mlp_axi_wrapper_0/U0/mlp_inst/l2_sum0__30/A[23] (clocked by clk_fpga_0). Large setup violations at the end of those stages might be difficult to fix during the post-placement implementation flow and could be the result of non-optimal XDC constraints or non-optimal design architecture
Related violations: <none>

TIMING-16#187 Warning
Large setup violation  
There is a large setup violation of -11.141 ns between mlp_system_i/mlp_axi_wrapper_0/U0/mlp_inst/l1_sum_reg[24]/C (clocked by clk_fpga_0) and mlp_system_i/mlp_axi_wrapper_0/U0/mlp_inst/l2_sum0__30/A[26] (clocked by clk_fpga_0). Large setup violations at the end of those stages might be difficult to fix during the post-placement implementation flow and could be the result of non-optimal XDC constraints or non-optimal design architecture
Related violations: <none>

TIMING-16#188 Warning
Large setup violation  
There is a large setup violation of -11.141 ns between mlp_system_i/mlp_axi_wrapper_0/U0/mlp_inst/l1_sum_reg[24]/C (clocked by clk_fpga_0) and mlp_system_i/mlp_axi_wrapper_0/U0/mlp_inst/l2_sum0__30/A[27] (clocked by clk_fpga_0). Large setup violations at the end of those stages might be difficult to fix during the post-placement implementation flow and could be the result of non-optimal XDC constraints or non-optimal design architecture
Related violations: <none>

TIMING-16#189 Warning
Large setup violation  
There is a large setup violation of -11.169 ns between mlp_system_i/mlp_axi_wrapper_0/U0/mlp_inst/l1_sum_reg[24]/C (clocked by clk_fpga_0) and mlp_system_i/mlp_axi_wrapper_0/U0/mlp_inst/l2_sum0__28/A[21] (clocked by clk_fpga_0). Large setup violations at the end of those stages might be difficult to fix during the post-placement implementation flow and could be the result of non-optimal XDC constraints or non-optimal design architecture
Related violations: <none>

TIMING-16#190 Warning
Large setup violation  
There is a large setup violation of -11.169 ns between mlp_system_i/mlp_axi_wrapper_0/U0/mlp_inst/l1_sum_reg[24]/C (clocked by clk_fpga_0) and mlp_system_i/mlp_axi_wrapper_0/U0/mlp_inst/l2_sum0__28/A[22] (clocked by clk_fpga_0). Large setup violations at the end of those stages might be difficult to fix during the post-placement implementation flow and could be the result of non-optimal XDC constraints or non-optimal design architecture
Related violations: <none>

TIMING-16#191 Warning
Large setup violation  
There is a large setup violation of -11.169 ns between mlp_system_i/mlp_axi_wrapper_0/U0/mlp_inst/l1_sum_reg[24]/C (clocked by clk_fpga_0) and mlp_system_i/mlp_axi_wrapper_0/U0/mlp_inst/l2_sum0__28/A[23] (clocked by clk_fpga_0). Large setup violations at the end of those stages might be difficult to fix during the post-placement implementation flow and could be the result of non-optimal XDC constraints or non-optimal design architecture
Related violations: <none>

TIMING-16#192 Warning
Large setup violation  
There is a large setup violation of -11.172 ns between mlp_system_i/mlp_axi_wrapper_0/U0/mlp_inst/l1_sum_reg[24]/C (clocked by clk_fpga_0) and mlp_system_i/mlp_axi_wrapper_0/U0/mlp_inst/l2_sum0__28/A[24] (clocked by clk_fpga_0). Large setup violations at the end of those stages might be difficult to fix during the post-placement implementation flow and could be the result of non-optimal XDC constraints or non-optimal design architecture
Related violations: <none>

TIMING-16#193 Warning
Large setup violation  
There is a large setup violation of -11.182 ns between mlp_system_i/mlp_axi_wrapper_0/U0/mlp_inst/l1_sum_reg[24]/C (clocked by clk_fpga_0) and mlp_system_i/mlp_axi_wrapper_0/U0/mlp_inst/l2_sum0__29/A[25] (clocked by clk_fpga_0). Large setup violations at the end of those stages might be difficult to fix during the post-placement implementation flow and could be the result of non-optimal XDC constraints or non-optimal design architecture
Related violations: <none>

TIMING-16#194 Warning
Large setup violation  
There is a large setup violation of -11.182 ns between mlp_system_i/mlp_axi_wrapper_0/U0/mlp_inst/l1_sum_reg[24]/C (clocked by clk_fpga_0) and mlp_system_i/mlp_axi_wrapper_0/U0/mlp_inst/l2_sum0__29/A[26] (clocked by clk_fpga_0). Large setup violations at the end of those stages might be difficult to fix during the post-placement implementation flow and could be the result of non-optimal XDC constraints or non-optimal design architecture
Related violations: <none>

TIMING-16#195 Warning
Large setup violation  
There is a large setup violation of -11.182 ns between mlp_system_i/mlp_axi_wrapper_0/U0/mlp_inst/l1_sum_reg[24]/C (clocked by clk_fpga_0) and mlp_system_i/mlp_axi_wrapper_0/U0/mlp_inst/l2_sum0__29/A[27] (clocked by clk_fpga_0). Large setup violations at the end of those stages might be difficult to fix during the post-placement implementation flow and could be the result of non-optimal XDC constraints or non-optimal design architecture
Related violations: <none>

TIMING-16#196 Warning
Large setup violation  
There is a large setup violation of -11.199 ns between mlp_system_i/mlp_axi_wrapper_0/U0/mlp_inst/l1_sum_reg[24]/C (clocked by clk_fpga_0) and mlp_system_i/mlp_axi_wrapper_0/U0/mlp_inst/l2_sum0__28/A[25] (clocked by clk_fpga_0). Large setup violations at the end of those stages might be difficult to fix during the post-placement implementation flow and could be the result of non-optimal XDC constraints or non-optimal design architecture
Related violations: <none>

TIMING-16#197 Warning
Large setup violation  
There is a large setup violation of -11.199 ns between mlp_system_i/mlp_axi_wrapper_0/U0/mlp_inst/l1_sum_reg[24]/C (clocked by clk_fpga_0) and mlp_system_i/mlp_axi_wrapper_0/U0/mlp_inst/l2_sum0__28/A[26] (clocked by clk_fpga_0). Large setup violations at the end of those stages might be difficult to fix during the post-placement implementation flow and could be the result of non-optimal XDC constraints or non-optimal design architecture
Related violations: <none>

TIMING-16#198 Warning
Large setup violation  
There is a large setup violation of -11.199 ns between mlp_system_i/mlp_axi_wrapper_0/U0/mlp_inst/l1_sum_reg[24]/C (clocked by clk_fpga_0) and mlp_system_i/mlp_axi_wrapper_0/U0/mlp_inst/l2_sum0__28/A[27] (clocked by clk_fpga_0). Large setup violations at the end of those stages might be difficult to fix during the post-placement implementation flow and could be the result of non-optimal XDC constraints or non-optimal design architecture
Related violations: <none>

TIMING-16#199 Warning
Large setup violation  
There is a large setup violation of -11.207 ns between mlp_system_i/mlp_axi_wrapper_0/U0/mlp_inst/l1_sum_reg[24]/C (clocked by clk_fpga_0) and mlp_system_i/mlp_axi_wrapper_0/U0/mlp_inst/l2_sum0__21/A[15] (clocked by clk_fpga_0). Large setup violations at the end of those stages might be difficult to fix during the post-placement implementation flow and could be the result of non-optimal XDC constraints or non-optimal design architecture
Related violations: <none>

TIMING-16#200 Warning
Large setup violation  
There is a large setup violation of -11.222 ns between mlp_system_i/mlp_axi_wrapper_0/U0/mlp_inst/l1_sum_reg[24]/C (clocked by clk_fpga_0) and mlp_system_i/mlp_axi_wrapper_0/U0/mlp_inst/l2_sum0__21/A[20] (clocked by clk_fpga_0). Large setup violations at the end of those stages might be difficult to fix during the post-placement implementation flow and could be the result of non-optimal XDC constraints or non-optimal design architecture
Related violations: <none>

TIMING-16#201 Warning
Large setup violation  
There is a large setup violation of -11.222 ns between mlp_system_i/mlp_axi_wrapper_0/U0/mlp_inst/l1_sum_reg[24]/C (clocked by clk_fpga_0) and mlp_system_i/mlp_axi_wrapper_0/U0/mlp_inst/l2_sum0__21/A[21] (clocked by clk_fpga_0). Large setup violations at the end of those stages might be difficult to fix during the post-placement implementation flow and could be the result of non-optimal XDC constraints or non-optimal design architecture
Related violations: <none>

TIMING-16#202 Warning
Large setup violation  
There is a large setup violation of -11.222 ns between mlp_system_i/mlp_axi_wrapper_0/U0/mlp_inst/l1_sum_reg[24]/C (clocked by clk_fpga_0) and mlp_system_i/mlp_axi_wrapper_0/U0/mlp_inst/l2_sum0__21/A[22] (clocked by clk_fpga_0). Large setup violations at the end of those stages might be difficult to fix during the post-placement implementation flow and could be the result of non-optimal XDC constraints or non-optimal design architecture
Related violations: <none>

TIMING-16#203 Warning
Large setup violation  
There is a large setup violation of -11.222 ns between mlp_system_i/mlp_axi_wrapper_0/U0/mlp_inst/l1_sum_reg[24]/C (clocked by clk_fpga_0) and mlp_system_i/mlp_axi_wrapper_0/U0/mlp_inst/l2_sum0__21/A[23] (clocked by clk_fpga_0). Large setup violations at the end of those stages might be difficult to fix during the post-placement implementation flow and could be the result of non-optimal XDC constraints or non-optimal design architecture
Related violations: <none>

TIMING-16#204 Warning
Large setup violation  
There is a large setup violation of -11.231 ns between mlp_system_i/mlp_axi_wrapper_0/U0/mlp_inst/l1_sum_reg[24]/C (clocked by clk_fpga_0) and mlp_system_i/mlp_axi_wrapper_0/U0/mlp_inst/l2_sum0__22/A[25] (clocked by clk_fpga_0). Large setup violations at the end of those stages might be difficult to fix during the post-placement implementation flow and could be the result of non-optimal XDC constraints or non-optimal design architecture
Related violations: <none>

TIMING-16#205 Warning
Large setup violation  
There is a large setup violation of -11.245 ns between mlp_system_i/mlp_axi_wrapper_0/U0/mlp_inst/l1_sum_reg[24]/C (clocked by clk_fpga_0) and mlp_system_i/mlp_axi_wrapper_0/U0/mlp_inst/l2_sum0__21/A[24] (clocked by clk_fpga_0). Large setup violations at the end of those stages might be difficult to fix during the post-placement implementation flow and could be the result of non-optimal XDC constraints or non-optimal design architecture
Related violations: <none>

TIMING-16#206 Warning
Large setup violation  
There is a large setup violation of -11.253 ns between mlp_system_i/mlp_axi_wrapper_0/U0/mlp_inst/l1_sum_reg[24]/C (clocked by clk_fpga_0) and mlp_system_i/mlp_axi_wrapper_0/U0/mlp_inst/l2_sum0__23/A[23] (clocked by clk_fpga_0). Large setup violations at the end of those stages might be difficult to fix during the post-placement implementation flow and could be the result of non-optimal XDC constraints or non-optimal design architecture
Related violations: <none>

TIMING-16#207 Warning
Large setup violation  
There is a large setup violation of -11.255 ns between mlp_system_i/mlp_axi_wrapper_0/U0/mlp_inst/l1_sum_reg[24]/C (clocked by clk_fpga_0) and mlp_system_i/mlp_axi_wrapper_0/U0/mlp_inst/l2_sum0__21/A[16] (clocked by clk_fpga_0). Large setup violations at the end of those stages might be difficult to fix during the post-placement implementation flow and could be the result of non-optimal XDC constraints or non-optimal design architecture
Related violations: <none>

TIMING-16#208 Warning
Large setup violation  
There is a large setup violation of -11.257 ns between mlp_system_i/mlp_axi_wrapper_0/U0/mlp_inst/l1_sum_reg[24]/C (clocked by clk_fpga_0) and mlp_system_i/mlp_axi_wrapper_0/U0/mlp_inst/l2_sum0__23/A[24] (clocked by clk_fpga_0). Large setup violations at the end of those stages might be difficult to fix during the post-placement implementation flow and could be the result of non-optimal XDC constraints or non-optimal design architecture
Related violations: <none>

TIMING-16#209 Warning
Large setup violation  
There is a large setup violation of -11.257 ns between mlp_system_i/mlp_axi_wrapper_0/U0/mlp_inst/l1_sum_reg[24]/C (clocked by clk_fpga_0) and mlp_system_i/mlp_axi_wrapper_0/U0/mlp_inst/l2_sum0__23/A[25] (clocked by clk_fpga_0). Large setup violations at the end of those stages might be difficult to fix during the post-placement implementation flow and could be the result of non-optimal XDC constraints or non-optimal design architecture
Related violations: <none>

TIMING-16#210 Warning
Large setup violation  
There is a large setup violation of -11.257 ns between mlp_system_i/mlp_axi_wrapper_0/U0/mlp_inst/l1_sum_reg[24]/C (clocked by clk_fpga_0) and mlp_system_i/mlp_axi_wrapper_0/U0/mlp_inst/l2_sum0__23/A[26] (clocked by clk_fpga_0). Large setup violations at the end of those stages might be difficult to fix during the post-placement implementation flow and could be the result of non-optimal XDC constraints or non-optimal design architecture
Related violations: <none>

TIMING-16#211 Warning
Large setup violation  
There is a large setup violation of -11.257 ns between mlp_system_i/mlp_axi_wrapper_0/U0/mlp_inst/l1_sum_reg[24]/C (clocked by clk_fpga_0) and mlp_system_i/mlp_axi_wrapper_0/U0/mlp_inst/l2_sum0__23/A[27] (clocked by clk_fpga_0). Large setup violations at the end of those stages might be difficult to fix during the post-placement implementation flow and could be the result of non-optimal XDC constraints or non-optimal design architecture
Related violations: <none>

TIMING-16#212 Warning
Large setup violation  
There is a large setup violation of -11.258 ns between mlp_system_i/mlp_axi_wrapper_0/U0/mlp_inst/l1_sum_reg[24]/C (clocked by clk_fpga_0) and mlp_system_i/mlp_axi_wrapper_0/U0/mlp_inst/l2_sum0__28/A[16] (clocked by clk_fpga_0). Large setup violations at the end of those stages might be difficult to fix during the post-placement implementation flow and could be the result of non-optimal XDC constraints or non-optimal design architecture
Related violations: <none>

TIMING-16#213 Warning
Large setup violation  
There is a large setup violation of -11.258 ns between mlp_system_i/mlp_axi_wrapper_0/U0/mlp_inst/l1_sum_reg[24]/C (clocked by clk_fpga_0) and mlp_system_i/mlp_axi_wrapper_0/U0/mlp_inst/l2_sum0__28/A[17] (clocked by clk_fpga_0). Large setup violations at the end of those stages might be difficult to fix during the post-placement implementation flow and could be the result of non-optimal XDC constraints or non-optimal design architecture
Related violations: <none>

TIMING-16#214 Warning
Large setup violation  
There is a large setup violation of -11.265 ns between mlp_system_i/mlp_axi_wrapper_0/U0/mlp_inst/l1_sum_reg[24]/C (clocked by clk_fpga_0) and mlp_system_i/mlp_axi_wrapper_0/U0/mlp_inst/l2_sum0__22/A[28] (clocked by clk_fpga_0). Large setup violations at the end of those stages might be difficult to fix during the post-placement implementation flow and could be the result of non-optimal XDC constraints or non-optimal design architecture
Related violations: <none>

TIMING-16#215 Warning
Large setup violation  
There is a large setup violation of -11.269 ns between mlp_system_i/mlp_axi_wrapper_0/U0/mlp_inst/l1_sum_reg[24]/C (clocked by clk_fpga_0) and mlp_system_i/mlp_axi_wrapper_0/U0/mlp_inst/l2_sum0__29/A[28] (clocked by clk_fpga_0). Large setup violations at the end of those stages might be difficult to fix during the post-placement implementation flow and could be the result of non-optimal XDC constraints or non-optimal design architecture
Related violations: <none>

TIMING-16#216 Warning
Large setup violation  
There is a large setup violation of -11.273 ns between mlp_system_i/mlp_axi_wrapper_0/U0/mlp_inst/l1_sum_reg[24]/C (clocked by clk_fpga_0) and mlp_system_i/mlp_axi_wrapper_0/U0/mlp_inst/l2_sum0__22/A[26] (clocked by clk_fpga_0). Large setup violations at the end of those stages might be difficult to fix during the post-placement implementation flow and could be the result of non-optimal XDC constraints or non-optimal design architecture
Related violations: <none>

TIMING-16#217 Warning
Large setup violation  
There is a large setup violation of -11.273 ns between mlp_system_i/mlp_axi_wrapper_0/U0/mlp_inst/l1_sum_reg[24]/C (clocked by clk_fpga_0) and mlp_system_i/mlp_axi_wrapper_0/U0/mlp_inst/l2_sum0__22/A[27] (clocked by clk_fpga_0). Large setup violations at the end of those stages might be difficult to fix during the post-placement implementation flow and could be the result of non-optimal XDC constraints or non-optimal design architecture
Related violations: <none>

TIMING-16#218 Warning
Large setup violation  
There is a large setup violation of -11.280 ns between mlp_system_i/mlp_axi_wrapper_0/U0/mlp_inst/l1_sum_reg[24]/C (clocked by clk_fpga_0) and mlp_system_i/mlp_axi_wrapper_0/U0/mlp_inst/l2_sum0__30/A[29] (clocked by clk_fpga_0). Large setup violations at the end of those stages might be difficult to fix during the post-placement implementation flow and could be the result of non-optimal XDC constraints or non-optimal design architecture
Related violations: <none>

TIMING-16#219 Warning
Large setup violation  
There is a large setup violation of -11.303 ns between mlp_system_i/mlp_axi_wrapper_0/U0/mlp_inst/l1_sum_reg[24]/C (clocked by clk_fpga_0) and mlp_system_i/mlp_axi_wrapper_0/U0/mlp_inst/l2_sum0__28/A[15] (clocked by clk_fpga_0). Large setup violations at the end of those stages might be difficult to fix during the post-placement implementation flow and could be the result of non-optimal XDC constraints or non-optimal design architecture
Related violations: <none>

TIMING-16#220 Warning
Large setup violation  
There is a large setup violation of -11.313 ns between mlp_system_i/mlp_axi_wrapper_0/U0/mlp_inst/l1_sum_reg[24]/C (clocked by clk_fpga_0) and mlp_system_i/mlp_axi_wrapper_0/U0/mlp_inst/l2_sum0__22/A[21] (clocked by clk_fpga_0). Large setup violations at the end of those stages might be difficult to fix during the post-placement implementation flow and could be the result of non-optimal XDC constraints or non-optimal design architecture
Related violations: <none>

TIMING-16#221 Warning
Large setup violation  
There is a large setup violation of -11.325 ns between mlp_system_i/mlp_axi_wrapper_0/U0/mlp_inst/l1_sum_reg[24]/C (clocked by clk_fpga_0) and mlp_system_i/mlp_axi_wrapper_0/U0/mlp_inst/l2_sum0__22/A[22] (clocked by clk_fpga_0). Large setup violations at the end of those stages might be difficult to fix during the post-placement implementation flow and could be the result of non-optimal XDC constraints or non-optimal design architecture
Related violations: <none>

TIMING-16#222 Warning
Large setup violation  
There is a large setup violation of -11.325 ns between mlp_system_i/mlp_axi_wrapper_0/U0/mlp_inst/l1_sum_reg[24]/C (clocked by clk_fpga_0) and mlp_system_i/mlp_axi_wrapper_0/U0/mlp_inst/l2_sum0__22/A[23] (clocked by clk_fpga_0). Large setup violations at the end of those stages might be difficult to fix during the post-placement implementation flow and could be the result of non-optimal XDC constraints or non-optimal design architecture
Related violations: <none>

TIMING-16#223 Warning
Large setup violation  
There is a large setup violation of -11.365 ns between mlp_system_i/mlp_axi_wrapper_0/U0/mlp_inst/l1_sum_reg[24]/C (clocked by clk_fpga_0) and mlp_system_i/mlp_axi_wrapper_0/U0/mlp_inst/l2_sum0__21/A[17] (clocked by clk_fpga_0). Large setup violations at the end of those stages might be difficult to fix during the post-placement implementation flow and could be the result of non-optimal XDC constraints or non-optimal design architecture
Related violations: <none>

TIMING-16#224 Warning
Large setup violation  
There is a large setup violation of -11.365 ns between mlp_system_i/mlp_axi_wrapper_0/U0/mlp_inst/l1_sum_reg[24]/C (clocked by clk_fpga_0) and mlp_system_i/mlp_axi_wrapper_0/U0/mlp_inst/l2_sum0__21/A[18] (clocked by clk_fpga_0). Large setup violations at the end of those stages might be difficult to fix during the post-placement implementation flow and could be the result of non-optimal XDC constraints or non-optimal design architecture
Related violations: <none>

TIMING-16#225 Warning
Large setup violation  
There is a large setup violation of -11.365 ns between mlp_system_i/mlp_axi_wrapper_0/U0/mlp_inst/l1_sum_reg[24]/C (clocked by clk_fpga_0) and mlp_system_i/mlp_axi_wrapper_0/U0/mlp_inst/l2_sum0__21/A[19] (clocked by clk_fpga_0). Large setup violations at the end of those stages might be difficult to fix during the post-placement implementation flow and could be the result of non-optimal XDC constraints or non-optimal design architecture
Related violations: <none>

TIMING-16#226 Warning
Large setup violation  
There is a large setup violation of -11.367 ns between mlp_system_i/mlp_axi_wrapper_0/U0/mlp_inst/l1_sum_reg[24]/C (clocked by clk_fpga_0) and mlp_system_i/mlp_axi_wrapper_0/U0/mlp_inst/l2_sum0__22/A[24] (clocked by clk_fpga_0). Large setup violations at the end of those stages might be difficult to fix during the post-placement implementation flow and could be the result of non-optimal XDC constraints or non-optimal design architecture
Related violations: <none>

TIMING-16#227 Warning
Large setup violation  
There is a large setup violation of -11.383 ns between mlp_system_i/mlp_axi_wrapper_0/U0/mlp_inst/l1_sum_reg[24]/C (clocked by clk_fpga_0) and mlp_system_i/mlp_axi_wrapper_0/U0/mlp_inst/l2_sum0__22/A[29] (clocked by clk_fpga_0). Large setup violations at the end of those stages might be difficult to fix during the post-placement implementation flow and could be the result of non-optimal XDC constraints or non-optimal design architecture
Related violations: <none>

TIMING-16#228 Warning
Large setup violation  
There is a large setup violation of -11.396 ns between mlp_system_i/mlp_axi_wrapper_0/U0/mlp_inst/l1_sum_reg[24]/C (clocked by clk_fpga_0) and mlp_system_i/mlp_axi_wrapper_0/U0/mlp_inst/l2_sum0__23/A[29] (clocked by clk_fpga_0). Large setup violations at the end of those stages might be difficult to fix during the post-placement implementation flow and could be the result of non-optimal XDC constraints or non-optimal design architecture
Related violations: <none>

TIMING-16#229 Warning
Large setup violation  
There is a large setup violation of -11.397 ns between mlp_system_i/mlp_axi_wrapper_0/U0/mlp_inst/l1_sum_reg[24]/C (clocked by clk_fpga_0) and mlp_system_i/mlp_axi_wrapper_0/U0/mlp_inst/l2_sum0__23/A[28] (clocked by clk_fpga_0). Large setup violations at the end of those stages might be difficult to fix during the post-placement implementation flow and could be the result of non-optimal XDC constraints or non-optimal design architecture
Related violations: <none>

TIMING-16#230 Warning
Large setup violation  
There is a large setup violation of -11.439 ns between mlp_system_i/mlp_axi_wrapper_0/U0/mlp_inst/l1_sum_reg[24]/C (clocked by clk_fpga_0) and mlp_system_i/mlp_axi_wrapper_0/U0/mlp_inst/l2_sum0__34/A[13] (clocked by clk_fpga_0). Large setup violations at the end of those stages might be difficult to fix during the post-placement implementation flow and could be the result of non-optimal XDC constraints or non-optimal design architecture
Related violations: <none>

TIMING-16#231 Warning
Large setup violation  
There is a large setup violation of -11.463 ns between mlp_system_i/mlp_axi_wrapper_0/U0/mlp_inst/l1_sum_reg[24]/C (clocked by clk_fpga_0) and mlp_system_i/mlp_axi_wrapper_0/U0/mlp_inst/l2_sum0__28/A[18] (clocked by clk_fpga_0). Large setup violations at the end of those stages might be difficult to fix during the post-placement implementation flow and could be the result of non-optimal XDC constraints or non-optimal design architecture
Related violations: <none>

TIMING-16#232 Warning
Large setup violation  
There is a large setup violation of -11.463 ns between mlp_system_i/mlp_axi_wrapper_0/U0/mlp_inst/l1_sum_reg[24]/C (clocked by clk_fpga_0) and mlp_system_i/mlp_axi_wrapper_0/U0/mlp_inst/l2_sum0__28/A[19] (clocked by clk_fpga_0). Large setup violations at the end of those stages might be difficult to fix during the post-placement implementation flow and could be the result of non-optimal XDC constraints or non-optimal design architecture
Related violations: <none>

TIMING-16#233 Warning
Large setup violation  
There is a large setup violation of -11.464 ns between mlp_system_i/mlp_axi_wrapper_0/U0/mlp_inst/l1_sum_reg[24]/C (clocked by clk_fpga_0) and mlp_system_i/mlp_axi_wrapper_0/U0/mlp_inst/l2_sum0__34/A[0] (clocked by clk_fpga_0). Large setup violations at the end of those stages might be difficult to fix during the post-placement implementation flow and could be the result of non-optimal XDC constraints or non-optimal design architecture
Related violations: <none>

TIMING-16#234 Warning
Large setup violation  
There is a large setup violation of -11.469 ns between mlp_system_i/mlp_axi_wrapper_0/U0/mlp_inst/l1_sum_reg[24]/C (clocked by clk_fpga_0) and mlp_system_i/mlp_axi_wrapper_0/U0/mlp_inst/l2_sum0__34/A[12] (clocked by clk_fpga_0). Large setup violations at the end of those stages might be difficult to fix during the post-placement implementation flow and could be the result of non-optimal XDC constraints or non-optimal design architecture
Related violations: <none>

TIMING-16#235 Warning
Large setup violation  
There is a large setup violation of -11.507 ns between mlp_system_i/mlp_axi_wrapper_0/U0/mlp_inst/l1_sum_reg[24]/C (clocked by clk_fpga_0) and mlp_system_i/mlp_axi_wrapper_0/U0/mlp_inst/l2_sum0__30/A[15] (clocked by clk_fpga_0). Large setup violations at the end of those stages might be difficult to fix during the post-placement implementation flow and could be the result of non-optimal XDC constraints or non-optimal design architecture
Related violations: <none>

TIMING-16#236 Warning
Large setup violation  
There is a large setup violation of -11.512 ns between mlp_system_i/mlp_axi_wrapper_0/U0/mlp_inst/l1_sum_reg[24]/C (clocked by clk_fpga_0) and mlp_system_i/mlp_axi_wrapper_0/U0/mlp_inst/l2_sum0__32/A[20] (clocked by clk_fpga_0). Large setup violations at the end of those stages might be difficult to fix during the post-placement implementation flow and could be the result of non-optimal XDC constraints or non-optimal design architecture
Related violations: <none>

TIMING-16#237 Warning
Large setup violation  
There is a large setup violation of -11.514 ns between mlp_system_i/mlp_axi_wrapper_0/U0/mlp_inst/l1_sum_reg[24]/C (clocked by clk_fpga_0) and mlp_system_i/mlp_axi_wrapper_0/U0/mlp_inst/l2_sum0__30/A[17] (clocked by clk_fpga_0). Large setup violations at the end of those stages might be difficult to fix during the post-placement implementation flow and could be the result of non-optimal XDC constraints or non-optimal design architecture
Related violations: <none>

TIMING-16#238 Warning
Large setup violation  
There is a large setup violation of -11.523 ns between mlp_system_i/mlp_axi_wrapper_0/U0/mlp_inst/l1_sum_reg[24]/C (clocked by clk_fpga_0) and mlp_system_i/mlp_axi_wrapper_0/U0/mlp_inst/l2_sum0__31/A[16] (clocked by clk_fpga_0). Large setup violations at the end of those stages might be difficult to fix during the post-placement implementation flow and could be the result of non-optimal XDC constraints or non-optimal design architecture
Related violations: <none>

TIMING-16#239 Warning
Large setup violation  
There is a large setup violation of -11.523 ns between mlp_system_i/mlp_axi_wrapper_0/U0/mlp_inst/l1_sum_reg[24]/C (clocked by clk_fpga_0) and mlp_system_i/mlp_axi_wrapper_0/U0/mlp_inst/l2_sum0__31/A[17] (clocked by clk_fpga_0). Large setup violations at the end of those stages might be difficult to fix during the post-placement implementation flow and could be the result of non-optimal XDC constraints or non-optimal design architecture
Related violations: <none>

TIMING-16#240 Warning
Large setup violation  
There is a large setup violation of -11.523 ns between mlp_system_i/mlp_axi_wrapper_0/U0/mlp_inst/l1_sum_reg[24]/C (clocked by clk_fpga_0) and mlp_system_i/mlp_axi_wrapper_0/U0/mlp_inst/l2_sum0__31/A[18] (clocked by clk_fpga_0). Large setup violations at the end of those stages might be difficult to fix during the post-placement implementation flow and could be the result of non-optimal XDC constraints or non-optimal design architecture
Related violations: <none>

TIMING-16#241 Warning
Large setup violation  
There is a large setup violation of -11.523 ns between mlp_system_i/mlp_axi_wrapper_0/U0/mlp_inst/l1_sum_reg[24]/C (clocked by clk_fpga_0) and mlp_system_i/mlp_axi_wrapper_0/U0/mlp_inst/l2_sum0__31/A[19] (clocked by clk_fpga_0). Large setup violations at the end of those stages might be difficult to fix during the post-placement implementation flow and could be the result of non-optimal XDC constraints or non-optimal design architecture
Related violations: <none>

TIMING-16#242 Warning
Large setup violation  
There is a large setup violation of -11.523 ns between mlp_system_i/mlp_axi_wrapper_0/U0/mlp_inst/l1_sum_reg[24]/C (clocked by clk_fpga_0) and mlp_system_i/mlp_axi_wrapper_0/U0/mlp_inst/l2_sum0__33/A[20] (clocked by clk_fpga_0). Large setup violations at the end of those stages might be difficult to fix during the post-placement implementation flow and could be the result of non-optimal XDC constraints or non-optimal design architecture
Related violations: <none>

TIMING-16#243 Warning
Large setup violation  
There is a large setup violation of -11.523 ns between mlp_system_i/mlp_axi_wrapper_0/U0/mlp_inst/l1_sum_reg[24]/C (clocked by clk_fpga_0) and mlp_system_i/mlp_axi_wrapper_0/U0/mlp_inst/l2_sum0__33/A[21] (clocked by clk_fpga_0). Large setup violations at the end of those stages might be difficult to fix during the post-placement implementation flow and could be the result of non-optimal XDC constraints or non-optimal design architecture
Related violations: <none>

TIMING-16#244 Warning
Large setup violation  
There is a large setup violation of -11.523 ns between mlp_system_i/mlp_axi_wrapper_0/U0/mlp_inst/l1_sum_reg[24]/C (clocked by clk_fpga_0) and mlp_system_i/mlp_axi_wrapper_0/U0/mlp_inst/l2_sum0__33/A[22] (clocked by clk_fpga_0). Large setup violations at the end of those stages might be difficult to fix during the post-placement implementation flow and could be the result of non-optimal XDC constraints or non-optimal design architecture
Related violations: <none>

TIMING-16#245 Warning
Large setup violation  
There is a large setup violation of -11.528 ns between mlp_system_i/mlp_axi_wrapper_0/U0/mlp_inst/l1_sum_reg[24]/C (clocked by clk_fpga_0) and mlp_system_i/mlp_axi_wrapper_0/U0/mlp_inst/l2_sum0__30/A[18] (clocked by clk_fpga_0). Large setup violations at the end of those stages might be difficult to fix during the post-placement implementation flow and could be the result of non-optimal XDC constraints or non-optimal design architecture
Related violations: <none>

TIMING-16#246 Warning
Large setup violation  
There is a large setup violation of -11.528 ns between mlp_system_i/mlp_axi_wrapper_0/U0/mlp_inst/l1_sum_reg[24]/C (clocked by clk_fpga_0) and mlp_system_i/mlp_axi_wrapper_0/U0/mlp_inst/l2_sum0__30/A[19] (clocked by clk_fpga_0). Large setup violations at the end of those stages might be difficult to fix during the post-placement implementation flow and could be the result of non-optimal XDC constraints or non-optimal design architecture
Related violations: <none>

TIMING-16#247 Warning
Large setup violation  
There is a large setup violation of -11.536 ns between mlp_system_i/mlp_axi_wrapper_0/U0/mlp_inst/l1_sum_reg[24]/C (clocked by clk_fpga_0) and mlp_system_i/mlp_axi_wrapper_0/U0/mlp_inst/l2_sum0__31/A[15] (clocked by clk_fpga_0). Large setup violations at the end of those stages might be difficult to fix during the post-placement implementation flow and could be the result of non-optimal XDC constraints or non-optimal design architecture
Related violations: <none>

TIMING-16#248 Warning
Large setup violation  
There is a large setup violation of -11.578 ns between mlp_system_i/mlp_axi_wrapper_0/U0/mlp_inst/l1_sum_reg[24]/C (clocked by clk_fpga_0) and mlp_system_i/mlp_axi_wrapper_0/U0/mlp_inst/l2_sum0__33/A[29] (clocked by clk_fpga_0). Large setup violations at the end of those stages might be difficult to fix during the post-placement implementation flow and could be the result of non-optimal XDC constraints or non-optimal design architecture
Related violations: <none>

TIMING-16#249 Warning
Large setup violation  
There is a large setup violation of -11.581 ns between mlp_system_i/mlp_axi_wrapper_0/U0/mlp_inst/l1_sum_reg[24]/C (clocked by clk_fpga_0) and mlp_system_i/mlp_axi_wrapper_0/U0/mlp_inst/l2_sum0__19/A[24] (clocked by clk_fpga_0). Large setup violations at the end of those stages might be difficult to fix during the post-placement implementation flow and could be the result of non-optimal XDC constraints or non-optimal design architecture
Related violations: <none>

TIMING-16#250 Warning
Large setup violation  
There is a large setup violation of -11.592 ns between mlp_system_i/mlp_axi_wrapper_0/U0/mlp_inst/l1_sum_reg[24]/C (clocked by clk_fpga_0) and mlp_system_i/mlp_axi_wrapper_0/U0/mlp_inst/l2_sum0__19/A[21] (clocked by clk_fpga_0). Large setup violations at the end of those stages might be difficult to fix during the post-placement implementation flow and could be the result of non-optimal XDC constraints or non-optimal design architecture
Related violations: <none>

TIMING-16#251 Warning
Large setup violation  
There is a large setup violation of -11.592 ns between mlp_system_i/mlp_axi_wrapper_0/U0/mlp_inst/l1_sum_reg[24]/C (clocked by clk_fpga_0) and mlp_system_i/mlp_axi_wrapper_0/U0/mlp_inst/l2_sum0__19/A[22] (clocked by clk_fpga_0). Large setup violations at the end of those stages might be difficult to fix during the post-placement implementation flow and could be the result of non-optimal XDC constraints or non-optimal design architecture
Related violations: <none>

TIMING-16#252 Warning
Large setup violation  
There is a large setup violation of -11.592 ns between mlp_system_i/mlp_axi_wrapper_0/U0/mlp_inst/l1_sum_reg[24]/C (clocked by clk_fpga_0) and mlp_system_i/mlp_axi_wrapper_0/U0/mlp_inst/l2_sum0__19/A[23] (clocked by clk_fpga_0). Large setup violations at the end of those stages might be difficult to fix during the post-placement implementation flow and could be the result of non-optimal XDC constraints or non-optimal design architecture
Related violations: <none>

TIMING-16#253 Warning
Large setup violation  
There is a large setup violation of -11.598 ns between mlp_system_i/mlp_axi_wrapper_0/U0/mlp_inst/l1_sum_reg[24]/C (clocked by clk_fpga_0) and mlp_system_i/mlp_axi_wrapper_0/U0/mlp_inst/l2_sum0__19/A[16] (clocked by clk_fpga_0). Large setup violations at the end of those stages might be difficult to fix during the post-placement implementation flow and could be the result of non-optimal XDC constraints or non-optimal design architecture
Related violations: <none>

TIMING-16#254 Warning
Large setup violation  
There is a large setup violation of -11.598 ns between mlp_system_i/mlp_axi_wrapper_0/U0/mlp_inst/l1_sum_reg[24]/C (clocked by clk_fpga_0) and mlp_system_i/mlp_axi_wrapper_0/U0/mlp_inst/l2_sum0__19/A[17] (clocked by clk_fpga_0). Large setup violations at the end of those stages might be difficult to fix during the post-placement implementation flow and could be the result of non-optimal XDC constraints or non-optimal design architecture
Related violations: <none>

TIMING-16#255 Warning
Large setup violation  
There is a large setup violation of -11.598 ns between mlp_system_i/mlp_axi_wrapper_0/U0/mlp_inst/l1_sum_reg[24]/C (clocked by clk_fpga_0) and mlp_system_i/mlp_axi_wrapper_0/U0/mlp_inst/l2_sum0__19/A[18] (clocked by clk_fpga_0). Large setup violations at the end of those stages might be difficult to fix during the post-placement implementation flow and could be the result of non-optimal XDC constraints or non-optimal design architecture
Related violations: <none>

TIMING-16#256 Warning
Large setup violation  
There is a large setup violation of -11.598 ns between mlp_system_i/mlp_axi_wrapper_0/U0/mlp_inst/l1_sum_reg[24]/C (clocked by clk_fpga_0) and mlp_system_i/mlp_axi_wrapper_0/U0/mlp_inst/l2_sum0__19/A[19] (clocked by clk_fpga_0). Large setup violations at the end of those stages might be difficult to fix during the post-placement implementation flow and could be the result of non-optimal XDC constraints or non-optimal design architecture
Related violations: <none>

TIMING-16#257 Warning
Large setup violation  
There is a large setup violation of -11.611 ns between mlp_system_i/mlp_axi_wrapper_0/U0/mlp_inst/l1_sum_reg[24]/C (clocked by clk_fpga_0) and mlp_system_i/mlp_axi_wrapper_0/U0/mlp_inst/l2_sum0__19/A[15] (clocked by clk_fpga_0). Large setup violations at the end of those stages might be difficult to fix during the post-placement implementation flow and could be the result of non-optimal XDC constraints or non-optimal design architecture
Related violations: <none>

TIMING-16#258 Warning
Large setup violation  
There is a large setup violation of -11.647 ns between mlp_system_i/mlp_axi_wrapper_0/U0/mlp_inst/l1_sum_reg[24]/C (clocked by clk_fpga_0) and mlp_system_i/mlp_axi_wrapper_0/U0/mlp_inst/l2_sum0__30/A[16] (clocked by clk_fpga_0). Large setup violations at the end of those stages might be difficult to fix during the post-placement implementation flow and could be the result of non-optimal XDC constraints or non-optimal design architecture
Related violations: <none>

TIMING-16#259 Warning
Large setup violation  
There is a large setup violation of -11.654 ns between mlp_system_i/mlp_axi_wrapper_0/U0/mlp_inst/l1_sum_reg[24]/C (clocked by clk_fpga_0) and mlp_system_i/mlp_axi_wrapper_0/U0/mlp_inst/l2_sum0__32/A[24] (clocked by clk_fpga_0). Large setup violations at the end of those stages might be difficult to fix during the post-placement implementation flow and could be the result of non-optimal XDC constraints or non-optimal design architecture
Related violations: <none>

TIMING-16#260 Warning
Large setup violation  
There is a large setup violation of -11.656 ns between mlp_system_i/mlp_axi_wrapper_0/U0/mlp_inst/l1_sum_reg[24]/C (clocked by clk_fpga_0) and mlp_system_i/mlp_axi_wrapper_0/U0/mlp_inst/l2_sum0__32/A[27] (clocked by clk_fpga_0). Large setup violations at the end of those stages might be difficult to fix during the post-placement implementation flow and could be the result of non-optimal XDC constraints or non-optimal design architecture
Related violations: <none>

TIMING-16#261 Warning
Large setup violation  
There is a large setup violation of -11.659 ns between mlp_system_i/mlp_axi_wrapper_0/U0/mlp_inst/l1_sum_reg[24]/C (clocked by clk_fpga_0) and mlp_system_i/mlp_axi_wrapper_0/U0/mlp_inst/l2_sum0__21/A[29] (clocked by clk_fpga_0). Large setup violations at the end of those stages might be difficult to fix during the post-placement implementation flow and could be the result of non-optimal XDC constraints or non-optimal design architecture
Related violations: <none>

TIMING-16#262 Warning
Large setup violation  
There is a large setup violation of -11.661 ns between mlp_system_i/mlp_axi_wrapper_0/U0/mlp_inst/l1_sum_reg[24]/C (clocked by clk_fpga_0) and mlp_system_i/mlp_axi_wrapper_0/U0/mlp_inst/l2_sum0__32/A[21] (clocked by clk_fpga_0). Large setup violations at the end of those stages might be difficult to fix during the post-placement implementation flow and could be the result of non-optimal XDC constraints or non-optimal design architecture
Related violations: <none>

TIMING-16#263 Warning
Large setup violation  
There is a large setup violation of -11.661 ns between mlp_system_i/mlp_axi_wrapper_0/U0/mlp_inst/l1_sum_reg[24]/C (clocked by clk_fpga_0) and mlp_system_i/mlp_axi_wrapper_0/U0/mlp_inst/l2_sum0__32/A[22] (clocked by clk_fpga_0). Large setup violations at the end of those stages might be difficult to fix during the post-placement implementation flow and could be the result of non-optimal XDC constraints or non-optimal design architecture
Related violations: <none>

TIMING-16#264 Warning
Large setup violation  
There is a large setup violation of -11.661 ns between mlp_system_i/mlp_axi_wrapper_0/U0/mlp_inst/l1_sum_reg[24]/C (clocked by clk_fpga_0) and mlp_system_i/mlp_axi_wrapper_0/U0/mlp_inst/l2_sum0__32/A[23] (clocked by clk_fpga_0). Large setup violations at the end of those stages might be difficult to fix during the post-placement implementation flow and could be the result of non-optimal XDC constraints or non-optimal design architecture
Related violations: <none>

TIMING-16#265 Warning
Large setup violation  
There is a large setup violation of -11.673 ns between mlp_system_i/mlp_axi_wrapper_0/U0/mlp_inst/l1_sum_reg[24]/C (clocked by clk_fpga_0) and mlp_system_i/mlp_axi_wrapper_0/U0/mlp_inst/l2_sum0__33/A[24] (clocked by clk_fpga_0). Large setup violations at the end of those stages might be difficult to fix during the post-placement implementation flow and could be the result of non-optimal XDC constraints or non-optimal design architecture
Related violations: <none>

TIMING-16#266 Warning
Large setup violation  
There is a large setup violation of -11.680 ns between mlp_system_i/mlp_axi_wrapper_0/U0/mlp_inst/l1_sum_reg[24]/C (clocked by clk_fpga_0) and mlp_system_i/mlp_axi_wrapper_0/U0/mlp_inst/l2_sum0__33/A[25] (clocked by clk_fpga_0). Large setup violations at the end of those stages might be difficult to fix during the post-placement implementation flow and could be the result of non-optimal XDC constraints or non-optimal design architecture
Related violations: <none>

TIMING-16#267 Warning
Large setup violation  
There is a large setup violation of -11.680 ns between mlp_system_i/mlp_axi_wrapper_0/U0/mlp_inst/l1_sum_reg[24]/C (clocked by clk_fpga_0) and mlp_system_i/mlp_axi_wrapper_0/U0/mlp_inst/l2_sum0__33/A[26] (clocked by clk_fpga_0). Large setup violations at the end of those stages might be difficult to fix during the post-placement implementation flow and could be the result of non-optimal XDC constraints or non-optimal design architecture
Related violations: <none>

TIMING-16#268 Warning
Large setup violation  
There is a large setup violation of -11.680 ns between mlp_system_i/mlp_axi_wrapper_0/U0/mlp_inst/l1_sum_reg[24]/C (clocked by clk_fpga_0) and mlp_system_i/mlp_axi_wrapper_0/U0/mlp_inst/l2_sum0__33/A[27] (clocked by clk_fpga_0). Large setup violations at the end of those stages might be difficult to fix during the post-placement implementation flow and could be the result of non-optimal XDC constraints or non-optimal design architecture
Related violations: <none>

TIMING-16#269 Warning
Large setup violation  
There is a large setup violation of -11.686 ns between mlp_system_i/mlp_axi_wrapper_0/U0/mlp_inst/l1_sum_reg[24]/C (clocked by clk_fpga_0) and mlp_system_i/mlp_axi_wrapper_0/U0/mlp_inst/l2_sum0__33/A[23] (clocked by clk_fpga_0). Large setup violations at the end of those stages might be difficult to fix during the post-placement implementation flow and could be the result of non-optimal XDC constraints or non-optimal design architecture
Related violations: <none>

TIMING-16#270 Warning
Large setup violation  
There is a large setup violation of -11.705 ns between mlp_system_i/mlp_axi_wrapper_0/U0/mlp_inst/l1_sum_reg[24]/C (clocked by clk_fpga_0) and mlp_system_i/mlp_axi_wrapper_0/U0/mlp_inst/l2_sum0__32/A[25] (clocked by clk_fpga_0). Large setup violations at the end of those stages might be difficult to fix during the post-placement implementation flow and could be the result of non-optimal XDC constraints or non-optimal design architecture
Related violations: <none>

TIMING-16#271 Warning
Large setup violation  
There is a large setup violation of -11.705 ns between mlp_system_i/mlp_axi_wrapper_0/U0/mlp_inst/l1_sum_reg[24]/C (clocked by clk_fpga_0) and mlp_system_i/mlp_axi_wrapper_0/U0/mlp_inst/l2_sum0__32/A[26] (clocked by clk_fpga_0). Large setup violations at the end of those stages might be difficult to fix during the post-placement implementation flow and could be the result of non-optimal XDC constraints or non-optimal design architecture
Related violations: <none>

TIMING-16#272 Warning
Large setup violation  
There is a large setup violation of -11.705 ns between mlp_system_i/mlp_axi_wrapper_0/U0/mlp_inst/l1_sum_reg[24]/C (clocked by clk_fpga_0) and mlp_system_i/mlp_axi_wrapper_0/U0/mlp_inst/l2_sum0__32/A[28] (clocked by clk_fpga_0). Large setup violations at the end of those stages might be difficult to fix during the post-placement implementation flow and could be the result of non-optimal XDC constraints or non-optimal design architecture
Related violations: <none>

TIMING-16#273 Warning
Large setup violation  
There is a large setup violation of -11.705 ns between mlp_system_i/mlp_axi_wrapper_0/U0/mlp_inst/l1_sum_reg[24]/C (clocked by clk_fpga_0) and mlp_system_i/mlp_axi_wrapper_0/U0/mlp_inst/l2_sum0__32/A[29] (clocked by clk_fpga_0). Large setup violations at the end of those stages might be difficult to fix during the post-placement implementation flow and could be the result of non-optimal XDC constraints or non-optimal design architecture
Related violations: <none>

TIMING-16#274 Warning
Large setup violation  
There is a large setup violation of -11.708 ns between mlp_system_i/mlp_axi_wrapper_0/U0/mlp_inst/l1_sum_reg[24]/C (clocked by clk_fpga_0) and mlp_system_i/mlp_axi_wrapper_0/U0/mlp_inst/l2_sum0__19/A[29] (clocked by clk_fpga_0). Large setup violations at the end of those stages might be difficult to fix during the post-placement implementation flow and could be the result of non-optimal XDC constraints or non-optimal design architecture
Related violations: <none>

TIMING-16#275 Warning
Large setup violation  
There is a large setup violation of -11.732 ns between mlp_system_i/mlp_axi_wrapper_0/U0/mlp_inst/l1_sum_reg[24]/C (clocked by clk_fpga_0) and mlp_system_i/mlp_axi_wrapper_0/U0/mlp_inst/l2_sum0__19/A[28] (clocked by clk_fpga_0). Large setup violations at the end of those stages might be difficult to fix during the post-placement implementation flow and could be the result of non-optimal XDC constraints or non-optimal design architecture
Related violations: <none>

TIMING-16#276 Warning
Large setup violation  
There is a large setup violation of -11.734 ns between mlp_system_i/mlp_axi_wrapper_0/U0/mlp_inst/l1_sum_reg[24]/C (clocked by clk_fpga_0) and mlp_system_i/mlp_axi_wrapper_0/U0/mlp_inst/l2_sum0__19/A[25] (clocked by clk_fpga_0). Large setup violations at the end of those stages might be difficult to fix during the post-placement implementation flow and could be the result of non-optimal XDC constraints or non-optimal design architecture
Related violations: <none>

TIMING-16#277 Warning
Large setup violation  
There is a large setup violation of -11.734 ns between mlp_system_i/mlp_axi_wrapper_0/U0/mlp_inst/l1_sum_reg[24]/C (clocked by clk_fpga_0) and mlp_system_i/mlp_axi_wrapper_0/U0/mlp_inst/l2_sum0__19/A[26] (clocked by clk_fpga_0). Large setup violations at the end of those stages might be difficult to fix during the post-placement implementation flow and could be the result of non-optimal XDC constraints or non-optimal design architecture
Related violations: <none>

TIMING-16#278 Warning
Large setup violation  
There is a large setup violation of -11.734 ns between mlp_system_i/mlp_axi_wrapper_0/U0/mlp_inst/l1_sum_reg[24]/C (clocked by clk_fpga_0) and mlp_system_i/mlp_axi_wrapper_0/U0/mlp_inst/l2_sum0__19/A[27] (clocked by clk_fpga_0). Large setup violations at the end of those stages might be difficult to fix during the post-placement implementation flow and could be the result of non-optimal XDC constraints or non-optimal design architecture
Related violations: <none>

TIMING-16#279 Warning
Large setup violation  
There is a large setup violation of -11.760 ns between mlp_system_i/mlp_axi_wrapper_0/U0/mlp_inst/l1_sum_reg[24]/C (clocked by clk_fpga_0) and mlp_system_i/mlp_axi_wrapper_0/U0/mlp_inst/l2_sum0__18/A[20] (clocked by clk_fpga_0). Large setup violations at the end of those stages might be difficult to fix during the post-placement implementation flow and could be the result of non-optimal XDC constraints or non-optimal design architecture
Related violations: <none>

TIMING-16#280 Warning
Large setup violation  
There is a large setup violation of -11.760 ns between mlp_system_i/mlp_axi_wrapper_0/U0/mlp_inst/l1_sum_reg[24]/C (clocked by clk_fpga_0) and mlp_system_i/mlp_axi_wrapper_0/U0/mlp_inst/l2_sum0__21/A[25] (clocked by clk_fpga_0). Large setup violations at the end of those stages might be difficult to fix during the post-placement implementation flow and could be the result of non-optimal XDC constraints or non-optimal design architecture
Related violations: <none>

TIMING-16#281 Warning
Large setup violation  
There is a large setup violation of -11.760 ns between mlp_system_i/mlp_axi_wrapper_0/U0/mlp_inst/l1_sum_reg[24]/C (clocked by clk_fpga_0) and mlp_system_i/mlp_axi_wrapper_0/U0/mlp_inst/l2_sum0__21/A[26] (clocked by clk_fpga_0). Large setup violations at the end of those stages might be difficult to fix during the post-placement implementation flow and could be the result of non-optimal XDC constraints or non-optimal design architecture
Related violations: <none>

TIMING-16#282 Warning
Large setup violation  
There is a large setup violation of -11.760 ns between mlp_system_i/mlp_axi_wrapper_0/U0/mlp_inst/l1_sum_reg[24]/C (clocked by clk_fpga_0) and mlp_system_i/mlp_axi_wrapper_0/U0/mlp_inst/l2_sum0__21/A[27] (clocked by clk_fpga_0). Large setup violations at the end of those stages might be difficult to fix during the post-placement implementation flow and could be the result of non-optimal XDC constraints or non-optimal design architecture
Related violations: <none>

TIMING-16#283 Warning
Large setup violation  
There is a large setup violation of -11.761 ns between mlp_system_i/mlp_axi_wrapper_0/U0/mlp_inst/l1_sum_reg[24]/C (clocked by clk_fpga_0) and mlp_system_i/mlp_axi_wrapper_0/U0/mlp_inst/l2_sum0__33/A[17] (clocked by clk_fpga_0). Large setup violations at the end of those stages might be difficult to fix during the post-placement implementation flow and could be the result of non-optimal XDC constraints or non-optimal design architecture
Related violations: <none>

TIMING-16#284 Warning
Large setup violation  
There is a large setup violation of -11.761 ns between mlp_system_i/mlp_axi_wrapper_0/U0/mlp_inst/l1_sum_reg[24]/C (clocked by clk_fpga_0) and mlp_system_i/mlp_axi_wrapper_0/U0/mlp_inst/l2_sum0__33/A[18] (clocked by clk_fpga_0). Large setup violations at the end of those stages might be difficult to fix during the post-placement implementation flow and could be the result of non-optimal XDC constraints or non-optimal design architecture
Related violations: <none>

TIMING-16#285 Warning
Large setup violation  
There is a large setup violation of -11.761 ns between mlp_system_i/mlp_axi_wrapper_0/U0/mlp_inst/l1_sum_reg[24]/C (clocked by clk_fpga_0) and mlp_system_i/mlp_axi_wrapper_0/U0/mlp_inst/l2_sum0__33/A[19] (clocked by clk_fpga_0). Large setup violations at the end of those stages might be difficult to fix during the post-placement implementation flow and could be the result of non-optimal XDC constraints or non-optimal design architecture
Related violations: <none>

TIMING-16#286 Warning
Large setup violation  
There is a large setup violation of -11.768 ns between mlp_system_i/mlp_axi_wrapper_0/U0/mlp_inst/l1_sum_reg[24]/C (clocked by clk_fpga_0) and mlp_system_i/mlp_axi_wrapper_0/U0/mlp_inst/l2_sum0__33/A[28] (clocked by clk_fpga_0). Large setup violations at the end of those stages might be difficult to fix during the post-placement implementation flow and could be the result of non-optimal XDC constraints or non-optimal design architecture
Related violations: <none>

TIMING-16#287 Warning
Large setup violation  
There is a large setup violation of -11.781 ns between mlp_system_i/mlp_axi_wrapper_0/U0/mlp_inst/l1_sum_reg[24]/C (clocked by clk_fpga_0) and mlp_system_i/mlp_axi_wrapper_0/U0/mlp_inst/l2_sum0__19/A[20] (clocked by clk_fpga_0). Large setup violations at the end of those stages might be difficult to fix during the post-placement implementation flow and could be the result of non-optimal XDC constraints or non-optimal design architecture
Related violations: <none>

TIMING-16#288 Warning
Large setup violation  
There is a large setup violation of -11.794 ns between mlp_system_i/mlp_axi_wrapper_0/U0/mlp_inst/l1_sum_reg[24]/C (clocked by clk_fpga_0) and mlp_system_i/mlp_axi_wrapper_0/U0/mlp_inst/l2_sum0__32/A[15] (clocked by clk_fpga_0). Large setup violations at the end of those stages might be difficult to fix during the post-placement implementation flow and could be the result of non-optimal XDC constraints or non-optimal design architecture
Related violations: <none>

TIMING-16#289 Warning
Large setup violation  
There is a large setup violation of -11.815 ns between mlp_system_i/mlp_axi_wrapper_0/U0/mlp_inst/l1_sum_reg[24]/C (clocked by clk_fpga_0) and mlp_system_i/mlp_axi_wrapper_0/U0/mlp_inst/l2_sum0__33/A[15] (clocked by clk_fpga_0). Large setup violations at the end of those stages might be difficult to fix during the post-placement implementation flow and could be the result of non-optimal XDC constraints or non-optimal design architecture
Related violations: <none>

TIMING-16#290 Warning
Large setup violation  
There is a large setup violation of -11.848 ns between mlp_system_i/mlp_axi_wrapper_0/U0/mlp_inst/l1_sum_reg[24]/C (clocked by clk_fpga_0) and mlp_system_i/mlp_axi_wrapper_0/U0/mlp_inst/l2_sum0__21/A[28] (clocked by clk_fpga_0). Large setup violations at the end of those stages might be difficult to fix during the post-placement implementation flow and could be the result of non-optimal XDC constraints or non-optimal design architecture
Related violations: <none>

TIMING-16#291 Warning
Large setup violation  
There is a large setup violation of -11.852 ns between mlp_system_i/mlp_axi_wrapper_0/U0/mlp_inst/l1_sum_reg[24]/C (clocked by clk_fpga_0) and mlp_system_i/mlp_axi_wrapper_0/U0/mlp_inst/l2_sum0__32/A[16] (clocked by clk_fpga_0). Large setup violations at the end of those stages might be difficult to fix during the post-placement implementation flow and could be the result of non-optimal XDC constraints or non-optimal design architecture
Related violations: <none>

TIMING-16#292 Warning
Large setup violation  
There is a large setup violation of -11.852 ns between mlp_system_i/mlp_axi_wrapper_0/U0/mlp_inst/l1_sum_reg[24]/C (clocked by clk_fpga_0) and mlp_system_i/mlp_axi_wrapper_0/U0/mlp_inst/l2_sum0__32/A[17] (clocked by clk_fpga_0). Large setup violations at the end of those stages might be difficult to fix during the post-placement implementation flow and could be the result of non-optimal XDC constraints or non-optimal design architecture
Related violations: <none>

TIMING-16#293 Warning
Large setup violation  
There is a large setup violation of -11.852 ns between mlp_system_i/mlp_axi_wrapper_0/U0/mlp_inst/l1_sum_reg[24]/C (clocked by clk_fpga_0) and mlp_system_i/mlp_axi_wrapper_0/U0/mlp_inst/l2_sum0__32/A[18] (clocked by clk_fpga_0). Large setup violations at the end of those stages might be difficult to fix during the post-placement implementation flow and could be the result of non-optimal XDC constraints or non-optimal design architecture
Related violations: <none>

TIMING-16#294 Warning
Large setup violation  
There is a large setup violation of -11.852 ns between mlp_system_i/mlp_axi_wrapper_0/U0/mlp_inst/l1_sum_reg[24]/C (clocked by clk_fpga_0) and mlp_system_i/mlp_axi_wrapper_0/U0/mlp_inst/l2_sum0__32/A[19] (clocked by clk_fpga_0). Large setup violations at the end of those stages might be difficult to fix during the post-placement implementation flow and could be the result of non-optimal XDC constraints or non-optimal design architecture
Related violations: <none>

TIMING-16#295 Warning
Large setup violation  
There is a large setup violation of -11.860 ns between mlp_system_i/mlp_axi_wrapper_0/U0/mlp_inst/l1_sum_reg[24]/C (clocked by clk_fpga_0) and mlp_system_i/mlp_axi_wrapper_0/U0/mlp_inst/l2_sum0__31/A[20] (clocked by clk_fpga_0). Large setup violations at the end of those stages might be difficult to fix during the post-placement implementation flow and could be the result of non-optimal XDC constraints or non-optimal design architecture
Related violations: <none>

TIMING-16#296 Warning
Large setup violation  
There is a large setup violation of -11.860 ns between mlp_system_i/mlp_axi_wrapper_0/U0/mlp_inst/l1_sum_reg[24]/C (clocked by clk_fpga_0) and mlp_system_i/mlp_axi_wrapper_0/U0/mlp_inst/l2_sum0__31/A[21] (clocked by clk_fpga_0). Large setup violations at the end of those stages might be difficult to fix during the post-placement implementation flow and could be the result of non-optimal XDC constraints or non-optimal design architecture
Related violations: <none>

TIMING-16#297 Warning
Large setup violation  
There is a large setup violation of -11.860 ns between mlp_system_i/mlp_axi_wrapper_0/U0/mlp_inst/l1_sum_reg[24]/C (clocked by clk_fpga_0) and mlp_system_i/mlp_axi_wrapper_0/U0/mlp_inst/l2_sum0__31/A[22] (clocked by clk_fpga_0). Large setup violations at the end of those stages might be difficult to fix during the post-placement implementation flow and could be the result of non-optimal XDC constraints or non-optimal design architecture
Related violations: <none>

TIMING-16#298 Warning
Large setup violation  
There is a large setup violation of -11.901 ns between mlp_system_i/mlp_axi_wrapper_0/U0/mlp_inst/l1_sum_reg[24]/C (clocked by clk_fpga_0) and mlp_system_i/mlp_axi_wrapper_0/U0/mlp_inst/l2_sum0__18/A[24] (clocked by clk_fpga_0). Large setup violations at the end of those stages might be difficult to fix during the post-placement implementation flow and could be the result of non-optimal XDC constraints or non-optimal design architecture
Related violations: <none>

TIMING-16#299 Warning
Large setup violation  
There is a large setup violation of -11.901 ns between mlp_system_i/mlp_axi_wrapper_0/U0/mlp_inst/l1_sum_reg[24]/C (clocked by clk_fpga_0) and mlp_system_i/mlp_axi_wrapper_0/U0/mlp_inst/l2_sum0__18/A[25] (clocked by clk_fpga_0). Large setup violations at the end of those stages might be difficult to fix during the post-placement implementation flow and could be the result of non-optimal XDC constraints or non-optimal design architecture
Related violations: <none>

TIMING-16#300 Warning
Large setup violation  
There is a large setup violation of -11.902 ns between mlp_system_i/mlp_axi_wrapper_0/U0/mlp_inst/l1_sum_reg[24]/C (clocked by clk_fpga_0) and mlp_system_i/mlp_axi_wrapper_0/U0/mlp_inst/l2_sum0__34/A[2] (clocked by clk_fpga_0). Large setup violations at the end of those stages might be difficult to fix during the post-placement implementation flow and could be the result of non-optimal XDC constraints or non-optimal design architecture
Related violations: <none>

TIMING-16#301 Warning
Large setup violation  
There is a large setup violation of -11.903 ns between mlp_system_i/mlp_axi_wrapper_0/U0/mlp_inst/l1_sum_reg[24]/C (clocked by clk_fpga_0) and mlp_system_i/mlp_axi_wrapper_0/U0/mlp_inst/l2_sum0__34/A[20] (clocked by clk_fpga_0). Large setup violations at the end of those stages might be difficult to fix during the post-placement implementation flow and could be the result of non-optimal XDC constraints or non-optimal design architecture
Related violations: <none>

TIMING-16#302 Warning
Large setup violation  
There is a large setup violation of -11.908 ns between mlp_system_i/mlp_axi_wrapper_0/U0/mlp_inst/l1_sum_reg[24]/C (clocked by clk_fpga_0) and mlp_system_i/mlp_axi_wrapper_0/U0/mlp_inst/l2_sum0__18/A[21] (clocked by clk_fpga_0). Large setup violations at the end of those stages might be difficult to fix during the post-placement implementation flow and could be the result of non-optimal XDC constraints or non-optimal design architecture
Related violations: <none>

TIMING-16#303 Warning
Large setup violation  
There is a large setup violation of -11.908 ns between mlp_system_i/mlp_axi_wrapper_0/U0/mlp_inst/l1_sum_reg[24]/C (clocked by clk_fpga_0) and mlp_system_i/mlp_axi_wrapper_0/U0/mlp_inst/l2_sum0__18/A[22] (clocked by clk_fpga_0). Large setup violations at the end of those stages might be difficult to fix during the post-placement implementation flow and could be the result of non-optimal XDC constraints or non-optimal design architecture
Related violations: <none>

TIMING-16#304 Warning
Large setup violation  
There is a large setup violation of -11.908 ns between mlp_system_i/mlp_axi_wrapper_0/U0/mlp_inst/l1_sum_reg[24]/C (clocked by clk_fpga_0) and mlp_system_i/mlp_axi_wrapper_0/U0/mlp_inst/l2_sum0__18/A[23] (clocked by clk_fpga_0). Large setup violations at the end of those stages might be difficult to fix during the post-placement implementation flow and could be the result of non-optimal XDC constraints or non-optimal design architecture
Related violations: <none>

TIMING-16#305 Warning
Large setup violation  
There is a large setup violation of -11.909 ns between mlp_system_i/mlp_axi_wrapper_0/U0/mlp_inst/l1_sum_reg[24]/C (clocked by clk_fpga_0) and mlp_system_i/mlp_axi_wrapper_0/U0/mlp_inst/l2_sum0__18/A[26] (clocked by clk_fpga_0). Large setup violations at the end of those stages might be difficult to fix during the post-placement implementation flow and could be the result of non-optimal XDC constraints or non-optimal design architecture
Related violations: <none>

TIMING-16#306 Warning
Large setup violation  
There is a large setup violation of -11.909 ns between mlp_system_i/mlp_axi_wrapper_0/U0/mlp_inst/l1_sum_reg[24]/C (clocked by clk_fpga_0) and mlp_system_i/mlp_axi_wrapper_0/U0/mlp_inst/l2_sum0__18/A[27] (clocked by clk_fpga_0). Large setup violations at the end of those stages might be difficult to fix during the post-placement implementation flow and could be the result of non-optimal XDC constraints or non-optimal design architecture
Related violations: <none>

TIMING-16#307 Warning
Large setup violation  
There is a large setup violation of -11.912 ns between mlp_system_i/mlp_axi_wrapper_0/U0/mlp_inst/l1_sum_reg[24]/C (clocked by clk_fpga_0) and mlp_system_i/mlp_axi_wrapper_0/U0/mlp_inst/l2_sum0__18/A[28] (clocked by clk_fpga_0). Large setup violations at the end of those stages might be difficult to fix during the post-placement implementation flow and could be the result of non-optimal XDC constraints or non-optimal design architecture
Related violations: <none>

TIMING-16#308 Warning
Large setup violation  
There is a large setup violation of -11.950 ns between mlp_system_i/mlp_axi_wrapper_0/U0/mlp_inst/l1_sum_reg[24]/C (clocked by clk_fpga_0) and mlp_system_i/mlp_axi_wrapper_0/U0/mlp_inst/l2_sum0__33/A[16] (clocked by clk_fpga_0). Large setup violations at the end of those stages might be difficult to fix during the post-placement implementation flow and could be the result of non-optimal XDC constraints or non-optimal design architecture
Related violations: <none>

TIMING-16#309 Warning
Large setup violation  
There is a large setup violation of -11.995 ns between mlp_system_i/mlp_axi_wrapper_0/U0/mlp_inst/l1_sum_reg[24]/C (clocked by clk_fpga_0) and mlp_system_i/mlp_axi_wrapper_0/U0/mlp_inst/l2_sum0__34/A[1] (clocked by clk_fpga_0). Large setup violations at the end of those stages might be difficult to fix during the post-placement implementation flow and could be the result of non-optimal XDC constraints or non-optimal design architecture
Related violations: <none>

TIMING-16#310 Warning
Large setup violation  
There is a large setup violation of -12.023 ns between mlp_system_i/mlp_axi_wrapper_0/U0/mlp_inst/l1_sum_reg[24]/C (clocked by clk_fpga_0) and mlp_system_i/mlp_axi_wrapper_0/U0/mlp_inst/l2_sum0__31/A[23] (clocked by clk_fpga_0). Large setup violations at the end of those stages might be difficult to fix during the post-placement implementation flow and could be the result of non-optimal XDC constraints or non-optimal design architecture
Related violations: <none>

TIMING-16#311 Warning
Large setup violation  
There is a large setup violation of -12.029 ns between mlp_system_i/mlp_axi_wrapper_0/U0/mlp_inst/l1_sum_reg[24]/C (clocked by clk_fpga_0) and mlp_system_i/mlp_axi_wrapper_0/U0/mlp_inst/l2_sum0__34/A[25] (clocked by clk_fpga_0). Large setup violations at the end of those stages might be difficult to fix during the post-placement implementation flow and could be the result of non-optimal XDC constraints or non-optimal design architecture
Related violations: <none>

TIMING-16#312 Warning
Large setup violation  
There is a large setup violation of -12.031 ns between mlp_system_i/mlp_axi_wrapper_0/U0/mlp_inst/l1_sum_reg[24]/C (clocked by clk_fpga_0) and mlp_system_i/mlp_axi_wrapper_0/U0/mlp_inst/l2_sum0__34/A[21] (clocked by clk_fpga_0). Large setup violations at the end of those stages might be difficult to fix during the post-placement implementation flow and could be the result of non-optimal XDC constraints or non-optimal design architecture
Related violations: <none>

TIMING-16#313 Warning
Large setup violation  
There is a large setup violation of -12.031 ns between mlp_system_i/mlp_axi_wrapper_0/U0/mlp_inst/l1_sum_reg[24]/C (clocked by clk_fpga_0) and mlp_system_i/mlp_axi_wrapper_0/U0/mlp_inst/l2_sum0__34/A[22] (clocked by clk_fpga_0). Large setup violations at the end of those stages might be difficult to fix during the post-placement implementation flow and could be the result of non-optimal XDC constraints or non-optimal design architecture
Related violations: <none>

TIMING-16#314 Warning
Large setup violation  
There is a large setup violation of -12.031 ns between mlp_system_i/mlp_axi_wrapper_0/U0/mlp_inst/l1_sum_reg[24]/C (clocked by clk_fpga_0) and mlp_system_i/mlp_axi_wrapper_0/U0/mlp_inst/l2_sum0__34/A[23] (clocked by clk_fpga_0). Large setup violations at the end of those stages might be difficult to fix during the post-placement implementation flow and could be the result of non-optimal XDC constraints or non-optimal design architecture
Related violations: <none>

TIMING-16#315 Warning
Large setup violation  
There is a large setup violation of -12.035 ns between mlp_system_i/mlp_axi_wrapper_0/U0/mlp_inst/l1_sum_reg[24]/C (clocked by clk_fpga_0) and mlp_system_i/mlp_axi_wrapper_0/U0/mlp_inst/l2_sum0__34/A[24] (clocked by clk_fpga_0). Large setup violations at the end of those stages might be difficult to fix during the post-placement implementation flow and could be the result of non-optimal XDC constraints or non-optimal design architecture
Related violations: <none>

TIMING-16#316 Warning
Large setup violation  
There is a large setup violation of -12.037 ns between mlp_system_i/mlp_axi_wrapper_0/U0/mlp_inst/l1_sum_reg[24]/C (clocked by clk_fpga_0) and mlp_system_i/mlp_axi_wrapper_0/U0/mlp_inst/l2_sum0__31/A[24] (clocked by clk_fpga_0). Large setup violations at the end of those stages might be difficult to fix during the post-placement implementation flow and could be the result of non-optimal XDC constraints or non-optimal design architecture
Related violations: <none>

TIMING-16#317 Warning
Large setup violation  
There is a large setup violation of -12.037 ns between mlp_system_i/mlp_axi_wrapper_0/U0/mlp_inst/l1_sum_reg[24]/C (clocked by clk_fpga_0) and mlp_system_i/mlp_axi_wrapper_0/U0/mlp_inst/l2_sum0__31/A[25] (clocked by clk_fpga_0). Large setup violations at the end of those stages might be difficult to fix during the post-placement implementation flow and could be the result of non-optimal XDC constraints or non-optimal design architecture
Related violations: <none>

TIMING-16#318 Warning
Large setup violation  
There is a large setup violation of -12.037 ns between mlp_system_i/mlp_axi_wrapper_0/U0/mlp_inst/l1_sum_reg[24]/C (clocked by clk_fpga_0) and mlp_system_i/mlp_axi_wrapper_0/U0/mlp_inst/l2_sum0__31/A[26] (clocked by clk_fpga_0). Large setup violations at the end of those stages might be difficult to fix during the post-placement implementation flow and could be the result of non-optimal XDC constraints or non-optimal design architecture
Related violations: <none>

TIMING-16#319 Warning
Large setup violation  
There is a large setup violation of -12.037 ns between mlp_system_i/mlp_axi_wrapper_0/U0/mlp_inst/l1_sum_reg[24]/C (clocked by clk_fpga_0) and mlp_system_i/mlp_axi_wrapper_0/U0/mlp_inst/l2_sum0__31/A[27] (clocked by clk_fpga_0). Large setup violations at the end of those stages might be difficult to fix during the post-placement implementation flow and could be the result of non-optimal XDC constraints or non-optimal design architecture
Related violations: <none>

TIMING-16#320 Warning
Large setup violation  
There is a large setup violation of -12.043 ns between mlp_system_i/mlp_axi_wrapper_0/U0/mlp_inst/l1_sum_reg[24]/C (clocked by clk_fpga_0) and mlp_system_i/mlp_axi_wrapper_0/U0/mlp_inst/l2_sum0__18/A[29] (clocked by clk_fpga_0). Large setup violations at the end of those stages might be difficult to fix during the post-placement implementation flow and could be the result of non-optimal XDC constraints or non-optimal design architecture
Related violations: <none>

TIMING-16#321 Warning
Large setup violation  
There is a large setup violation of -12.044 ns between mlp_system_i/mlp_axi_wrapper_0/U0/mlp_inst/l1_sum_reg[24]/C (clocked by clk_fpga_0) and mlp_system_i/mlp_axi_wrapper_0/U0/mlp_inst/l2_sum0__34/A[28] (clocked by clk_fpga_0). Large setup violations at the end of those stages might be difficult to fix during the post-placement implementation flow and could be the result of non-optimal XDC constraints or non-optimal design architecture
Related violations: <none>

TIMING-16#322 Warning
Large setup violation  
There is a large setup violation of -12.052 ns between mlp_system_i/mlp_axi_wrapper_0/U0/mlp_inst/l1_sum_reg[24]/C (clocked by clk_fpga_0) and mlp_system_i/mlp_axi_wrapper_0/U0/mlp_inst/l2_sum0__34/A[26] (clocked by clk_fpga_0). Large setup violations at the end of those stages might be difficult to fix during the post-placement implementation flow and could be the result of non-optimal XDC constraints or non-optimal design architecture
Related violations: <none>

TIMING-16#323 Warning
Large setup violation  
There is a large setup violation of -12.052 ns between mlp_system_i/mlp_axi_wrapper_0/U0/mlp_inst/l1_sum_reg[24]/C (clocked by clk_fpga_0) and mlp_system_i/mlp_axi_wrapper_0/U0/mlp_inst/l2_sum0__34/A[27] (clocked by clk_fpga_0). Large setup violations at the end of those stages might be difficult to fix during the post-placement implementation flow and could be the result of non-optimal XDC constraints or non-optimal design architecture
Related violations: <none>

TIMING-16#324 Warning
Large setup violation  
There is a large setup violation of -12.092 ns between mlp_system_i/mlp_axi_wrapper_0/U0/mlp_inst/l1_sum_reg[24]/C (clocked by clk_fpga_0) and mlp_system_i/mlp_axi_wrapper_0/U0/mlp_inst/l2_sum0__17/A[15] (clocked by clk_fpga_0). Large setup violations at the end of those stages might be difficult to fix during the post-placement implementation flow and could be the result of non-optimal XDC constraints or non-optimal design architecture
Related violations: <none>

TIMING-16#325 Warning
Large setup violation  
There is a large setup violation of -12.099 ns between mlp_system_i/mlp_axi_wrapper_0/U0/mlp_inst/l1_sum_reg[24]/C (clocked by clk_fpga_0) and mlp_system_i/mlp_axi_wrapper_0/U0/mlp_inst/l2_sum0__16/A[23] (clocked by clk_fpga_0). Large setup violations at the end of those stages might be difficult to fix during the post-placement implementation flow and could be the result of non-optimal XDC constraints or non-optimal design architecture
Related violations: <none>

TIMING-16#326 Warning
Large setup violation  
There is a large setup violation of -12.105 ns between mlp_system_i/mlp_axi_wrapper_0/U0/mlp_inst/l1_sum_reg[24]/C (clocked by clk_fpga_0) and mlp_system_i/mlp_axi_wrapper_0/U0/mlp_inst/l2_sum0__17/A[20] (clocked by clk_fpga_0). Large setup violations at the end of those stages might be difficult to fix during the post-placement implementation flow and could be the result of non-optimal XDC constraints or non-optimal design architecture
Related violations: <none>

TIMING-16#327 Warning
Large setup violation  
There is a large setup violation of -12.105 ns between mlp_system_i/mlp_axi_wrapper_0/U0/mlp_inst/l1_sum_reg[24]/C (clocked by clk_fpga_0) and mlp_system_i/mlp_axi_wrapper_0/U0/mlp_inst/l2_sum0__17/A[21] (clocked by clk_fpga_0). Large setup violations at the end of those stages might be difficult to fix during the post-placement implementation flow and could be the result of non-optimal XDC constraints or non-optimal design architecture
Related violations: <none>

TIMING-16#328 Warning
Large setup violation  
There is a large setup violation of -12.105 ns between mlp_system_i/mlp_axi_wrapper_0/U0/mlp_inst/l1_sum_reg[24]/C (clocked by clk_fpga_0) and mlp_system_i/mlp_axi_wrapper_0/U0/mlp_inst/l2_sum0__17/A[22] (clocked by clk_fpga_0). Large setup violations at the end of those stages might be difficult to fix during the post-placement implementation flow and could be the result of non-optimal XDC constraints or non-optimal design architecture
Related violations: <none>

TIMING-16#329 Warning
Large setup violation  
There is a large setup violation of -12.105 ns between mlp_system_i/mlp_axi_wrapper_0/U0/mlp_inst/l1_sum_reg[24]/C (clocked by clk_fpga_0) and mlp_system_i/mlp_axi_wrapper_0/U0/mlp_inst/l2_sum0__17/A[23] (clocked by clk_fpga_0). Large setup violations at the end of those stages might be difficult to fix during the post-placement implementation flow and could be the result of non-optimal XDC constraints or non-optimal design architecture
Related violations: <none>

TIMING-16#330 Warning
Large setup violation  
There is a large setup violation of -12.109 ns between mlp_system_i/mlp_axi_wrapper_0/U0/mlp_inst/l1_sum_reg[24]/C (clocked by clk_fpga_0) and mlp_system_i/mlp_axi_wrapper_0/U0/mlp_inst/l2_sum0__34/A[14] (clocked by clk_fpga_0). Large setup violations at the end of those stages might be difficult to fix during the post-placement implementation flow and could be the result of non-optimal XDC constraints or non-optimal design architecture
Related violations: <none>

TIMING-16#331 Warning
Large setup violation  
There is a large setup violation of -12.128 ns between mlp_system_i/mlp_axi_wrapper_0/U0/mlp_inst/l1_sum_reg[24]/C (clocked by clk_fpga_0) and mlp_system_i/mlp_axi_wrapper_0/U0/mlp_inst/l2_sum0__17/A[24] (clocked by clk_fpga_0). Large setup violations at the end of those stages might be difficult to fix during the post-placement implementation flow and could be the result of non-optimal XDC constraints or non-optimal design architecture
Related violations: <none>

TIMING-16#332 Warning
Large setup violation  
There is a large setup violation of -12.181 ns between mlp_system_i/mlp_axi_wrapper_0/U0/mlp_inst/l1_sum_reg[24]/C (clocked by clk_fpga_0) and mlp_system_i/mlp_axi_wrapper_0/U0/mlp_inst/l2_sum0__34/A[29] (clocked by clk_fpga_0). Large setup violations at the end of those stages might be difficult to fix during the post-placement implementation flow and could be the result of non-optimal XDC constraints or non-optimal design architecture
Related violations: <none>

TIMING-16#333 Warning
Large setup violation  
There is a large setup violation of -12.186 ns between mlp_system_i/mlp_axi_wrapper_0/U0/mlp_inst/l1_sum_reg[24]/C (clocked by clk_fpga_0) and mlp_system_i/mlp_axi_wrapper_0/U0/mlp_inst/l2_sum0__31/A[28] (clocked by clk_fpga_0). Large setup violations at the end of those stages might be difficult to fix during the post-placement implementation flow and could be the result of non-optimal XDC constraints or non-optimal design architecture
Related violations: <none>

TIMING-16#334 Warning
Large setup violation  
There is a large setup violation of -12.186 ns between mlp_system_i/mlp_axi_wrapper_0/U0/mlp_inst/l1_sum_reg[24]/C (clocked by clk_fpga_0) and mlp_system_i/mlp_axi_wrapper_0/U0/mlp_inst/l2_sum0__31/A[29] (clocked by clk_fpga_0). Large setup violations at the end of those stages might be difficult to fix during the post-placement implementation flow and could be the result of non-optimal XDC constraints or non-optimal design architecture
Related violations: <none>

TIMING-16#335 Warning
Large setup violation  
There is a large setup violation of -12.250 ns between mlp_system_i/mlp_axi_wrapper_0/U0/mlp_inst/l1_sum_reg[24]/C (clocked by clk_fpga_0) and mlp_system_i/mlp_axi_wrapper_0/U0/mlp_inst/l2_sum0__16/A[21] (clocked by clk_fpga_0). Large setup violations at the end of those stages might be difficult to fix during the post-placement implementation flow and could be the result of non-optimal XDC constraints or non-optimal design architecture
Related violations: <none>

TIMING-16#336 Warning
Large setup violation  
There is a large setup violation of -12.250 ns between mlp_system_i/mlp_axi_wrapper_0/U0/mlp_inst/l1_sum_reg[24]/C (clocked by clk_fpga_0) and mlp_system_i/mlp_axi_wrapper_0/U0/mlp_inst/l2_sum0__16/A[22] (clocked by clk_fpga_0). Large setup violations at the end of those stages might be difficult to fix during the post-placement implementation flow and could be the result of non-optimal XDC constraints or non-optimal design architecture
Related violations: <none>

TIMING-16#337 Warning
Large setup violation  
There is a large setup violation of -12.259 ns between mlp_system_i/mlp_axi_wrapper_0/U0/mlp_inst/l1_sum_reg[24]/C (clocked by clk_fpga_0) and mlp_system_i/mlp_axi_wrapper_0/U0/mlp_inst/l2_sum0__17/A[16] (clocked by clk_fpga_0). Large setup violations at the end of those stages might be difficult to fix during the post-placement implementation flow and could be the result of non-optimal XDC constraints or non-optimal design architecture
Related violations: <none>

TIMING-16#338 Warning
Large setup violation  
There is a large setup violation of -12.259 ns between mlp_system_i/mlp_axi_wrapper_0/U0/mlp_inst/l1_sum_reg[24]/C (clocked by clk_fpga_0) and mlp_system_i/mlp_axi_wrapper_0/U0/mlp_inst/l2_sum0__17/A[17] (clocked by clk_fpga_0). Large setup violations at the end of those stages might be difficult to fix during the post-placement implementation flow and could be the result of non-optimal XDC constraints or non-optimal design architecture
Related violations: <none>

TIMING-16#339 Warning
Large setup violation  
There is a large setup violation of -12.259 ns between mlp_system_i/mlp_axi_wrapper_0/U0/mlp_inst/l1_sum_reg[24]/C (clocked by clk_fpga_0) and mlp_system_i/mlp_axi_wrapper_0/U0/mlp_inst/l2_sum0__17/A[18] (clocked by clk_fpga_0). Large setup violations at the end of those stages might be difficult to fix during the post-placement implementation flow and could be the result of non-optimal XDC constraints or non-optimal design architecture
Related violations: <none>

TIMING-16#340 Warning
Large setup violation  
There is a large setup violation of -12.259 ns between mlp_system_i/mlp_axi_wrapper_0/U0/mlp_inst/l1_sum_reg[24]/C (clocked by clk_fpga_0) and mlp_system_i/mlp_axi_wrapper_0/U0/mlp_inst/l2_sum0__17/A[19] (clocked by clk_fpga_0). Large setup violations at the end of those stages might be difficult to fix during the post-placement implementation flow and could be the result of non-optimal XDC constraints or non-optimal design architecture
Related violations: <none>

TIMING-16#341 Warning
Large setup violation  
There is a large setup violation of -12.261 ns between mlp_system_i/mlp_axi_wrapper_0/U0/mlp_inst/l1_sum_reg[24]/C (clocked by clk_fpga_0) and mlp_system_i/mlp_axi_wrapper_0/U0/mlp_inst/l2_sum0__14/A[15] (clocked by clk_fpga_0). Large setup violations at the end of those stages might be difficult to fix during the post-placement implementation flow and could be the result of non-optimal XDC constraints or non-optimal design architecture
Related violations: <none>

TIMING-16#342 Warning
Large setup violation  
There is a large setup violation of -12.270 ns between mlp_system_i/mlp_axi_wrapper_0/U0/mlp_inst/l1_sum_reg[24]/C (clocked by clk_fpga_0) and mlp_system_i/mlp_axi_wrapper_0/U0/mlp_inst/l2_sum0__14/A[18] (clocked by clk_fpga_0). Large setup violations at the end of those stages might be difficult to fix during the post-placement implementation flow and could be the result of non-optimal XDC constraints or non-optimal design architecture
Related violations: <none>

TIMING-16#343 Warning
Large setup violation  
There is a large setup violation of -12.270 ns between mlp_system_i/mlp_axi_wrapper_0/U0/mlp_inst/l1_sum_reg[24]/C (clocked by clk_fpga_0) and mlp_system_i/mlp_axi_wrapper_0/U0/mlp_inst/l2_sum0__14/A[19] (clocked by clk_fpga_0). Large setup violations at the end of those stages might be difficult to fix during the post-placement implementation flow and could be the result of non-optimal XDC constraints or non-optimal design architecture
Related violations: <none>

TIMING-16#344 Warning
Large setup violation  
There is a large setup violation of -12.272 ns between mlp_system_i/mlp_axi_wrapper_0/U0/mlp_inst/l1_sum_reg[24]/C (clocked by clk_fpga_0) and mlp_system_i/mlp_axi_wrapper_0/U0/mlp_inst/l2_sum0__14/A[16] (clocked by clk_fpga_0). Large setup violations at the end of those stages might be difficult to fix during the post-placement implementation flow and could be the result of non-optimal XDC constraints or non-optimal design architecture
Related violations: <none>

TIMING-16#345 Warning
Large setup violation  
There is a large setup violation of -12.272 ns between mlp_system_i/mlp_axi_wrapper_0/U0/mlp_inst/l1_sum_reg[24]/C (clocked by clk_fpga_0) and mlp_system_i/mlp_axi_wrapper_0/U0/mlp_inst/l2_sum0__16/A[24] (clocked by clk_fpga_0). Large setup violations at the end of those stages might be difficult to fix during the post-placement implementation flow and could be the result of non-optimal XDC constraints or non-optimal design architecture
Related violations: <none>

TIMING-16#346 Warning
Large setup violation  
There is a large setup violation of -12.275 ns between mlp_system_i/mlp_axi_wrapper_0/U0/mlp_inst/l1_sum_reg[24]/C (clocked by clk_fpga_0) and mlp_system_i/mlp_axi_wrapper_0/U0/mlp_inst/l2_sum0__15/A[16] (clocked by clk_fpga_0). Large setup violations at the end of those stages might be difficult to fix during the post-placement implementation flow and could be the result of non-optimal XDC constraints or non-optimal design architecture
Related violations: <none>

TIMING-16#347 Warning
Large setup violation  
There is a large setup violation of -12.275 ns between mlp_system_i/mlp_axi_wrapper_0/U0/mlp_inst/l1_sum_reg[24]/C (clocked by clk_fpga_0) and mlp_system_i/mlp_axi_wrapper_0/U0/mlp_inst/l2_sum0__15/A[17] (clocked by clk_fpga_0). Large setup violations at the end of those stages might be difficult to fix during the post-placement implementation flow and could be the result of non-optimal XDC constraints or non-optimal design architecture
Related violations: <none>

TIMING-16#348 Warning
Large setup violation  
There is a large setup violation of -12.275 ns between mlp_system_i/mlp_axi_wrapper_0/U0/mlp_inst/l1_sum_reg[24]/C (clocked by clk_fpga_0) and mlp_system_i/mlp_axi_wrapper_0/U0/mlp_inst/l2_sum0__15/A[18] (clocked by clk_fpga_0). Large setup violations at the end of those stages might be difficult to fix during the post-placement implementation flow and could be the result of non-optimal XDC constraints or non-optimal design architecture
Related violations: <none>

TIMING-16#349 Warning
Large setup violation  
There is a large setup violation of -12.275 ns between mlp_system_i/mlp_axi_wrapper_0/U0/mlp_inst/l1_sum_reg[24]/C (clocked by clk_fpga_0) and mlp_system_i/mlp_axi_wrapper_0/U0/mlp_inst/l2_sum0__15/A[19] (clocked by clk_fpga_0). Large setup violations at the end of those stages might be difficult to fix during the post-placement implementation flow and could be the result of non-optimal XDC constraints or non-optimal design architecture
Related violations: <none>

TIMING-16#350 Warning
Large setup violation  
There is a large setup violation of -12.276 ns between mlp_system_i/mlp_axi_wrapper_0/U0/mlp_inst/l1_sum_reg[24]/C (clocked by clk_fpga_0) and mlp_system_i/mlp_axi_wrapper_0/U0/mlp_inst/l2_sum0__14/A[17] (clocked by clk_fpga_0). Large setup violations at the end of those stages might be difficult to fix during the post-placement implementation flow and could be the result of non-optimal XDC constraints or non-optimal design architecture
Related violations: <none>

TIMING-16#351 Warning
Large setup violation  
There is a large setup violation of -12.287 ns between mlp_system_i/mlp_axi_wrapper_0/U0/mlp_inst/l1_sum_reg[24]/C (clocked by clk_fpga_0) and mlp_system_i/mlp_axi_wrapper_0/U0/mlp_inst/l2_sum0__15/A[15] (clocked by clk_fpga_0). Large setup violations at the end of those stages might be difficult to fix during the post-placement implementation flow and could be the result of non-optimal XDC constraints or non-optimal design architecture
Related violations: <none>

TIMING-16#352 Warning
Large setup violation  
There is a large setup violation of -12.288 ns between mlp_system_i/mlp_axi_wrapper_0/U0/mlp_inst/l1_sum_reg[24]/C (clocked by clk_fpga_0) and mlp_system_i/mlp_axi_wrapper_0/U0/mlp_inst/l2_sum0__16/A[20] (clocked by clk_fpga_0). Large setup violations at the end of those stages might be difficult to fix during the post-placement implementation flow and could be the result of non-optimal XDC constraints or non-optimal design architecture
Related violations: <none>

TIMING-16#353 Warning
Large setup violation  
There is a large setup violation of -12.333 ns between mlp_system_i/mlp_axi_wrapper_0/U0/mlp_inst/l1_sum_reg[24]/C (clocked by clk_fpga_0) and mlp_system_i/mlp_axi_wrapper_0/U0/mlp_inst/l2_sum0__17/A[29] (clocked by clk_fpga_0). Large setup violations at the end of those stages might be difficult to fix during the post-placement implementation flow and could be the result of non-optimal XDC constraints or non-optimal design architecture
Related violations: <none>

TIMING-16#354 Warning
Large setup violation  
There is a large setup violation of -12.367 ns between mlp_system_i/mlp_axi_wrapper_0/U0/mlp_inst/l1_sum_reg[24]/C (clocked by clk_fpga_0) and mlp_system_i/mlp_axi_wrapper_0/U0/mlp_inst/l2_sum0__16/A[28] (clocked by clk_fpga_0). Large setup violations at the end of those stages might be difficult to fix during the post-placement implementation flow and could be the result of non-optimal XDC constraints or non-optimal design architecture
Related violations: <none>

TIMING-16#355 Warning
Large setup violation  
There is a large setup violation of -12.367 ns between mlp_system_i/mlp_axi_wrapper_0/U0/mlp_inst/l1_sum_reg[24]/C (clocked by clk_fpga_0) and mlp_system_i/mlp_axi_wrapper_0/U0/mlp_inst/l2_sum0__16/A[29] (clocked by clk_fpga_0). Large setup violations at the end of those stages might be difficult to fix during the post-placement implementation flow and could be the result of non-optimal XDC constraints or non-optimal design architecture
Related violations: <none>

TIMING-16#356 Warning
Large setup violation  
There is a large setup violation of -12.434 ns between mlp_system_i/mlp_axi_wrapper_0/U0/mlp_inst/l1_sum_reg[24]/C (clocked by clk_fpga_0) and mlp_system_i/mlp_axi_wrapper_0/U0/mlp_inst/l2_sum0__17/A[25] (clocked by clk_fpga_0). Large setup violations at the end of those stages might be difficult to fix during the post-placement implementation flow and could be the result of non-optimal XDC constraints or non-optimal design architecture
Related violations: <none>

TIMING-16#357 Warning
Large setup violation  
There is a large setup violation of -12.434 ns between mlp_system_i/mlp_axi_wrapper_0/U0/mlp_inst/l1_sum_reg[24]/C (clocked by clk_fpga_0) and mlp_system_i/mlp_axi_wrapper_0/U0/mlp_inst/l2_sum0__17/A[26] (clocked by clk_fpga_0). Large setup violations at the end of those stages might be difficult to fix during the post-placement implementation flow and could be the result of non-optimal XDC constraints or non-optimal design architecture
Related violations: <none>

TIMING-16#358 Warning
Large setup violation  
There is a large setup violation of -12.434 ns between mlp_system_i/mlp_axi_wrapper_0/U0/mlp_inst/l1_sum_reg[24]/C (clocked by clk_fpga_0) and mlp_system_i/mlp_axi_wrapper_0/U0/mlp_inst/l2_sum0__17/A[27] (clocked by clk_fpga_0). Large setup violations at the end of those stages might be difficult to fix during the post-placement implementation flow and could be the result of non-optimal XDC constraints or non-optimal design architecture
Related violations: <none>

TIMING-16#359 Warning
Large setup violation  
There is a large setup violation of -12.436 ns between mlp_system_i/mlp_axi_wrapper_0/U0/mlp_inst/l1_sum_reg[24]/C (clocked by clk_fpga_0) and mlp_system_i/mlp_axi_wrapper_0/U0/mlp_inst/l2_sum0__16/A[25] (clocked by clk_fpga_0). Large setup violations at the end of those stages might be difficult to fix during the post-placement implementation flow and could be the result of non-optimal XDC constraints or non-optimal design architecture
Related violations: <none>

TIMING-16#360 Warning
Large setup violation  
There is a large setup violation of -12.436 ns between mlp_system_i/mlp_axi_wrapper_0/U0/mlp_inst/l1_sum_reg[24]/C (clocked by clk_fpga_0) and mlp_system_i/mlp_axi_wrapper_0/U0/mlp_inst/l2_sum0__16/A[26] (clocked by clk_fpga_0). Large setup violations at the end of those stages might be difficult to fix during the post-placement implementation flow and could be the result of non-optimal XDC constraints or non-optimal design architecture
Related violations: <none>

TIMING-16#361 Warning
Large setup violation  
There is a large setup violation of -12.436 ns between mlp_system_i/mlp_axi_wrapper_0/U0/mlp_inst/l1_sum_reg[24]/C (clocked by clk_fpga_0) and mlp_system_i/mlp_axi_wrapper_0/U0/mlp_inst/l2_sum0__16/A[27] (clocked by clk_fpga_0). Large setup violations at the end of those stages might be difficult to fix during the post-placement implementation flow and could be the result of non-optimal XDC constraints or non-optimal design architecture
Related violations: <none>

TIMING-16#362 Warning
Large setup violation  
There is a large setup violation of -12.446 ns between mlp_system_i/mlp_axi_wrapper_0/U0/mlp_inst/l1_sum_reg[24]/C (clocked by clk_fpga_0) and mlp_system_i/mlp_axi_wrapper_0/U0/mlp_inst/l2_sum0__14/A[20] (clocked by clk_fpga_0). Large setup violations at the end of those stages might be difficult to fix during the post-placement implementation flow and could be the result of non-optimal XDC constraints or non-optimal design architecture
Related violations: <none>

TIMING-16#363 Warning
Large setup violation  
There is a large setup violation of -12.486 ns between mlp_system_i/mlp_axi_wrapper_0/U0/mlp_inst/l1_sum_reg[24]/C (clocked by clk_fpga_0) and mlp_system_i/mlp_axi_wrapper_0/U0/mlp_inst/l2_sum0__16/A[15] (clocked by clk_fpga_0). Large setup violations at the end of those stages might be difficult to fix during the post-placement implementation flow and could be the result of non-optimal XDC constraints or non-optimal design architecture
Related violations: <none>

TIMING-16#364 Warning
Large setup violation  
There is a large setup violation of -12.522 ns between mlp_system_i/mlp_axi_wrapper_0/U0/mlp_inst/l1_sum_reg[24]/C (clocked by clk_fpga_0) and mlp_system_i/mlp_axi_wrapper_0/U0/mlp_inst/l2_sum0__17/A[28] (clocked by clk_fpga_0). Large setup violations at the end of those stages might be difficult to fix during the post-placement implementation flow and could be the result of non-optimal XDC constraints or non-optimal design architecture
Related violations: <none>

TIMING-16#365 Warning
Large setup violation  
There is a large setup violation of -12.526 ns between mlp_system_i/mlp_axi_wrapper_0/U0/mlp_inst/l1_sum_reg[24]/C (clocked by clk_fpga_0) and mlp_system_i/mlp_axi_wrapper_0/U0/mlp_inst/l2_sum0__16/A[16] (clocked by clk_fpga_0). Large setup violations at the end of those stages might be difficult to fix during the post-placement implementation flow and could be the result of non-optimal XDC constraints or non-optimal design architecture
Related violations: <none>

TIMING-16#366 Warning
Large setup violation  
There is a large setup violation of -12.529 ns between mlp_system_i/mlp_axi_wrapper_0/U0/mlp_inst/l1_sum_reg[24]/C (clocked by clk_fpga_0) and mlp_system_i/mlp_axi_wrapper_0/U0/mlp_inst/l2_sum0__15/A[24] (clocked by clk_fpga_0). Large setup violations at the end of those stages might be difficult to fix during the post-placement implementation flow and could be the result of non-optimal XDC constraints or non-optimal design architecture
Related violations: <none>

TIMING-16#367 Warning
Large setup violation  
There is a large setup violation of -12.550 ns between mlp_system_i/mlp_axi_wrapper_0/U0/mlp_inst/l1_sum_reg[24]/C (clocked by clk_fpga_0) and mlp_system_i/mlp_axi_wrapper_0/U0/mlp_inst/l2_sum0__15/A[21] (clocked by clk_fpga_0). Large setup violations at the end of those stages might be difficult to fix during the post-placement implementation flow and could be the result of non-optimal XDC constraints or non-optimal design architecture
Related violations: <none>

TIMING-16#368 Warning
Large setup violation  
There is a large setup violation of -12.550 ns between mlp_system_i/mlp_axi_wrapper_0/U0/mlp_inst/l1_sum_reg[24]/C (clocked by clk_fpga_0) and mlp_system_i/mlp_axi_wrapper_0/U0/mlp_inst/l2_sum0__15/A[22] (clocked by clk_fpga_0). Large setup violations at the end of those stages might be difficult to fix during the post-placement implementation flow and could be the result of non-optimal XDC constraints or non-optimal design architecture
Related violations: <none>

TIMING-16#369 Warning
Large setup violation  
There is a large setup violation of -12.550 ns between mlp_system_i/mlp_axi_wrapper_0/U0/mlp_inst/l1_sum_reg[24]/C (clocked by clk_fpga_0) and mlp_system_i/mlp_axi_wrapper_0/U0/mlp_inst/l2_sum0__15/A[23] (clocked by clk_fpga_0). Large setup violations at the end of those stages might be difficult to fix during the post-placement implementation flow and could be the result of non-optimal XDC constraints or non-optimal design architecture
Related violations: <none>

TIMING-16#370 Warning
Large setup violation  
There is a large setup violation of -12.555 ns between mlp_system_i/mlp_axi_wrapper_0/U0/mlp_inst/l1_sum_reg[24]/C (clocked by clk_fpga_0) and mlp_system_i/mlp_axi_wrapper_0/U0/mlp_inst/l2_sum0__16/A[17] (clocked by clk_fpga_0). Large setup violations at the end of those stages might be difficult to fix during the post-placement implementation flow and could be the result of non-optimal XDC constraints or non-optimal design architecture
Related violations: <none>

TIMING-16#371 Warning
Large setup violation  
There is a large setup violation of -12.557 ns between mlp_system_i/mlp_axi_wrapper_0/U0/mlp_inst/l1_sum_reg[24]/C (clocked by clk_fpga_0) and mlp_system_i/mlp_axi_wrapper_0/U0/mlp_inst/l2_sum0__14/A[25] (clocked by clk_fpga_0). Large setup violations at the end of those stages might be difficult to fix during the post-placement implementation flow and could be the result of non-optimal XDC constraints or non-optimal design architecture
Related violations: <none>

TIMING-16#372 Warning
Large setup violation  
There is a large setup violation of -12.563 ns between mlp_system_i/mlp_axi_wrapper_0/U0/mlp_inst/l1_sum_reg[24]/C (clocked by clk_fpga_0) and mlp_system_i/mlp_axi_wrapper_0/U0/mlp_inst/l2_sum0__16/A[18] (clocked by clk_fpga_0). Large setup violations at the end of those stages might be difficult to fix during the post-placement implementation flow and could be the result of non-optimal XDC constraints or non-optimal design architecture
Related violations: <none>

TIMING-16#373 Warning
Large setup violation  
There is a large setup violation of -12.563 ns between mlp_system_i/mlp_axi_wrapper_0/U0/mlp_inst/l1_sum_reg[24]/C (clocked by clk_fpga_0) and mlp_system_i/mlp_axi_wrapper_0/U0/mlp_inst/l2_sum0__16/A[19] (clocked by clk_fpga_0). Large setup violations at the end of those stages might be difficult to fix during the post-placement implementation flow and could be the result of non-optimal XDC constraints or non-optimal design architecture
Related violations: <none>

TIMING-16#374 Warning
Large setup violation  
There is a large setup violation of -12.568 ns between mlp_system_i/mlp_axi_wrapper_0/U0/mlp_inst/l1_sum_reg[24]/C (clocked by clk_fpga_0) and mlp_system_i/mlp_axi_wrapper_0/U0/mlp_inst/l2_sum0__14/A[24] (clocked by clk_fpga_0). Large setup violations at the end of those stages might be difficult to fix during the post-placement implementation flow and could be the result of non-optimal XDC constraints or non-optimal design architecture
Related violations: <none>

TIMING-16#375 Warning
Large setup violation  
There is a large setup violation of -12.584 ns between mlp_system_i/mlp_axi_wrapper_0/U0/mlp_inst/l1_sum_reg[24]/C (clocked by clk_fpga_0) and mlp_system_i/mlp_axi_wrapper_0/U0/mlp_inst/l2_sum0__14/A[21] (clocked by clk_fpga_0). Large setup violations at the end of those stages might be difficult to fix during the post-placement implementation flow and could be the result of non-optimal XDC constraints or non-optimal design architecture
Related violations: <none>

TIMING-16#376 Warning
Large setup violation  
There is a large setup violation of -12.584 ns between mlp_system_i/mlp_axi_wrapper_0/U0/mlp_inst/l1_sum_reg[24]/C (clocked by clk_fpga_0) and mlp_system_i/mlp_axi_wrapper_0/U0/mlp_inst/l2_sum0__14/A[22] (clocked by clk_fpga_0). Large setup violations at the end of those stages might be difficult to fix during the post-placement implementation flow and could be the result of non-optimal XDC constraints or non-optimal design architecture
Related violations: <none>

TIMING-16#377 Warning
Large setup violation  
There is a large setup violation of -12.584 ns between mlp_system_i/mlp_axi_wrapper_0/U0/mlp_inst/l1_sum_reg[24]/C (clocked by clk_fpga_0) and mlp_system_i/mlp_axi_wrapper_0/U0/mlp_inst/l2_sum0__14/A[23] (clocked by clk_fpga_0). Large setup violations at the end of those stages might be difficult to fix during the post-placement implementation flow and could be the result of non-optimal XDC constraints or non-optimal design architecture
Related violations: <none>

TIMING-16#378 Warning
Large setup violation  
There is a large setup violation of -12.587 ns between mlp_system_i/mlp_axi_wrapper_0/U0/mlp_inst/l1_sum_reg[24]/C (clocked by clk_fpga_0) and mlp_system_i/mlp_axi_wrapper_0/U0/mlp_inst/l2_sum0__14/A[28] (clocked by clk_fpga_0). Large setup violations at the end of those stages might be difficult to fix during the post-placement implementation flow and could be the result of non-optimal XDC constraints or non-optimal design architecture
Related violations: <none>

TIMING-16#379 Warning
Large setup violation  
There is a large setup violation of -12.595 ns between mlp_system_i/mlp_axi_wrapper_0/U0/mlp_inst/l1_sum_reg[24]/C (clocked by clk_fpga_0) and mlp_system_i/mlp_axi_wrapper_0/U0/mlp_inst/l2_sum0__14/A[26] (clocked by clk_fpga_0). Large setup violations at the end of those stages might be difficult to fix during the post-placement implementation flow and could be the result of non-optimal XDC constraints or non-optimal design architecture
Related violations: <none>

TIMING-16#380 Warning
Large setup violation  
There is a large setup violation of -12.595 ns between mlp_system_i/mlp_axi_wrapper_0/U0/mlp_inst/l1_sum_reg[24]/C (clocked by clk_fpga_0) and mlp_system_i/mlp_axi_wrapper_0/U0/mlp_inst/l2_sum0__14/A[27] (clocked by clk_fpga_0). Large setup violations at the end of those stages might be difficult to fix during the post-placement implementation flow and could be the result of non-optimal XDC constraints or non-optimal design architecture
Related violations: <none>

TIMING-16#381 Warning
Large setup violation  
There is a large setup violation of -12.656 ns between mlp_system_i/mlp_axi_wrapper_0/U0/mlp_inst/l1_sum_reg[24]/C (clocked by clk_fpga_0) and mlp_system_i/mlp_axi_wrapper_0/U0/mlp_inst/l2_sum0__15/A[29] (clocked by clk_fpga_0). Large setup violations at the end of those stages might be difficult to fix during the post-placement implementation flow and could be the result of non-optimal XDC constraints or non-optimal design architecture
Related violations: <none>

TIMING-16#382 Warning
Large setup violation  
There is a large setup violation of -12.670 ns between mlp_system_i/mlp_axi_wrapper_0/U0/mlp_inst/l1_sum_reg[24]/C (clocked by clk_fpga_0) and mlp_system_i/mlp_axi_wrapper_0/U0/mlp_inst/l2_sum0__15/A[28] (clocked by clk_fpga_0). Large setup violations at the end of those stages might be difficult to fix during the post-placement implementation flow and could be the result of non-optimal XDC constraints or non-optimal design architecture
Related violations: <none>

TIMING-16#383 Warning
Large setup violation  
There is a large setup violation of -12.708 ns between mlp_system_i/mlp_axi_wrapper_0/U0/mlp_inst/l1_sum_reg[24]/C (clocked by clk_fpga_0) and mlp_system_i/mlp_axi_wrapper_0/U0/mlp_inst/l2_sum0__15/A[25] (clocked by clk_fpga_0). Large setup violations at the end of those stages might be difficult to fix during the post-placement implementation flow and could be the result of non-optimal XDC constraints or non-optimal design architecture
Related violations: <none>

TIMING-16#384 Warning
Large setup violation  
There is a large setup violation of -12.708 ns between mlp_system_i/mlp_axi_wrapper_0/U0/mlp_inst/l1_sum_reg[24]/C (clocked by clk_fpga_0) and mlp_system_i/mlp_axi_wrapper_0/U0/mlp_inst/l2_sum0__15/A[26] (clocked by clk_fpga_0). Large setup violations at the end of those stages might be difficult to fix during the post-placement implementation flow and could be the result of non-optimal XDC constraints or non-optimal design architecture
Related violations: <none>

TIMING-16#385 Warning
Large setup violation  
There is a large setup violation of -12.708 ns between mlp_system_i/mlp_axi_wrapper_0/U0/mlp_inst/l1_sum_reg[24]/C (clocked by clk_fpga_0) and mlp_system_i/mlp_axi_wrapper_0/U0/mlp_inst/l2_sum0__15/A[27] (clocked by clk_fpga_0). Large setup violations at the end of those stages might be difficult to fix during the post-placement implementation flow and could be the result of non-optimal XDC constraints or non-optimal design architecture
Related violations: <none>

TIMING-16#386 Warning
Large setup violation  
There is a large setup violation of -12.726 ns between mlp_system_i/mlp_axi_wrapper_0/U0/mlp_inst/l1_sum_reg[24]/C (clocked by clk_fpga_0) and mlp_system_i/mlp_axi_wrapper_0/U0/mlp_inst/l2_sum0__14/A[29] (clocked by clk_fpga_0). Large setup violations at the end of those stages might be difficult to fix during the post-placement implementation flow and could be the result of non-optimal XDC constraints or non-optimal design architecture
Related violations: <none>

TIMING-16#387 Warning
Large setup violation  
There is a large setup violation of -12.740 ns between mlp_system_i/mlp_axi_wrapper_0/U0/mlp_inst/l1_sum_reg[24]/C (clocked by clk_fpga_0) and mlp_system_i/mlp_axi_wrapper_0/U0/mlp_inst/l2_sum0__15/A[20] (clocked by clk_fpga_0). Large setup violations at the end of those stages might be difficult to fix during the post-placement implementation flow and could be the result of non-optimal XDC constraints or non-optimal design architecture
Related violations: <none>

TIMING-16#388 Warning
Large setup violation  
There is a large setup violation of -13.033 ns between mlp_system_i/mlp_axi_wrapper_0/U0/mlp_inst/l1_sum_reg[24]/C (clocked by clk_fpga_0) and mlp_system_i/mlp_axi_wrapper_0/U0/mlp_inst/l2_sum0__12/A[20] (clocked by clk_fpga_0). Large setup violations at the end of those stages might be difficult to fix during the post-placement implementation flow and could be the result of non-optimal XDC constraints or non-optimal design architecture
Related violations: <none>

TIMING-16#389 Warning
Large setup violation  
There is a large setup violation of -13.033 ns between mlp_system_i/mlp_axi_wrapper_0/U0/mlp_inst/l1_sum_reg[24]/C (clocked by clk_fpga_0) and mlp_system_i/mlp_axi_wrapper_0/U0/mlp_inst/l2_sum0__12/A[21] (clocked by clk_fpga_0). Large setup violations at the end of those stages might be difficult to fix during the post-placement implementation flow and could be the result of non-optimal XDC constraints or non-optimal design architecture
Related violations: <none>

TIMING-16#390 Warning
Large setup violation  
There is a large setup violation of -13.033 ns between mlp_system_i/mlp_axi_wrapper_0/U0/mlp_inst/l1_sum_reg[24]/C (clocked by clk_fpga_0) and mlp_system_i/mlp_axi_wrapper_0/U0/mlp_inst/l2_sum0__12/A[22] (clocked by clk_fpga_0). Large setup violations at the end of those stages might be difficult to fix during the post-placement implementation flow and could be the result of non-optimal XDC constraints or non-optimal design architecture
Related violations: <none>

TIMING-16#391 Warning
Large setup violation  
There is a large setup violation of -13.070 ns between mlp_system_i/mlp_axi_wrapper_0/U0/mlp_inst/l1_sum_reg[24]/C (clocked by clk_fpga_0) and mlp_system_i/mlp_axi_wrapper_0/U0/mlp_inst/l2_sum0__12/A[15] (clocked by clk_fpga_0). Large setup violations at the end of those stages might be difficult to fix during the post-placement implementation flow and could be the result of non-optimal XDC constraints or non-optimal design architecture
Related violations: <none>

TIMING-16#392 Warning
Large setup violation  
There is a large setup violation of -13.087 ns between mlp_system_i/mlp_axi_wrapper_0/U0/mlp_inst/l1_sum_reg[24]/C (clocked by clk_fpga_0) and mlp_system_i/mlp_axi_wrapper_0/U0/mlp_inst/l2_sum0__10/A[15] (clocked by clk_fpga_0). Large setup violations at the end of those stages might be difficult to fix during the post-placement implementation flow and could be the result of non-optimal XDC constraints or non-optimal design architecture
Related violations: <none>

TIMING-16#393 Warning
Large setup violation  
There is a large setup violation of -13.096 ns between mlp_system_i/mlp_axi_wrapper_0/U0/mlp_inst/l1_sum_reg[24]/C (clocked by clk_fpga_0) and mlp_system_i/mlp_axi_wrapper_0/U0/mlp_inst/l2_sum0__11/A[16] (clocked by clk_fpga_0). Large setup violations at the end of those stages might be difficult to fix during the post-placement implementation flow and could be the result of non-optimal XDC constraints or non-optimal design architecture
Related violations: <none>

TIMING-16#394 Warning
Large setup violation  
There is a large setup violation of -13.096 ns between mlp_system_i/mlp_axi_wrapper_0/U0/mlp_inst/l1_sum_reg[24]/C (clocked by clk_fpga_0) and mlp_system_i/mlp_axi_wrapper_0/U0/mlp_inst/l2_sum0__11/A[17] (clocked by clk_fpga_0). Large setup violations at the end of those stages might be difficult to fix during the post-placement implementation flow and could be the result of non-optimal XDC constraints or non-optimal design architecture
Related violations: <none>

TIMING-16#395 Warning
Large setup violation  
There is a large setup violation of -13.096 ns between mlp_system_i/mlp_axi_wrapper_0/U0/mlp_inst/l1_sum_reg[24]/C (clocked by clk_fpga_0) and mlp_system_i/mlp_axi_wrapper_0/U0/mlp_inst/l2_sum0__11/A[18] (clocked by clk_fpga_0). Large setup violations at the end of those stages might be difficult to fix during the post-placement implementation flow and could be the result of non-optimal XDC constraints or non-optimal design architecture
Related violations: <none>

TIMING-16#396 Warning
Large setup violation  
There is a large setup violation of -13.096 ns between mlp_system_i/mlp_axi_wrapper_0/U0/mlp_inst/l1_sum_reg[24]/C (clocked by clk_fpga_0) and mlp_system_i/mlp_axi_wrapper_0/U0/mlp_inst/l2_sum0__11/A[19] (clocked by clk_fpga_0). Large setup violations at the end of those stages might be difficult to fix during the post-placement implementation flow and could be the result of non-optimal XDC constraints or non-optimal design architecture
Related violations: <none>

TIMING-16#397 Warning
Large setup violation  
There is a large setup violation of -13.097 ns between mlp_system_i/mlp_axi_wrapper_0/U0/mlp_inst/l1_sum_reg[24]/C (clocked by clk_fpga_0) and mlp_system_i/mlp_axi_wrapper_0/U0/mlp_inst/l2_sum0__10/A[18] (clocked by clk_fpga_0). Large setup violations at the end of those stages might be difficult to fix during the post-placement implementation flow and could be the result of non-optimal XDC constraints or non-optimal design architecture
Related violations: <none>

TIMING-16#398 Warning
Large setup violation  
There is a large setup violation of -13.097 ns between mlp_system_i/mlp_axi_wrapper_0/U0/mlp_inst/l1_sum_reg[24]/C (clocked by clk_fpga_0) and mlp_system_i/mlp_axi_wrapper_0/U0/mlp_inst/l2_sum0__10/A[19] (clocked by clk_fpga_0). Large setup violations at the end of those stages might be difficult to fix during the post-placement implementation flow and could be the result of non-optimal XDC constraints or non-optimal design architecture
Related violations: <none>

TIMING-16#399 Warning
Large setup violation  
There is a large setup violation of -13.103 ns between mlp_system_i/mlp_axi_wrapper_0/U0/mlp_inst/l1_sum_reg[24]/C (clocked by clk_fpga_0) and mlp_system_i/mlp_axi_wrapper_0/U0/mlp_inst/l2_sum0__10/A[17] (clocked by clk_fpga_0). Large setup violations at the end of those stages might be difficult to fix during the post-placement implementation flow and could be the result of non-optimal XDC constraints or non-optimal design architecture
Related violations: <none>

TIMING-16#400 Warning
Large setup violation  
There is a large setup violation of -13.108 ns between mlp_system_i/mlp_axi_wrapper_0/U0/mlp_inst/l1_sum_reg[24]/C (clocked by clk_fpga_0) and mlp_system_i/mlp_axi_wrapper_0/U0/mlp_inst/l2_sum0__11/A[15] (clocked by clk_fpga_0). Large setup violations at the end of those stages might be difficult to fix during the post-placement implementation flow and could be the result of non-optimal XDC constraints or non-optimal design architecture
Related violations: <none>

TIMING-16#401 Warning
Large setup violation  
There is a large setup violation of -13.137 ns between mlp_system_i/mlp_axi_wrapper_0/U0/mlp_inst/l1_sum_reg[24]/C (clocked by clk_fpga_0) and mlp_system_i/mlp_axi_wrapper_0/U0/mlp_inst/l2_sum0__12/A[16] (clocked by clk_fpga_0). Large setup violations at the end of those stages might be difficult to fix during the post-placement implementation flow and could be the result of non-optimal XDC constraints or non-optimal design architecture
Related violations: <none>

TIMING-16#402 Warning
Large setup violation  
There is a large setup violation of -13.137 ns between mlp_system_i/mlp_axi_wrapper_0/U0/mlp_inst/l1_sum_reg[24]/C (clocked by clk_fpga_0) and mlp_system_i/mlp_axi_wrapper_0/U0/mlp_inst/l2_sum0__12/A[17] (clocked by clk_fpga_0). Large setup violations at the end of those stages might be difficult to fix during the post-placement implementation flow and could be the result of non-optimal XDC constraints or non-optimal design architecture
Related violations: <none>

TIMING-16#403 Warning
Large setup violation  
There is a large setup violation of -13.137 ns between mlp_system_i/mlp_axi_wrapper_0/U0/mlp_inst/l1_sum_reg[24]/C (clocked by clk_fpga_0) and mlp_system_i/mlp_axi_wrapper_0/U0/mlp_inst/l2_sum0__12/A[18] (clocked by clk_fpga_0). Large setup violations at the end of those stages might be difficult to fix during the post-placement implementation flow and could be the result of non-optimal XDC constraints or non-optimal design architecture
Related violations: <none>

TIMING-16#404 Warning
Large setup violation  
There is a large setup violation of -13.137 ns between mlp_system_i/mlp_axi_wrapper_0/U0/mlp_inst/l1_sum_reg[24]/C (clocked by clk_fpga_0) and mlp_system_i/mlp_axi_wrapper_0/U0/mlp_inst/l2_sum0__12/A[19] (clocked by clk_fpga_0). Large setup violations at the end of those stages might be difficult to fix during the post-placement implementation flow and could be the result of non-optimal XDC constraints or non-optimal design architecture
Related violations: <none>

TIMING-16#405 Warning
Large setup violation  
There is a large setup violation of -13.151 ns between mlp_system_i/mlp_axi_wrapper_0/U0/mlp_inst/l1_sum_reg[24]/C (clocked by clk_fpga_0) and mlp_system_i/mlp_axi_wrapper_0/U0/mlp_inst/l2_sum0__13/A[29] (clocked by clk_fpga_0). Large setup violations at the end of those stages might be difficult to fix during the post-placement implementation flow and could be the result of non-optimal XDC constraints or non-optimal design architecture
Related violations: <none>

TIMING-16#406 Warning
Large setup violation  
There is a large setup violation of -13.173 ns between mlp_system_i/mlp_axi_wrapper_0/U0/mlp_inst/l1_sum_reg[24]/C (clocked by clk_fpga_0) and mlp_system_i/mlp_axi_wrapper_0/U0/mlp_inst/l2_sum0__12/A[24] (clocked by clk_fpga_0). Large setup violations at the end of those stages might be difficult to fix during the post-placement implementation flow and could be the result of non-optimal XDC constraints or non-optimal design architecture
Related violations: <none>

TIMING-16#407 Warning
Large setup violation  
There is a large setup violation of -13.222 ns between mlp_system_i/mlp_axi_wrapper_0/U0/mlp_inst/l1_sum_reg[24]/C (clocked by clk_fpga_0) and mlp_system_i/mlp_axi_wrapper_0/U0/mlp_inst/l2_sum0__12/A[23] (clocked by clk_fpga_0). Large setup violations at the end of those stages might be difficult to fix during the post-placement implementation flow and could be the result of non-optimal XDC constraints or non-optimal design architecture
Related violations: <none>

TIMING-16#408 Warning
Large setup violation  
There is a large setup violation of -13.222 ns between mlp_system_i/mlp_axi_wrapper_0/U0/mlp_inst/l1_sum_reg[24]/C (clocked by clk_fpga_0) and mlp_system_i/mlp_axi_wrapper_0/U0/mlp_inst/l2_sum0__13/A[15] (clocked by clk_fpga_0). Large setup violations at the end of those stages might be difficult to fix during the post-placement implementation flow and could be the result of non-optimal XDC constraints or non-optimal design architecture
Related violations: <none>

TIMING-16#409 Warning
Large setup violation  
There is a large setup violation of -13.227 ns between mlp_system_i/mlp_axi_wrapper_0/U0/mlp_inst/l1_sum_reg[24]/C (clocked by clk_fpga_0) and mlp_system_i/mlp_axi_wrapper_0/U0/mlp_inst/l2_sum0__10/A[16] (clocked by clk_fpga_0). Large setup violations at the end of those stages might be difficult to fix during the post-placement implementation flow and could be the result of non-optimal XDC constraints or non-optimal design architecture
Related violations: <none>

TIMING-16#410 Warning
Large setup violation  
There is a large setup violation of -13.228 ns between mlp_system_i/mlp_axi_wrapper_0/U0/mlp_inst/l1_sum_reg[24]/C (clocked by clk_fpga_0) and mlp_system_i/mlp_axi_wrapper_0/U0/mlp_inst/l2_sum0__13/A[16] (clocked by clk_fpga_0). Large setup violations at the end of those stages might be difficult to fix during the post-placement implementation flow and could be the result of non-optimal XDC constraints or non-optimal design architecture
Related violations: <none>

TIMING-16#411 Warning
Large setup violation  
There is a large setup violation of -13.237 ns between mlp_system_i/mlp_axi_wrapper_0/U0/mlp_inst/l1_sum_reg[24]/C (clocked by clk_fpga_0) and mlp_system_i/mlp_axi_wrapper_0/U0/mlp_inst/l2_sum0__13/A[17] (clocked by clk_fpga_0). Large setup violations at the end of those stages might be difficult to fix during the post-placement implementation flow and could be the result of non-optimal XDC constraints or non-optimal design architecture
Related violations: <none>

TIMING-16#412 Warning
Large setup violation  
There is a large setup violation of -13.237 ns between mlp_system_i/mlp_axi_wrapper_0/U0/mlp_inst/l1_sum_reg[24]/C (clocked by clk_fpga_0) and mlp_system_i/mlp_axi_wrapper_0/U0/mlp_inst/l2_sum0__13/A[18] (clocked by clk_fpga_0). Large setup violations at the end of those stages might be difficult to fix during the post-placement implementation flow and could be the result of non-optimal XDC constraints or non-optimal design architecture
Related violations: <none>

TIMING-16#413 Warning
Large setup violation  
There is a large setup violation of -13.237 ns between mlp_system_i/mlp_axi_wrapper_0/U0/mlp_inst/l1_sum_reg[24]/C (clocked by clk_fpga_0) and mlp_system_i/mlp_axi_wrapper_0/U0/mlp_inst/l2_sum0__13/A[19] (clocked by clk_fpga_0). Large setup violations at the end of those stages might be difficult to fix during the post-placement implementation flow and could be the result of non-optimal XDC constraints or non-optimal design architecture
Related violations: <none>

TIMING-16#414 Warning
Large setup violation  
There is a large setup violation of -13.253 ns between mlp_system_i/mlp_axi_wrapper_0/U0/mlp_inst/l1_sum_reg[24]/C (clocked by clk_fpga_0) and mlp_system_i/mlp_axi_wrapper_0/U0/mlp_inst/l2_sum0__13/A[25] (clocked by clk_fpga_0). Large setup violations at the end of those stages might be difficult to fix during the post-placement implementation flow and could be the result of non-optimal XDC constraints or non-optimal design architecture
Related violations: <none>

TIMING-16#415 Warning
Large setup violation  
There is a large setup violation of -13.253 ns between mlp_system_i/mlp_axi_wrapper_0/U0/mlp_inst/l1_sum_reg[24]/C (clocked by clk_fpga_0) and mlp_system_i/mlp_axi_wrapper_0/U0/mlp_inst/l2_sum0__13/A[26] (clocked by clk_fpga_0). Large setup violations at the end of those stages might be difficult to fix during the post-placement implementation flow and could be the result of non-optimal XDC constraints or non-optimal design architecture
Related violations: <none>

TIMING-16#416 Warning
Large setup violation  
There is a large setup violation of -13.253 ns between mlp_system_i/mlp_axi_wrapper_0/U0/mlp_inst/l1_sum_reg[24]/C (clocked by clk_fpga_0) and mlp_system_i/mlp_axi_wrapper_0/U0/mlp_inst/l2_sum0__13/A[27] (clocked by clk_fpga_0). Large setup violations at the end of those stages might be difficult to fix during the post-placement implementation flow and could be the result of non-optimal XDC constraints or non-optimal design architecture
Related violations: <none>

TIMING-16#417 Warning
Large setup violation  
There is a large setup violation of -13.258 ns between mlp_system_i/mlp_axi_wrapper_0/U0/mlp_inst/l1_sum_reg[24]/C (clocked by clk_fpga_0) and mlp_system_i/mlp_axi_wrapper_0/U0/mlp_inst/l2_sum0__12/A[25] (clocked by clk_fpga_0). Large setup violations at the end of those stages might be difficult to fix during the post-placement implementation flow and could be the result of non-optimal XDC constraints or non-optimal design architecture
Related violations: <none>

TIMING-16#418 Warning
Large setup violation  
There is a large setup violation of -13.258 ns between mlp_system_i/mlp_axi_wrapper_0/U0/mlp_inst/l1_sum_reg[24]/C (clocked by clk_fpga_0) and mlp_system_i/mlp_axi_wrapper_0/U0/mlp_inst/l2_sum0__12/A[26] (clocked by clk_fpga_0). Large setup violations at the end of those stages might be difficult to fix during the post-placement implementation flow and could be the result of non-optimal XDC constraints or non-optimal design architecture
Related violations: <none>

TIMING-16#419 Warning
Large setup violation  
There is a large setup violation of -13.258 ns between mlp_system_i/mlp_axi_wrapper_0/U0/mlp_inst/l1_sum_reg[24]/C (clocked by clk_fpga_0) and mlp_system_i/mlp_axi_wrapper_0/U0/mlp_inst/l2_sum0__12/A[27] (clocked by clk_fpga_0). Large setup violations at the end of those stages might be difficult to fix during the post-placement implementation flow and could be the result of non-optimal XDC constraints or non-optimal design architecture
Related violations: <none>

TIMING-16#420 Warning
Large setup violation  
There is a large setup violation of -13.274 ns between mlp_system_i/mlp_axi_wrapper_0/U0/mlp_inst/l1_sum_reg[24]/C (clocked by clk_fpga_0) and mlp_system_i/mlp_axi_wrapper_0/U0/mlp_inst/l2_sum0__12/A[28] (clocked by clk_fpga_0). Large setup violations at the end of those stages might be difficult to fix during the post-placement implementation flow and could be the result of non-optimal XDC constraints or non-optimal design architecture
Related violations: <none>

TIMING-16#421 Warning
Large setup violation  
There is a large setup violation of -13.274 ns between mlp_system_i/mlp_axi_wrapper_0/U0/mlp_inst/l1_sum_reg[24]/C (clocked by clk_fpga_0) and mlp_system_i/mlp_axi_wrapper_0/U0/mlp_inst/l2_sum0__12/A[29] (clocked by clk_fpga_0). Large setup violations at the end of those stages might be difficult to fix during the post-placement implementation flow and could be the result of non-optimal XDC constraints or non-optimal design architecture
Related violations: <none>

TIMING-16#422 Warning
Large setup violation  
There is a large setup violation of -13.341 ns between mlp_system_i/mlp_axi_wrapper_0/U0/mlp_inst/l1_sum_reg[24]/C (clocked by clk_fpga_0) and mlp_system_i/mlp_axi_wrapper_0/U0/mlp_inst/l2_sum0__13/A[28] (clocked by clk_fpga_0). Large setup violations at the end of those stages might be difficult to fix during the post-placement implementation flow and could be the result of non-optimal XDC constraints or non-optimal design architecture
Related violations: <none>

TIMING-16#423 Warning
Large setup violation  
There is a large setup violation of -13.372 ns between mlp_system_i/mlp_axi_wrapper_0/U0/mlp_inst/l1_sum_reg[24]/C (clocked by clk_fpga_0) and mlp_system_i/mlp_axi_wrapper_0/U0/mlp_inst/l2_sum0__13/A[24] (clocked by clk_fpga_0). Large setup violations at the end of those stages might be difficult to fix during the post-placement implementation flow and could be the result of non-optimal XDC constraints or non-optimal design architecture
Related violations: <none>

TIMING-16#424 Warning
Large setup violation  
There is a large setup violation of -13.410 ns between mlp_system_i/mlp_axi_wrapper_0/U0/mlp_inst/l1_sum_reg[24]/C (clocked by clk_fpga_0) and mlp_system_i/mlp_axi_wrapper_0/U0/mlp_inst/l2_sum0__11/A[21] (clocked by clk_fpga_0). Large setup violations at the end of those stages might be difficult to fix during the post-placement implementation flow and could be the result of non-optimal XDC constraints or non-optimal design architecture
Related violations: <none>

TIMING-16#425 Warning
Large setup violation  
There is a large setup violation of -13.410 ns between mlp_system_i/mlp_axi_wrapper_0/U0/mlp_inst/l1_sum_reg[24]/C (clocked by clk_fpga_0) and mlp_system_i/mlp_axi_wrapper_0/U0/mlp_inst/l2_sum0__11/A[22] (clocked by clk_fpga_0). Large setup violations at the end of those stages might be difficult to fix during the post-placement implementation flow and could be the result of non-optimal XDC constraints or non-optimal design architecture
Related violations: <none>

TIMING-16#426 Warning
Large setup violation  
There is a large setup violation of -13.410 ns between mlp_system_i/mlp_axi_wrapper_0/U0/mlp_inst/l1_sum_reg[24]/C (clocked by clk_fpga_0) and mlp_system_i/mlp_axi_wrapper_0/U0/mlp_inst/l2_sum0__11/A[23] (clocked by clk_fpga_0). Large setup violations at the end of those stages might be difficult to fix during the post-placement implementation flow and could be the result of non-optimal XDC constraints or non-optimal design architecture
Related violations: <none>

TIMING-16#427 Warning
Large setup violation  
There is a large setup violation of -13.540 ns between mlp_system_i/mlp_axi_wrapper_0/U0/mlp_inst/l1_sum_reg[24]/C (clocked by clk_fpga_0) and mlp_system_i/mlp_axi_wrapper_0/U0/mlp_inst/l2_sum0__13/A[20] (clocked by clk_fpga_0). Large setup violations at the end of those stages might be difficult to fix during the post-placement implementation flow and could be the result of non-optimal XDC constraints or non-optimal design architecture
Related violations: <none>

TIMING-16#428 Warning
Large setup violation  
There is a large setup violation of -13.540 ns between mlp_system_i/mlp_axi_wrapper_0/U0/mlp_inst/l1_sum_reg[24]/C (clocked by clk_fpga_0) and mlp_system_i/mlp_axi_wrapper_0/U0/mlp_inst/l2_sum0__13/A[21] (clocked by clk_fpga_0). Large setup violations at the end of those stages might be difficult to fix during the post-placement implementation flow and could be the result of non-optimal XDC constraints or non-optimal design architecture
Related violations: <none>

TIMING-16#429 Warning
Large setup violation  
There is a large setup violation of -13.540 ns between mlp_system_i/mlp_axi_wrapper_0/U0/mlp_inst/l1_sum_reg[24]/C (clocked by clk_fpga_0) and mlp_system_i/mlp_axi_wrapper_0/U0/mlp_inst/l2_sum0__13/A[22] (clocked by clk_fpga_0). Large setup violations at the end of those stages might be difficult to fix during the post-placement implementation flow and could be the result of non-optimal XDC constraints or non-optimal design architecture
Related violations: <none>

TIMING-16#430 Warning
Large setup violation  
There is a large setup violation of -13.540 ns between mlp_system_i/mlp_axi_wrapper_0/U0/mlp_inst/l1_sum_reg[24]/C (clocked by clk_fpga_0) and mlp_system_i/mlp_axi_wrapper_0/U0/mlp_inst/l2_sum0__13/A[23] (clocked by clk_fpga_0). Large setup violations at the end of those stages might be difficult to fix during the post-placement implementation flow and could be the result of non-optimal XDC constraints or non-optimal design architecture
Related violations: <none>

TIMING-16#431 Warning
Large setup violation  
There is a large setup violation of -13.587 ns between mlp_system_i/mlp_axi_wrapper_0/U0/mlp_inst/l1_sum_reg[24]/C (clocked by clk_fpga_0) and mlp_system_i/mlp_axi_wrapper_0/U0/mlp_inst/l2_sum0__11/A[24] (clocked by clk_fpga_0). Large setup violations at the end of those stages might be difficult to fix during the post-placement implementation flow and could be the result of non-optimal XDC constraints or non-optimal design architecture
Related violations: <none>

TIMING-16#432 Warning
Large setup violation  
There is a large setup violation of -13.587 ns between mlp_system_i/mlp_axi_wrapper_0/U0/mlp_inst/l1_sum_reg[24]/C (clocked by clk_fpga_0) and mlp_system_i/mlp_axi_wrapper_0/U0/mlp_inst/l2_sum0__11/A[25] (clocked by clk_fpga_0). Large setup violations at the end of those stages might be difficult to fix during the post-placement implementation flow and could be the result of non-optimal XDC constraints or non-optimal design architecture
Related violations: <none>

TIMING-16#433 Warning
Large setup violation  
There is a large setup violation of -13.587 ns between mlp_system_i/mlp_axi_wrapper_0/U0/mlp_inst/l1_sum_reg[24]/C (clocked by clk_fpga_0) and mlp_system_i/mlp_axi_wrapper_0/U0/mlp_inst/l2_sum0__11/A[26] (clocked by clk_fpga_0). Large setup violations at the end of those stages might be difficult to fix during the post-placement implementation flow and could be the result of non-optimal XDC constraints or non-optimal design architecture
Related violations: <none>

TIMING-16#434 Warning
Large setup violation  
There is a large setup violation of -13.587 ns between mlp_system_i/mlp_axi_wrapper_0/U0/mlp_inst/l1_sum_reg[24]/C (clocked by clk_fpga_0) and mlp_system_i/mlp_axi_wrapper_0/U0/mlp_inst/l2_sum0__11/A[27] (clocked by clk_fpga_0). Large setup violations at the end of those stages might be difficult to fix during the post-placement implementation flow and could be the result of non-optimal XDC constraints or non-optimal design architecture
Related violations: <none>

TIMING-16#435 Warning
Large setup violation  
There is a large setup violation of -13.600 ns between mlp_system_i/mlp_axi_wrapper_0/U0/mlp_inst/l1_sum_reg[24]/C (clocked by clk_fpga_0) and mlp_system_i/mlp_axi_wrapper_0/U0/mlp_inst/l2_sum0__11/A[20] (clocked by clk_fpga_0). Large setup violations at the end of those stages might be difficult to fix during the post-placement implementation flow and could be the result of non-optimal XDC constraints or non-optimal design architecture
Related violations: <none>

TIMING-16#436 Warning
Large setup violation  
There is a large setup violation of -13.668 ns between mlp_system_i/mlp_axi_wrapper_0/U0/mlp_inst/l1_sum_reg[24]/C (clocked by clk_fpga_0) and mlp_system_i/mlp_axi_wrapper_0/U0/mlp_inst/l2_sum0__10/A[29] (clocked by clk_fpga_0). Large setup violations at the end of those stages might be difficult to fix during the post-placement implementation flow and could be the result of non-optimal XDC constraints or non-optimal design architecture
Related violations: <none>

TIMING-16#437 Warning
Large setup violation  
There is a large setup violation of -13.671 ns between mlp_system_i/mlp_axi_wrapper_0/U0/mlp_inst/l1_sum_reg[24]/C (clocked by clk_fpga_0) and mlp_system_i/mlp_axi_wrapper_0/U0/mlp_inst/l2_sum0__10/A[25] (clocked by clk_fpga_0). Large setup violations at the end of those stages might be difficult to fix during the post-placement implementation flow and could be the result of non-optimal XDC constraints or non-optimal design architecture
Related violations: <none>

TIMING-16#438 Warning
Large setup violation  
There is a large setup violation of -13.671 ns between mlp_system_i/mlp_axi_wrapper_0/U0/mlp_inst/l1_sum_reg[24]/C (clocked by clk_fpga_0) and mlp_system_i/mlp_axi_wrapper_0/U0/mlp_inst/l2_sum0__10/A[26] (clocked by clk_fpga_0). Large setup violations at the end of those stages might be difficult to fix during the post-placement implementation flow and could be the result of non-optimal XDC constraints or non-optimal design architecture
Related violations: <none>

TIMING-16#439 Warning
Large setup violation  
There is a large setup violation of -13.671 ns between mlp_system_i/mlp_axi_wrapper_0/U0/mlp_inst/l1_sum_reg[24]/C (clocked by clk_fpga_0) and mlp_system_i/mlp_axi_wrapper_0/U0/mlp_inst/l2_sum0__10/A[27] (clocked by clk_fpga_0). Large setup violations at the end of those stages might be difficult to fix during the post-placement implementation flow and could be the result of non-optimal XDC constraints or non-optimal design architecture
Related violations: <none>

TIMING-16#440 Warning
Large setup violation  
There is a large setup violation of -13.681 ns between mlp_system_i/mlp_axi_wrapper_0/U0/mlp_inst/l1_sum_reg[24]/C (clocked by clk_fpga_0) and mlp_system_i/mlp_axi_wrapper_0/U0/mlp_inst/l2_sum0__10/A[28] (clocked by clk_fpga_0). Large setup violations at the end of those stages might be difficult to fix during the post-placement implementation flow and could be the result of non-optimal XDC constraints or non-optimal design architecture
Related violations: <none>

TIMING-16#441 Warning
Large setup violation  
There is a large setup violation of -13.736 ns between mlp_system_i/mlp_axi_wrapper_0/U0/mlp_inst/l1_sum_reg[24]/C (clocked by clk_fpga_0) and mlp_system_i/mlp_axi_wrapper_0/U0/mlp_inst/l2_sum0__11/A[28] (clocked by clk_fpga_0). Large setup violations at the end of those stages might be difficult to fix during the post-placement implementation flow and could be the result of non-optimal XDC constraints or non-optimal design architecture
Related violations: <none>

TIMING-16#442 Warning
Large setup violation  
There is a large setup violation of -13.736 ns between mlp_system_i/mlp_axi_wrapper_0/U0/mlp_inst/l1_sum_reg[24]/C (clocked by clk_fpga_0) and mlp_system_i/mlp_axi_wrapper_0/U0/mlp_inst/l2_sum0__11/A[29] (clocked by clk_fpga_0). Large setup violations at the end of those stages might be difficult to fix during the post-placement implementation flow and could be the result of non-optimal XDC constraints or non-optimal design architecture
Related violations: <none>

TIMING-16#443 Warning
Large setup violation  
There is a large setup violation of -13.808 ns between mlp_system_i/mlp_axi_wrapper_0/U0/mlp_inst/l1_sum_reg[24]/C (clocked by clk_fpga_0) and mlp_system_i/mlp_axi_wrapper_0/U0/mlp_inst/l2_sum0__10/A[24] (clocked by clk_fpga_0). Large setup violations at the end of those stages might be difficult to fix during the post-placement implementation flow and could be the result of non-optimal XDC constraints or non-optimal design architecture
Related violations: <none>

TIMING-16#444 Warning
Large setup violation  
There is a large setup violation of -13.838 ns between mlp_system_i/mlp_axi_wrapper_0/U0/mlp_inst/l1_sum_reg[24]/C (clocked by clk_fpga_0) and mlp_system_i/mlp_axi_wrapper_0/U0/mlp_inst/l2_sum0__10/A[20] (clocked by clk_fpga_0). Large setup violations at the end of those stages might be difficult to fix during the post-placement implementation flow and could be the result of non-optimal XDC constraints or non-optimal design architecture
Related violations: <none>

TIMING-16#445 Warning
Large setup violation  
There is a large setup violation of -13.838 ns between mlp_system_i/mlp_axi_wrapper_0/U0/mlp_inst/l1_sum_reg[24]/C (clocked by clk_fpga_0) and mlp_system_i/mlp_axi_wrapper_0/U0/mlp_inst/l2_sum0__10/A[21] (clocked by clk_fpga_0). Large setup violations at the end of those stages might be difficult to fix during the post-placement implementation flow and could be the result of non-optimal XDC constraints or non-optimal design architecture
Related violations: <none>

TIMING-16#446 Warning
Large setup violation  
There is a large setup violation of -13.838 ns between mlp_system_i/mlp_axi_wrapper_0/U0/mlp_inst/l1_sum_reg[24]/C (clocked by clk_fpga_0) and mlp_system_i/mlp_axi_wrapper_0/U0/mlp_inst/l2_sum0__10/A[22] (clocked by clk_fpga_0). Large setup violations at the end of those stages might be difficult to fix during the post-placement implementation flow and could be the result of non-optimal XDC constraints or non-optimal design architecture
Related violations: <none>

TIMING-16#447 Warning
Large setup violation  
There is a large setup violation of -13.838 ns between mlp_system_i/mlp_axi_wrapper_0/U0/mlp_inst/l1_sum_reg[24]/C (clocked by clk_fpga_0) and mlp_system_i/mlp_axi_wrapper_0/U0/mlp_inst/l2_sum0__10/A[23] (clocked by clk_fpga_0). Large setup violations at the end of those stages might be difficult to fix during the post-placement implementation flow and could be the result of non-optimal XDC constraints or non-optimal design architecture
Related violations: <none>

TIMING-16#448 Warning
Large setup violation  
There is a large setup violation of -14.503 ns between mlp_system_i/mlp_axi_wrapper_0/U0/mlp_inst/l1_sum_reg[24]/C (clocked by clk_fpga_0) and mlp_system_i/mlp_axi_wrapper_0/U0/mlp_inst/l2_sum0__3/A[15] (clocked by clk_fpga_0). Large setup violations at the end of those stages might be difficult to fix during the post-placement implementation flow and could be the result of non-optimal XDC constraints or non-optimal design architecture
Related violations: <none>

TIMING-16#449 Warning
Large setup violation  
There is a large setup violation of -14.593 ns between mlp_system_i/mlp_axi_wrapper_0/U0/mlp_inst/l1_sum_reg[24]/C (clocked by clk_fpga_0) and mlp_system_i/mlp_axi_wrapper_0/U0/mlp_inst/l2_sum0__2/A[19] (clocked by clk_fpga_0). Large setup violations at the end of those stages might be difficult to fix during the post-placement implementation flow and could be the result of non-optimal XDC constraints or non-optimal design architecture
Related violations: <none>

TIMING-16#450 Warning
Large setup violation  
There is a large setup violation of -14.650 ns between mlp_system_i/mlp_axi_wrapper_0/U0/mlp_inst/l1_sum_reg[24]/C (clocked by clk_fpga_0) and mlp_system_i/mlp_axi_wrapper_0/U0/mlp_inst/l2_sum0__3/A[21] (clocked by clk_fpga_0). Large setup violations at the end of those stages might be difficult to fix during the post-placement implementation flow and could be the result of non-optimal XDC constraints or non-optimal design architecture
Related violations: <none>

TIMING-16#451 Warning
Large setup violation  
There is a large setup violation of -14.650 ns between mlp_system_i/mlp_axi_wrapper_0/U0/mlp_inst/l1_sum_reg[24]/C (clocked by clk_fpga_0) and mlp_system_i/mlp_axi_wrapper_0/U0/mlp_inst/l2_sum0__3/A[22] (clocked by clk_fpga_0). Large setup violations at the end of those stages might be difficult to fix during the post-placement implementation flow and could be the result of non-optimal XDC constraints or non-optimal design architecture
Related violations: <none>

TIMING-16#452 Warning
Large setup violation  
There is a large setup violation of -14.650 ns between mlp_system_i/mlp_axi_wrapper_0/U0/mlp_inst/l1_sum_reg[24]/C (clocked by clk_fpga_0) and mlp_system_i/mlp_axi_wrapper_0/U0/mlp_inst/l2_sum0__3/A[23] (clocked by clk_fpga_0). Large setup violations at the end of those stages might be difficult to fix during the post-placement implementation flow and could be the result of non-optimal XDC constraints or non-optimal design architecture
Related violations: <none>

TIMING-16#453 Warning
Large setup violation  
There is a large setup violation of -14.661 ns between mlp_system_i/mlp_axi_wrapper_0/U0/mlp_inst/l1_sum_reg[24]/C (clocked by clk_fpga_0) and mlp_system_i/mlp_axi_wrapper_0/U0/mlp_inst/l2_sum0__3/A[24] (clocked by clk_fpga_0). Large setup violations at the end of those stages might be difficult to fix during the post-placement implementation flow and could be the result of non-optimal XDC constraints or non-optimal design architecture
Related violations: <none>

TIMING-16#454 Warning
Large setup violation  
There is a large setup violation of -14.661 ns between mlp_system_i/mlp_axi_wrapper_0/U0/mlp_inst/l1_sum_reg[24]/C (clocked by clk_fpga_0) and mlp_system_i/mlp_axi_wrapper_0/U0/mlp_inst/l2_sum0__3/A[25] (clocked by clk_fpga_0). Large setup violations at the end of those stages might be difficult to fix during the post-placement implementation flow and could be the result of non-optimal XDC constraints or non-optimal design architecture
Related violations: <none>

TIMING-16#455 Warning
Large setup violation  
There is a large setup violation of -14.661 ns between mlp_system_i/mlp_axi_wrapper_0/U0/mlp_inst/l1_sum_reg[24]/C (clocked by clk_fpga_0) and mlp_system_i/mlp_axi_wrapper_0/U0/mlp_inst/l2_sum0__3/A[26] (clocked by clk_fpga_0). Large setup violations at the end of those stages might be difficult to fix during the post-placement implementation flow and could be the result of non-optimal XDC constraints or non-optimal design architecture
Related violations: <none>

TIMING-16#456 Warning
Large setup violation  
There is a large setup violation of -14.661 ns between mlp_system_i/mlp_axi_wrapper_0/U0/mlp_inst/l1_sum_reg[24]/C (clocked by clk_fpga_0) and mlp_system_i/mlp_axi_wrapper_0/U0/mlp_inst/l2_sum0__3/A[27] (clocked by clk_fpga_0). Large setup violations at the end of those stages might be difficult to fix during the post-placement implementation flow and could be the result of non-optimal XDC constraints or non-optimal design architecture
Related violations: <none>

TIMING-16#457 Warning
Large setup violation  
There is a large setup violation of -14.663 ns between mlp_system_i/mlp_axi_wrapper_0/U0/mlp_inst/l1_sum_reg[24]/C (clocked by clk_fpga_0) and mlp_system_i/mlp_axi_wrapper_0/U0/mlp_inst/l2_sum0__3/A[17] (clocked by clk_fpga_0). Large setup violations at the end of those stages might be difficult to fix during the post-placement implementation flow and could be the result of non-optimal XDC constraints or non-optimal design architecture
Related violations: <none>

TIMING-16#458 Warning
Large setup violation  
There is a large setup violation of -14.665 ns between mlp_system_i/mlp_axi_wrapper_0/U0/mlp_inst/l1_sum_reg[24]/C (clocked by clk_fpga_0) and mlp_system_i/mlp_axi_wrapper_0/U0/mlp_inst/l2_sum0__3/A[16] (clocked by clk_fpga_0). Large setup violations at the end of those stages might be difficult to fix during the post-placement implementation flow and could be the result of non-optimal XDC constraints or non-optimal design architecture
Related violations: <none>

TIMING-16#459 Warning
Large setup violation  
There is a large setup violation of -14.724 ns between mlp_system_i/mlp_axi_wrapper_0/U0/mlp_inst/l1_sum_reg[24]/C (clocked by clk_fpga_0) and mlp_system_i/mlp_axi_wrapper_0/U0/mlp_inst/l2_sum0__3/A[18] (clocked by clk_fpga_0). Large setup violations at the end of those stages might be difficult to fix during the post-placement implementation flow and could be the result of non-optimal XDC constraints or non-optimal design architecture
Related violations: <none>

TIMING-16#460 Warning
Large setup violation  
There is a large setup violation of -14.724 ns between mlp_system_i/mlp_axi_wrapper_0/U0/mlp_inst/l1_sum_reg[24]/C (clocked by clk_fpga_0) and mlp_system_i/mlp_axi_wrapper_0/U0/mlp_inst/l2_sum0__3/A[19] (clocked by clk_fpga_0). Large setup violations at the end of those stages might be difficult to fix during the post-placement implementation flow and could be the result of non-optimal XDC constraints or non-optimal design architecture
Related violations: <none>

TIMING-16#461 Warning
Large setup violation  
There is a large setup violation of -14.736 ns between mlp_system_i/mlp_axi_wrapper_0/U0/mlp_inst/l1_sum_reg[24]/C (clocked by clk_fpga_0) and mlp_system_i/mlp_axi_wrapper_0/U0/mlp_inst/l2_sum0__3/A[20] (clocked by clk_fpga_0). Large setup violations at the end of those stages might be difficult to fix during the post-placement implementation flow and could be the result of non-optimal XDC constraints or non-optimal design architecture
Related violations: <none>

TIMING-16#462 Warning
Large setup violation  
There is a large setup violation of -14.737 ns between mlp_system_i/mlp_axi_wrapper_0/U0/mlp_inst/l1_sum_reg[24]/C (clocked by clk_fpga_0) and mlp_system_i/mlp_axi_wrapper_0/U0/mlp_inst/l2_sum0__3/A[28] (clocked by clk_fpga_0). Large setup violations at the end of those stages might be difficult to fix during the post-placement implementation flow and could be the result of non-optimal XDC constraints or non-optimal design architecture
Related violations: <none>

TIMING-16#463 Warning
Large setup violation  
There is a large setup violation of -14.743 ns between mlp_system_i/mlp_axi_wrapper_0/U0/mlp_inst/l1_sum_reg[24]/C (clocked by clk_fpga_0) and mlp_system_i/mlp_axi_wrapper_0/U0/mlp_inst/l2_sum0__3/A[29] (clocked by clk_fpga_0). Large setup violations at the end of those stages might be difficult to fix during the post-placement implementation flow and could be the result of non-optimal XDC constraints or non-optimal design architecture
Related violations: <none>

TIMING-16#464 Warning
Large setup violation  
There is a large setup violation of -14.760 ns between mlp_system_i/mlp_axi_wrapper_0/U0/mlp_inst/l1_sum_reg[24]/C (clocked by clk_fpga_0) and mlp_system_i/mlp_axi_wrapper_0/U0/mlp_inst/l2_sum0__0/A[28] (clocked by clk_fpga_0). Large setup violations at the end of those stages might be difficult to fix during the post-placement implementation flow and could be the result of non-optimal XDC constraints or non-optimal design architecture
Related violations: <none>

TIMING-16#465 Warning
Large setup violation  
There is a large setup violation of -14.783 ns between mlp_system_i/mlp_axi_wrapper_0/U0/mlp_inst/l1_sum_reg[24]/C (clocked by clk_fpga_0) and mlp_system_i/mlp_axi_wrapper_0/U0/mlp_inst/l2_sum0__2/A[18] (clocked by clk_fpga_0). Large setup violations at the end of those stages might be difficult to fix during the post-placement implementation flow and could be the result of non-optimal XDC constraints or non-optimal design architecture
Related violations: <none>

TIMING-16#466 Warning
Large setup violation  
There is a large setup violation of -14.794 ns between mlp_system_i/mlp_axi_wrapper_0/U0/mlp_inst/l1_sum_reg[24]/C (clocked by clk_fpga_0) and mlp_system_i/mlp_axi_wrapper_0/U0/mlp_inst/l2_sum0__2/A[16] (clocked by clk_fpga_0). Large setup violations at the end of those stages might be difficult to fix during the post-placement implementation flow and could be the result of non-optimal XDC constraints or non-optimal design architecture
Related violations: <none>

TIMING-16#467 Warning
Large setup violation  
There is a large setup violation of -14.794 ns between mlp_system_i/mlp_axi_wrapper_0/U0/mlp_inst/l1_sum_reg[24]/C (clocked by clk_fpga_0) and mlp_system_i/mlp_axi_wrapper_0/U0/mlp_inst/l2_sum0__2/A[17] (clocked by clk_fpga_0). Large setup violations at the end of those stages might be difficult to fix during the post-placement implementation flow and could be the result of non-optimal XDC constraints or non-optimal design architecture
Related violations: <none>

TIMING-16#468 Warning
Large setup violation  
There is a large setup violation of -14.826 ns between mlp_system_i/mlp_axi_wrapper_0/U0/mlp_inst/l1_sum_reg[24]/C (clocked by clk_fpga_0) and mlp_system_i/mlp_axi_wrapper_0/U0/mlp_inst/l2_sum0__2/A[15] (clocked by clk_fpga_0). Large setup violations at the end of those stages might be difficult to fix during the post-placement implementation flow and could be the result of non-optimal XDC constraints or non-optimal design architecture
Related violations: <none>

TIMING-16#469 Warning
Large setup violation  
There is a large setup violation of -14.859 ns between mlp_system_i/mlp_axi_wrapper_0/U0/mlp_inst/l1_sum_reg[24]/C (clocked by clk_fpga_0) and mlp_system_i/mlp_axi_wrapper_0/U0/mlp_inst/l2_sum0__2/A[24] (clocked by clk_fpga_0). Large setup violations at the end of those stages might be difficult to fix during the post-placement implementation flow and could be the result of non-optimal XDC constraints or non-optimal design architecture
Related violations: <none>

TIMING-16#470 Warning
Large setup violation  
There is a large setup violation of -14.873 ns between mlp_system_i/mlp_axi_wrapper_0/U0/mlp_inst/l1_sum_reg[24]/C (clocked by clk_fpga_0) and mlp_system_i/mlp_axi_wrapper_0/U0/mlp_inst/l2_sum0__2/A[20] (clocked by clk_fpga_0). Large setup violations at the end of those stages might be difficult to fix during the post-placement implementation flow and could be the result of non-optimal XDC constraints or non-optimal design architecture
Related violations: <none>

TIMING-16#471 Warning
Large setup violation  
There is a large setup violation of -14.873 ns between mlp_system_i/mlp_axi_wrapper_0/U0/mlp_inst/l1_sum_reg[24]/C (clocked by clk_fpga_0) and mlp_system_i/mlp_axi_wrapper_0/U0/mlp_inst/l2_sum0__2/A[21] (clocked by clk_fpga_0). Large setup violations at the end of those stages might be difficult to fix during the post-placement implementation flow and could be the result of non-optimal XDC constraints or non-optimal design architecture
Related violations: <none>

TIMING-16#472 Warning
Large setup violation  
There is a large setup violation of -14.873 ns between mlp_system_i/mlp_axi_wrapper_0/U0/mlp_inst/l1_sum_reg[24]/C (clocked by clk_fpga_0) and mlp_system_i/mlp_axi_wrapper_0/U0/mlp_inst/l2_sum0__2/A[22] (clocked by clk_fpga_0). Large setup violations at the end of those stages might be difficult to fix during the post-placement implementation flow and could be the result of non-optimal XDC constraints or non-optimal design architecture
Related violations: <none>

TIMING-16#473 Warning
Large setup violation  
There is a large setup violation of -14.873 ns between mlp_system_i/mlp_axi_wrapper_0/U0/mlp_inst/l1_sum_reg[24]/C (clocked by clk_fpga_0) and mlp_system_i/mlp_axi_wrapper_0/U0/mlp_inst/l2_sum0__2/A[23] (clocked by clk_fpga_0). Large setup violations at the end of those stages might be difficult to fix during the post-placement implementation flow and could be the result of non-optimal XDC constraints or non-optimal design architecture
Related violations: <none>

TIMING-16#474 Warning
Large setup violation  
There is a large setup violation of -14.891 ns between mlp_system_i/mlp_axi_wrapper_0/U0/mlp_inst/l1_sum_reg[24]/C (clocked by clk_fpga_0) and mlp_system_i/mlp_axi_wrapper_0/U0/mlp_inst/l2_sum0__2/A[25] (clocked by clk_fpga_0). Large setup violations at the end of those stages might be difficult to fix during the post-placement implementation flow and could be the result of non-optimal XDC constraints or non-optimal design architecture
Related violations: <none>

TIMING-16#475 Warning
Large setup violation  
There is a large setup violation of -14.891 ns between mlp_system_i/mlp_axi_wrapper_0/U0/mlp_inst/l1_sum_reg[24]/C (clocked by clk_fpga_0) and mlp_system_i/mlp_axi_wrapper_0/U0/mlp_inst/l2_sum0__2/A[26] (clocked by clk_fpga_0). Large setup violations at the end of those stages might be difficult to fix during the post-placement implementation flow and could be the result of non-optimal XDC constraints or non-optimal design architecture
Related violations: <none>

TIMING-16#476 Warning
Large setup violation  
There is a large setup violation of -14.891 ns between mlp_system_i/mlp_axi_wrapper_0/U0/mlp_inst/l1_sum_reg[24]/C (clocked by clk_fpga_0) and mlp_system_i/mlp_axi_wrapper_0/U0/mlp_inst/l2_sum0__2/A[27] (clocked by clk_fpga_0). Large setup violations at the end of those stages might be difficult to fix during the post-placement implementation flow and could be the result of non-optimal XDC constraints or non-optimal design architecture
Related violations: <none>

TIMING-16#477 Warning
Large setup violation  
There is a large setup violation of -14.948 ns between mlp_system_i/mlp_axi_wrapper_0/U0/mlp_inst/l1_sum_reg[24]/C (clocked by clk_fpga_0) and mlp_system_i/mlp_axi_wrapper_0/U0/mlp_inst/l2_sum0__0/A[25] (clocked by clk_fpga_0). Large setup violations at the end of those stages might be difficult to fix during the post-placement implementation flow and could be the result of non-optimal XDC constraints or non-optimal design architecture
Related violations: <none>

TIMING-16#478 Warning
Large setup violation  
There is a large setup violation of -14.948 ns between mlp_system_i/mlp_axi_wrapper_0/U0/mlp_inst/l1_sum_reg[24]/C (clocked by clk_fpga_0) and mlp_system_i/mlp_axi_wrapper_0/U0/mlp_inst/l2_sum0__0/A[29] (clocked by clk_fpga_0). Large setup violations at the end of those stages might be difficult to fix during the post-placement implementation flow and could be the result of non-optimal XDC constraints or non-optimal design architecture
Related violations: <none>

TIMING-16#479 Warning
Large setup violation  
There is a large setup violation of -15.040 ns between mlp_system_i/mlp_axi_wrapper_0/U0/mlp_inst/l1_sum_reg[24]/C (clocked by clk_fpga_0) and mlp_system_i/mlp_axi_wrapper_0/U0/mlp_inst/l2_sum0__2/A[28] (clocked by clk_fpga_0). Large setup violations at the end of those stages might be difficult to fix during the post-placement implementation flow and could be the result of non-optimal XDC constraints or non-optimal design architecture
Related violations: <none>

TIMING-16#480 Warning
Large setup violation  
There is a large setup violation of -15.040 ns between mlp_system_i/mlp_axi_wrapper_0/U0/mlp_inst/l1_sum_reg[24]/C (clocked by clk_fpga_0) and mlp_system_i/mlp_axi_wrapper_0/U0/mlp_inst/l2_sum0__2/A[29] (clocked by clk_fpga_0). Large setup violations at the end of those stages might be difficult to fix during the post-placement implementation flow and could be the result of non-optimal XDC constraints or non-optimal design architecture
Related violations: <none>

TIMING-16#481 Warning
Large setup violation  
There is a large setup violation of -15.071 ns between mlp_system_i/mlp_axi_wrapper_0/U0/mlp_inst/l1_sum_reg[24]/C (clocked by clk_fpga_0) and mlp_system_i/mlp_axi_wrapper_0/U0/mlp_inst/l2_sum0__0/A[27] (clocked by clk_fpga_0). Large setup violations at the end of those stages might be difficult to fix during the post-placement implementation flow and could be the result of non-optimal XDC constraints or non-optimal design architecture
Related violations: <none>

TIMING-16#482 Warning
Large setup violation  
There is a large setup violation of -15.072 ns between mlp_system_i/mlp_axi_wrapper_0/U0/mlp_inst/l1_sum_reg[24]/C (clocked by clk_fpga_0) and mlp_system_i/mlp_axi_wrapper_0/U0/mlp_inst/l2_sum0__0/A[26] (clocked by clk_fpga_0). Large setup violations at the end of those stages might be difficult to fix during the post-placement implementation flow and could be the result of non-optimal XDC constraints or non-optimal design architecture
Related violations: <none>

TIMING-16#483 Warning
Large setup violation  
There is a large setup violation of -15.082 ns between mlp_system_i/mlp_axi_wrapper_0/U0/mlp_inst/l1_sum_reg[24]/C (clocked by clk_fpga_0) and mlp_system_i/mlp_axi_wrapper_0/U0/mlp_inst/l2_mult_reg[63]/A[16] (clocked by clk_fpga_0). Large setup violations at the end of those stages might be difficult to fix during the post-placement implementation flow and could be the result of non-optimal XDC constraints or non-optimal design architecture
Related violations: <none>

TIMING-16#484 Warning
Large setup violation  
There is a large setup violation of -15.102 ns between mlp_system_i/mlp_axi_wrapper_0/U0/mlp_inst/l1_sum_reg[24]/C (clocked by clk_fpga_0) and mlp_system_i/mlp_axi_wrapper_0/U0/mlp_inst/l2_mult_reg[63]/A[17] (clocked by clk_fpga_0). Large setup violations at the end of those stages might be difficult to fix during the post-placement implementation flow and could be the result of non-optimal XDC constraints or non-optimal design architecture
Related violations: <none>

TIMING-16#485 Warning
Large setup violation  
There is a large setup violation of -15.102 ns between mlp_system_i/mlp_axi_wrapper_0/U0/mlp_inst/l1_sum_reg[24]/C (clocked by clk_fpga_0) and mlp_system_i/mlp_axi_wrapper_0/U0/mlp_inst/l2_mult_reg[63]/A[18] (clocked by clk_fpga_0). Large setup violations at the end of those stages might be difficult to fix during the post-placement implementation flow and could be the result of non-optimal XDC constraints or non-optimal design architecture
Related violations: <none>

TIMING-16#486 Warning
Large setup violation  
There is a large setup violation of -15.102 ns between mlp_system_i/mlp_axi_wrapper_0/U0/mlp_inst/l1_sum_reg[24]/C (clocked by clk_fpga_0) and mlp_system_i/mlp_axi_wrapper_0/U0/mlp_inst/l2_mult_reg[63]/A[19] (clocked by clk_fpga_0). Large setup violations at the end of those stages might be difficult to fix during the post-placement implementation flow and could be the result of non-optimal XDC constraints or non-optimal design architecture
Related violations: <none>

TIMING-16#487 Warning
Large setup violation  
There is a large setup violation of -15.126 ns between mlp_system_i/mlp_axi_wrapper_0/U0/mlp_inst/l1_sum_reg[24]/C (clocked by clk_fpga_0) and mlp_system_i/mlp_axi_wrapper_0/U0/mlp_inst/l2_mult_reg[63]/A[15] (clocked by clk_fpga_0). Large setup violations at the end of those stages might be difficult to fix during the post-placement implementation flow and could be the result of non-optimal XDC constraints or non-optimal design architecture
Related violations: <none>

TIMING-16#488 Warning
Large setup violation  
There is a large setup violation of -15.449 ns between mlp_system_i/mlp_axi_wrapper_0/U0/mlp_inst/l1_sum_reg[24]/C (clocked by clk_fpga_0) and mlp_system_i/mlp_axi_wrapper_0/U0/mlp_inst/l2_sum0/A[20] (clocked by clk_fpga_0). Large setup violations at the end of those stages might be difficult to fix during the post-placement implementation flow and could be the result of non-optimal XDC constraints or non-optimal design architecture
Related violations: <none>

TIMING-16#489 Warning
Large setup violation  
There is a large setup violation of -15.449 ns between mlp_system_i/mlp_axi_wrapper_0/U0/mlp_inst/l1_sum_reg[24]/C (clocked by clk_fpga_0) and mlp_system_i/mlp_axi_wrapper_0/U0/mlp_inst/l2_sum0/A[21] (clocked by clk_fpga_0). Large setup violations at the end of those stages might be difficult to fix during the post-placement implementation flow and could be the result of non-optimal XDC constraints or non-optimal design architecture
Related violations: <none>

TIMING-16#490 Warning
Large setup violation  
There is a large setup violation of -15.449 ns between mlp_system_i/mlp_axi_wrapper_0/U0/mlp_inst/l1_sum_reg[24]/C (clocked by clk_fpga_0) and mlp_system_i/mlp_axi_wrapper_0/U0/mlp_inst/l2_sum0/A[22] (clocked by clk_fpga_0). Large setup violations at the end of those stages might be difficult to fix during the post-placement implementation flow and could be the result of non-optimal XDC constraints or non-optimal design architecture
Related violations: <none>

TIMING-16#491 Warning
Large setup violation  
There is a large setup violation of -15.449 ns between mlp_system_i/mlp_axi_wrapper_0/U0/mlp_inst/l1_sum_reg[24]/C (clocked by clk_fpga_0) and mlp_system_i/mlp_axi_wrapper_0/U0/mlp_inst/l2_sum0/A[23] (clocked by clk_fpga_0). Large setup violations at the end of those stages might be difficult to fix during the post-placement implementation flow and could be the result of non-optimal XDC constraints or non-optimal design architecture
Related violations: <none>

TIMING-16#492 Warning
Large setup violation  
There is a large setup violation of -15.466 ns between mlp_system_i/mlp_axi_wrapper_0/U0/mlp_inst/l1_sum_reg[24]/C (clocked by clk_fpga_0) and mlp_system_i/mlp_axi_wrapper_0/U0/mlp_inst/l2_sum0/A[28] (clocked by clk_fpga_0). Large setup violations at the end of those stages might be difficult to fix during the post-placement implementation flow and could be the result of non-optimal XDC constraints or non-optimal design architecture
Related violations: <none>

TIMING-16#493 Warning
Large setup violation  
There is a large setup violation of -15.466 ns between mlp_system_i/mlp_axi_wrapper_0/U0/mlp_inst/l1_sum_reg[24]/C (clocked by clk_fpga_0) and mlp_system_i/mlp_axi_wrapper_0/U0/mlp_inst/l2_sum0/A[29] (clocked by clk_fpga_0). Large setup violations at the end of those stages might be difficult to fix during the post-placement implementation flow and could be the result of non-optimal XDC constraints or non-optimal design architecture
Related violations: <none>

TIMING-16#494 Warning
Large setup violation  
There is a large setup violation of -15.592 ns between mlp_system_i/mlp_axi_wrapper_0/U0/mlp_inst/l1_sum_reg[24]/C (clocked by clk_fpga_0) and mlp_system_i/mlp_axi_wrapper_0/U0/mlp_inst/l2_sum0/A[24] (clocked by clk_fpga_0). Large setup violations at the end of those stages might be difficult to fix during the post-placement implementation flow and could be the result of non-optimal XDC constraints or non-optimal design architecture
Related violations: <none>

TIMING-16#495 Warning
Large setup violation  
There is a large setup violation of -15.592 ns between mlp_system_i/mlp_axi_wrapper_0/U0/mlp_inst/l1_sum_reg[24]/C (clocked by clk_fpga_0) and mlp_system_i/mlp_axi_wrapper_0/U0/mlp_inst/l2_sum0/A[25] (clocked by clk_fpga_0). Large setup violations at the end of those stages might be difficult to fix during the post-placement implementation flow and could be the result of non-optimal XDC constraints or non-optimal design architecture
Related violations: <none>

TIMING-16#496 Warning
Large setup violation  
There is a large setup violation of -15.592 ns between mlp_system_i/mlp_axi_wrapper_0/U0/mlp_inst/l1_sum_reg[24]/C (clocked by clk_fpga_0) and mlp_system_i/mlp_axi_wrapper_0/U0/mlp_inst/l2_sum0/A[26] (clocked by clk_fpga_0). Large setup violations at the end of those stages might be difficult to fix during the post-placement implementation flow and could be the result of non-optimal XDC constraints or non-optimal design architecture
Related violations: <none>

TIMING-16#497 Warning
Large setup violation  
There is a large setup violation of -15.592 ns between mlp_system_i/mlp_axi_wrapper_0/U0/mlp_inst/l1_sum_reg[24]/C (clocked by clk_fpga_0) and mlp_system_i/mlp_axi_wrapper_0/U0/mlp_inst/l2_sum0/A[27] (clocked by clk_fpga_0). Large setup violations at the end of those stages might be difficult to fix during the post-placement implementation flow and could be the result of non-optimal XDC constraints or non-optimal design architecture
Related violations: <none>

TIMING-16#498 Warning
Large setup violation  
There is a large setup violation of -2.052 ns between mlp_system_i/mlp_axi_wrapper_0/U0/mlp_inst/s_cnt_reg[1]_rep__5/C (clocked by clk_fpga_0) and mlp_system_i/mlp_axi_wrapper_0/U0/mlp_inst/l2_mult_reg[63]/B[5] (clocked by clk_fpga_0). Large setup violations at the end of those stages might be difficult to fix during the post-placement implementation flow and could be the result of non-optimal XDC constraints or non-optimal design architecture
Related violations: <none>

TIMING-16#499 Warning
Large setup violation  
There is a large setup violation of -2.241 ns between mlp_system_i/mlp_axi_wrapper_0/U0/mlp_inst/s_cnt_reg[1]_rep__5/C (clocked by clk_fpga_0) and mlp_system_i/mlp_axi_wrapper_0/U0/mlp_inst/l2_mult_reg[63]/B[6] (clocked by clk_fpga_0). Large setup violations at the end of those stages might be difficult to fix during the post-placement implementation flow and could be the result of non-optimal XDC constraints or non-optimal design architecture
Related violations: <none>

TIMING-16#500 Warning
Large setup violation  
There is a large setup violation of -2.241 ns between mlp_system_i/mlp_axi_wrapper_0/U0/mlp_inst/s_cnt_reg[1]_rep__5/C (clocked by clk_fpga_0) and mlp_system_i/mlp_axi_wrapper_0/U0/mlp_inst/l2_mult_reg[63]/B[7] (clocked by clk_fpga_0). Large setup violations at the end of those stages might be difficult to fix during the post-placement implementation flow and could be the result of non-optimal XDC constraints or non-optimal design architecture
Related violations: <none>

TIMING-16#501 Warning
Large setup violation  
There is a large setup violation of -2.323 ns between mlp_system_i/mlp_axi_wrapper_0/U0/mlp_inst/s_cnt_reg[5]_rep__0/C (clocked by clk_fpga_0) and mlp_system_i/mlp_axi_wrapper_0/U0/mlp_inst/l1_mult_reg[39]/B[16] (clocked by clk_fpga_0). Large setup violations at the end of those stages might be difficult to fix during the post-placement implementation flow and could be the result of non-optimal XDC constraints or non-optimal design architecture
Related violations: <none>

TIMING-16#502 Warning
Large setup violation  
There is a large setup violation of -2.323 ns between mlp_system_i/mlp_axi_wrapper_0/U0/mlp_inst/s_cnt_reg[5]_rep__0/C (clocked by clk_fpga_0) and mlp_system_i/mlp_axi_wrapper_0/U0/mlp_inst/l1_mult_reg[39]/B[17] (clocked by clk_fpga_0). Large setup violations at the end of those stages might be difficult to fix during the post-placement implementation flow and could be the result of non-optimal XDC constraints or non-optimal design architecture
Related violations: <none>

TIMING-16#503 Warning
Large setup violation  
There is a large setup violation of -2.500 ns between mlp_system_i/mlp_axi_wrapper_0/U0/mlp_inst/s_cnt_reg[5]_rep__0/C (clocked by clk_fpga_0) and mlp_system_i/mlp_axi_wrapper_0/U0/mlp_inst/l1_mult_reg[39]/B[12] (clocked by clk_fpga_0). Large setup violations at the end of those stages might be difficult to fix during the post-placement implementation flow and could be the result of non-optimal XDC constraints or non-optimal design architecture
Related violations: <none>

TIMING-16#504 Warning
Large setup violation  
There is a large setup violation of -2.500 ns between mlp_system_i/mlp_axi_wrapper_0/U0/mlp_inst/s_cnt_reg[5]_rep__0/C (clocked by clk_fpga_0) and mlp_system_i/mlp_axi_wrapper_0/U0/mlp_inst/l1_mult_reg[39]/B[13] (clocked by clk_fpga_0). Large setup violations at the end of those stages might be difficult to fix during the post-placement implementation flow and could be the result of non-optimal XDC constraints or non-optimal design architecture
Related violations: <none>

TIMING-16#505 Warning
Large setup violation  
There is a large setup violation of -2.500 ns between mlp_system_i/mlp_axi_wrapper_0/U0/mlp_inst/s_cnt_reg[5]_rep__0/C (clocked by clk_fpga_0) and mlp_system_i/mlp_axi_wrapper_0/U0/mlp_inst/l1_mult_reg[39]/B[14] (clocked by clk_fpga_0). Large setup violations at the end of those stages might be difficult to fix during the post-placement implementation flow and could be the result of non-optimal XDC constraints or non-optimal design architecture
Related violations: <none>

TIMING-16#506 Warning
Large setup violation  
There is a large setup violation of -2.500 ns between mlp_system_i/mlp_axi_wrapper_0/U0/mlp_inst/s_cnt_reg[5]_rep__0/C (clocked by clk_fpga_0) and mlp_system_i/mlp_axi_wrapper_0/U0/mlp_inst/l1_mult_reg[39]/B[15] (clocked by clk_fpga_0). Large setup violations at the end of those stages might be difficult to fix during the post-placement implementation flow and could be the result of non-optimal XDC constraints or non-optimal design architecture
Related violations: <none>

TIMING-16#507 Warning
Large setup violation  
There is a large setup violation of -2.537 ns between mlp_system_i/mlp_axi_wrapper_0/U0/mlp_inst/s_cnt_reg[5]_rep__0/C (clocked by clk_fpga_0) and mlp_system_i/mlp_axi_wrapper_0/U0/mlp_inst/l1_mult_reg[39]/B[4] (clocked by clk_fpga_0). Large setup violations at the end of those stages might be difficult to fix during the post-placement implementation flow and could be the result of non-optimal XDC constraints or non-optimal design architecture
Related violations: <none>

TIMING-16#508 Warning
Large setup violation  
There is a large setup violation of -2.584 ns between mlp_system_i/mlp_axi_wrapper_0/U0/mlp_inst/s_cnt_reg[5]_rep__0/C (clocked by clk_fpga_0) and mlp_system_i/mlp_axi_wrapper_0/U0/mlp_inst/l1_mult_reg[39]/B[5] (clocked by clk_fpga_0). Large setup violations at the end of those stages might be difficult to fix during the post-placement implementation flow and could be the result of non-optimal XDC constraints or non-optimal design architecture
Related violations: <none>

TIMING-16#509 Warning
Large setup violation  
There is a large setup violation of -2.668 ns between mlp_system_i/mlp_axi_wrapper_0/U0/mlp_inst/s_cnt_reg[5]_rep__0/C (clocked by clk_fpga_0) and mlp_system_i/mlp_axi_wrapper_0/U0/mlp_inst/l1_mult_reg[39]/B[8] (clocked by clk_fpga_0). Large setup violations at the end of those stages might be difficult to fix during the post-placement implementation flow and could be the result of non-optimal XDC constraints or non-optimal design architecture
Related violations: <none>

TIMING-16#510 Warning
Large setup violation  
There is a large setup violation of -2.827 ns between mlp_system_i/mlp_axi_wrapper_0/U0/mlp_inst/s_cnt_reg[5]_rep__0/C (clocked by clk_fpga_0) and mlp_system_i/mlp_axi_wrapper_0/U0/mlp_inst/l1_mult_reg[39]/B[11] (clocked by clk_fpga_0). Large setup violations at the end of those stages might be difficult to fix during the post-placement implementation flow and could be the result of non-optimal XDC constraints or non-optimal design architecture
Related violations: <none>

TIMING-16#511 Warning
Large setup violation  
There is a large setup violation of -2.869 ns between mlp_system_i/mlp_axi_wrapper_0/U0/mlp_inst/s_cnt_reg[5]_rep__0/C (clocked by clk_fpga_0) and mlp_system_i/mlp_axi_wrapper_0/U0/mlp_inst/l1_mult_reg[39]/B[10] (clocked by clk_fpga_0). Large setup violations at the end of those stages might be difficult to fix during the post-placement implementation flow and could be the result of non-optimal XDC constraints or non-optimal design architecture
Related violations: <none>

TIMING-16#512 Warning
Large setup violation  
There is a large setup violation of -2.869 ns between mlp_system_i/mlp_axi_wrapper_0/U0/mlp_inst/s_cnt_reg[5]_rep__0/C (clocked by clk_fpga_0) and mlp_system_i/mlp_axi_wrapper_0/U0/mlp_inst/l1_mult_reg[39]/B[9] (clocked by clk_fpga_0). Large setup violations at the end of those stages might be difficult to fix during the post-placement implementation flow and could be the result of non-optimal XDC constraints or non-optimal design architecture
Related violations: <none>

TIMING-16#513 Warning
Large setup violation  
There is a large setup violation of -2.954 ns between mlp_system_i/mlp_axi_wrapper_0/U0/mlp_inst/s_cnt_reg[5]_rep__0/C (clocked by clk_fpga_0) and mlp_system_i/mlp_axi_wrapper_0/U0/mlp_inst/l1_mult_reg[39]/B[3] (clocked by clk_fpga_0). Large setup violations at the end of those stages might be difficult to fix during the post-placement implementation flow and could be the result of non-optimal XDC constraints or non-optimal design architecture
Related violations: <none>

TIMING-16#514 Warning
Large setup violation  
There is a large setup violation of -2.977 ns between mlp_system_i/mlp_axi_wrapper_0/U0/mlp_inst/s_cnt_reg[5]_rep__0/C (clocked by clk_fpga_0) and mlp_system_i/mlp_axi_wrapper_0/U0/mlp_inst/l1_mult_reg[39]/B[1] (clocked by clk_fpga_0). Large setup violations at the end of those stages might be difficult to fix during the post-placement implementation flow and could be the result of non-optimal XDC constraints or non-optimal design architecture
Related violations: <none>

TIMING-16#515 Warning
Large setup violation  
There is a large setup violation of -3.019 ns between mlp_system_i/mlp_axi_wrapper_0/U0/mlp_inst/s_cnt_reg[5]_rep__0/C (clocked by clk_fpga_0) and mlp_system_i/mlp_axi_wrapper_0/U0/mlp_inst/l1_mult_reg[39]/B[2] (clocked by clk_fpga_0). Large setup violations at the end of those stages might be difficult to fix during the post-placement implementation flow and could be the result of non-optimal XDC constraints or non-optimal design architecture
Related violations: <none>

TIMING-16#516 Warning
Large setup violation  
There is a large setup violation of -3.138 ns between mlp_system_i/mlp_axi_wrapper_0/U0/mlp_inst/s_cnt_reg[5]_rep__0/C (clocked by clk_fpga_0) and mlp_system_i/mlp_axi_wrapper_0/U0/mlp_inst/l1_mult_reg[39]/B[0] (clocked by clk_fpga_0). Large setup violations at the end of those stages might be difficult to fix during the post-placement implementation flow and could be the result of non-optimal XDC constraints or non-optimal design architecture
Related violations: <none>

TIMING-16#517 Warning
Large setup violation  
There is a large setup violation of -3.166 ns between mlp_system_i/mlp_axi_wrapper_0/U0/mlp_inst/s_cnt_reg[5]_rep__0/C (clocked by clk_fpga_0) and mlp_system_i/mlp_axi_wrapper_0/U0/mlp_inst/l1_mult_reg[39]/B[6] (clocked by clk_fpga_0). Large setup violations at the end of those stages might be difficult to fix during the post-placement implementation flow and could be the result of non-optimal XDC constraints or non-optimal design architecture
Related violations: <none>

TIMING-16#518 Warning
Large setup violation  
There is a large setup violation of -3.166 ns between mlp_system_i/mlp_axi_wrapper_0/U0/mlp_inst/s_cnt_reg[5]_rep__0/C (clocked by clk_fpga_0) and mlp_system_i/mlp_axi_wrapper_0/U0/mlp_inst/l1_mult_reg[39]/B[7] (clocked by clk_fpga_0). Large setup violations at the end of those stages might be difficult to fix during the post-placement implementation flow and could be the result of non-optimal XDC constraints or non-optimal design architecture
Related violations: <none>

TIMING-16#519 Warning
Large setup violation  
There is a large setup violation of -59.179 ns between mlp_system_i/mlp_axi_wrapper_0/U0/mlp_inst/l1_sum0/CLK (clocked by clk_fpga_0) and mlp_system_i/mlp_axi_wrapper_0/U0/mlp_inst/l1_sum_reg[8]/D (clocked by clk_fpga_0). Large setup violations at the end of those stages might be difficult to fix during the post-placement implementation flow and could be the result of non-optimal XDC constraints or non-optimal design architecture
Related violations: <none>

TIMING-16#520 Warning
Large setup violation  
There is a large setup violation of -59.372 ns between mlp_system_i/mlp_axi_wrapper_0/U0/mlp_inst/l1_sum0/CLK (clocked by clk_fpga_0) and mlp_system_i/mlp_axi_wrapper_0/U0/mlp_inst/l1_sum_reg[9]/D (clocked by clk_fpga_0). Large setup violations at the end of those stages might be difficult to fix during the post-placement implementation flow and could be the result of non-optimal XDC constraints or non-optimal design architecture
Related violations: <none>

TIMING-16#521 Warning
Large setup violation  
There is a large setup violation of -59.391 ns between mlp_system_i/mlp_axi_wrapper_0/U0/mlp_inst/l1_sum0/CLK (clocked by clk_fpga_0) and mlp_system_i/mlp_axi_wrapper_0/U0/mlp_inst/l1_sum_reg[11]/D (clocked by clk_fpga_0). Large setup violations at the end of those stages might be difficult to fix during the post-placement implementation flow and could be the result of non-optimal XDC constraints or non-optimal design architecture
Related violations: <none>

TIMING-16#522 Warning
Large setup violation  
There is a large setup violation of -59.407 ns between mlp_system_i/mlp_axi_wrapper_0/U0/mlp_inst/l1_sum0/CLK (clocked by clk_fpga_0) and mlp_system_i/mlp_axi_wrapper_0/U0/mlp_inst/l1_sum_reg[13]/D (clocked by clk_fpga_0). Large setup violations at the end of those stages might be difficult to fix during the post-placement implementation flow and could be the result of non-optimal XDC constraints or non-optimal design architecture
Related violations: <none>

TIMING-16#523 Warning
Large setup violation  
There is a large setup violation of -59.432 ns between mlp_system_i/mlp_axi_wrapper_0/U0/mlp_inst/l1_sum0/CLK (clocked by clk_fpga_0) and mlp_system_i/mlp_axi_wrapper_0/U0/mlp_inst/l1_sum_reg[10]/D (clocked by clk_fpga_0). Large setup violations at the end of those stages might be difficult to fix during the post-placement implementation flow and could be the result of non-optimal XDC constraints or non-optimal design architecture
Related violations: <none>

TIMING-16#524 Warning
Large setup violation  
There is a large setup violation of -59.481 ns between mlp_system_i/mlp_axi_wrapper_0/U0/mlp_inst/l1_sum0/CLK (clocked by clk_fpga_0) and mlp_system_i/mlp_axi_wrapper_0/U0/mlp_inst/l1_sum_reg[14]/D (clocked by clk_fpga_0). Large setup violations at the end of those stages might be difficult to fix during the post-placement implementation flow and could be the result of non-optimal XDC constraints or non-optimal design architecture
Related violations: <none>

TIMING-16#525 Warning
Large setup violation  
There is a large setup violation of -59.502 ns between mlp_system_i/mlp_axi_wrapper_0/U0/mlp_inst/l1_sum0/CLK (clocked by clk_fpga_0) and mlp_system_i/mlp_axi_wrapper_0/U0/mlp_inst/l1_sum_reg[12]/D (clocked by clk_fpga_0). Large setup violations at the end of those stages might be difficult to fix during the post-placement implementation flow and could be the result of non-optimal XDC constraints or non-optimal design architecture
Related violations: <none>

TIMING-16#526 Warning
Large setup violation  
There is a large setup violation of -59.505 ns between mlp_system_i/mlp_axi_wrapper_0/U0/mlp_inst/l1_sum0/CLK (clocked by clk_fpga_0) and mlp_system_i/mlp_axi_wrapper_0/U0/mlp_inst/l1_sum_reg[15]/D (clocked by clk_fpga_0). Large setup violations at the end of those stages might be difficult to fix during the post-placement implementation flow and could be the result of non-optimal XDC constraints or non-optimal design architecture
Related violations: <none>

TIMING-16#527 Warning
Large setup violation  
There is a large setup violation of -59.521 ns between mlp_system_i/mlp_axi_wrapper_0/U0/mlp_inst/l1_sum0/CLK (clocked by clk_fpga_0) and mlp_system_i/mlp_axi_wrapper_0/U0/mlp_inst/l1_sum_reg[17]/D (clocked by clk_fpga_0). Large setup violations at the end of those stages might be difficult to fix during the post-placement implementation flow and could be the result of non-optimal XDC constraints or non-optimal design architecture
Related violations: <none>

TIMING-16#528 Warning
Large setup violation  
There is a large setup violation of -59.595 ns between mlp_system_i/mlp_axi_wrapper_0/U0/mlp_inst/l1_sum0/CLK (clocked by clk_fpga_0) and mlp_system_i/mlp_axi_wrapper_0/U0/mlp_inst/l1_sum_reg[18]/D (clocked by clk_fpga_0). Large setup violations at the end of those stages might be difficult to fix during the post-placement implementation flow and could be the result of non-optimal XDC constraints or non-optimal design architecture
Related violations: <none>

TIMING-16#529 Warning
Large setup violation  
There is a large setup violation of -59.616 ns between mlp_system_i/mlp_axi_wrapper_0/U0/mlp_inst/l1_sum0/CLK (clocked by clk_fpga_0) and mlp_system_i/mlp_axi_wrapper_0/U0/mlp_inst/l1_sum_reg[16]/D (clocked by clk_fpga_0). Large setup violations at the end of those stages might be difficult to fix during the post-placement implementation flow and could be the result of non-optimal XDC constraints or non-optimal design architecture
Related violations: <none>

TIMING-16#530 Warning
Large setup violation  
There is a large setup violation of -59.619 ns between mlp_system_i/mlp_axi_wrapper_0/U0/mlp_inst/l1_sum0/CLK (clocked by clk_fpga_0) and mlp_system_i/mlp_axi_wrapper_0/U0/mlp_inst/l1_sum_reg[19]/D (clocked by clk_fpga_0). Large setup violations at the end of those stages might be difficult to fix during the post-placement implementation flow and could be the result of non-optimal XDC constraints or non-optimal design architecture
Related violations: <none>

TIMING-16#531 Warning
Large setup violation  
There is a large setup violation of -59.635 ns between mlp_system_i/mlp_axi_wrapper_0/U0/mlp_inst/l1_sum0/CLK (clocked by clk_fpga_0) and mlp_system_i/mlp_axi_wrapper_0/U0/mlp_inst/l1_sum_reg[21]/D (clocked by clk_fpga_0). Large setup violations at the end of those stages might be difficult to fix during the post-placement implementation flow and could be the result of non-optimal XDC constraints or non-optimal design architecture
Related violations: <none>

TIMING-16#532 Warning
Large setup violation  
There is a large setup violation of -59.709 ns between mlp_system_i/mlp_axi_wrapper_0/U0/mlp_inst/l1_sum0/CLK (clocked by clk_fpga_0) and mlp_system_i/mlp_axi_wrapper_0/U0/mlp_inst/l1_sum_reg[22]/D (clocked by clk_fpga_0). Large setup violations at the end of those stages might be difficult to fix during the post-placement implementation flow and could be the result of non-optimal XDC constraints or non-optimal design architecture
Related violations: <none>

TIMING-16#533 Warning
Large setup violation  
There is a large setup violation of -59.730 ns between mlp_system_i/mlp_axi_wrapper_0/U0/mlp_inst/l1_sum0/CLK (clocked by clk_fpga_0) and mlp_system_i/mlp_axi_wrapper_0/U0/mlp_inst/l1_sum_reg[20]/D (clocked by clk_fpga_0). Large setup violations at the end of those stages might be difficult to fix during the post-placement implementation flow and could be the result of non-optimal XDC constraints or non-optimal design architecture
Related violations: <none>

TIMING-16#534 Warning
Large setup violation  
There is a large setup violation of -59.734 ns between mlp_system_i/mlp_axi_wrapper_0/U0/mlp_inst/l1_sum0/CLK (clocked by clk_fpga_0) and mlp_system_i/mlp_axi_wrapper_0/U0/mlp_inst/l1_sum_reg[23]/D (clocked by clk_fpga_0). Large setup violations at the end of those stages might be difficult to fix during the post-placement implementation flow and could be the result of non-optimal XDC constraints or non-optimal design architecture
Related violations: <none>

TIMING-16#535 Warning
Large setup violation  
There is a large setup violation of -59.750 ns between mlp_system_i/mlp_axi_wrapper_0/U0/mlp_inst/l1_sum0/CLK (clocked by clk_fpga_0) and mlp_system_i/mlp_axi_wrapper_0/U0/mlp_inst/l1_sum_reg[25]/D (clocked by clk_fpga_0). Large setup violations at the end of those stages might be difficult to fix during the post-placement implementation flow and could be the result of non-optimal XDC constraints or non-optimal design architecture
Related violations: <none>

TIMING-16#536 Warning
Large setup violation  
There is a large setup violation of -59.824 ns between mlp_system_i/mlp_axi_wrapper_0/U0/mlp_inst/l1_sum0/CLK (clocked by clk_fpga_0) and mlp_system_i/mlp_axi_wrapper_0/U0/mlp_inst/l1_sum_reg[26]/D (clocked by clk_fpga_0). Large setup violations at the end of those stages might be difficult to fix during the post-placement implementation flow and could be the result of non-optimal XDC constraints or non-optimal design architecture
Related violations: <none>

TIMING-16#537 Warning
Large setup violation  
There is a large setup violation of -59.845 ns between mlp_system_i/mlp_axi_wrapper_0/U0/mlp_inst/l1_sum0/CLK (clocked by clk_fpga_0) and mlp_system_i/mlp_axi_wrapper_0/U0/mlp_inst/l1_sum_reg[24]/D (clocked by clk_fpga_0). Large setup violations at the end of those stages might be difficult to fix during the post-placement implementation flow and could be the result of non-optimal XDC constraints or non-optimal design architecture
Related violations: <none>

TIMING-16#538 Warning
Large setup violation  
There is a large setup violation of -59.848 ns between mlp_system_i/mlp_axi_wrapper_0/U0/mlp_inst/l1_sum0/CLK (clocked by clk_fpga_0) and mlp_system_i/mlp_axi_wrapper_0/U0/mlp_inst/l1_sum_reg[27]/D (clocked by clk_fpga_0). Large setup violations at the end of those stages might be difficult to fix during the post-placement implementation flow and could be the result of non-optimal XDC constraints or non-optimal design architecture
Related violations: <none>

TIMING-16#539 Warning
Large setup violation  
There is a large setup violation of -59.864 ns between mlp_system_i/mlp_axi_wrapper_0/U0/mlp_inst/l1_sum0/CLK (clocked by clk_fpga_0) and mlp_system_i/mlp_axi_wrapper_0/U0/mlp_inst/l1_sum_reg[29]/D (clocked by clk_fpga_0). Large setup violations at the end of those stages might be difficult to fix during the post-placement implementation flow and could be the result of non-optimal XDC constraints or non-optimal design architecture
Related violations: <none>

TIMING-16#540 Warning
Large setup violation  
There is a large setup violation of -59.938 ns between mlp_system_i/mlp_axi_wrapper_0/U0/mlp_inst/l1_sum0/CLK (clocked by clk_fpga_0) and mlp_system_i/mlp_axi_wrapper_0/U0/mlp_inst/l1_sum_reg[30]/D (clocked by clk_fpga_0). Large setup violations at the end of those stages might be difficult to fix during the post-placement implementation flow and could be the result of non-optimal XDC constraints or non-optimal design architecture
Related violations: <none>

TIMING-16#541 Warning
Large setup violation  
There is a large setup violation of -59.959 ns between mlp_system_i/mlp_axi_wrapper_0/U0/mlp_inst/l1_sum0/CLK (clocked by clk_fpga_0) and mlp_system_i/mlp_axi_wrapper_0/U0/mlp_inst/l1_sum_reg[28]/D (clocked by clk_fpga_0). Large setup violations at the end of those stages might be difficult to fix during the post-placement implementation flow and could be the result of non-optimal XDC constraints or non-optimal design architecture
Related violations: <none>

TIMING-16#542 Warning
Large setup violation  
There is a large setup violation of -59.962 ns between mlp_system_i/mlp_axi_wrapper_0/U0/mlp_inst/l1_sum0/CLK (clocked by clk_fpga_0) and mlp_system_i/mlp_axi_wrapper_0/U0/mlp_inst/l1_sum_reg[31]/D (clocked by clk_fpga_0). Large setup violations at the end of those stages might be difficult to fix during the post-placement implementation flow and could be the result of non-optimal XDC constraints or non-optimal design architecture
Related violations: <none>

TIMING-16#543 Warning
Large setup violation  
There is a large setup violation of -59.978 ns between mlp_system_i/mlp_axi_wrapper_0/U0/mlp_inst/l1_sum0/CLK (clocked by clk_fpga_0) and mlp_system_i/mlp_axi_wrapper_0/U0/mlp_inst/l1_sum_reg[33]/D (clocked by clk_fpga_0). Large setup violations at the end of those stages might be difficult to fix during the post-placement implementation flow and could be the result of non-optimal XDC constraints or non-optimal design architecture
Related violations: <none>

TIMING-16#544 Warning
Large setup violation  
There is a large setup violation of -6.625 ns between mlp_system_i/mlp_axi_wrapper_0/U0/mlp_inst/l1_sum_reg[24]/C (clocked by clk_fpga_0) and mlp_system_i/mlp_axi_wrapper_0/U0/mlp_inst/l2_sum0__12/A[0] (clocked by clk_fpga_0). Large setup violations at the end of those stages might be difficult to fix during the post-placement implementation flow and could be the result of non-optimal XDC constraints or non-optimal design architecture
Related violations: <none>

TIMING-16#545 Warning
Large setup violation  
There is a large setup violation of -6.702 ns between mlp_system_i/mlp_axi_wrapper_0/U0/mlp_inst/l1_sum_reg[24]/C (clocked by clk_fpga_0) and mlp_system_i/mlp_axi_wrapper_0/U0/mlp_inst/l2_sum0__11/A[5] (clocked by clk_fpga_0). Large setup violations at the end of those stages might be difficult to fix during the post-placement implementation flow and could be the result of non-optimal XDC constraints or non-optimal design architecture
Related violations: <none>

TIMING-16#546 Warning
Large setup violation  
There is a large setup violation of -6.717 ns between mlp_system_i/mlp_axi_wrapper_0/U0/mlp_inst/l1_sum_reg[24]/C (clocked by clk_fpga_0) and mlp_system_i/mlp_axi_wrapper_0/U0/mlp_inst/l2_sum0__13/A[5] (clocked by clk_fpga_0). Large setup violations at the end of those stages might be difficult to fix during the post-placement implementation flow and could be the result of non-optimal XDC constraints or non-optimal design architecture
Related violations: <none>

TIMING-16#547 Warning
Large setup violation  
There is a large setup violation of -6.804 ns between mlp_system_i/mlp_axi_wrapper_0/U0/mlp_inst/l1_sum_reg[24]/C (clocked by clk_fpga_0) and mlp_system_i/mlp_axi_wrapper_0/U0/mlp_inst/l2_sum0__0/A[0] (clocked by clk_fpga_0). Large setup violations at the end of those stages might be difficult to fix during the post-placement implementation flow and could be the result of non-optimal XDC constraints or non-optimal design architecture
Related violations: <none>

TIMING-16#548 Warning
Large setup violation  
There is a large setup violation of -6.805 ns between mlp_system_i/mlp_axi_wrapper_0/U0/mlp_inst/l1_sum_reg[24]/C (clocked by clk_fpga_0) and mlp_system_i/mlp_axi_wrapper_0/U0/mlp_inst/l2_sum0__1/A[0] (clocked by clk_fpga_0). Large setup violations at the end of those stages might be difficult to fix during the post-placement implementation flow and could be the result of non-optimal XDC constraints or non-optimal design architecture
Related violations: <none>

TIMING-16#549 Warning
Large setup violation  
There is a large setup violation of -6.872 ns between mlp_system_i/mlp_axi_wrapper_0/U0/mlp_inst/l1_sum_reg[24]/C (clocked by clk_fpga_0) and mlp_system_i/mlp_axi_wrapper_0/U0/mlp_inst/l2_sum0__2/A[0] (clocked by clk_fpga_0). Large setup violations at the end of those stages might be difficult to fix during the post-placement implementation flow and could be the result of non-optimal XDC constraints or non-optimal design architecture
Related violations: <none>

TIMING-16#550 Warning
Large setup violation  
There is a large setup violation of -6.907 ns between mlp_system_i/mlp_axi_wrapper_0/U0/mlp_inst/l1_sum_reg[24]/C (clocked by clk_fpga_0) and mlp_system_i/mlp_axi_wrapper_0/U0/mlp_inst/l2_sum0__15/A[5] (clocked by clk_fpga_0). Large setup violations at the end of those stages might be difficult to fix during the post-placement implementation flow and could be the result of non-optimal XDC constraints or non-optimal design architecture
Related violations: <none>

TIMING-16#551 Warning
Large setup violation  
There is a large setup violation of -6.972 ns between mlp_system_i/mlp_axi_wrapper_0/U0/mlp_inst/l1_sum_reg[24]/C (clocked by clk_fpga_0) and mlp_system_i/mlp_axi_wrapper_0/U0/mlp_inst/l2_sum0__10/A[0] (clocked by clk_fpga_0). Large setup violations at the end of those stages might be difficult to fix during the post-placement implementation flow and could be the result of non-optimal XDC constraints or non-optimal design architecture
Related violations: <none>

TIMING-16#552 Warning
Large setup violation  
There is a large setup violation of -60.052 ns between mlp_system_i/mlp_axi_wrapper_0/U0/mlp_inst/l1_sum0/CLK (clocked by clk_fpga_0) and mlp_system_i/mlp_axi_wrapper_0/U0/mlp_inst/l1_sum_reg[34]/D (clocked by clk_fpga_0). Large setup violations at the end of those stages might be difficult to fix during the post-placement implementation flow and could be the result of non-optimal XDC constraints or non-optimal design architecture
Related violations: <none>

TIMING-16#553 Warning
Large setup violation  
There is a large setup violation of -60.073 ns between mlp_system_i/mlp_axi_wrapper_0/U0/mlp_inst/l1_sum0/CLK (clocked by clk_fpga_0) and mlp_system_i/mlp_axi_wrapper_0/U0/mlp_inst/l1_sum_reg[32]/D (clocked by clk_fpga_0). Large setup violations at the end of those stages might be difficult to fix during the post-placement implementation flow and could be the result of non-optimal XDC constraints or non-optimal design architecture
Related violations: <none>

TIMING-16#554 Warning
Large setup violation  
There is a large setup violation of -60.076 ns between mlp_system_i/mlp_axi_wrapper_0/U0/mlp_inst/l1_sum0/CLK (clocked by clk_fpga_0) and mlp_system_i/mlp_axi_wrapper_0/U0/mlp_inst/l1_sum_reg[35]/D (clocked by clk_fpga_0). Large setup violations at the end of those stages might be difficult to fix during the post-placement implementation flow and could be the result of non-optimal XDC constraints or non-optimal design architecture
Related violations: <none>

TIMING-16#555 Warning
Large setup violation  
There is a large setup violation of -60.092 ns between mlp_system_i/mlp_axi_wrapper_0/U0/mlp_inst/l1_sum0/CLK (clocked by clk_fpga_0) and mlp_system_i/mlp_axi_wrapper_0/U0/mlp_inst/l1_sum_reg[37]/D (clocked by clk_fpga_0). Large setup violations at the end of those stages might be difficult to fix during the post-placement implementation flow and could be the result of non-optimal XDC constraints or non-optimal design architecture
Related violations: <none>

TIMING-16#556 Warning
Large setup violation  
There is a large setup violation of -60.166 ns between mlp_system_i/mlp_axi_wrapper_0/U0/mlp_inst/l1_sum0/CLK (clocked by clk_fpga_0) and mlp_system_i/mlp_axi_wrapper_0/U0/mlp_inst/l1_sum_reg[38]/D (clocked by clk_fpga_0). Large setup violations at the end of those stages might be difficult to fix during the post-placement implementation flow and could be the result of non-optimal XDC constraints or non-optimal design architecture
Related violations: <none>

TIMING-16#557 Warning
Large setup violation  
There is a large setup violation of -60.187 ns between mlp_system_i/mlp_axi_wrapper_0/U0/mlp_inst/l1_sum0/CLK (clocked by clk_fpga_0) and mlp_system_i/mlp_axi_wrapper_0/U0/mlp_inst/l1_sum_reg[36]/D (clocked by clk_fpga_0). Large setup violations at the end of those stages might be difficult to fix during the post-placement implementation flow and could be the result of non-optimal XDC constraints or non-optimal design architecture
Related violations: <none>

TIMING-16#558 Warning
Large setup violation  
There is a large setup violation of -60.191 ns between mlp_system_i/mlp_axi_wrapper_0/U0/mlp_inst/l1_sum0/CLK (clocked by clk_fpga_0) and mlp_system_i/mlp_axi_wrapper_0/U0/mlp_inst/l1_sum_reg[39]/D (clocked by clk_fpga_0). Large setup violations at the end of those stages might be difficult to fix during the post-placement implementation flow and could be the result of non-optimal XDC constraints or non-optimal design architecture
Related violations: <none>

TIMING-16#559 Warning
Large setup violation  
There is a large setup violation of -7.021 ns between mlp_system_i/mlp_axi_wrapper_0/U0/mlp_inst/l1_sum_reg[24]/C (clocked by clk_fpga_0) and mlp_system_i/mlp_axi_wrapper_0/U0/mlp_inst/l2_mult_reg[63]/A[0] (clocked by clk_fpga_0). Large setup violations at the end of those stages might be difficult to fix during the post-placement implementation flow and could be the result of non-optimal XDC constraints or non-optimal design architecture
Related violations: <none>

TIMING-16#560 Warning
Large setup violation  
There is a large setup violation of -7.022 ns between mlp_system_i/mlp_axi_wrapper_0/U0/mlp_inst/l1_sum_reg[24]/C (clocked by clk_fpga_0) and mlp_system_i/mlp_axi_wrapper_0/U0/mlp_inst/l2_sum0/A[0] (clocked by clk_fpga_0). Large setup violations at the end of those stages might be difficult to fix during the post-placement implementation flow and could be the result of non-optimal XDC constraints or non-optimal design architecture
Related violations: <none>

TIMING-16#561 Warning
Large setup violation  
There is a large setup violation of -7.022 ns between mlp_system_i/mlp_axi_wrapper_0/U0/mlp_inst/l1_sum_reg[24]/C (clocked by clk_fpga_0) and mlp_system_i/mlp_axi_wrapper_0/U0/mlp_inst/l2_sum0__17/A[5] (clocked by clk_fpga_0). Large setup violations at the end of those stages might be difficult to fix during the post-placement implementation flow and could be the result of non-optimal XDC constraints or non-optimal design architecture
Related violations: <none>

TIMING-16#562 Warning
Large setup violation  
There is a large setup violation of -7.032 ns between mlp_system_i/mlp_axi_wrapper_0/U0/mlp_inst/l1_sum_reg[24]/C (clocked by clk_fpga_0) and mlp_system_i/mlp_axi_wrapper_0/U0/mlp_inst/l2_sum0__3/A[14] (clocked by clk_fpga_0). Large setup violations at the end of those stages might be difficult to fix during the post-placement implementation flow and could be the result of non-optimal XDC constraints or non-optimal design architecture
Related violations: <none>

TIMING-16#563 Warning
Large setup violation  
There is a large setup violation of -7.055 ns between mlp_system_i/mlp_axi_wrapper_0/U0/mlp_inst/l1_sum_reg[24]/C (clocked by clk_fpga_0) and mlp_system_i/mlp_axi_wrapper_0/U0/mlp_inst/l2_sum0__13/A[11] (clocked by clk_fpga_0). Large setup violations at the end of those stages might be difficult to fix during the post-placement implementation flow and could be the result of non-optimal XDC constraints or non-optimal design architecture
Related violations: <none>

TIMING-16#564 Warning
Large setup violation  
There is a large setup violation of -7.059 ns between mlp_system_i/mlp_axi_wrapper_0/U0/mlp_inst/l1_sum_reg[24]/C (clocked by clk_fpga_0) and mlp_system_i/mlp_axi_wrapper_0/U0/mlp_inst/l2_sum0__3/A[13] (clocked by clk_fpga_0). Large setup violations at the end of those stages might be difficult to fix during the post-placement implementation flow and could be the result of non-optimal XDC constraints or non-optimal design architecture
Related violations: <none>

TIMING-16#565 Warning
Large setup violation  
There is a large setup violation of -7.065 ns between mlp_system_i/mlp_axi_wrapper_0/U0/mlp_inst/l1_sum_reg[24]/C (clocked by clk_fpga_0) and mlp_system_i/mlp_axi_wrapper_0/U0/mlp_inst/l2_sum0__2/A[1] (clocked by clk_fpga_0). Large setup violations at the end of those stages might be difficult to fix during the post-placement implementation flow and could be the result of non-optimal XDC constraints or non-optimal design architecture
Related violations: <none>

TIMING-16#566 Warning
Large setup violation  
There is a large setup violation of -7.082 ns between mlp_system_i/mlp_axi_wrapper_0/U0/mlp_inst/l1_sum_reg[24]/C (clocked by clk_fpga_0) and mlp_system_i/mlp_axi_wrapper_0/U0/mlp_inst/l2_sum0__2/A[11] (clocked by clk_fpga_0). Large setup violations at the end of those stages might be difficult to fix during the post-placement implementation flow and could be the result of non-optimal XDC constraints or non-optimal design architecture
Related violations: <none>

TIMING-16#567 Warning
Large setup violation  
There is a large setup violation of -7.102 ns between mlp_system_i/mlp_axi_wrapper_0/U0/mlp_inst/l1_sum_reg[24]/C (clocked by clk_fpga_0) and mlp_system_i/mlp_axi_wrapper_0/U0/mlp_inst/l2_sum0__12/A[11] (clocked by clk_fpga_0). Large setup violations at the end of those stages might be difficult to fix during the post-placement implementation flow and could be the result of non-optimal XDC constraints or non-optimal design architecture
Related violations: <none>

TIMING-16#568 Warning
Large setup violation  
There is a large setup violation of -7.114 ns between mlp_system_i/mlp_axi_wrapper_0/U0/mlp_inst/l1_sum_reg[24]/C (clocked by clk_fpga_0) and mlp_system_i/mlp_axi_wrapper_0/U0/mlp_inst/l2_sum0__11/A[13] (clocked by clk_fpga_0). Large setup violations at the end of those stages might be difficult to fix during the post-placement implementation flow and could be the result of non-optimal XDC constraints or non-optimal design architecture
Related violations: <none>

TIMING-16#569 Warning
Large setup violation  
There is a large setup violation of -7.114 ns between mlp_system_i/mlp_axi_wrapper_0/U0/mlp_inst/l1_sum_reg[24]/C (clocked by clk_fpga_0) and mlp_system_i/mlp_axi_wrapper_0/U0/mlp_inst/l2_sum0__3/A[11] (clocked by clk_fpga_0). Large setup violations at the end of those stages might be difficult to fix during the post-placement implementation flow and could be the result of non-optimal XDC constraints or non-optimal design architecture
Related violations: <none>

TIMING-16#570 Warning
Large setup violation  
There is a large setup violation of -7.136 ns between mlp_system_i/mlp_axi_wrapper_0/U0/mlp_inst/l1_sum_reg[24]/C (clocked by clk_fpga_0) and mlp_system_i/mlp_axi_wrapper_0/U0/mlp_inst/l2_sum0__2/A[9] (clocked by clk_fpga_0). Large setup violations at the end of those stages might be difficult to fix during the post-placement implementation flow and could be the result of non-optimal XDC constraints or non-optimal design architecture
Related violations: <none>

TIMING-16#571 Warning
Large setup violation  
There is a large setup violation of -7.138 ns between mlp_system_i/mlp_axi_wrapper_0/U0/mlp_inst/l1_sum_reg[24]/C (clocked by clk_fpga_0) and mlp_system_i/mlp_axi_wrapper_0/U0/mlp_inst/l2_sum0__3/A[8] (clocked by clk_fpga_0). Large setup violations at the end of those stages might be difficult to fix during the post-placement implementation flow and could be the result of non-optimal XDC constraints or non-optimal design architecture
Related violations: <none>

TIMING-16#572 Warning
Large setup violation  
There is a large setup violation of -7.142 ns between mlp_system_i/mlp_axi_wrapper_0/U0/mlp_inst/l1_sum_reg[24]/C (clocked by clk_fpga_0) and mlp_system_i/mlp_axi_wrapper_0/U0/mlp_inst/l2_sum0__3/A[4] (clocked by clk_fpga_0). Large setup violations at the end of those stages might be difficult to fix during the post-placement implementation flow and could be the result of non-optimal XDC constraints or non-optimal design architecture
Related violations: <none>

TIMING-16#573 Warning
Large setup violation  
There is a large setup violation of -7.150 ns between mlp_system_i/mlp_axi_wrapper_0/U0/mlp_inst/l1_sum_reg[24]/C (clocked by clk_fpga_0) and mlp_system_i/mlp_axi_wrapper_0/U0/mlp_inst/l2_sum0__0/A[11] (clocked by clk_fpga_0). Large setup violations at the end of those stages might be difficult to fix during the post-placement implementation flow and could be the result of non-optimal XDC constraints or non-optimal design architecture
Related violations: <none>

TIMING-16#574 Warning
Large setup violation  
There is a large setup violation of -7.151 ns between mlp_system_i/mlp_axi_wrapper_0/U0/mlp_inst/l1_sum_reg[24]/C (clocked by clk_fpga_0) and mlp_system_i/mlp_axi_wrapper_0/U0/mlp_inst/l2_sum0__1/A[11] (clocked by clk_fpga_0). Large setup violations at the end of those stages might be difficult to fix during the post-placement implementation flow and could be the result of non-optimal XDC constraints or non-optimal design architecture
Related violations: <none>

TIMING-16#575 Warning
Large setup violation  
There is a large setup violation of -7.162 ns between mlp_system_i/mlp_axi_wrapper_0/U0/mlp_inst/l1_sum_reg[24]/C (clocked by clk_fpga_0) and mlp_system_i/mlp_axi_wrapper_0/U0/mlp_inst/l2_sum0__19/A[5] (clocked by clk_fpga_0). Large setup violations at the end of those stages might be difficult to fix during the post-placement implementation flow and could be the result of non-optimal XDC constraints or non-optimal design architecture
Related violations: <none>

TIMING-16#576 Warning
Large setup violation  
There is a large setup violation of -7.168 ns between mlp_system_i/mlp_axi_wrapper_0/U0/mlp_inst/l1_sum_reg[24]/C (clocked by clk_fpga_0) and mlp_system_i/mlp_axi_wrapper_0/U0/mlp_inst/l2_sum0__11/A[8] (clocked by clk_fpga_0). Large setup violations at the end of those stages might be difficult to fix during the post-placement implementation flow and could be the result of non-optimal XDC constraints or non-optimal design architecture
Related violations: <none>

TIMING-16#577 Warning
Large setup violation  
There is a large setup violation of -7.201 ns between mlp_system_i/mlp_axi_wrapper_0/U0/mlp_inst/l1_sum_reg[24]/C (clocked by clk_fpga_0) and mlp_system_i/mlp_axi_wrapper_0/U0/mlp_inst/l2_sum0__13/A[8] (clocked by clk_fpga_0). Large setup violations at the end of those stages might be difficult to fix during the post-placement implementation flow and could be the result of non-optimal XDC constraints or non-optimal design architecture
Related violations: <none>

TIMING-16#578 Warning
Large setup violation  
There is a large setup violation of -7.204 ns between mlp_system_i/mlp_axi_wrapper_0/U0/mlp_inst/l1_sum_reg[24]/C (clocked by clk_fpga_0) and mlp_system_i/mlp_axi_wrapper_0/U0/mlp_inst/l2_sum0__0/A[8] (clocked by clk_fpga_0). Large setup violations at the end of those stages might be difficult to fix during the post-placement implementation flow and could be the result of non-optimal XDC constraints or non-optimal design architecture
Related violations: <none>

TIMING-16#579 Warning
Large setup violation  
There is a large setup violation of -7.205 ns between mlp_system_i/mlp_axi_wrapper_0/U0/mlp_inst/l1_sum_reg[24]/C (clocked by clk_fpga_0) and mlp_system_i/mlp_axi_wrapper_0/U0/mlp_inst/l2_sum0__1/A[8] (clocked by clk_fpga_0). Large setup violations at the end of those stages might be difficult to fix during the post-placement implementation flow and could be the result of non-optimal XDC constraints or non-optimal design architecture
Related violations: <none>

TIMING-16#580 Warning
Large setup violation  
There is a large setup violation of -7.227 ns between mlp_system_i/mlp_axi_wrapper_0/U0/mlp_inst/l1_sum_reg[24]/C (clocked by clk_fpga_0) and mlp_system_i/mlp_axi_wrapper_0/U0/mlp_inst/l2_sum0__2/A[12] (clocked by clk_fpga_0). Large setup violations at the end of those stages might be difficult to fix during the post-placement implementation flow and could be the result of non-optimal XDC constraints or non-optimal design architecture
Related violations: <none>

TIMING-16#581 Warning
Large setup violation  
There is a large setup violation of -7.242 ns between mlp_system_i/mlp_axi_wrapper_0/U0/mlp_inst/l1_sum_reg[24]/C (clocked by clk_fpga_0) and mlp_system_i/mlp_axi_wrapper_0/U0/mlp_inst/l2_sum0__21/A[5] (clocked by clk_fpga_0). Large setup violations at the end of those stages might be difficult to fix during the post-placement implementation flow and could be the result of non-optimal XDC constraints or non-optimal design architecture
Related violations: <none>

TIMING-16#582 Warning
Large setup violation  
There is a large setup violation of -7.250 ns between mlp_system_i/mlp_axi_wrapper_0/U0/mlp_inst/l1_sum_reg[24]/C (clocked by clk_fpga_0) and mlp_system_i/mlp_axi_wrapper_0/U0/mlp_inst/l2_sum0__11/A[14] (clocked by clk_fpga_0). Large setup violations at the end of those stages might be difficult to fix during the post-placement implementation flow and could be the result of non-optimal XDC constraints or non-optimal design architecture
Related violations: <none>

TIMING-16#583 Warning
Large setup violation  
There is a large setup violation of -7.260 ns between mlp_system_i/mlp_axi_wrapper_0/U0/mlp_inst/l1_sum_reg[24]/C (clocked by clk_fpga_0) and mlp_system_i/mlp_axi_wrapper_0/U0/mlp_inst/l2_sum0__10/A[11] (clocked by clk_fpga_0). Large setup violations at the end of those stages might be difficult to fix during the post-placement implementation flow and could be the result of non-optimal XDC constraints or non-optimal design architecture
Related violations: <none>

TIMING-16#584 Warning
Large setup violation  
There is a large setup violation of -7.263 ns between mlp_system_i/mlp_axi_wrapper_0/U0/mlp_inst/l1_sum_reg[24]/C (clocked by clk_fpga_0) and mlp_system_i/mlp_axi_wrapper_0/U0/mlp_inst/l2_sum0__2/A[3] (clocked by clk_fpga_0). Large setup violations at the end of those stages might be difficult to fix during the post-placement implementation flow and could be the result of non-optimal XDC constraints or non-optimal design architecture
Related violations: <none>

TIMING-16#585 Warning
Large setup violation  
There is a large setup violation of -7.268 ns between mlp_system_i/mlp_axi_wrapper_0/U0/mlp_inst/l1_sum_reg[24]/C (clocked by clk_fpga_0) and mlp_system_i/mlp_axi_wrapper_0/U0/mlp_inst/l2_sum0__0/A[9] (clocked by clk_fpga_0). Large setup violations at the end of those stages might be difficult to fix during the post-placement implementation flow and could be the result of non-optimal XDC constraints or non-optimal design architecture
Related violations: <none>

TIMING-16#586 Warning
Large setup violation  
There is a large setup violation of -7.269 ns between mlp_system_i/mlp_axi_wrapper_0/U0/mlp_inst/l1_sum_reg[24]/C (clocked by clk_fpga_0) and mlp_system_i/mlp_axi_wrapper_0/U0/mlp_inst/l2_sum0__1/A[9] (clocked by clk_fpga_0). Large setup violations at the end of those stages might be difficult to fix during the post-placement implementation flow and could be the result of non-optimal XDC constraints or non-optimal design architecture
Related violations: <none>

TIMING-16#587 Warning
Large setup violation  
There is a large setup violation of -7.271 ns between mlp_system_i/mlp_axi_wrapper_0/U0/mlp_inst/l1_sum_reg[24]/C (clocked by clk_fpga_0) and mlp_system_i/mlp_axi_wrapper_0/U0/mlp_inst/l2_sum0__2/A[8] (clocked by clk_fpga_0). Large setup violations at the end of those stages might be difficult to fix during the post-placement implementation flow and could be the result of non-optimal XDC constraints or non-optimal design architecture
Related violations: <none>

TIMING-16#588 Warning
Large setup violation  
There is a large setup violation of -7.276 ns between mlp_system_i/mlp_axi_wrapper_0/U0/mlp_inst/l1_sum_reg[24]/C (clocked by clk_fpga_0) and mlp_system_i/mlp_axi_wrapper_0/U0/mlp_inst/l2_sum0__0/A[12] (clocked by clk_fpga_0). Large setup violations at the end of those stages might be difficult to fix during the post-placement implementation flow and could be the result of non-optimal XDC constraints or non-optimal design architecture
Related violations: <none>

TIMING-16#589 Warning
Large setup violation  
There is a large setup violation of -7.294 ns between mlp_system_i/mlp_axi_wrapper_0/U0/mlp_inst/l1_sum_reg[24]/C (clocked by clk_fpga_0) and mlp_system_i/mlp_axi_wrapper_0/U0/mlp_inst/l2_sum0__0/A[1] (clocked by clk_fpga_0). Large setup violations at the end of those stages might be difficult to fix during the post-placement implementation flow and could be the result of non-optimal XDC constraints or non-optimal design architecture
Related violations: <none>

TIMING-16#590 Warning
Large setup violation  
There is a large setup violation of -7.295 ns between mlp_system_i/mlp_axi_wrapper_0/U0/mlp_inst/l1_sum_reg[24]/C (clocked by clk_fpga_0) and mlp_system_i/mlp_axi_wrapper_0/U0/mlp_inst/l2_sum0__1/A[1] (clocked by clk_fpga_0). Large setup violations at the end of those stages might be difficult to fix during the post-placement implementation flow and could be the result of non-optimal XDC constraints or non-optimal design architecture
Related violations: <none>

TIMING-16#591 Warning
Large setup violation  
There is a large setup violation of -7.301 ns between mlp_system_i/mlp_axi_wrapper_0/U0/mlp_inst/l1_sum_reg[24]/C (clocked by clk_fpga_0) and mlp_system_i/mlp_axi_wrapper_0/U0/mlp_inst/l2_mult_reg[63]/A[5] (clocked by clk_fpga_0). Large setup violations at the end of those stages might be difficult to fix during the post-placement implementation flow and could be the result of non-optimal XDC constraints or non-optimal design architecture
Related violations: <none>

TIMING-16#592 Warning
Large setup violation  
There is a large setup violation of -7.302 ns between mlp_system_i/mlp_axi_wrapper_0/U0/mlp_inst/l1_sum_reg[24]/C (clocked by clk_fpga_0) and mlp_system_i/mlp_axi_wrapper_0/U0/mlp_inst/l2_sum0/A[5] (clocked by clk_fpga_0). Large setup violations at the end of those stages might be difficult to fix during the post-placement implementation flow and could be the result of non-optimal XDC constraints or non-optimal design architecture
Related violations: <none>

TIMING-16#593 Warning
Large setup violation  
There is a large setup violation of -7.326 ns between mlp_system_i/mlp_axi_wrapper_0/U0/mlp_inst/l1_sum_reg[24]/C (clocked by clk_fpga_0) and mlp_system_i/mlp_axi_wrapper_0/U0/mlp_inst/l2_mult_reg[63]/A[1] (clocked by clk_fpga_0). Large setup violations at the end of those stages might be difficult to fix during the post-placement implementation flow and could be the result of non-optimal XDC constraints or non-optimal design architecture
Related violations: <none>

TIMING-16#594 Warning
Large setup violation  
There is a large setup violation of -7.327 ns between mlp_system_i/mlp_axi_wrapper_0/U0/mlp_inst/l1_sum_reg[24]/C (clocked by clk_fpga_0) and mlp_system_i/mlp_axi_wrapper_0/U0/mlp_inst/l2_sum0/A[1] (clocked by clk_fpga_0). Large setup violations at the end of those stages might be difficult to fix during the post-placement implementation flow and could be the result of non-optimal XDC constraints or non-optimal design architecture
Related violations: <none>

TIMING-16#595 Warning
Large setup violation  
There is a large setup violation of -7.330 ns between mlp_system_i/mlp_axi_wrapper_0/U0/mlp_inst/l1_sum_reg[24]/C (clocked by clk_fpga_0) and mlp_system_i/mlp_axi_wrapper_0/U0/mlp_inst/l2_sum0__0/A[3] (clocked by clk_fpga_0). Large setup violations at the end of those stages might be difficult to fix during the post-placement implementation flow and could be the result of non-optimal XDC constraints or non-optimal design architecture
Related violations: <none>

TIMING-16#596 Warning
Large setup violation  
There is a large setup violation of -7.331 ns between mlp_system_i/mlp_axi_wrapper_0/U0/mlp_inst/l1_sum_reg[24]/C (clocked by clk_fpga_0) and mlp_system_i/mlp_axi_wrapper_0/U0/mlp_inst/l2_sum0__1/A[3] (clocked by clk_fpga_0). Large setup violations at the end of those stages might be difficult to fix during the post-placement implementation flow and could be the result of non-optimal XDC constraints or non-optimal design architecture
Related violations: <none>

TIMING-16#597 Warning
Large setup violation  
There is a large setup violation of -7.332 ns between mlp_system_i/mlp_axi_wrapper_0/U0/mlp_inst/l1_sum_reg[24]/C (clocked by clk_fpga_0) and mlp_system_i/mlp_axi_wrapper_0/U0/mlp_inst/l2_mult_reg[63]/A[9] (clocked by clk_fpga_0). Large setup violations at the end of those stages might be difficult to fix during the post-placement implementation flow and could be the result of non-optimal XDC constraints or non-optimal design architecture
Related violations: <none>

TIMING-16#598 Warning
Large setup violation  
There is a large setup violation of -7.333 ns between mlp_system_i/mlp_axi_wrapper_0/U0/mlp_inst/l1_sum_reg[24]/C (clocked by clk_fpga_0) and mlp_system_i/mlp_axi_wrapper_0/U0/mlp_inst/l2_sum0/A[9] (clocked by clk_fpga_0). Large setup violations at the end of those stages might be difficult to fix during the post-placement implementation flow and could be the result of non-optimal XDC constraints or non-optimal design architecture
Related violations: <none>

TIMING-16#599 Warning
Large setup violation  
There is a large setup violation of -7.335 ns between mlp_system_i/mlp_axi_wrapper_0/U0/mlp_inst/l1_sum_reg[24]/C (clocked by clk_fpga_0) and mlp_system_i/mlp_axi_wrapper_0/U0/mlp_inst/l2_sum0__15/A[4] (clocked by clk_fpga_0). Large setup violations at the end of those stages might be difficult to fix during the post-placement implementation flow and could be the result of non-optimal XDC constraints or non-optimal design architecture
Related violations: <none>

TIMING-16#600 Warning
Large setup violation  
There is a large setup violation of -7.337 ns between mlp_system_i/mlp_axi_wrapper_0/U0/mlp_inst/l1_sum_reg[24]/C (clocked by clk_fpga_0) and mlp_system_i/mlp_axi_wrapper_0/U0/mlp_inst/l2_sum0__17/A[4] (clocked by clk_fpga_0). Large setup violations at the end of those stages might be difficult to fix during the post-placement implementation flow and could be the result of non-optimal XDC constraints or non-optimal design architecture
Related violations: <none>

TIMING-16#601 Warning
Large setup violation  
There is a large setup violation of -7.341 ns between mlp_system_i/mlp_axi_wrapper_0/U0/mlp_inst/l1_sum_reg[24]/C (clocked by clk_fpga_0) and mlp_system_i/mlp_axi_wrapper_0/U0/mlp_inst/l2_sum0__17/A[13] (clocked by clk_fpga_0). Large setup violations at the end of those stages might be difficult to fix during the post-placement implementation flow and could be the result of non-optimal XDC constraints or non-optimal design architecture
Related violations: <none>

TIMING-16#602 Warning
Large setup violation  
There is a large setup violation of -7.367 ns between mlp_system_i/mlp_axi_wrapper_0/U0/mlp_inst/l1_sum_reg[24]/C (clocked by clk_fpga_0) and mlp_system_i/mlp_axi_wrapper_0/U0/mlp_inst/l2_sum0__0/A[5] (clocked by clk_fpga_0). Large setup violations at the end of those stages might be difficult to fix during the post-placement implementation flow and could be the result of non-optimal XDC constraints or non-optimal design architecture
Related violations: <none>

TIMING-16#603 Warning
Large setup violation  
There is a large setup violation of -7.368 ns between mlp_system_i/mlp_axi_wrapper_0/U0/mlp_inst/l1_sum_reg[24]/C (clocked by clk_fpga_0) and mlp_system_i/mlp_axi_wrapper_0/U0/mlp_inst/l2_sum0__1/A[5] (clocked by clk_fpga_0). Large setup violations at the end of those stages might be difficult to fix during the post-placement implementation flow and could be the result of non-optimal XDC constraints or non-optimal design architecture
Related violations: <none>

TIMING-16#604 Warning
Large setup violation  
There is a large setup violation of -7.368 ns between mlp_system_i/mlp_axi_wrapper_0/U0/mlp_inst/l1_sum_reg[24]/C (clocked by clk_fpga_0) and mlp_system_i/mlp_axi_wrapper_0/U0/mlp_inst/l2_sum0__13/A[13] (clocked by clk_fpga_0). Large setup violations at the end of those stages might be difficult to fix during the post-placement implementation flow and could be the result of non-optimal XDC constraints or non-optimal design architecture
Related violations: <none>

TIMING-16#605 Warning
Large setup violation  
There is a large setup violation of -7.370 ns between mlp_system_i/mlp_axi_wrapper_0/U0/mlp_inst/l1_sum_reg[24]/C (clocked by clk_fpga_0) and mlp_system_i/mlp_axi_wrapper_0/U0/mlp_inst/l2_sum0__10/A[9] (clocked by clk_fpga_0). Large setup violations at the end of those stages might be difficult to fix during the post-placement implementation flow and could be the result of non-optimal XDC constraints or non-optimal design architecture
Related violations: <none>

TIMING-16#606 Warning
Large setup violation  
There is a large setup violation of -7.372 ns between mlp_system_i/mlp_axi_wrapper_0/U0/mlp_inst/l1_sum_reg[24]/C (clocked by clk_fpga_0) and mlp_system_i/mlp_axi_wrapper_0/U0/mlp_inst/l2_sum0__15/A[11] (clocked by clk_fpga_0). Large setup violations at the end of those stages might be difficult to fix during the post-placement implementation flow and could be the result of non-optimal XDC constraints or non-optimal design architecture
Related violations: <none>

TIMING-16#607 Warning
Large setup violation  
There is a large setup violation of -7.383 ns between mlp_system_i/mlp_axi_wrapper_0/U0/mlp_inst/l1_sum_reg[39]/C (clocked by clk_fpga_0) and mlp_system_i/mlp_axi_wrapper_0/U0/mlp_inst/l2_mult_reg[63]/A[25] (clocked by clk_fpga_0). Large setup violations at the end of those stages might be difficult to fix during the post-placement implementation flow and could be the result of non-optimal XDC constraints or non-optimal design architecture
Related violations: <none>

TIMING-16#608 Warning
Large setup violation  
There is a large setup violation of -7.383 ns between mlp_system_i/mlp_axi_wrapper_0/U0/mlp_inst/l1_sum_reg[39]/C (clocked by clk_fpga_0) and mlp_system_i/mlp_axi_wrapper_0/U0/mlp_inst/l2_mult_reg[63]/A[26] (clocked by clk_fpga_0). Large setup violations at the end of those stages might be difficult to fix during the post-placement implementation flow and could be the result of non-optimal XDC constraints or non-optimal design architecture
Related violations: <none>

TIMING-16#609 Warning
Large setup violation  
There is a large setup violation of -7.383 ns between mlp_system_i/mlp_axi_wrapper_0/U0/mlp_inst/l1_sum_reg[39]/C (clocked by clk_fpga_0) and mlp_system_i/mlp_axi_wrapper_0/U0/mlp_inst/l2_mult_reg[63]/A[27] (clocked by clk_fpga_0). Large setup violations at the end of those stages might be difficult to fix during the post-placement implementation flow and could be the result of non-optimal XDC constraints or non-optimal design architecture
Related violations: <none>

TIMING-16#610 Warning
Large setup violation  
There is a large setup violation of -7.385 ns between mlp_system_i/mlp_axi_wrapper_0/U0/mlp_inst/l1_sum_reg[24]/C (clocked by clk_fpga_0) and mlp_system_i/mlp_axi_wrapper_0/U0/mlp_inst/l2_sum0__15/A[8] (clocked by clk_fpga_0). Large setup violations at the end of those stages might be difficult to fix during the post-placement implementation flow and could be the result of non-optimal XDC constraints or non-optimal design architecture
Related violations: <none>

TIMING-16#611 Warning
Large setup violation  
There is a large setup violation of -7.394 ns between mlp_system_i/mlp_axi_wrapper_0/U0/mlp_inst/l1_sum_reg[24]/C (clocked by clk_fpga_0) and mlp_system_i/mlp_axi_wrapper_0/U0/mlp_inst/l2_sum0__2/A[2] (clocked by clk_fpga_0). Large setup violations at the end of those stages might be difficult to fix during the post-placement implementation flow and could be the result of non-optimal XDC constraints or non-optimal design architecture
Related violations: <none>

TIMING-16#612 Warning
Large setup violation  
There is a large setup violation of -7.395 ns between mlp_system_i/mlp_axi_wrapper_0/U0/mlp_inst/l1_sum_reg[24]/C (clocked by clk_fpga_0) and mlp_system_i/mlp_axi_wrapper_0/U0/mlp_inst/l2_mult_reg[63]/A[6] (clocked by clk_fpga_0). Large setup violations at the end of those stages might be difficult to fix during the post-placement implementation flow and could be the result of non-optimal XDC constraints or non-optimal design architecture
Related violations: <none>

TIMING-16#613 Warning
Large setup violation  
There is a large setup violation of -7.396 ns between mlp_system_i/mlp_axi_wrapper_0/U0/mlp_inst/l1_sum_reg[24]/C (clocked by clk_fpga_0) and mlp_system_i/mlp_axi_wrapper_0/U0/mlp_inst/l2_sum0/A[6] (clocked by clk_fpga_0). Large setup violations at the end of those stages might be difficult to fix during the post-placement implementation flow and could be the result of non-optimal XDC constraints or non-optimal design architecture
Related violations: <none>

TIMING-16#614 Warning
Large setup violation  
There is a large setup violation of -7.402 ns between mlp_system_i/mlp_axi_wrapper_0/U0/mlp_inst/l1_sum_reg[24]/C (clocked by clk_fpga_0) and mlp_system_i/mlp_axi_wrapper_0/U0/mlp_inst/l2_sum0__10/A[12] (clocked by clk_fpga_0). Large setup violations at the end of those stages might be difficult to fix during the post-placement implementation flow and could be the result of non-optimal XDC constraints or non-optimal design architecture
Related violations: <none>

TIMING-16#615 Warning
Large setup violation  
There is a large setup violation of -7.407 ns between mlp_system_i/mlp_axi_wrapper_0/U0/mlp_inst/l1_sum_reg[24]/C (clocked by clk_fpga_0) and mlp_system_i/mlp_axi_wrapper_0/U0/mlp_inst/l2_sum0__19/A[11] (clocked by clk_fpga_0). Large setup violations at the end of those stages might be difficult to fix during the post-placement implementation flow and could be the result of non-optimal XDC constraints or non-optimal design architecture
Related violations: <none>

TIMING-16#616 Warning
Large setup violation  
There is a large setup violation of -7.411 ns between mlp_system_i/mlp_axi_wrapper_0/U0/mlp_inst/l1_sum_reg[24]/C (clocked by clk_fpga_0) and mlp_system_i/mlp_axi_wrapper_0/U0/mlp_inst/l2_sum0__1/A[12] (clocked by clk_fpga_0). Large setup violations at the end of those stages might be difficult to fix during the post-placement implementation flow and could be the result of non-optimal XDC constraints or non-optimal design architecture
Related violations: <none>

TIMING-16#617 Warning
Large setup violation  
There is a large setup violation of -7.420 ns between mlp_system_i/mlp_axi_wrapper_0/U0/mlp_inst/l1_sum_reg[24]/C (clocked by clk_fpga_0) and mlp_system_i/mlp_axi_wrapper_0/U0/mlp_inst/l2_sum0__17/A[11] (clocked by clk_fpga_0). Large setup violations at the end of those stages might be difficult to fix during the post-placement implementation flow and could be the result of non-optimal XDC constraints or non-optimal design architecture
Related violations: <none>

TIMING-16#618 Warning
Large setup violation  
There is a large setup violation of -7.421 ns between mlp_system_i/mlp_axi_wrapper_0/U0/mlp_inst/l1_sum_reg[24]/C (clocked by clk_fpga_0) and mlp_system_i/mlp_axi_wrapper_0/U0/mlp_inst/l2_sum0__12/A[5] (clocked by clk_fpga_0). Large setup violations at the end of those stages might be difficult to fix during the post-placement implementation flow and could be the result of non-optimal XDC constraints or non-optimal design architecture
Related violations: <none>

TIMING-16#619 Warning
Large setup violation  
There is a large setup violation of -7.440 ns between mlp_system_i/mlp_axi_wrapper_0/U0/mlp_inst/l1_sum_reg[24]/C (clocked by clk_fpga_0) and mlp_system_i/mlp_axi_wrapper_0/U0/mlp_inst/l2_mult_reg[63]/A[11] (clocked by clk_fpga_0). Large setup violations at the end of those stages might be difficult to fix during the post-placement implementation flow and could be the result of non-optimal XDC constraints or non-optimal design architecture
Related violations: <none>

TIMING-16#620 Warning
Large setup violation  
There is a large setup violation of -7.441 ns between mlp_system_i/mlp_axi_wrapper_0/U0/mlp_inst/l1_sum_reg[24]/C (clocked by clk_fpga_0) and mlp_system_i/mlp_axi_wrapper_0/U0/mlp_inst/l2_sum0/A[11] (clocked by clk_fpga_0). Large setup violations at the end of those stages might be difficult to fix during the post-placement implementation flow and could be the result of non-optimal XDC constraints or non-optimal design architecture
Related violations: <none>

TIMING-16#621 Warning
Large setup violation  
There is a large setup violation of -7.445 ns between mlp_system_i/mlp_axi_wrapper_0/U0/mlp_inst/l1_sum_reg[24]/C (clocked by clk_fpga_0) and mlp_system_i/mlp_axi_wrapper_0/U0/mlp_inst/l2_sum0__3/A[2] (clocked by clk_fpga_0). Large setup violations at the end of those stages might be difficult to fix during the post-placement implementation flow and could be the result of non-optimal XDC constraints or non-optimal design architecture
Related violations: <none>

TIMING-16#622 Warning
Large setup violation  
There is a large setup violation of -7.477 ns between mlp_system_i/mlp_axi_wrapper_0/U0/mlp_inst/l1_sum_reg[24]/C (clocked by clk_fpga_0) and mlp_system_i/mlp_axi_wrapper_0/U0/mlp_inst/l2_mult_reg[63]/A[12] (clocked by clk_fpga_0). Large setup violations at the end of those stages might be difficult to fix during the post-placement implementation flow and could be the result of non-optimal XDC constraints or non-optimal design architecture
Related violations: <none>

TIMING-16#623 Warning
Large setup violation  
There is a large setup violation of -7.500 ns between mlp_system_i/mlp_axi_wrapper_0/U0/mlp_inst/l1_sum_reg[24]/C (clocked by clk_fpga_0) and mlp_system_i/mlp_axi_wrapper_0/U0/mlp_inst/l2_sum0__11/A[11] (clocked by clk_fpga_0). Large setup violations at the end of those stages might be difficult to fix during the post-placement implementation flow and could be the result of non-optimal XDC constraints or non-optimal design architecture
Related violations: <none>

TIMING-16#624 Warning
Large setup violation  
There is a large setup violation of -7.504 ns between mlp_system_i/mlp_axi_wrapper_0/U0/mlp_inst/l1_sum_reg[24]/C (clocked by clk_fpga_0) and mlp_system_i/mlp_axi_wrapper_0/U0/mlp_inst/l2_sum0__17/A[8] (clocked by clk_fpga_0). Large setup violations at the end of those stages might be difficult to fix during the post-placement implementation flow and could be the result of non-optimal XDC constraints or non-optimal design architecture
Related violations: <none>

TIMING-16#625 Warning
Large setup violation  
There is a large setup violation of -7.507 ns between mlp_system_i/mlp_axi_wrapper_0/U0/mlp_inst/l1_sum_reg[24]/C (clocked by clk_fpga_0) and mlp_system_i/mlp_axi_wrapper_0/U0/mlp_inst/l2_sum0__12/A[12] (clocked by clk_fpga_0). Large setup violations at the end of those stages might be difficult to fix during the post-placement implementation flow and could be the result of non-optimal XDC constraints or non-optimal design architecture
Related violations: <none>

TIMING-16#626 Warning
Large setup violation  
There is a large setup violation of -7.509 ns between mlp_system_i/mlp_axi_wrapper_0/U0/mlp_inst/l1_sum_reg[24]/C (clocked by clk_fpga_0) and mlp_system_i/mlp_axi_wrapper_0/U0/mlp_inst/l2_sum0__17/A[14] (clocked by clk_fpga_0). Large setup violations at the end of those stages might be difficult to fix during the post-placement implementation flow and could be the result of non-optimal XDC constraints or non-optimal design architecture
Related violations: <none>

TIMING-16#627 Warning
Large setup violation  
There is a large setup violation of -7.515 ns between mlp_system_i/mlp_axi_wrapper_0/U0/mlp_inst/l1_sum_reg[24]/C (clocked by clk_fpga_0) and mlp_system_i/mlp_axi_wrapper_0/U0/mlp_inst/l2_sum0__19/A[4] (clocked by clk_fpga_0). Large setup violations at the end of those stages might be difficult to fix during the post-placement implementation flow and could be the result of non-optimal XDC constraints or non-optimal design architecture
Related violations: <none>

TIMING-16#628 Warning
Large setup violation  
There is a large setup violation of -7.518 ns between mlp_system_i/mlp_axi_wrapper_0/U0/mlp_inst/l1_sum_reg[24]/C (clocked by clk_fpga_0) and mlp_system_i/mlp_axi_wrapper_0/U0/mlp_inst/l2_sum0__3/A[1] (clocked by clk_fpga_0). Large setup violations at the end of those stages might be difficult to fix during the post-placement implementation flow and could be the result of non-optimal XDC constraints or non-optimal design architecture
Related violations: <none>

TIMING-16#629 Warning
Large setup violation  
There is a large setup violation of -7.520 ns between mlp_system_i/mlp_axi_wrapper_0/U0/mlp_inst/l1_sum_reg[24]/C (clocked by clk_fpga_0) and mlp_system_i/mlp_axi_wrapper_0/U0/mlp_inst/l2_sum0/A[12] (clocked by clk_fpga_0). Large setup violations at the end of those stages might be difficult to fix during the post-placement implementation flow and could be the result of non-optimal XDC constraints or non-optimal design architecture
Related violations: <none>

TIMING-16#630 Warning
Large setup violation  
There is a large setup violation of -7.523 ns between mlp_system_i/mlp_axi_wrapper_0/U0/mlp_inst/l1_sum_reg[24]/C (clocked by clk_fpga_0) and mlp_system_i/mlp_axi_wrapper_0/U0/mlp_inst/l2_sum0__10/A[6] (clocked by clk_fpga_0). Large setup violations at the end of those stages might be difficult to fix during the post-placement implementation flow and could be the result of non-optimal XDC constraints or non-optimal design architecture
Related violations: <none>

TIMING-16#631 Warning
Large setup violation  
There is a large setup violation of -7.527 ns between mlp_system_i/mlp_axi_wrapper_0/U0/mlp_inst/l1_sum_reg[24]/C (clocked by clk_fpga_0) and mlp_system_i/mlp_axi_wrapper_0/U0/mlp_inst/l2_sum0__10/A[3] (clocked by clk_fpga_0). Large setup violations at the end of those stages might be difficult to fix during the post-placement implementation flow and could be the result of non-optimal XDC constraints or non-optimal design architecture
Related violations: <none>

TIMING-16#632 Warning
Large setup violation  
There is a large setup violation of -7.528 ns between mlp_system_i/mlp_axi_wrapper_0/U0/mlp_inst/l1_sum_reg[24]/C (clocked by clk_fpga_0) and mlp_system_i/mlp_axi_wrapper_0/U0/mlp_inst/l2_mult_reg[63]/A[3] (clocked by clk_fpga_0). Large setup violations at the end of those stages might be difficult to fix during the post-placement implementation flow and could be the result of non-optimal XDC constraints or non-optimal design architecture
Related violations: <none>

TIMING-16#633 Warning
Large setup violation  
There is a large setup violation of -7.529 ns between mlp_system_i/mlp_axi_wrapper_0/U0/mlp_inst/l1_sum_reg[24]/C (clocked by clk_fpga_0) and mlp_system_i/mlp_axi_wrapper_0/U0/mlp_inst/l2_sum0/A[3] (clocked by clk_fpga_0). Large setup violations at the end of those stages might be difficult to fix during the post-placement implementation flow and could be the result of non-optimal XDC constraints or non-optimal design architecture
Related violations: <none>

TIMING-16#634 Warning
Large setup violation  
There is a large setup violation of -7.532 ns between mlp_system_i/mlp_axi_wrapper_0/U0/mlp_inst/l1_sum_reg[39]/C (clocked by clk_fpga_0) and mlp_system_i/mlp_axi_wrapper_0/U0/mlp_inst/l2_mult_reg[63]/A[28] (clocked by clk_fpga_0). Large setup violations at the end of those stages might be difficult to fix during the post-placement implementation flow and could be the result of non-optimal XDC constraints or non-optimal design architecture
Related violations: <none>

TIMING-16#635 Warning
Large setup violation  
There is a large setup violation of -7.532 ns between mlp_system_i/mlp_axi_wrapper_0/U0/mlp_inst/l1_sum_reg[39]/C (clocked by clk_fpga_0) and mlp_system_i/mlp_axi_wrapper_0/U0/mlp_inst/l2_mult_reg[63]/A[29] (clocked by clk_fpga_0). Large setup violations at the end of those stages might be difficult to fix during the post-placement implementation flow and could be the result of non-optimal XDC constraints or non-optimal design architecture
Related violations: <none>

TIMING-16#636 Warning
Large setup violation  
There is a large setup violation of -7.535 ns between mlp_system_i/mlp_axi_wrapper_0/U0/mlp_inst/l1_sum_reg[24]/C (clocked by clk_fpga_0) and mlp_system_i/mlp_axi_wrapper_0/U0/mlp_inst/l2_sum0__12/A[9] (clocked by clk_fpga_0). Large setup violations at the end of those stages might be difficult to fix during the post-placement implementation flow and could be the result of non-optimal XDC constraints or non-optimal design architecture
Related violations: <none>

TIMING-16#637 Warning
Large setup violation  
There is a large setup violation of -7.547 ns between mlp_system_i/mlp_axi_wrapper_0/U0/mlp_inst/l1_sum_reg[24]/C (clocked by clk_fpga_0) and mlp_system_i/mlp_axi_wrapper_0/U0/mlp_inst/l2_mult_reg[63]/A[8] (clocked by clk_fpga_0). Large setup violations at the end of those stages might be difficult to fix during the post-placement implementation flow and could be the result of non-optimal XDC constraints or non-optimal design architecture
Related violations: <none>

TIMING-16#638 Warning
Large setup violation  
There is a large setup violation of -7.548 ns between mlp_system_i/mlp_axi_wrapper_0/U0/mlp_inst/l1_sum_reg[24]/C (clocked by clk_fpga_0) and mlp_system_i/mlp_axi_wrapper_0/U0/mlp_inst/l2_sum0/A[8] (clocked by clk_fpga_0). Large setup violations at the end of those stages might be difficult to fix during the post-placement implementation flow and could be the result of non-optimal XDC constraints or non-optimal design architecture
Related violations: <none>

TIMING-16#639 Warning
Large setup violation  
There is a large setup violation of -7.548 ns between mlp_system_i/mlp_axi_wrapper_0/U0/mlp_inst/l1_sum_reg[24]/C (clocked by clk_fpga_0) and mlp_system_i/mlp_axi_wrapper_0/U0/mlp_inst/l2_sum0__19/A[13] (clocked by clk_fpga_0). Large setup violations at the end of those stages might be difficult to fix during the post-placement implementation flow and could be the result of non-optimal XDC constraints or non-optimal design architecture
Related violations: <none>

TIMING-16#640 Warning
Large setup violation  
There is a large setup violation of -7.550 ns between mlp_system_i/mlp_axi_wrapper_0/U0/mlp_inst/l1_sum_reg[39]/C (clocked by clk_fpga_0) and mlp_system_i/mlp_axi_wrapper_0/U0/mlp_inst/l2_mult_reg[63]/A[20] (clocked by clk_fpga_0). Large setup violations at the end of those stages might be difficult to fix during the post-placement implementation flow and could be the result of non-optimal XDC constraints or non-optimal design architecture
Related violations: <none>

TIMING-16#641 Warning
Large setup violation  
There is a large setup violation of -7.550 ns between mlp_system_i/mlp_axi_wrapper_0/U0/mlp_inst/l1_sum_reg[39]/C (clocked by clk_fpga_0) and mlp_system_i/mlp_axi_wrapper_0/U0/mlp_inst/l2_mult_reg[63]/A[21] (clocked by clk_fpga_0). Large setup violations at the end of those stages might be difficult to fix during the post-placement implementation flow and could be the result of non-optimal XDC constraints or non-optimal design architecture
Related violations: <none>

TIMING-16#642 Warning
Large setup violation  
There is a large setup violation of -7.550 ns between mlp_system_i/mlp_axi_wrapper_0/U0/mlp_inst/l1_sum_reg[39]/C (clocked by clk_fpga_0) and mlp_system_i/mlp_axi_wrapper_0/U0/mlp_inst/l2_mult_reg[63]/A[22] (clocked by clk_fpga_0). Large setup violations at the end of those stages might be difficult to fix during the post-placement implementation flow and could be the result of non-optimal XDC constraints or non-optimal design architecture
Related violations: <none>

TIMING-16#643 Warning
Large setup violation  
There is a large setup violation of -7.550 ns between mlp_system_i/mlp_axi_wrapper_0/U0/mlp_inst/l1_sum_reg[39]/C (clocked by clk_fpga_0) and mlp_system_i/mlp_axi_wrapper_0/U0/mlp_inst/l2_mult_reg[63]/A[23] (clocked by clk_fpga_0). Large setup violations at the end of those stages might be difficult to fix during the post-placement implementation flow and could be the result of non-optimal XDC constraints or non-optimal design architecture
Related violations: <none>

TIMING-16#644 Warning
Large setup violation  
There is a large setup violation of -7.557 ns between mlp_system_i/mlp_axi_wrapper_0/U0/mlp_inst/l1_sum_reg[24]/C (clocked by clk_fpga_0) and mlp_system_i/mlp_axi_wrapper_0/U0/mlp_inst/l2_sum0__0/A[7] (clocked by clk_fpga_0). Large setup violations at the end of those stages might be difficult to fix during the post-placement implementation flow and could be the result of non-optimal XDC constraints or non-optimal design architecture
Related violations: <none>

TIMING-16#645 Warning
Large setup violation  
There is a large setup violation of -7.558 ns between mlp_system_i/mlp_axi_wrapper_0/U0/mlp_inst/l1_sum_reg[24]/C (clocked by clk_fpga_0) and mlp_system_i/mlp_axi_wrapper_0/U0/mlp_inst/l2_sum0__1/A[7] (clocked by clk_fpga_0). Large setup violations at the end of those stages might be difficult to fix during the post-placement implementation flow and could be the result of non-optimal XDC constraints or non-optimal design architecture
Related violations: <none>

TIMING-16#646 Warning
Large setup violation  
There is a large setup violation of -7.567 ns between mlp_system_i/mlp_axi_wrapper_0/U0/mlp_inst/l1_sum_reg[24]/C (clocked by clk_fpga_0) and mlp_system_i/mlp_axi_wrapper_0/U0/mlp_inst/l2_sum0__10/A[1] (clocked by clk_fpga_0). Large setup violations at the end of those stages might be difficult to fix during the post-placement implementation flow and could be the result of non-optimal XDC constraints or non-optimal design architecture
Related violations: <none>

TIMING-16#647 Warning
Large setup violation  
There is a large setup violation of -7.569 ns between mlp_system_i/mlp_axi_wrapper_0/U0/mlp_inst/l1_sum_reg[24]/C (clocked by clk_fpga_0) and mlp_system_i/mlp_axi_wrapper_0/U0/mlp_inst/l2_sum0__21/A[4] (clocked by clk_fpga_0). Large setup violations at the end of those stages might be difficult to fix during the post-placement implementation flow and could be the result of non-optimal XDC constraints or non-optimal design architecture
Related violations: <none>

TIMING-16#648 Warning
Large setup violation  
There is a large setup violation of -7.572 ns between mlp_system_i/mlp_axi_wrapper_0/U0/mlp_inst/l1_sum_reg[39]/C (clocked by clk_fpga_0) and mlp_system_i/mlp_axi_wrapper_0/U0/mlp_inst/l2_mult_reg[63]/A[24] (clocked by clk_fpga_0). Large setup violations at the end of those stages might be difficult to fix during the post-placement implementation flow and could be the result of non-optimal XDC constraints or non-optimal design architecture
Related violations: <none>

TIMING-16#649 Warning
Large setup violation  
There is a large setup violation of -7.576 ns between mlp_system_i/mlp_axi_wrapper_0/U0/mlp_inst/l1_sum_reg[24]/C (clocked by clk_fpga_0) and mlp_system_i/mlp_axi_wrapper_0/U0/mlp_inst/l2_mult_reg[63]/A[2] (clocked by clk_fpga_0). Large setup violations at the end of those stages might be difficult to fix during the post-placement implementation flow and could be the result of non-optimal XDC constraints or non-optimal design architecture
Related violations: <none>

TIMING-16#650 Warning
Large setup violation  
There is a large setup violation of -7.576 ns between mlp_system_i/mlp_axi_wrapper_0/U0/mlp_inst/l1_sum_reg[24]/C (clocked by clk_fpga_0) and mlp_system_i/mlp_axi_wrapper_0/U0/mlp_inst/l2_sum0__12/A[3] (clocked by clk_fpga_0). Large setup violations at the end of those stages might be difficult to fix during the post-placement implementation flow and could be the result of non-optimal XDC constraints or non-optimal design architecture
Related violations: <none>

TIMING-16#651 Warning
Large setup violation  
There is a large setup violation of -7.577 ns between mlp_system_i/mlp_axi_wrapper_0/U0/mlp_inst/l1_sum_reg[24]/C (clocked by clk_fpga_0) and mlp_system_i/mlp_axi_wrapper_0/U0/mlp_inst/l2_sum0/A[2] (clocked by clk_fpga_0). Large setup violations at the end of those stages might be difficult to fix during the post-placement implementation flow and could be the result of non-optimal XDC constraints or non-optimal design architecture
Related violations: <none>

TIMING-16#652 Warning
Large setup violation  
There is a large setup violation of -7.579 ns between mlp_system_i/mlp_axi_wrapper_0/U0/mlp_inst/l1_sum_reg[24]/C (clocked by clk_fpga_0) and mlp_system_i/mlp_axi_wrapper_0/U0/mlp_inst/l2_mult_reg[63]/A[10] (clocked by clk_fpga_0). Large setup violations at the end of those stages might be difficult to fix during the post-placement implementation flow and could be the result of non-optimal XDC constraints or non-optimal design architecture
Related violations: <none>

TIMING-16#653 Warning
Large setup violation  
There is a large setup violation of -7.580 ns between mlp_system_i/mlp_axi_wrapper_0/U0/mlp_inst/l1_sum_reg[24]/C (clocked by clk_fpga_0) and mlp_system_i/mlp_axi_wrapper_0/U0/mlp_inst/l2_sum0/A[10] (clocked by clk_fpga_0). Large setup violations at the end of those stages might be difficult to fix during the post-placement implementation flow and could be the result of non-optimal XDC constraints or non-optimal design architecture
Related violations: <none>

TIMING-16#654 Warning
Large setup violation  
There is a large setup violation of -7.589 ns between mlp_system_i/mlp_axi_wrapper_0/U0/mlp_inst/l1_sum_reg[24]/C (clocked by clk_fpga_0) and mlp_system_i/mlp_axi_wrapper_0/U0/mlp_inst/l2_sum0__12/A[6] (clocked by clk_fpga_0). Large setup violations at the end of those stages might be difficult to fix during the post-placement implementation flow and could be the result of non-optimal XDC constraints or non-optimal design architecture
Related violations: <none>

TIMING-16#655 Warning
Large setup violation  
There is a large setup violation of -7.600 ns between mlp_system_i/mlp_axi_wrapper_0/U0/mlp_inst/l1_sum_reg[24]/C (clocked by clk_fpga_0) and mlp_system_i/mlp_axi_wrapper_0/U0/mlp_inst/l2_sum0__3/A[9] (clocked by clk_fpga_0). Large setup violations at the end of those stages might be difficult to fix during the post-placement implementation flow and could be the result of non-optimal XDC constraints or non-optimal design architecture
Related violations: <none>

TIMING-16#656 Warning
Large setup violation  
There is a large setup violation of -7.601 ns between mlp_system_i/mlp_axi_wrapper_0/U0/mlp_inst/l1_sum_reg[24]/C (clocked by clk_fpga_0) and mlp_system_i/mlp_axi_wrapper_0/U0/mlp_inst/l2_sum0__15/A[14] (clocked by clk_fpga_0). Large setup violations at the end of those stages might be difficult to fix during the post-placement implementation flow and could be the result of non-optimal XDC constraints or non-optimal design architecture
Related violations: <none>

TIMING-16#657 Warning
Large setup violation  
There is a large setup violation of -7.635 ns between mlp_system_i/mlp_axi_wrapper_0/U0/mlp_inst/l1_sum_reg[24]/C (clocked by clk_fpga_0) and mlp_system_i/mlp_axi_wrapper_0/U0/mlp_inst/l2_sum0__11/A[0] (clocked by clk_fpga_0). Large setup violations at the end of those stages might be difficult to fix during the post-placement implementation flow and could be the result of non-optimal XDC constraints or non-optimal design architecture
Related violations: <none>

TIMING-16#658 Warning
Large setup violation  
There is a large setup violation of -7.652 ns between mlp_system_i/mlp_axi_wrapper_0/U0/mlp_inst/l1_sum_reg[24]/C (clocked by clk_fpga_0) and mlp_system_i/mlp_axi_wrapper_0/U0/mlp_inst/l2_sum0__11/A[9] (clocked by clk_fpga_0). Large setup violations at the end of those stages might be difficult to fix during the post-placement implementation flow and could be the result of non-optimal XDC constraints or non-optimal design architecture
Related violations: <none>

TIMING-16#659 Warning
Large setup violation  
There is a large setup violation of -7.662 ns between mlp_system_i/mlp_axi_wrapper_0/U0/mlp_inst/l1_sum_reg[24]/C (clocked by clk_fpga_0) and mlp_system_i/mlp_axi_wrapper_0/U0/mlp_inst/l2_sum0__19/A[8] (clocked by clk_fpga_0). Large setup violations at the end of those stages might be difficult to fix during the post-placement implementation flow and could be the result of non-optimal XDC constraints or non-optimal design architecture
Related violations: <none>

TIMING-16#660 Warning
Large setup violation  
There is a large setup violation of -7.664 ns between mlp_system_i/mlp_axi_wrapper_0/U0/mlp_inst/l1_sum_reg[24]/C (clocked by clk_fpga_0) and mlp_system_i/mlp_axi_wrapper_0/U0/mlp_inst/l2_sum0__2/A[14] (clocked by clk_fpga_0). Large setup violations at the end of those stages might be difficult to fix during the post-placement implementation flow and could be the result of non-optimal XDC constraints or non-optimal design architecture
Related violations: <none>

TIMING-16#661 Warning
Large setup violation  
There is a large setup violation of -7.665 ns between mlp_system_i/mlp_axi_wrapper_0/U0/mlp_inst/l1_sum_reg[24]/C (clocked by clk_fpga_0) and mlp_system_i/mlp_axi_wrapper_0/U0/mlp_inst/l2_sum0__15/A[0] (clocked by clk_fpga_0). Large setup violations at the end of those stages might be difficult to fix during the post-placement implementation flow and could be the result of non-optimal XDC constraints or non-optimal design architecture
Related violations: <none>

TIMING-16#662 Warning
Large setup violation  
There is a large setup violation of -7.666 ns between mlp_system_i/mlp_axi_wrapper_0/U0/mlp_inst/l1_sum_reg[24]/C (clocked by clk_fpga_0) and mlp_system_i/mlp_axi_wrapper_0/U0/mlp_inst/l2_sum0__15/A[9] (clocked by clk_fpga_0). Large setup violations at the end of those stages might be difficult to fix during the post-placement implementation flow and could be the result of non-optimal XDC constraints or non-optimal design architecture
Related violations: <none>

TIMING-16#663 Warning
Large setup violation  
There is a large setup violation of -7.673 ns between mlp_system_i/mlp_axi_wrapper_0/U0/mlp_inst/l1_sum_reg[24]/C (clocked by clk_fpga_0) and mlp_system_i/mlp_axi_wrapper_0/U0/mlp_inst/l2_sum0__15/A[13] (clocked by clk_fpga_0). Large setup violations at the end of those stages might be difficult to fix during the post-placement implementation flow and could be the result of non-optimal XDC constraints or non-optimal design architecture
Related violations: <none>

TIMING-16#664 Warning
Large setup violation  
There is a large setup violation of -7.691 ns between mlp_system_i/mlp_axi_wrapper_0/U0/mlp_inst/l1_sum_reg[24]/C (clocked by clk_fpga_0) and mlp_system_i/mlp_axi_wrapper_0/U0/mlp_inst/l2_sum0__3/A[0] (clocked by clk_fpga_0). Large setup violations at the end of those stages might be difficult to fix during the post-placement implementation flow and could be the result of non-optimal XDC constraints or non-optimal design architecture
Related violations: <none>

TIMING-16#665 Warning
Large setup violation  
There is a large setup violation of -7.705 ns between mlp_system_i/mlp_axi_wrapper_0/U0/mlp_inst/l1_sum_reg[24]/C (clocked by clk_fpga_0) and mlp_system_i/mlp_axi_wrapper_0/U0/mlp_inst/l2_sum0__10/A[10] (clocked by clk_fpga_0). Large setup violations at the end of those stages might be difficult to fix during the post-placement implementation flow and could be the result of non-optimal XDC constraints or non-optimal design architecture
Related violations: <none>

TIMING-16#666 Warning
Large setup violation  
There is a large setup violation of -7.705 ns between mlp_system_i/mlp_axi_wrapper_0/U0/mlp_inst/l1_sum_reg[24]/C (clocked by clk_fpga_0) and mlp_system_i/mlp_axi_wrapper_0/U0/mlp_inst/l2_sum0__10/A[7] (clocked by clk_fpga_0). Large setup violations at the end of those stages might be difficult to fix during the post-placement implementation flow and could be the result of non-optimal XDC constraints or non-optimal design architecture
Related violations: <none>

TIMING-16#667 Warning
Large setup violation  
There is a large setup violation of -7.705 ns between mlp_system_i/mlp_axi_wrapper_0/U0/mlp_inst/l1_sum_reg[24]/C (clocked by clk_fpga_0) and mlp_system_i/mlp_axi_wrapper_0/U0/mlp_inst/l2_sum0__13/A[9] (clocked by clk_fpga_0). Large setup violations at the end of those stages might be difficult to fix during the post-placement implementation flow and could be the result of non-optimal XDC constraints or non-optimal design architecture
Related violations: <none>

TIMING-16#668 Warning
Large setup violation  
There is a large setup violation of -7.715 ns between mlp_system_i/mlp_axi_wrapper_0/U0/mlp_inst/l1_sum_reg[24]/C (clocked by clk_fpga_0) and mlp_system_i/mlp_axi_wrapper_0/U0/mlp_inst/l2_sum0__12/A[10] (clocked by clk_fpga_0). Large setup violations at the end of those stages might be difficult to fix during the post-placement implementation flow and could be the result of non-optimal XDC constraints or non-optimal design architecture
Related violations: <none>

TIMING-16#669 Warning
Large setup violation  
There is a large setup violation of -7.740 ns between mlp_system_i/mlp_axi_wrapper_0/U0/mlp_inst/l1_sum_reg[24]/C (clocked by clk_fpga_0) and mlp_system_i/mlp_axi_wrapper_0/U0/mlp_inst/l2_sum0__12/A[2] (clocked by clk_fpga_0). Large setup violations at the end of those stages might be difficult to fix during the post-placement implementation flow and could be the result of non-optimal XDC constraints or non-optimal design architecture
Related violations: <none>

TIMING-16#670 Warning
Large setup violation  
There is a large setup violation of -7.744 ns between mlp_system_i/mlp_axi_wrapper_0/U0/mlp_inst/l1_sum_reg[24]/C (clocked by clk_fpga_0) and mlp_system_i/mlp_axi_wrapper_0/U0/mlp_inst/l2_sum0__11/A[1] (clocked by clk_fpga_0). Large setup violations at the end of those stages might be difficult to fix during the post-placement implementation flow and could be the result of non-optimal XDC constraints or non-optimal design architecture
Related violations: <none>

TIMING-16#671 Warning
Large setup violation  
There is a large setup violation of -7.748 ns between mlp_system_i/mlp_axi_wrapper_0/U0/mlp_inst/l1_sum_reg[39]/C (clocked by clk_fpga_0) and mlp_system_i/mlp_axi_wrapper_0/U0/mlp_inst/l2_sum0__0/A[15] (clocked by clk_fpga_0). Large setup violations at the end of those stages might be difficult to fix during the post-placement implementation flow and could be the result of non-optimal XDC constraints or non-optimal design architecture
Related violations: <none>

TIMING-16#672 Warning
Large setup violation  
There is a large setup violation of -7.756 ns between mlp_system_i/mlp_axi_wrapper_0/U0/mlp_inst/l1_sum_reg[24]/C (clocked by clk_fpga_0) and mlp_system_i/mlp_axi_wrapper_0/U0/mlp_inst/l2_sum0__12/A[1] (clocked by clk_fpga_0). Large setup violations at the end of those stages might be difficult to fix during the post-placement implementation flow and could be the result of non-optimal XDC constraints or non-optimal design architecture
Related violations: <none>

TIMING-16#673 Warning
Large setup violation  
There is a large setup violation of -7.758 ns between mlp_system_i/mlp_axi_wrapper_0/U0/mlp_inst/l1_sum_reg[24]/C (clocked by clk_fpga_0) and mlp_system_i/mlp_axi_wrapper_0/U0/mlp_inst/l2_mult_reg[63]/A[7] (clocked by clk_fpga_0). Large setup violations at the end of those stages might be difficult to fix during the post-placement implementation flow and could be the result of non-optimal XDC constraints or non-optimal design architecture
Related violations: <none>

TIMING-16#674 Warning
Large setup violation  
There is a large setup violation of -7.759 ns between mlp_system_i/mlp_axi_wrapper_0/U0/mlp_inst/l1_sum_reg[24]/C (clocked by clk_fpga_0) and mlp_system_i/mlp_axi_wrapper_0/U0/mlp_inst/l2_sum0/A[7] (clocked by clk_fpga_0). Large setup violations at the end of those stages might be difficult to fix during the post-placement implementation flow and could be the result of non-optimal XDC constraints or non-optimal design architecture
Related violations: <none>

TIMING-16#675 Warning
Large setup violation  
There is a large setup violation of -7.760 ns between mlp_system_i/mlp_axi_wrapper_0/U0/mlp_inst/l1_sum_reg[24]/C (clocked by clk_fpga_0) and mlp_system_i/mlp_axi_wrapper_0/U0/mlp_inst/l2_sum0__13/A[4] (clocked by clk_fpga_0). Large setup violations at the end of those stages might be difficult to fix during the post-placement implementation flow and could be the result of non-optimal XDC constraints or non-optimal design architecture
Related violations: <none>

TIMING-16#676 Warning
Large setup violation  
There is a large setup violation of -7.771 ns between mlp_system_i/mlp_axi_wrapper_0/U0/mlp_inst/l1_sum_reg[24]/C (clocked by clk_fpga_0) and mlp_system_i/mlp_axi_wrapper_0/U0/mlp_inst/l2_sum0__10/A[4] (clocked by clk_fpga_0). Large setup violations at the end of those stages might be difficult to fix during the post-placement implementation flow and could be the result of non-optimal XDC constraints or non-optimal design architecture
Related violations: <none>

TIMING-16#677 Warning
Large setup violation  
There is a large setup violation of -7.773 ns between mlp_system_i/mlp_axi_wrapper_0/U0/mlp_inst/l1_sum_reg[24]/C (clocked by clk_fpga_0) and mlp_system_i/mlp_axi_wrapper_0/U0/mlp_inst/l2_sum0__2/A[6] (clocked by clk_fpga_0). Large setup violations at the end of those stages might be difficult to fix during the post-placement implementation flow and could be the result of non-optimal XDC constraints or non-optimal design architecture
Related violations: <none>

TIMING-16#678 Warning
Large setup violation  
There is a large setup violation of -7.774 ns between mlp_system_i/mlp_axi_wrapper_0/U0/mlp_inst/l1_sum_reg[24]/C (clocked by clk_fpga_0) and mlp_system_i/mlp_axi_wrapper_0/U0/mlp_inst/l2_sum0__2/A[4] (clocked by clk_fpga_0). Large setup violations at the end of those stages might be difficult to fix during the post-placement implementation flow and could be the result of non-optimal XDC constraints or non-optimal design architecture
Related violations: <none>

TIMING-16#679 Warning
Large setup violation  
There is a large setup violation of -7.777 ns between mlp_system_i/mlp_axi_wrapper_0/U0/mlp_inst/l1_sum_reg[24]/C (clocked by clk_fpga_0) and mlp_system_i/mlp_axi_wrapper_0/U0/mlp_inst/l2_sum0__13/A[1] (clocked by clk_fpga_0). Large setup violations at the end of those stages might be difficult to fix during the post-placement implementation flow and could be the result of non-optimal XDC constraints or non-optimal design architecture
Related violations: <none>

TIMING-16#680 Warning
Large setup violation  
There is a large setup violation of -7.779 ns between mlp_system_i/mlp_axi_wrapper_0/U0/mlp_inst/l1_sum_reg[24]/C (clocked by clk_fpga_0) and mlp_system_i/mlp_axi_wrapper_0/U0/mlp_inst/l2_sum0__2/A[13] (clocked by clk_fpga_0). Large setup violations at the end of those stages might be difficult to fix during the post-placement implementation flow and could be the result of non-optimal XDC constraints or non-optimal design architecture
Related violations: <none>

TIMING-16#681 Warning
Large setup violation  
There is a large setup violation of -7.780 ns between mlp_system_i/mlp_axi_wrapper_0/U0/mlp_inst/l1_sum_reg[24]/C (clocked by clk_fpga_0) and mlp_system_i/mlp_axi_wrapper_0/U0/mlp_inst/l2_sum0__2/A[5] (clocked by clk_fpga_0). Large setup violations at the end of those stages might be difficult to fix during the post-placement implementation flow and could be the result of non-optimal XDC constraints or non-optimal design architecture
Related violations: <none>

TIMING-16#682 Warning
Large setup violation  
There is a large setup violation of -7.785 ns between mlp_system_i/mlp_axi_wrapper_0/U0/mlp_inst/l1_sum_reg[24]/C (clocked by clk_fpga_0) and mlp_system_i/mlp_axi_wrapper_0/U0/mlp_inst/l2_sum0__21/A[11] (clocked by clk_fpga_0). Large setup violations at the end of those stages might be difficult to fix during the post-placement implementation flow and could be the result of non-optimal XDC constraints or non-optimal design architecture
Related violations: <none>

TIMING-16#683 Warning
Large setup violation  
There is a large setup violation of -7.796 ns between mlp_system_i/mlp_axi_wrapper_0/U0/mlp_inst/l1_sum_reg[24]/C (clocked by clk_fpga_0) and mlp_system_i/mlp_axi_wrapper_0/U0/mlp_inst/l2_sum0__3/A[7] (clocked by clk_fpga_0). Large setup violations at the end of those stages might be difficult to fix during the post-placement implementation flow and could be the result of non-optimal XDC constraints or non-optimal design architecture
Related violations: <none>

TIMING-16#684 Warning
Large setup violation  
There is a large setup violation of -7.797 ns between mlp_system_i/mlp_axi_wrapper_0/U0/mlp_inst/l1_sum_reg[24]/C (clocked by clk_fpga_0) and mlp_system_i/mlp_axi_wrapper_0/U0/mlp_inst/l2_sum0__13/A[14] (clocked by clk_fpga_0). Large setup violations at the end of those stages might be difficult to fix during the post-placement implementation flow and could be the result of non-optimal XDC constraints or non-optimal design architecture
Related violations: <none>

TIMING-16#685 Warning
Large setup violation  
There is a large setup violation of -7.806 ns between mlp_system_i/mlp_axi_wrapper_0/U0/mlp_inst/l1_sum_reg[24]/C (clocked by clk_fpga_0) and mlp_system_i/mlp_axi_wrapper_0/U0/mlp_inst/l2_mult_reg[63]/A[4] (clocked by clk_fpga_0). Large setup violations at the end of those stages might be difficult to fix during the post-placement implementation flow and could be the result of non-optimal XDC constraints or non-optimal design architecture
Related violations: <none>

TIMING-16#686 Warning
Large setup violation  
There is a large setup violation of -7.807 ns between mlp_system_i/mlp_axi_wrapper_0/U0/mlp_inst/l1_sum_reg[24]/C (clocked by clk_fpga_0) and mlp_system_i/mlp_axi_wrapper_0/U0/mlp_inst/l2_sum0/A[4] (clocked by clk_fpga_0). Large setup violations at the end of those stages might be difficult to fix during the post-placement implementation flow and could be the result of non-optimal XDC constraints or non-optimal design architecture
Related violations: <none>

TIMING-16#687 Warning
Large setup violation  
There is a large setup violation of -7.818 ns between mlp_system_i/mlp_axi_wrapper_0/U0/mlp_inst/l1_sum_reg[24]/C (clocked by clk_fpga_0) and mlp_system_i/mlp_axi_wrapper_0/U0/mlp_inst/l2_sum0__11/A[2] (clocked by clk_fpga_0). Large setup violations at the end of those stages might be difficult to fix during the post-placement implementation flow and could be the result of non-optimal XDC constraints or non-optimal design architecture
Related violations: <none>

TIMING-16#688 Warning
Large setup violation  
There is a large setup violation of -7.823 ns between mlp_system_i/mlp_axi_wrapper_0/U0/mlp_inst/l1_sum_reg[24]/C (clocked by clk_fpga_0) and mlp_system_i/mlp_axi_wrapper_0/U0/mlp_inst/l2_sum0__21/A[14] (clocked by clk_fpga_0). Large setup violations at the end of those stages might be difficult to fix during the post-placement implementation flow and could be the result of non-optimal XDC constraints or non-optimal design architecture
Related violations: <none>

TIMING-16#689 Warning
Large setup violation  
There is a large setup violation of -7.831 ns between mlp_system_i/mlp_axi_wrapper_0/U0/mlp_inst/l1_sum_reg[24]/C (clocked by clk_fpga_0) and mlp_system_i/mlp_axi_wrapper_0/U0/mlp_inst/l2_sum0__0/A[2] (clocked by clk_fpga_0). Large setup violations at the end of those stages might be difficult to fix during the post-placement implementation flow and could be the result of non-optimal XDC constraints or non-optimal design architecture
Related violations: <none>

TIMING-16#690 Warning
Large setup violation  
There is a large setup violation of -7.831 ns between mlp_system_i/mlp_axi_wrapper_0/U0/mlp_inst/l1_sum_reg[24]/C (clocked by clk_fpga_0) and mlp_system_i/mlp_axi_wrapper_0/U0/mlp_inst/l2_sum0__0/A[4] (clocked by clk_fpga_0). Large setup violations at the end of those stages might be difficult to fix during the post-placement implementation flow and could be the result of non-optimal XDC constraints or non-optimal design architecture
Related violations: <none>

TIMING-16#691 Warning
Large setup violation  
There is a large setup violation of -7.832 ns between mlp_system_i/mlp_axi_wrapper_0/U0/mlp_inst/l1_sum_reg[24]/C (clocked by clk_fpga_0) and mlp_system_i/mlp_axi_wrapper_0/U0/mlp_inst/l2_sum0__1/A[2] (clocked by clk_fpga_0). Large setup violations at the end of those stages might be difficult to fix during the post-placement implementation flow and could be the result of non-optimal XDC constraints or non-optimal design architecture
Related violations: <none>

TIMING-16#692 Warning
Large setup violation  
There is a large setup violation of -7.832 ns between mlp_system_i/mlp_axi_wrapper_0/U0/mlp_inst/l1_sum_reg[24]/C (clocked by clk_fpga_0) and mlp_system_i/mlp_axi_wrapper_0/U0/mlp_inst/l2_sum0__1/A[4] (clocked by clk_fpga_0). Large setup violations at the end of those stages might be difficult to fix during the post-placement implementation flow and could be the result of non-optimal XDC constraints or non-optimal design architecture
Related violations: <none>

TIMING-16#693 Warning
Large setup violation  
There is a large setup violation of -7.833 ns between mlp_system_i/mlp_axi_wrapper_0/U0/mlp_inst/l1_sum_reg[24]/C (clocked by clk_fpga_0) and mlp_system_i/mlp_axi_wrapper_0/U0/mlp_inst/l2_sum0__17/A[0] (clocked by clk_fpga_0). Large setup violations at the end of those stages might be difficult to fix during the post-placement implementation flow and could be the result of non-optimal XDC constraints or non-optimal design architecture
Related violations: <none>

TIMING-16#694 Warning
Large setup violation  
There is a large setup violation of -7.843 ns between mlp_system_i/mlp_axi_wrapper_0/U0/mlp_inst/l1_sum_reg[24]/C (clocked by clk_fpga_0) and mlp_system_i/mlp_axi_wrapper_0/U0/mlp_inst/l2_sum0__13/A[0] (clocked by clk_fpga_0). Large setup violations at the end of those stages might be difficult to fix during the post-placement implementation flow and could be the result of non-optimal XDC constraints or non-optimal design architecture
Related violations: <none>

TIMING-16#695 Warning
Large setup violation  
There is a large setup violation of -7.855 ns between mlp_system_i/mlp_axi_wrapper_0/U0/mlp_inst/l1_sum_reg[24]/C (clocked by clk_fpga_0) and mlp_system_i/mlp_axi_wrapper_0/U0/mlp_inst/l2_sum0__0/A[14] (clocked by clk_fpga_0). Large setup violations at the end of those stages might be difficult to fix during the post-placement implementation flow and could be the result of non-optimal XDC constraints or non-optimal design architecture
Related violations: <none>

TIMING-16#696 Warning
Large setup violation  
There is a large setup violation of -7.863 ns between mlp_system_i/mlp_axi_wrapper_0/U0/mlp_inst/l1_sum_reg[24]/C (clocked by clk_fpga_0) and mlp_system_i/mlp_axi_wrapper_0/U0/mlp_inst/l2_sum0__1/A[14] (clocked by clk_fpga_0). Large setup violations at the end of those stages might be difficult to fix during the post-placement implementation flow and could be the result of non-optimal XDC constraints or non-optimal design architecture
Related violations: <none>

TIMING-16#697 Warning
Large setup violation  
There is a large setup violation of -7.872 ns between mlp_system_i/mlp_axi_wrapper_0/U0/mlp_inst/l1_sum_reg[24]/C (clocked by clk_fpga_0) and mlp_system_i/mlp_axi_wrapper_0/U0/mlp_inst/l2_sum0__10/A[14] (clocked by clk_fpga_0). Large setup violations at the end of those stages might be difficult to fix during the post-placement implementation flow and could be the result of non-optimal XDC constraints or non-optimal design architecture
Related violations: <none>

TIMING-16#698 Warning
Large setup violation  
There is a large setup violation of -7.887 ns between mlp_system_i/mlp_axi_wrapper_0/U0/mlp_inst/l1_sum_reg[24]/C (clocked by clk_fpga_0) and mlp_system_i/mlp_axi_wrapper_0/U0/mlp_inst/l2_mult_reg[63]/A[13] (clocked by clk_fpga_0). Large setup violations at the end of those stages might be difficult to fix during the post-placement implementation flow and could be the result of non-optimal XDC constraints or non-optimal design architecture
Related violations: <none>

TIMING-16#699 Warning
Large setup violation  
There is a large setup violation of -7.899 ns between mlp_system_i/mlp_axi_wrapper_0/U0/mlp_inst/l1_sum_reg[39]/C (clocked by clk_fpga_0) and mlp_system_i/mlp_axi_wrapper_0/U0/mlp_inst/l2_sum0__0/A[24] (clocked by clk_fpga_0). Large setup violations at the end of those stages might be difficult to fix during the post-placement implementation flow and could be the result of non-optimal XDC constraints or non-optimal design architecture
Related violations: <none>

TIMING-16#700 Warning
Large setup violation  
There is a large setup violation of -7.900 ns between mlp_system_i/mlp_axi_wrapper_0/U0/mlp_inst/l1_sum_reg[24]/C (clocked by clk_fpga_0) and mlp_system_i/mlp_axi_wrapper_0/U0/mlp_inst/l2_sum0/A[14] (clocked by clk_fpga_0). Large setup violations at the end of those stages might be difficult to fix during the post-placement implementation flow and could be the result of non-optimal XDC constraints or non-optimal design architecture
Related violations: <none>

TIMING-16#701 Warning
Large setup violation  
There is a large setup violation of -7.903 ns between mlp_system_i/mlp_axi_wrapper_0/U0/mlp_inst/l1_sum_reg[24]/C (clocked by clk_fpga_0) and mlp_system_i/mlp_axi_wrapper_0/U0/mlp_inst/l2_sum0__13/A[3] (clocked by clk_fpga_0). Large setup violations at the end of those stages might be difficult to fix during the post-placement implementation flow and could be the result of non-optimal XDC constraints or non-optimal design architecture
Related violations: <none>

TIMING-16#702 Warning
Large setup violation  
There is a large setup violation of -7.904 ns between mlp_system_i/mlp_axi_wrapper_0/U0/mlp_inst/l1_sum_reg[24]/C (clocked by clk_fpga_0) and mlp_system_i/mlp_axi_wrapper_0/U0/mlp_inst/l2_sum0__12/A[4] (clocked by clk_fpga_0). Large setup violations at the end of those stages might be difficult to fix during the post-placement implementation flow and could be the result of non-optimal XDC constraints or non-optimal design architecture
Related violations: <none>

TIMING-16#703 Warning
Large setup violation  
There is a large setup violation of -7.911 ns between mlp_system_i/mlp_axi_wrapper_0/U0/mlp_inst/l1_sum_reg[24]/C (clocked by clk_fpga_0) and mlp_system_i/mlp_axi_wrapper_0/U0/mlp_inst/l2_sum0__19/A[14] (clocked by clk_fpga_0). Large setup violations at the end of those stages might be difficult to fix during the post-placement implementation flow and could be the result of non-optimal XDC constraints or non-optimal design architecture
Related violations: <none>

TIMING-16#704 Warning
Large setup violation  
There is a large setup violation of -7.915 ns between mlp_system_i/mlp_axi_wrapper_0/U0/mlp_inst/l1_sum_reg[39]/C (clocked by clk_fpga_0) and mlp_system_i/mlp_axi_wrapper_0/U0/mlp_inst/l2_sum0__0/A[16] (clocked by clk_fpga_0). Large setup violations at the end of those stages might be difficult to fix during the post-placement implementation flow and could be the result of non-optimal XDC constraints or non-optimal design architecture
Related violations: <none>

TIMING-16#705 Warning
Large setup violation  
There is a large setup violation of -7.915 ns between mlp_system_i/mlp_axi_wrapper_0/U0/mlp_inst/l1_sum_reg[39]/C (clocked by clk_fpga_0) and mlp_system_i/mlp_axi_wrapper_0/U0/mlp_inst/l2_sum0__0/A[17] (clocked by clk_fpga_0). Large setup violations at the end of those stages might be difficult to fix during the post-placement implementation flow and could be the result of non-optimal XDC constraints or non-optimal design architecture
Related violations: <none>

TIMING-16#706 Warning
Large setup violation  
There is a large setup violation of -7.915 ns between mlp_system_i/mlp_axi_wrapper_0/U0/mlp_inst/l1_sum_reg[39]/C (clocked by clk_fpga_0) and mlp_system_i/mlp_axi_wrapper_0/U0/mlp_inst/l2_sum0__0/A[18] (clocked by clk_fpga_0). Large setup violations at the end of those stages might be difficult to fix during the post-placement implementation flow and could be the result of non-optimal XDC constraints or non-optimal design architecture
Related violations: <none>

TIMING-16#707 Warning
Large setup violation  
There is a large setup violation of -7.915 ns between mlp_system_i/mlp_axi_wrapper_0/U0/mlp_inst/l1_sum_reg[39]/C (clocked by clk_fpga_0) and mlp_system_i/mlp_axi_wrapper_0/U0/mlp_inst/l2_sum0__0/A[19] (clocked by clk_fpga_0). Large setup violations at the end of those stages might be difficult to fix during the post-placement implementation flow and could be the result of non-optimal XDC constraints or non-optimal design architecture
Related violations: <none>

TIMING-16#708 Warning
Large setup violation  
There is a large setup violation of -7.917 ns between mlp_system_i/mlp_axi_wrapper_0/U0/mlp_inst/l1_sum_reg[24]/C (clocked by clk_fpga_0) and mlp_system_i/mlp_axi_wrapper_0/U0/mlp_inst/l2_sum0__17/A[9] (clocked by clk_fpga_0). Large setup violations at the end of those stages might be difficult to fix during the post-placement implementation flow and could be the result of non-optimal XDC constraints or non-optimal design architecture
Related violations: <none>

TIMING-16#709 Warning
Large setup violation  
There is a large setup violation of -7.921 ns between mlp_system_i/mlp_axi_wrapper_0/U0/mlp_inst/l1_sum_reg[24]/C (clocked by clk_fpga_0) and mlp_system_i/mlp_axi_wrapper_0/U0/mlp_inst/l2_sum0__0/A[6] (clocked by clk_fpga_0). Large setup violations at the end of those stages might be difficult to fix during the post-placement implementation flow and could be the result of non-optimal XDC constraints or non-optimal design architecture
Related violations: <none>

TIMING-16#710 Warning
Large setup violation  
There is a large setup violation of -7.922 ns between mlp_system_i/mlp_axi_wrapper_0/U0/mlp_inst/l1_sum_reg[24]/C (clocked by clk_fpga_0) and mlp_system_i/mlp_axi_wrapper_0/U0/mlp_inst/l2_sum0__1/A[6] (clocked by clk_fpga_0). Large setup violations at the end of those stages might be difficult to fix during the post-placement implementation flow and could be the result of non-optimal XDC constraints or non-optimal design architecture
Related violations: <none>

TIMING-16#711 Warning
Large setup violation  
There is a large setup violation of -7.924 ns between mlp_system_i/mlp_axi_wrapper_0/U0/mlp_inst/l1_sum_reg[24]/C (clocked by clk_fpga_0) and mlp_system_i/mlp_axi_wrapper_0/U0/mlp_inst/l2_mult_reg[63]/A[14] (clocked by clk_fpga_0). Large setup violations at the end of those stages might be difficult to fix during the post-placement implementation flow and could be the result of non-optimal XDC constraints or non-optimal design architecture
Related violations: <none>

TIMING-16#712 Warning
Large setup violation  
There is a large setup violation of -7.925 ns between mlp_system_i/mlp_axi_wrapper_0/U0/mlp_inst/l1_sum_reg[24]/C (clocked by clk_fpga_0) and mlp_system_i/mlp_axi_wrapper_0/U0/mlp_inst/l2_sum0__3/A[5] (clocked by clk_fpga_0). Large setup violations at the end of those stages might be difficult to fix during the post-placement implementation flow and could be the result of non-optimal XDC constraints or non-optimal design architecture
Related violations: <none>

TIMING-16#713 Warning
Large setup violation  
There is a large setup violation of -7.938 ns between mlp_system_i/mlp_axi_wrapper_0/U0/mlp_inst/l1_sum_reg[24]/C (clocked by clk_fpga_0) and mlp_system_i/mlp_axi_wrapper_0/U0/mlp_inst/l2_sum0__15/A[1] (clocked by clk_fpga_0). Large setup violations at the end of those stages might be difficult to fix during the post-placement implementation flow and could be the result of non-optimal XDC constraints or non-optimal design architecture
Related violations: <none>

TIMING-16#714 Warning
Large setup violation  
There is a large setup violation of -7.940 ns between mlp_system_i/mlp_axi_wrapper_0/U0/mlp_inst/l1_sum_reg[24]/C (clocked by clk_fpga_0) and mlp_system_i/mlp_axi_wrapper_0/U0/mlp_inst/l2_sum0__19/A[0] (clocked by clk_fpga_0). Large setup violations at the end of those stages might be difficult to fix during the post-placement implementation flow and could be the result of non-optimal XDC constraints or non-optimal design architecture
Related violations: <none>

TIMING-16#715 Warning
Large setup violation  
There is a large setup violation of -7.944 ns between mlp_system_i/mlp_axi_wrapper_0/U0/mlp_inst/l1_sum_reg[24]/C (clocked by clk_fpga_0) and mlp_system_i/mlp_axi_wrapper_0/U0/mlp_inst/l2_sum0__21/A[13] (clocked by clk_fpga_0). Large setup violations at the end of those stages might be difficult to fix during the post-placement implementation flow and could be the result of non-optimal XDC constraints or non-optimal design architecture
Related violations: <none>

TIMING-16#716 Warning
Large setup violation  
There is a large setup violation of -7.948 ns between mlp_system_i/mlp_axi_wrapper_0/U0/mlp_inst/l1_sum_reg[24]/C (clocked by clk_fpga_0) and mlp_system_i/mlp_axi_wrapper_0/U0/mlp_inst/l2_sum0__12/A[7] (clocked by clk_fpga_0). Large setup violations at the end of those stages might be difficult to fix during the post-placement implementation flow and could be the result of non-optimal XDC constraints or non-optimal design architecture
Related violations: <none>

TIMING-16#717 Warning
Large setup violation  
There is a large setup violation of -7.951 ns between mlp_system_i/mlp_axi_wrapper_0/U0/mlp_inst/l1_sum_reg[24]/C (clocked by clk_fpga_0) and mlp_system_i/mlp_axi_wrapper_0/U0/mlp_inst/l2_sum0__21/A[8] (clocked by clk_fpga_0). Large setup violations at the end of those stages might be difficult to fix during the post-placement implementation flow and could be the result of non-optimal XDC constraints or non-optimal design architecture
Related violations: <none>

TIMING-16#718 Warning
Large setup violation  
There is a large setup violation of -7.953 ns between mlp_system_i/mlp_axi_wrapper_0/U0/mlp_inst/l1_sum_reg[24]/C (clocked by clk_fpga_0) and mlp_system_i/mlp_axi_wrapper_0/U0/mlp_inst/l2_sum0__10/A[2] (clocked by clk_fpga_0). Large setup violations at the end of those stages might be difficult to fix during the post-placement implementation flow and could be the result of non-optimal XDC constraints or non-optimal design architecture
Related violations: <none>

TIMING-16#719 Warning
Large setup violation  
There is a large setup violation of -7.964 ns between mlp_system_i/mlp_axi_wrapper_0/U0/mlp_inst/l1_sum_reg[24]/C (clocked by clk_fpga_0) and mlp_system_i/mlp_axi_wrapper_0/U0/mlp_inst/l2_sum0__1/A[13] (clocked by clk_fpga_0). Large setup violations at the end of those stages might be difficult to fix during the post-placement implementation flow and could be the result of non-optimal XDC constraints or non-optimal design architecture
Related violations: <none>

TIMING-16#720 Warning
Large setup violation  
There is a large setup violation of -7.965 ns between mlp_system_i/mlp_axi_wrapper_0/U0/mlp_inst/l1_sum_reg[24]/C (clocked by clk_fpga_0) and mlp_system_i/mlp_axi_wrapper_0/U0/mlp_inst/l2_sum0__0/A[13] (clocked by clk_fpga_0). Large setup violations at the end of those stages might be difficult to fix during the post-placement implementation flow and could be the result of non-optimal XDC constraints or non-optimal design architecture
Related violations: <none>

TIMING-16#721 Warning
Large setup violation  
There is a large setup violation of -7.966 ns between mlp_system_i/mlp_axi_wrapper_0/U0/mlp_inst/l1_sum_reg[24]/C (clocked by clk_fpga_0) and mlp_system_i/mlp_axi_wrapper_0/U0/mlp_inst/l2_sum0__2/A[10] (clocked by clk_fpga_0). Large setup violations at the end of those stages might be difficult to fix during the post-placement implementation flow and could be the result of non-optimal XDC constraints or non-optimal design architecture
Related violations: <none>

TIMING-16#722 Warning
Large setup violation  
There is a large setup violation of -7.967 ns between mlp_system_i/mlp_axi_wrapper_0/U0/mlp_inst/l1_sum_reg[24]/C (clocked by clk_fpga_0) and mlp_system_i/mlp_axi_wrapper_0/U0/mlp_inst/l2_sum0__2/A[7] (clocked by clk_fpga_0). Large setup violations at the end of those stages might be difficult to fix during the post-placement implementation flow and could be the result of non-optimal XDC constraints or non-optimal design architecture
Related violations: <none>

TIMING-16#723 Warning
Large setup violation  
There is a large setup violation of -7.991 ns between mlp_system_i/mlp_axi_wrapper_0/U0/mlp_inst/l1_sum_reg[24]/C (clocked by clk_fpga_0) and mlp_system_i/mlp_axi_wrapper_0/U0/mlp_inst/l2_sum0__11/A[6] (clocked by clk_fpga_0). Large setup violations at the end of those stages might be difficult to fix during the post-placement implementation flow and could be the result of non-optimal XDC constraints or non-optimal design architecture
Related violations: <none>

TIMING-16#724 Warning
Large setup violation  
There is a large setup violation of -7.991 ns between mlp_system_i/mlp_axi_wrapper_0/U0/mlp_inst/l1_sum_reg[39]/C (clocked by clk_fpga_0) and mlp_system_i/mlp_axi_wrapper_0/U0/mlp_inst/l2_sum0__1/A[15] (clocked by clk_fpga_0). Large setup violations at the end of those stages might be difficult to fix during the post-placement implementation flow and could be the result of non-optimal XDC constraints or non-optimal design architecture
Related violations: <none>

TIMING-16#725 Warning
Large setup violation  
There is a large setup violation of -7.996 ns between mlp_system_i/mlp_axi_wrapper_0/U0/mlp_inst/l1_sum_reg[24]/C (clocked by clk_fpga_0) and mlp_system_i/mlp_axi_wrapper_0/U0/mlp_inst/l2_sum0__12/A[14] (clocked by clk_fpga_0). Large setup violations at the end of those stages might be difficult to fix during the post-placement implementation flow and could be the result of non-optimal XDC constraints or non-optimal design architecture
Related violations: <none>

TIMING-16#726 Warning
Large setup violation  
There is a large setup violation of -7.997 ns between mlp_system_i/mlp_axi_wrapper_0/U0/mlp_inst/l1_sum_reg[24]/C (clocked by clk_fpga_0) and mlp_system_i/mlp_axi_wrapper_0/U0/mlp_inst/l2_sum0__15/A[2] (clocked by clk_fpga_0). Large setup violations at the end of those stages might be difficult to fix during the post-placement implementation flow and could be the result of non-optimal XDC constraints or non-optimal design architecture
Related violations: <none>

TIMING-16#727 Warning
Large setup violation  
There is a large setup violation of -8.000 ns between mlp_system_i/mlp_axi_wrapper_0/U0/mlp_inst/l1_sum_reg[24]/C (clocked by clk_fpga_0) and mlp_system_i/mlp_axi_wrapper_0/U0/mlp_inst/l2_sum0__10/A[13] (clocked by clk_fpga_0). Large setup violations at the end of those stages might be difficult to fix during the post-placement implementation flow and could be the result of non-optimal XDC constraints or non-optimal design architecture
Related violations: <none>

TIMING-16#728 Warning
Large setup violation  
There is a large setup violation of -8.001 ns between mlp_system_i/mlp_axi_wrapper_0/U0/mlp_inst/l1_sum_reg[24]/C (clocked by clk_fpga_0) and mlp_system_i/mlp_axi_wrapper_0/U0/mlp_inst/l2_sum0__13/A[2] (clocked by clk_fpga_0). Large setup violations at the end of those stages might be difficult to fix during the post-placement implementation flow and could be the result of non-optimal XDC constraints or non-optimal design architecture
Related violations: <none>

TIMING-16#729 Warning
Large setup violation  
There is a large setup violation of -8.017 ns between mlp_system_i/mlp_axi_wrapper_0/U0/mlp_inst/l1_sum_reg[24]/C (clocked by clk_fpga_0) and mlp_system_i/mlp_axi_wrapper_0/U0/mlp_inst/l2_sum0__17/A[1] (clocked by clk_fpga_0). Large setup violations at the end of those stages might be difficult to fix during the post-placement implementation flow and could be the result of non-optimal XDC constraints or non-optimal design architecture
Related violations: <none>

TIMING-16#730 Warning
Large setup violation  
There is a large setup violation of -8.027 ns between mlp_system_i/mlp_axi_wrapper_0/U0/mlp_inst/l1_sum_reg[24]/C (clocked by clk_fpga_0) and mlp_system_i/mlp_axi_wrapper_0/U0/mlp_inst/l2_sum0__17/A[2] (clocked by clk_fpga_0). Large setup violations at the end of those stages might be difficult to fix during the post-placement implementation flow and could be the result of non-optimal XDC constraints or non-optimal design architecture
Related violations: <none>

TIMING-16#731 Warning
Large setup violation  
There is a large setup violation of -8.033 ns between mlp_system_i/mlp_axi_wrapper_0/U0/mlp_inst/l1_sum_reg[24]/C (clocked by clk_fpga_0) and mlp_system_i/mlp_axi_wrapper_0/U0/mlp_inst/l2_sum0/A[13] (clocked by clk_fpga_0). Large setup violations at the end of those stages might be difficult to fix during the post-placement implementation flow and could be the result of non-optimal XDC constraints or non-optimal design architecture
Related violations: <none>

TIMING-16#732 Warning
Large setup violation  
There is a large setup violation of -8.039 ns between mlp_system_i/mlp_axi_wrapper_0/U0/mlp_inst/l1_sum_reg[24]/C (clocked by clk_fpga_0) and mlp_system_i/mlp_axi_wrapper_0/U0/mlp_inst/l2_sum0__12/A[13] (clocked by clk_fpga_0). Large setup violations at the end of those stages might be difficult to fix during the post-placement implementation flow and could be the result of non-optimal XDC constraints or non-optimal design architecture
Related violations: <none>

TIMING-16#733 Warning
Large setup violation  
There is a large setup violation of -8.043 ns between mlp_system_i/mlp_axi_wrapper_0/U0/mlp_inst/l1_sum_reg[24]/C (clocked by clk_fpga_0) and mlp_system_i/mlp_axi_wrapper_0/U0/mlp_inst/l2_sum0__13/A[7] (clocked by clk_fpga_0). Large setup violations at the end of those stages might be difficult to fix during the post-placement implementation flow and could be the result of non-optimal XDC constraints or non-optimal design architecture
Related violations: <none>

TIMING-16#734 Warning
Large setup violation  
There is a large setup violation of -8.043 ns between mlp_system_i/mlp_axi_wrapper_0/U0/mlp_inst/l1_sum_reg[39]/C (clocked by clk_fpga_0) and mlp_system_i/mlp_axi_wrapper_0/U0/mlp_inst/l2_sum0__1/A[26] (clocked by clk_fpga_0). Large setup violations at the end of those stages might be difficult to fix during the post-placement implementation flow and could be the result of non-optimal XDC constraints or non-optimal design architecture
Related violations: <none>

TIMING-16#735 Warning
Large setup violation  
There is a large setup violation of -8.048 ns between mlp_system_i/mlp_axi_wrapper_0/U0/mlp_inst/l1_sum_reg[39]/C (clocked by clk_fpga_0) and mlp_system_i/mlp_axi_wrapper_0/U0/mlp_inst/l2_sum0__0/A[20] (clocked by clk_fpga_0). Large setup violations at the end of those stages might be difficult to fix during the post-placement implementation flow and could be the result of non-optimal XDC constraints or non-optimal design architecture
Related violations: <none>

TIMING-16#736 Warning
Large setup violation  
There is a large setup violation of -8.048 ns between mlp_system_i/mlp_axi_wrapper_0/U0/mlp_inst/l1_sum_reg[39]/C (clocked by clk_fpga_0) and mlp_system_i/mlp_axi_wrapper_0/U0/mlp_inst/l2_sum0__0/A[21] (clocked by clk_fpga_0). Large setup violations at the end of those stages might be difficult to fix during the post-placement implementation flow and could be the result of non-optimal XDC constraints or non-optimal design architecture
Related violations: <none>

TIMING-16#737 Warning
Large setup violation  
There is a large setup violation of -8.048 ns between mlp_system_i/mlp_axi_wrapper_0/U0/mlp_inst/l1_sum_reg[39]/C (clocked by clk_fpga_0) and mlp_system_i/mlp_axi_wrapper_0/U0/mlp_inst/l2_sum0__0/A[22] (clocked by clk_fpga_0). Large setup violations at the end of those stages might be difficult to fix during the post-placement implementation flow and could be the result of non-optimal XDC constraints or non-optimal design architecture
Related violations: <none>

TIMING-16#738 Warning
Large setup violation  
There is a large setup violation of -8.051 ns between mlp_system_i/mlp_axi_wrapper_0/U0/mlp_inst/l1_sum_reg[24]/C (clocked by clk_fpga_0) and mlp_system_i/mlp_axi_wrapper_0/U0/mlp_inst/l2_sum0__15/A[3] (clocked by clk_fpga_0). Large setup violations at the end of those stages might be difficult to fix during the post-placement implementation flow and could be the result of non-optimal XDC constraints or non-optimal design architecture
Related violations: <none>

TIMING-16#739 Warning
Large setup violation  
There is a large setup violation of -8.055 ns between mlp_system_i/mlp_axi_wrapper_0/U0/mlp_inst/l1_sum_reg[24]/C (clocked by clk_fpga_0) and mlp_system_i/mlp_axi_wrapper_0/U0/mlp_inst/l2_sum0__19/A[9] (clocked by clk_fpga_0). Large setup violations at the end of those stages might be difficult to fix during the post-placement implementation flow and could be the result of non-optimal XDC constraints or non-optimal design architecture
Related violations: <none>

TIMING-16#740 Warning
Large setup violation  
There is a large setup violation of -8.055 ns between mlp_system_i/mlp_axi_wrapper_0/U0/mlp_inst/l1_sum_reg[39]/C (clocked by clk_fpga_0) and mlp_system_i/mlp_axi_wrapper_0/U0/mlp_inst/l2_sum0__1/A[28] (clocked by clk_fpga_0). Large setup violations at the end of those stages might be difficult to fix during the post-placement implementation flow and could be the result of non-optimal XDC constraints or non-optimal design architecture
Related violations: <none>

TIMING-16#741 Warning
Large setup violation  
There is a large setup violation of -8.055 ns between mlp_system_i/mlp_axi_wrapper_0/U0/mlp_inst/l1_sum_reg[39]/C (clocked by clk_fpga_0) and mlp_system_i/mlp_axi_wrapper_0/U0/mlp_inst/l2_sum0__1/A[29] (clocked by clk_fpga_0). Large setup violations at the end of those stages might be difficult to fix during the post-placement implementation flow and could be the result of non-optimal XDC constraints or non-optimal design architecture
Related violations: <none>

TIMING-16#742 Warning
Large setup violation  
There is a large setup violation of -8.066 ns between mlp_system_i/mlp_axi_wrapper_0/U0/mlp_inst/l1_sum_reg[24]/C (clocked by clk_fpga_0) and mlp_system_i/mlp_axi_wrapper_0/U0/mlp_inst/l2_sum0__11/A[3] (clocked by clk_fpga_0). Large setup violations at the end of those stages might be difficult to fix during the post-placement implementation flow and could be the result of non-optimal XDC constraints or non-optimal design architecture
Related violations: <none>

TIMING-16#743 Warning
Large setup violation  
There is a large setup violation of -8.088 ns between mlp_system_i/mlp_axi_wrapper_0/U0/mlp_inst/l1_sum_reg[24]/C (clocked by clk_fpga_0) and mlp_system_i/mlp_axi_wrapper_0/U0/mlp_inst/l2_sum0__11/A[7] (clocked by clk_fpga_0). Large setup violations at the end of those stages might be difficult to fix during the post-placement implementation flow and could be the result of non-optimal XDC constraints or non-optimal design architecture
Related violations: <none>

TIMING-16#744 Warning
Large setup violation  
There is a large setup violation of -8.113 ns between mlp_system_i/mlp_axi_wrapper_0/U0/mlp_inst/l1_sum_reg[24]/C (clocked by clk_fpga_0) and mlp_system_i/mlp_axi_wrapper_0/U0/mlp_inst/l2_sum0__0/A[10] (clocked by clk_fpga_0). Large setup violations at the end of those stages might be difficult to fix during the post-placement implementation flow and could be the result of non-optimal XDC constraints or non-optimal design architecture
Related violations: <none>

TIMING-16#745 Warning
Large setup violation  
There is a large setup violation of -8.114 ns between mlp_system_i/mlp_axi_wrapper_0/U0/mlp_inst/l1_sum_reg[24]/C (clocked by clk_fpga_0) and mlp_system_i/mlp_axi_wrapper_0/U0/mlp_inst/l2_sum0__1/A[10] (clocked by clk_fpga_0). Large setup violations at the end of those stages might be difficult to fix during the post-placement implementation flow and could be the result of non-optimal XDC constraints or non-optimal design architecture
Related violations: <none>

TIMING-16#746 Warning
Large setup violation  
There is a large setup violation of -8.138 ns between mlp_system_i/mlp_axi_wrapper_0/U0/mlp_inst/l1_sum_reg[24]/C (clocked by clk_fpga_0) and mlp_system_i/mlp_axi_wrapper_0/U0/mlp_inst/l2_sum0__21/A[0] (clocked by clk_fpga_0). Large setup violations at the end of those stages might be difficult to fix during the post-placement implementation flow and could be the result of non-optimal XDC constraints or non-optimal design architecture
Related violations: <none>

TIMING-16#747 Warning
Large setup violation  
There is a large setup violation of -8.153 ns between mlp_system_i/mlp_axi_wrapper_0/U0/mlp_inst/l1_sum_reg[39]/C (clocked by clk_fpga_0) and mlp_system_i/mlp_axi_wrapper_0/U0/mlp_inst/l2_sum0__1/A[27] (clocked by clk_fpga_0). Large setup violations at the end of those stages might be difficult to fix during the post-placement implementation flow and could be the result of non-optimal XDC constraints or non-optimal design architecture
Related violations: <none>

TIMING-16#748 Warning
Large setup violation  
There is a large setup violation of -8.162 ns between mlp_system_i/mlp_axi_wrapper_0/U0/mlp_inst/l1_sum_reg[24]/C (clocked by clk_fpga_0) and mlp_system_i/mlp_axi_wrapper_0/U0/mlp_inst/l2_sum0__19/A[1] (clocked by clk_fpga_0). Large setup violations at the end of those stages might be difficult to fix during the post-placement implementation flow and could be the result of non-optimal XDC constraints or non-optimal design architecture
Related violations: <none>

TIMING-16#749 Warning
Large setup violation  
There is a large setup violation of -8.163 ns between mlp_system_i/mlp_axi_wrapper_0/U0/mlp_inst/l1_sum_reg[24]/C (clocked by clk_fpga_0) and mlp_system_i/mlp_axi_wrapper_0/U0/mlp_inst/l2_sum0__17/A[6] (clocked by clk_fpga_0). Large setup violations at the end of those stages might be difficult to fix during the post-placement implementation flow and could be the result of non-optimal XDC constraints or non-optimal design architecture
Related violations: <none>

TIMING-16#750 Warning
Large setup violation  
There is a large setup violation of -8.165 ns between mlp_system_i/mlp_axi_wrapper_0/U0/mlp_inst/l1_sum_reg[24]/C (clocked by clk_fpga_0) and mlp_system_i/mlp_axi_wrapper_0/U0/mlp_inst/l2_sum0__23/A[6] (clocked by clk_fpga_0). Large setup violations at the end of those stages might be difficult to fix during the post-placement implementation flow and could be the result of non-optimal XDC constraints or non-optimal design architecture
Related violations: <none>

TIMING-16#751 Warning
Large setup violation  
There is a large setup violation of -8.168 ns between mlp_system_i/mlp_axi_wrapper_0/U0/mlp_inst/l1_sum_reg[24]/C (clocked by clk_fpga_0) and mlp_system_i/mlp_axi_wrapper_0/U0/mlp_inst/l2_sum0__21/A[2] (clocked by clk_fpga_0). Large setup violations at the end of those stages might be difficult to fix during the post-placement implementation flow and could be the result of non-optimal XDC constraints or non-optimal design architecture
Related violations: <none>

TIMING-16#752 Warning
Large setup violation  
There is a large setup violation of -8.180 ns between mlp_system_i/mlp_axi_wrapper_0/U0/mlp_inst/l1_sum_reg[24]/C (clocked by clk_fpga_0) and mlp_system_i/mlp_axi_wrapper_0/U0/mlp_inst/l2_sum0__20/A[28] (clocked by clk_fpga_0). Large setup violations at the end of those stages might be difficult to fix during the post-placement implementation flow and could be the result of non-optimal XDC constraints or non-optimal design architecture
Related violations: <none>

TIMING-16#753 Warning
Large setup violation  
There is a large setup violation of -8.180 ns between mlp_system_i/mlp_axi_wrapper_0/U0/mlp_inst/l1_sum_reg[24]/C (clocked by clk_fpga_0) and mlp_system_i/mlp_axi_wrapper_0/U0/mlp_inst/l2_sum0__20/A[29] (clocked by clk_fpga_0). Large setup violations at the end of those stages might be difficult to fix during the post-placement implementation flow and could be the result of non-optimal XDC constraints or non-optimal design architecture
Related violations: <none>

TIMING-16#754 Warning
Large setup violation  
There is a large setup violation of -8.181 ns between mlp_system_i/mlp_axi_wrapper_0/U0/mlp_inst/l1_sum_reg[39]/C (clocked by clk_fpga_0) and mlp_system_i/mlp_axi_wrapper_0/U0/mlp_inst/l2_sum0__1/A[16] (clocked by clk_fpga_0). Large setup violations at the end of those stages might be difficult to fix during the post-placement implementation flow and could be the result of non-optimal XDC constraints or non-optimal design architecture
Related violations: <none>

TIMING-16#755 Warning
Large setup violation  
There is a large setup violation of -8.192 ns between mlp_system_i/mlp_axi_wrapper_0/U0/mlp_inst/l1_sum_reg[24]/C (clocked by clk_fpga_0) and mlp_system_i/mlp_axi_wrapper_0/U0/mlp_inst/l2_sum0__13/A[6] (clocked by clk_fpga_0). Large setup violations at the end of those stages might be difficult to fix during the post-placement implementation flow and could be the result of non-optimal XDC constraints or non-optimal design architecture
Related violations: <none>

TIMING-16#756 Warning
Large setup violation  
There is a large setup violation of -8.194 ns between mlp_system_i/mlp_axi_wrapper_0/U0/mlp_inst/l1_sum_reg[24]/C (clocked by clk_fpga_0) and mlp_system_i/mlp_axi_wrapper_0/U0/mlp_inst/l2_sum0__10/A[5] (clocked by clk_fpga_0). Large setup violations at the end of those stages might be difficult to fix during the post-placement implementation flow and could be the result of non-optimal XDC constraints or non-optimal design architecture
Related violations: <none>

TIMING-16#757 Warning
Large setup violation  
There is a large setup violation of -8.196 ns between mlp_system_i/mlp_axi_wrapper_0/U0/mlp_inst/l1_sum_reg[24]/C (clocked by clk_fpga_0) and mlp_system_i/mlp_axi_wrapper_0/U0/mlp_inst/l2_sum0__11/A[4] (clocked by clk_fpga_0). Large setup violations at the end of those stages might be difficult to fix during the post-placement implementation flow and could be the result of non-optimal XDC constraints or non-optimal design architecture
Related violations: <none>

TIMING-16#758 Warning
Large setup violation  
There is a large setup violation of -8.200 ns between mlp_system_i/mlp_axi_wrapper_0/U0/mlp_inst/l1_sum_reg[24]/C (clocked by clk_fpga_0) and mlp_system_i/mlp_axi_wrapper_0/U0/mlp_inst/l2_sum0__21/A[6] (clocked by clk_fpga_0). Large setup violations at the end of those stages might be difficult to fix during the post-placement implementation flow and could be the result of non-optimal XDC constraints or non-optimal design architecture
Related violations: <none>

TIMING-16#759 Warning
Large setup violation  
There is a large setup violation of -8.227 ns between mlp_system_i/mlp_axi_wrapper_0/U0/mlp_inst/l1_sum_reg[39]/C (clocked by clk_fpga_0) and mlp_system_i/mlp_axi_wrapper_0/U0/mlp_inst/l2_sum0__0/A[23] (clocked by clk_fpga_0). Large setup violations at the end of those stages might be difficult to fix during the post-placement implementation flow and could be the result of non-optimal XDC constraints or non-optimal design architecture
Related violations: <none>

TIMING-16#760 Warning
Large setup violation  
There is a large setup violation of -8.228 ns between mlp_system_i/mlp_axi_wrapper_0/U0/mlp_inst/l1_sum_reg[24]/C (clocked by clk_fpga_0) and mlp_system_i/mlp_axi_wrapper_0/U0/mlp_inst/l2_sum0__25/A[6] (clocked by clk_fpga_0). Large setup violations at the end of those stages might be difficult to fix during the post-placement implementation flow and could be the result of non-optimal XDC constraints or non-optimal design architecture
Related violations: <none>

TIMING-16#761 Warning
Large setup violation  
There is a large setup violation of -8.239 ns between mlp_system_i/mlp_axi_wrapper_0/U0/mlp_inst/l1_sum_reg[24]/C (clocked by clk_fpga_0) and mlp_system_i/mlp_axi_wrapper_0/U0/mlp_inst/l2_sum0__21/A[9] (clocked by clk_fpga_0). Large setup violations at the end of those stages might be difficult to fix during the post-placement implementation flow and could be the result of non-optimal XDC constraints or non-optimal design architecture
Related violations: <none>

TIMING-16#762 Warning
Large setup violation  
There is a large setup violation of -8.249 ns between mlp_system_i/mlp_axi_wrapper_0/U0/mlp_inst/l1_sum_reg[24]/C (clocked by clk_fpga_0) and mlp_system_i/mlp_axi_wrapper_0/U0/mlp_inst/l2_sum0__17/A[7] (clocked by clk_fpga_0). Large setup violations at the end of those stages might be difficult to fix during the post-placement implementation flow and could be the result of non-optimal XDC constraints or non-optimal design architecture
Related violations: <none>

TIMING-16#763 Warning
Large setup violation  
There is a large setup violation of -8.270 ns between mlp_system_i/mlp_axi_wrapper_0/U0/mlp_inst/l1_sum_reg[24]/C (clocked by clk_fpga_0) and mlp_system_i/mlp_axi_wrapper_0/U0/mlp_inst/l2_sum0__3/A[3] (clocked by clk_fpga_0). Large setup violations at the end of those stages might be difficult to fix during the post-placement implementation flow and could be the result of non-optimal XDC constraints or non-optimal design architecture
Related violations: <none>

TIMING-16#764 Warning
Large setup violation  
There is a large setup violation of -8.271 ns between mlp_system_i/mlp_axi_wrapper_0/U0/mlp_inst/l1_sum_reg[24]/C (clocked by clk_fpga_0) and mlp_system_i/mlp_axi_wrapper_0/U0/mlp_inst/l2_sum0__21/A[1] (clocked by clk_fpga_0). Large setup violations at the end of those stages might be difficult to fix during the post-placement implementation flow and could be the result of non-optimal XDC constraints or non-optimal design architecture
Related violations: <none>

TIMING-16#765 Warning
Large setup violation  
There is a large setup violation of -8.272 ns between mlp_system_i/mlp_axi_wrapper_0/U0/mlp_inst/l1_sum_reg[24]/C (clocked by clk_fpga_0) and mlp_system_i/mlp_axi_wrapper_0/U0/mlp_inst/l2_sum0__18/A[16] (clocked by clk_fpga_0). Large setup violations at the end of those stages might be difficult to fix during the post-placement implementation flow and could be the result of non-optimal XDC constraints or non-optimal design architecture
Related violations: <none>

TIMING-16#766 Warning
Large setup violation  
There is a large setup violation of -8.272 ns between mlp_system_i/mlp_axi_wrapper_0/U0/mlp_inst/l1_sum_reg[24]/C (clocked by clk_fpga_0) and mlp_system_i/mlp_axi_wrapper_0/U0/mlp_inst/l2_sum0__18/A[17] (clocked by clk_fpga_0). Large setup violations at the end of those stages might be difficult to fix during the post-placement implementation flow and could be the result of non-optimal XDC constraints or non-optimal design architecture
Related violations: <none>

TIMING-16#767 Warning
Large setup violation  
There is a large setup violation of -8.272 ns between mlp_system_i/mlp_axi_wrapper_0/U0/mlp_inst/l1_sum_reg[24]/C (clocked by clk_fpga_0) and mlp_system_i/mlp_axi_wrapper_0/U0/mlp_inst/l2_sum0__18/A[18] (clocked by clk_fpga_0). Large setup violations at the end of those stages might be difficult to fix during the post-placement implementation flow and could be the result of non-optimal XDC constraints or non-optimal design architecture
Related violations: <none>

TIMING-16#768 Warning
Large setup violation  
There is a large setup violation of -8.272 ns between mlp_system_i/mlp_axi_wrapper_0/U0/mlp_inst/l1_sum_reg[24]/C (clocked by clk_fpga_0) and mlp_system_i/mlp_axi_wrapper_0/U0/mlp_inst/l2_sum0__18/A[19] (clocked by clk_fpga_0). Large setup violations at the end of those stages might be difficult to fix during the post-placement implementation flow and could be the result of non-optimal XDC constraints or non-optimal design architecture
Related violations: <none>

TIMING-16#769 Warning
Large setup violation  
There is a large setup violation of -8.285 ns between mlp_system_i/mlp_axi_wrapper_0/U0/mlp_inst/l1_sum_reg[24]/C (clocked by clk_fpga_0) and mlp_system_i/mlp_axi_wrapper_0/U0/mlp_inst/l2_sum0__10/A[8] (clocked by clk_fpga_0). Large setup violations at the end of those stages might be difficult to fix during the post-placement implementation flow and could be the result of non-optimal XDC constraints or non-optimal design architecture
Related violations: <none>

TIMING-16#770 Warning
Large setup violation  
There is a large setup violation of -8.285 ns between mlp_system_i/mlp_axi_wrapper_0/U0/mlp_inst/l1_sum_reg[24]/C (clocked by clk_fpga_0) and mlp_system_i/mlp_axi_wrapper_0/U0/mlp_inst/l2_sum0__19/A[2] (clocked by clk_fpga_0). Large setup violations at the end of those stages might be difficult to fix during the post-placement implementation flow and could be the result of non-optimal XDC constraints or non-optimal design architecture
Related violations: <none>

TIMING-16#771 Warning
Large setup violation  
There is a large setup violation of -8.286 ns between mlp_system_i/mlp_axi_wrapper_0/U0/mlp_inst/l1_sum_reg[24]/C (clocked by clk_fpga_0) and mlp_system_i/mlp_axi_wrapper_0/U0/mlp_inst/l2_sum0__18/A[15] (clocked by clk_fpga_0). Large setup violations at the end of those stages might be difficult to fix during the post-placement implementation flow and could be the result of non-optimal XDC constraints or non-optimal design architecture
Related violations: <none>

TIMING-16#772 Warning
Large setup violation  
There is a large setup violation of -8.290 ns between mlp_system_i/mlp_axi_wrapper_0/U0/mlp_inst/l1_sum_reg[24]/C (clocked by clk_fpga_0) and mlp_system_i/mlp_axi_wrapper_0/U0/mlp_inst/l2_sum0__19/A[7] (clocked by clk_fpga_0). Large setup violations at the end of those stages might be difficult to fix during the post-placement implementation flow and could be the result of non-optimal XDC constraints or non-optimal design architecture
Related violations: <none>

TIMING-16#773 Warning
Large setup violation  
There is a large setup violation of -8.291 ns between mlp_system_i/mlp_axi_wrapper_0/U0/mlp_inst/l1_sum_reg[24]/C (clocked by clk_fpga_0) and mlp_system_i/mlp_axi_wrapper_0/U0/mlp_inst/l2_sum0__21/A[7] (clocked by clk_fpga_0). Large setup violations at the end of those stages might be difficult to fix during the post-placement implementation flow and could be the result of non-optimal XDC constraints or non-optimal design architecture
Related violations: <none>

TIMING-16#774 Warning
Large setup violation  
There is a large setup violation of -8.296 ns between mlp_system_i/mlp_axi_wrapper_0/U0/mlp_inst/l1_sum_reg[24]/C (clocked by clk_fpga_0) and mlp_system_i/mlp_axi_wrapper_0/U0/mlp_inst/l2_sum0__23/A[7] (clocked by clk_fpga_0). Large setup violations at the end of those stages might be difficult to fix during the post-placement implementation flow and could be the result of non-optimal XDC constraints or non-optimal design architecture
Related violations: <none>

TIMING-16#775 Warning
Large setup violation  
There is a large setup violation of -8.298 ns between mlp_system_i/mlp_axi_wrapper_0/U0/mlp_inst/l1_sum_reg[24]/C (clocked by clk_fpga_0) and mlp_system_i/mlp_axi_wrapper_0/U0/mlp_inst/l2_sum0__17/A[3] (clocked by clk_fpga_0). Large setup violations at the end of those stages might be difficult to fix during the post-placement implementation flow and could be the result of non-optimal XDC constraints or non-optimal design architecture
Related violations: <none>

TIMING-16#776 Warning
Large setup violation  
There is a large setup violation of -8.311 ns between mlp_system_i/mlp_axi_wrapper_0/U0/mlp_inst/l1_sum_reg[24]/C (clocked by clk_fpga_0) and mlp_system_i/mlp_axi_wrapper_0/U0/mlp_inst/l2_sum0__19/A[6] (clocked by clk_fpga_0). Large setup violations at the end of those stages might be difficult to fix during the post-placement implementation flow and could be the result of non-optimal XDC constraints or non-optimal design architecture
Related violations: <none>

TIMING-16#777 Warning
Large setup violation  
There is a large setup violation of -8.313 ns between mlp_system_i/mlp_axi_wrapper_0/U0/mlp_inst/l1_sum_reg[24]/C (clocked by clk_fpga_0) and mlp_system_i/mlp_axi_wrapper_0/U0/mlp_inst/l2_sum0__11/A[10] (clocked by clk_fpga_0). Large setup violations at the end of those stages might be difficult to fix during the post-placement implementation flow and could be the result of non-optimal XDC constraints or non-optimal design architecture
Related violations: <none>

TIMING-16#778 Warning
Large setup violation  
There is a large setup violation of -8.319 ns between mlp_system_i/mlp_axi_wrapper_0/U0/mlp_inst/l1_sum_reg[24]/C (clocked by clk_fpga_0) and mlp_system_i/mlp_axi_wrapper_0/U0/mlp_inst/l2_sum0__12/A[8] (clocked by clk_fpga_0). Large setup violations at the end of those stages might be difficult to fix during the post-placement implementation flow and could be the result of non-optimal XDC constraints or non-optimal design architecture
Related violations: <none>

TIMING-16#779 Warning
Large setup violation  
There is a large setup violation of -8.321 ns between mlp_system_i/mlp_axi_wrapper_0/U0/mlp_inst/l1_sum_reg[24]/C (clocked by clk_fpga_0) and mlp_system_i/mlp_axi_wrapper_0/U0/mlp_inst/l2_sum0__20/A[19] (clocked by clk_fpga_0). Large setup violations at the end of those stages might be difficult to fix during the post-placement implementation flow and could be the result of non-optimal XDC constraints or non-optimal design architecture
Related violations: <none>

TIMING-16#780 Warning
Large setup violation  
There is a large setup violation of -8.325 ns between mlp_system_i/mlp_axi_wrapper_0/U0/mlp_inst/l1_sum_reg[39]/C (clocked by clk_fpga_0) and mlp_system_i/mlp_axi_wrapper_0/U0/mlp_inst/l2_sum0/A[19] (clocked by clk_fpga_0). Large setup violations at the end of those stages might be difficult to fix during the post-placement implementation flow and could be the result of non-optimal XDC constraints or non-optimal design architecture
Related violations: <none>

TIMING-16#781 Warning
Large setup violation  
There is a large setup violation of -8.328 ns between mlp_system_i/mlp_axi_wrapper_0/U0/mlp_inst/l1_sum_reg[24]/C (clocked by clk_fpga_0) and mlp_system_i/mlp_axi_wrapper_0/U0/mlp_inst/l2_sum0__20/A[16] (clocked by clk_fpga_0). Large setup violations at the end of those stages might be difficult to fix during the post-placement implementation flow and could be the result of non-optimal XDC constraints or non-optimal design architecture
Related violations: <none>

TIMING-16#782 Warning
Large setup violation  
There is a large setup violation of -8.328 ns between mlp_system_i/mlp_axi_wrapper_0/U0/mlp_inst/l1_sum_reg[24]/C (clocked by clk_fpga_0) and mlp_system_i/mlp_axi_wrapper_0/U0/mlp_inst/l2_sum0__20/A[17] (clocked by clk_fpga_0). Large setup violations at the end of those stages might be difficult to fix during the post-placement implementation flow and could be the result of non-optimal XDC constraints or non-optimal design architecture
Related violations: <none>

TIMING-16#783 Warning
Large setup violation  
There is a large setup violation of -8.328 ns between mlp_system_i/mlp_axi_wrapper_0/U0/mlp_inst/l1_sum_reg[24]/C (clocked by clk_fpga_0) and mlp_system_i/mlp_axi_wrapper_0/U0/mlp_inst/l2_sum0__20/A[18] (clocked by clk_fpga_0). Large setup violations at the end of those stages might be difficult to fix during the post-placement implementation flow and could be the result of non-optimal XDC constraints or non-optimal design architecture
Related violations: <none>

TIMING-16#784 Warning
Large setup violation  
There is a large setup violation of -8.336 ns between mlp_system_i/mlp_axi_wrapper_0/U0/mlp_inst/l1_sum_reg[39]/C (clocked by clk_fpga_0) and mlp_system_i/mlp_axi_wrapper_0/U0/mlp_inst/l2_sum0__1/A[24] (clocked by clk_fpga_0). Large setup violations at the end of those stages might be difficult to fix during the post-placement implementation flow and could be the result of non-optimal XDC constraints or non-optimal design architecture
Related violations: <none>

TIMING-16#785 Warning
Large setup violation  
There is a large setup violation of -8.338 ns between mlp_system_i/mlp_axi_wrapper_0/U0/mlp_inst/l1_sum_reg[24]/C (clocked by clk_fpga_0) and mlp_system_i/mlp_axi_wrapper_0/U0/mlp_inst/l2_sum0__20/A[25] (clocked by clk_fpga_0). Large setup violations at the end of those stages might be difficult to fix during the post-placement implementation flow and could be the result of non-optimal XDC constraints or non-optimal design architecture
Related violations: <none>

TIMING-16#786 Warning
Large setup violation  
There is a large setup violation of -8.338 ns between mlp_system_i/mlp_axi_wrapper_0/U0/mlp_inst/l1_sum_reg[24]/C (clocked by clk_fpga_0) and mlp_system_i/mlp_axi_wrapper_0/U0/mlp_inst/l2_sum0__20/A[26] (clocked by clk_fpga_0). Large setup violations at the end of those stages might be difficult to fix during the post-placement implementation flow and could be the result of non-optimal XDC constraints or non-optimal design architecture
Related violations: <none>

TIMING-16#787 Warning
Large setup violation  
There is a large setup violation of -8.338 ns between mlp_system_i/mlp_axi_wrapper_0/U0/mlp_inst/l1_sum_reg[24]/C (clocked by clk_fpga_0) and mlp_system_i/mlp_axi_wrapper_0/U0/mlp_inst/l2_sum0__20/A[27] (clocked by clk_fpga_0). Large setup violations at the end of those stages might be difficult to fix during the post-placement implementation flow and could be the result of non-optimal XDC constraints or non-optimal design architecture
Related violations: <none>

TIMING-16#788 Warning
Large setup violation  
There is a large setup violation of -8.342 ns between mlp_system_i/mlp_axi_wrapper_0/U0/mlp_inst/l1_sum_reg[39]/C (clocked by clk_fpga_0) and mlp_system_i/mlp_axi_wrapper_0/U0/mlp_inst/l2_sum0__1/A[25] (clocked by clk_fpga_0). Large setup violations at the end of those stages might be difficult to fix during the post-placement implementation flow and could be the result of non-optimal XDC constraints or non-optimal design architecture
Related violations: <none>

TIMING-16#789 Warning
Large setup violation  
There is a large setup violation of -8.356 ns between mlp_system_i/mlp_axi_wrapper_0/U0/mlp_inst/l1_sum_reg[24]/C (clocked by clk_fpga_0) and mlp_system_i/mlp_axi_wrapper_0/U0/mlp_inst/l2_sum0__27/A[7] (clocked by clk_fpga_0). Large setup violations at the end of those stages might be difficult to fix during the post-placement implementation flow and could be the result of non-optimal XDC constraints or non-optimal design architecture
Related violations: <none>

TIMING-16#790 Warning
Large setup violation  
There is a large setup violation of -8.358 ns between mlp_system_i/mlp_axi_wrapper_0/U0/mlp_inst/l1_sum_reg[24]/C (clocked by clk_fpga_0) and mlp_system_i/mlp_axi_wrapper_0/U0/mlp_inst/l2_sum0__15/A[10] (clocked by clk_fpga_0). Large setup violations at the end of those stages might be difficult to fix during the post-placement implementation flow and could be the result of non-optimal XDC constraints or non-optimal design architecture
Related violations: <none>

TIMING-16#791 Warning
Large setup violation  
There is a large setup violation of -8.366 ns between mlp_system_i/mlp_axi_wrapper_0/U0/mlp_inst/l1_sum_reg[24]/C (clocked by clk_fpga_0) and mlp_system_i/mlp_axi_wrapper_0/U0/mlp_inst/l2_sum0__15/A[6] (clocked by clk_fpga_0). Large setup violations at the end of those stages might be difficult to fix during the post-placement implementation flow and could be the result of non-optimal XDC constraints or non-optimal design architecture
Related violations: <none>

TIMING-16#792 Warning
Large setup violation  
There is a large setup violation of -8.367 ns between mlp_system_i/mlp_axi_wrapper_0/U0/mlp_inst/l1_sum_reg[24]/C (clocked by clk_fpga_0) and mlp_system_i/mlp_axi_wrapper_0/U0/mlp_inst/l2_sum0__13/A[10] (clocked by clk_fpga_0). Large setup violations at the end of those stages might be difficult to fix during the post-placement implementation flow and could be the result of non-optimal XDC constraints or non-optimal design architecture
Related violations: <none>

TIMING-16#793 Warning
Large setup violation  
There is a large setup violation of -8.377 ns between mlp_system_i/mlp_axi_wrapper_0/U0/mlp_inst/l1_sum_reg[24]/C (clocked by clk_fpga_0) and mlp_system_i/mlp_axi_wrapper_0/U0/mlp_inst/l2_sum0__17/A[10] (clocked by clk_fpga_0). Large setup violations at the end of those stages might be difficult to fix during the post-placement implementation flow and could be the result of non-optimal XDC constraints or non-optimal design architecture
Related violations: <none>

TIMING-16#794 Warning
Large setup violation  
There is a large setup violation of -8.381 ns between mlp_system_i/mlp_axi_wrapper_0/U0/mlp_inst/l1_sum_reg[39]/C (clocked by clk_fpga_0) and mlp_system_i/mlp_axi_wrapper_0/U0/mlp_inst/l2_sum0__1/A[17] (clocked by clk_fpga_0). Large setup violations at the end of those stages might be difficult to fix during the post-placement implementation flow and could be the result of non-optimal XDC constraints or non-optimal design architecture
Related violations: <none>

TIMING-16#795 Warning
Large setup violation  
There is a large setup violation of -8.390 ns between mlp_system_i/mlp_axi_wrapper_0/U0/mlp_inst/l1_sum_reg[24]/C (clocked by clk_fpga_0) and mlp_system_i/mlp_axi_wrapper_0/U0/mlp_inst/l2_sum0__3/A[10] (clocked by clk_fpga_0). Large setup violations at the end of those stages might be difficult to fix during the post-placement implementation flow and could be the result of non-optimal XDC constraints or non-optimal design architecture
Related violations: <none>

TIMING-16#796 Warning
Large setup violation  
There is a large setup violation of -8.395 ns between mlp_system_i/mlp_axi_wrapper_0/U0/mlp_inst/l1_sum_reg[24]/C (clocked by clk_fpga_0) and mlp_system_i/mlp_axi_wrapper_0/U0/mlp_inst/l2_sum0__19/A[3] (clocked by clk_fpga_0). Large setup violations at the end of those stages might be difficult to fix during the post-placement implementation flow and could be the result of non-optimal XDC constraints or non-optimal design architecture
Related violations: <none>

TIMING-16#797 Warning
Large setup violation  
There is a large setup violation of -8.418 ns between mlp_system_i/mlp_axi_wrapper_0/U0/mlp_inst/l1_sum_reg[24]/C (clocked by clk_fpga_0) and mlp_system_i/mlp_axi_wrapper_0/U0/mlp_inst/l2_sum0__15/A[7] (clocked by clk_fpga_0). Large setup violations at the end of those stages might be difficult to fix during the post-placement implementation flow and could be the result of non-optimal XDC constraints or non-optimal design architecture
Related violations: <none>

TIMING-16#798 Warning
Large setup violation  
There is a large setup violation of -8.438 ns between mlp_system_i/mlp_axi_wrapper_0/U0/mlp_inst/l1_sum_reg[24]/C (clocked by clk_fpga_0) and mlp_system_i/mlp_axi_wrapper_0/U0/mlp_inst/l2_sum0__25/A[7] (clocked by clk_fpga_0). Large setup violations at the end of those stages might be difficult to fix during the post-placement implementation flow and could be the result of non-optimal XDC constraints or non-optimal design architecture
Related violations: <none>

TIMING-16#799 Warning
Large setup violation  
There is a large setup violation of -8.455 ns between mlp_system_i/mlp_axi_wrapper_0/U0/mlp_inst/l1_sum_reg[24]/C (clocked by clk_fpga_0) and mlp_system_i/mlp_axi_wrapper_0/U0/mlp_inst/l2_sum0__16/A[0] (clocked by clk_fpga_0). Large setup violations at the end of those stages might be difficult to fix during the post-placement implementation flow and could be the result of non-optimal XDC constraints or non-optimal design architecture
Related violations: <none>

TIMING-16#800 Warning
Large setup violation  
There is a large setup violation of -8.478 ns between mlp_system_i/mlp_axi_wrapper_0/U0/mlp_inst/l1_sum_reg[24]/C (clocked by clk_fpga_0) and mlp_system_i/mlp_axi_wrapper_0/U0/mlp_inst/l2_sum0__20/A[15] (clocked by clk_fpga_0). Large setup violations at the end of those stages might be difficult to fix during the post-placement implementation flow and could be the result of non-optimal XDC constraints or non-optimal design architecture
Related violations: <none>

TIMING-16#801 Warning
Large setup violation  
There is a large setup violation of -8.486 ns between mlp_system_i/mlp_axi_wrapper_0/U0/mlp_inst/l1_sum_reg[24]/C (clocked by clk_fpga_0) and mlp_system_i/mlp_axi_wrapper_0/U0/mlp_inst/l2_sum0__27/A[6] (clocked by clk_fpga_0). Large setup violations at the end of those stages might be difficult to fix during the post-placement implementation flow and could be the result of non-optimal XDC constraints or non-optimal design architecture
Related violations: <none>

TIMING-16#802 Warning
Large setup violation  
There is a large setup violation of -8.504 ns between mlp_system_i/mlp_axi_wrapper_0/U0/mlp_inst/l1_sum_reg[39]/C (clocked by clk_fpga_0) and mlp_system_i/mlp_axi_wrapper_0/U0/mlp_inst/l2_sum0__1/A[20] (clocked by clk_fpga_0). Large setup violations at the end of those stages might be difficult to fix during the post-placement implementation flow and could be the result of non-optimal XDC constraints or non-optimal design architecture
Related violations: <none>

TIMING-16#803 Warning
Large setup violation  
There is a large setup violation of -8.504 ns between mlp_system_i/mlp_axi_wrapper_0/U0/mlp_inst/l1_sum_reg[39]/C (clocked by clk_fpga_0) and mlp_system_i/mlp_axi_wrapper_0/U0/mlp_inst/l2_sum0__1/A[21] (clocked by clk_fpga_0). Large setup violations at the end of those stages might be difficult to fix during the post-placement implementation flow and could be the result of non-optimal XDC constraints or non-optimal design architecture
Related violations: <none>

TIMING-16#804 Warning
Large setup violation  
There is a large setup violation of -8.504 ns between mlp_system_i/mlp_axi_wrapper_0/U0/mlp_inst/l1_sum_reg[39]/C (clocked by clk_fpga_0) and mlp_system_i/mlp_axi_wrapper_0/U0/mlp_inst/l2_sum0__1/A[22] (clocked by clk_fpga_0). Large setup violations at the end of those stages might be difficult to fix during the post-placement implementation flow and could be the result of non-optimal XDC constraints or non-optimal design architecture
Related violations: <none>

TIMING-16#805 Warning
Large setup violation  
There is a large setup violation of -8.504 ns between mlp_system_i/mlp_axi_wrapper_0/U0/mlp_inst/l1_sum_reg[39]/C (clocked by clk_fpga_0) and mlp_system_i/mlp_axi_wrapper_0/U0/mlp_inst/l2_sum0__1/A[23] (clocked by clk_fpga_0). Large setup violations at the end of those stages might be difficult to fix during the post-placement implementation flow and could be the result of non-optimal XDC constraints or non-optimal design architecture
Related violations: <none>

TIMING-16#806 Warning
Large setup violation  
There is a large setup violation of -8.515 ns between mlp_system_i/mlp_axi_wrapper_0/U0/mlp_inst/l1_sum_reg[39]/C (clocked by clk_fpga_0) and mlp_system_i/mlp_axi_wrapper_0/U0/mlp_inst/l2_sum0/A[18] (clocked by clk_fpga_0). Large setup violations at the end of those stages might be difficult to fix during the post-placement implementation flow and could be the result of non-optimal XDC constraints or non-optimal design architecture
Related violations: <none>

TIMING-16#807 Warning
Large setup violation  
There is a large setup violation of -8.517 ns between mlp_system_i/mlp_axi_wrapper_0/U0/mlp_inst/l1_sum_reg[24]/C (clocked by clk_fpga_0) and mlp_system_i/mlp_axi_wrapper_0/U0/mlp_inst/l2_sum0__19/A[10] (clocked by clk_fpga_0). Large setup violations at the end of those stages might be difficult to fix during the post-placement implementation flow and could be the result of non-optimal XDC constraints or non-optimal design architecture
Related violations: <none>

TIMING-16#808 Warning
Large setup violation  
There is a large setup violation of -8.526 ns between mlp_system_i/mlp_axi_wrapper_0/U0/mlp_inst/l1_sum_reg[39]/C (clocked by clk_fpga_0) and mlp_system_i/mlp_axi_wrapper_0/U0/mlp_inst/l2_sum0/A[16] (clocked by clk_fpga_0). Large setup violations at the end of those stages might be difficult to fix during the post-placement implementation flow and could be the result of non-optimal XDC constraints or non-optimal design architecture
Related violations: <none>

TIMING-16#809 Warning
Large setup violation  
There is a large setup violation of -8.526 ns between mlp_system_i/mlp_axi_wrapper_0/U0/mlp_inst/l1_sum_reg[39]/C (clocked by clk_fpga_0) and mlp_system_i/mlp_axi_wrapper_0/U0/mlp_inst/l2_sum0/A[17] (clocked by clk_fpga_0). Large setup violations at the end of those stages might be difficult to fix during the post-placement implementation flow and could be the result of non-optimal XDC constraints or non-optimal design architecture
Related violations: <none>

TIMING-16#810 Warning
Large setup violation  
There is a large setup violation of -8.556 ns between mlp_system_i/mlp_axi_wrapper_0/U0/mlp_inst/l1_sum_reg[24]/C (clocked by clk_fpga_0) and mlp_system_i/mlp_axi_wrapper_0/U0/mlp_inst/l2_sum0__18/A[0] (clocked by clk_fpga_0). Large setup violations at the end of those stages might be difficult to fix during the post-placement implementation flow and could be the result of non-optimal XDC constraints or non-optimal design architecture
Related violations: <none>

TIMING-16#811 Warning
Large setup violation  
There is a large setup violation of -8.561 ns between mlp_system_i/mlp_axi_wrapper_0/U0/mlp_inst/l1_sum_reg[24]/C (clocked by clk_fpga_0) and mlp_system_i/mlp_axi_wrapper_0/U0/mlp_inst/l2_sum0__21/A[10] (clocked by clk_fpga_0). Large setup violations at the end of those stages might be difficult to fix during the post-placement implementation flow and could be the result of non-optimal XDC constraints or non-optimal design architecture
Related violations: <none>

TIMING-16#812 Warning
Large setup violation  
There is a large setup violation of -8.571 ns between mlp_system_i/mlp_axi_wrapper_0/U0/mlp_inst/l1_sum_reg[24]/C (clocked by clk_fpga_0) and mlp_system_i/mlp_axi_wrapper_0/U0/mlp_inst/l2_sum0__22/A[0] (clocked by clk_fpga_0). Large setup violations at the end of those stages might be difficult to fix during the post-placement implementation flow and could be the result of non-optimal XDC constraints or non-optimal design architecture
Related violations: <none>

TIMING-16#813 Warning
Large setup violation  
There is a large setup violation of -8.582 ns between mlp_system_i/mlp_axi_wrapper_0/U0/mlp_inst/l1_sum_reg[39]/C (clocked by clk_fpga_0) and mlp_system_i/mlp_axi_wrapper_0/U0/mlp_inst/l2_sum0__1/A[18] (clocked by clk_fpga_0). Large setup violations at the end of those stages might be difficult to fix during the post-placement implementation flow and could be the result of non-optimal XDC constraints or non-optimal design architecture
Related violations: <none>

TIMING-16#814 Warning
Large setup violation  
There is a large setup violation of -8.582 ns between mlp_system_i/mlp_axi_wrapper_0/U0/mlp_inst/l1_sum_reg[39]/C (clocked by clk_fpga_0) and mlp_system_i/mlp_axi_wrapper_0/U0/mlp_inst/l2_sum0__1/A[19] (clocked by clk_fpga_0). Large setup violations at the end of those stages might be difficult to fix during the post-placement implementation flow and could be the result of non-optimal XDC constraints or non-optimal design architecture
Related violations: <none>

TIMING-16#815 Warning
Large setup violation  
There is a large setup violation of -8.593 ns between mlp_system_i/mlp_axi_wrapper_0/U0/mlp_inst/l1_sum_reg[24]/C (clocked by clk_fpga_0) and mlp_system_i/mlp_axi_wrapper_0/U0/mlp_inst/l2_sum0__31/A[6] (clocked by clk_fpga_0). Large setup violations at the end of those stages might be difficult to fix during the post-placement implementation flow and could be the result of non-optimal XDC constraints or non-optimal design architecture
Related violations: <none>

TIMING-16#816 Warning
Large setup violation  
There is a large setup violation of -8.598 ns between mlp_system_i/mlp_axi_wrapper_0/U0/mlp_inst/l1_sum_reg[24]/C (clocked by clk_fpga_0) and mlp_system_i/mlp_axi_wrapper_0/U0/mlp_inst/l2_sum0__34/A[10] (clocked by clk_fpga_0). Large setup violations at the end of those stages might be difficult to fix during the post-placement implementation flow and could be the result of non-optimal XDC constraints or non-optimal design architecture
Related violations: <none>

TIMING-16#817 Warning
Large setup violation  
There is a large setup violation of -8.623 ns between mlp_system_i/mlp_axi_wrapper_0/U0/mlp_inst/l1_sum_reg[24]/C (clocked by clk_fpga_0) and mlp_system_i/mlp_axi_wrapper_0/U0/mlp_inst/l2_sum0__29/A[6] (clocked by clk_fpga_0). Large setup violations at the end of those stages might be difficult to fix during the post-placement implementation flow and could be the result of non-optimal XDC constraints or non-optimal design architecture
Related violations: <none>

TIMING-16#818 Warning
Large setup violation  
There is a large setup violation of -8.628 ns between mlp_system_i/mlp_axi_wrapper_0/U0/mlp_inst/l1_sum_reg[24]/C (clocked by clk_fpga_0) and mlp_system_i/mlp_axi_wrapper_0/U0/mlp_inst/l2_sum0__20/A[24] (clocked by clk_fpga_0). Large setup violations at the end of those stages might be difficult to fix during the post-placement implementation flow and could be the result of non-optimal XDC constraints or non-optimal design architecture
Related violations: <none>

TIMING-16#819 Warning
Large setup violation  
There is a large setup violation of -8.642 ns between mlp_system_i/mlp_axi_wrapper_0/U0/mlp_inst/l1_sum_reg[24]/C (clocked by clk_fpga_0) and mlp_system_i/mlp_axi_wrapper_0/U0/mlp_inst/l2_sum0__13/A[12] (clocked by clk_fpga_0). Large setup violations at the end of those stages might be difficult to fix during the post-placement implementation flow and could be the result of non-optimal XDC constraints or non-optimal design architecture
Related violations: <none>

TIMING-16#820 Warning
Large setup violation  
There is a large setup violation of -8.670 ns between mlp_system_i/mlp_axi_wrapper_0/U0/mlp_inst/l1_sum_reg[39]/C (clocked by clk_fpga_0) and mlp_system_i/mlp_axi_wrapper_0/U0/mlp_inst/l2_sum0/A[15] (clocked by clk_fpga_0). Large setup violations at the end of those stages might be difficult to fix during the post-placement implementation flow and could be the result of non-optimal XDC constraints or non-optimal design architecture
Related violations: <none>

TIMING-16#821 Warning
Large setup violation  
There is a large setup violation of -8.680 ns between mlp_system_i/mlp_axi_wrapper_0/U0/mlp_inst/l1_sum_reg[24]/C (clocked by clk_fpga_0) and mlp_system_i/mlp_axi_wrapper_0/U0/mlp_inst/l2_sum0__31/A[7] (clocked by clk_fpga_0). Large setup violations at the end of those stages might be difficult to fix during the post-placement implementation flow and could be the result of non-optimal XDC constraints or non-optimal design architecture
Related violations: <none>

TIMING-16#822 Warning
Large setup violation  
There is a large setup violation of -8.700 ns between mlp_system_i/mlp_axi_wrapper_0/U0/mlp_inst/l1_sum_reg[24]/C (clocked by clk_fpga_0) and mlp_system_i/mlp_axi_wrapper_0/U0/mlp_inst/l2_sum0__21/A[12] (clocked by clk_fpga_0). Large setup violations at the end of those stages might be difficult to fix during the post-placement implementation flow and could be the result of non-optimal XDC constraints or non-optimal design architecture
Related violations: <none>

TIMING-16#823 Warning
Large setup violation  
There is a large setup violation of -8.720 ns between mlp_system_i/mlp_axi_wrapper_0/U0/mlp_inst/l1_sum_reg[24]/C (clocked by clk_fpga_0) and mlp_system_i/mlp_axi_wrapper_0/U0/mlp_inst/l2_sum0__11/A[12] (clocked by clk_fpga_0). Large setup violations at the end of those stages might be difficult to fix during the post-placement implementation flow and could be the result of non-optimal XDC constraints or non-optimal design architecture
Related violations: <none>

TIMING-16#824 Warning
Large setup violation  
There is a large setup violation of -8.724 ns between mlp_system_i/mlp_axi_wrapper_0/U0/mlp_inst/l1_sum_reg[24]/C (clocked by clk_fpga_0) and mlp_system_i/mlp_axi_wrapper_0/U0/mlp_inst/l2_sum0__16/A[9] (clocked by clk_fpga_0). Large setup violations at the end of those stages might be difficult to fix during the post-placement implementation flow and could be the result of non-optimal XDC constraints or non-optimal design architecture
Related violations: <none>

TIMING-16#825 Warning
Large setup violation  
There is a large setup violation of -8.731 ns between mlp_system_i/mlp_axi_wrapper_0/U0/mlp_inst/l1_sum_reg[24]/C (clocked by clk_fpga_0) and mlp_system_i/mlp_axi_wrapper_0/U0/mlp_inst/l2_sum0__21/A[3] (clocked by clk_fpga_0). Large setup violations at the end of those stages might be difficult to fix during the post-placement implementation flow and could be the result of non-optimal XDC constraints or non-optimal design architecture
Related violations: <none>

TIMING-16#826 Warning
Large setup violation  
There is a large setup violation of -8.738 ns between mlp_system_i/mlp_axi_wrapper_0/U0/mlp_inst/l1_sum_reg[24]/C (clocked by clk_fpga_0) and mlp_system_i/mlp_axi_wrapper_0/U0/mlp_inst/l2_sum0__14/A[0] (clocked by clk_fpga_0). Large setup violations at the end of those stages might be difficult to fix during the post-placement implementation flow and could be the result of non-optimal XDC constraints or non-optimal design architecture
Related violations: <none>

TIMING-16#827 Warning
Large setup violation  
There is a large setup violation of -8.758 ns between mlp_system_i/mlp_axi_wrapper_0/U0/mlp_inst/l1_sum_reg[24]/C (clocked by clk_fpga_0) and mlp_system_i/mlp_axi_wrapper_0/U0/mlp_inst/l2_sum0__20/A[0] (clocked by clk_fpga_0). Large setup violations at the end of those stages might be difficult to fix during the post-placement implementation flow and could be the result of non-optimal XDC constraints or non-optimal design architecture
Related violations: <none>

TIMING-16#828 Warning
Large setup violation  
There is a large setup violation of -8.759 ns between mlp_system_i/mlp_axi_wrapper_0/U0/mlp_inst/l1_sum_reg[24]/C (clocked by clk_fpga_0) and mlp_system_i/mlp_axi_wrapper_0/U0/mlp_inst/l2_sum0__14/A[9] (clocked by clk_fpga_0). Large setup violations at the end of those stages might be difficult to fix during the post-placement implementation flow and could be the result of non-optimal XDC constraints or non-optimal design architecture
Related violations: <none>

TIMING-16#829 Warning
Large setup violation  
There is a large setup violation of -8.793 ns between mlp_system_i/mlp_axi_wrapper_0/U0/mlp_inst/l1_sum_reg[24]/C (clocked by clk_fpga_0) and mlp_system_i/mlp_axi_wrapper_0/U0/mlp_inst/l2_sum0__15/A[12] (clocked by clk_fpga_0). Large setup violations at the end of those stages might be difficult to fix during the post-placement implementation flow and could be the result of non-optimal XDC constraints or non-optimal design architecture
Related violations: <none>

TIMING-16#830 Warning
Large setup violation  
There is a large setup violation of -8.795 ns between mlp_system_i/mlp_axi_wrapper_0/U0/mlp_inst/l1_sum_reg[24]/C (clocked by clk_fpga_0) and mlp_system_i/mlp_axi_wrapper_0/U0/mlp_inst/l2_sum0__20/A[20] (clocked by clk_fpga_0). Large setup violations at the end of those stages might be difficult to fix during the post-placement implementation flow and could be the result of non-optimal XDC constraints or non-optimal design architecture
Related violations: <none>

TIMING-16#831 Warning
Large setup violation  
There is a large setup violation of -8.795 ns between mlp_system_i/mlp_axi_wrapper_0/U0/mlp_inst/l1_sum_reg[24]/C (clocked by clk_fpga_0) and mlp_system_i/mlp_axi_wrapper_0/U0/mlp_inst/l2_sum0__20/A[21] (clocked by clk_fpga_0). Large setup violations at the end of those stages might be difficult to fix during the post-placement implementation flow and could be the result of non-optimal XDC constraints or non-optimal design architecture
Related violations: <none>

TIMING-16#832 Warning
Large setup violation  
There is a large setup violation of -8.795 ns between mlp_system_i/mlp_axi_wrapper_0/U0/mlp_inst/l1_sum_reg[24]/C (clocked by clk_fpga_0) and mlp_system_i/mlp_axi_wrapper_0/U0/mlp_inst/l2_sum0__20/A[22] (clocked by clk_fpga_0). Large setup violations at the end of those stages might be difficult to fix during the post-placement implementation flow and could be the result of non-optimal XDC constraints or non-optimal design architecture
Related violations: <none>

TIMING-16#833 Warning
Large setup violation  
There is a large setup violation of -8.795 ns between mlp_system_i/mlp_axi_wrapper_0/U0/mlp_inst/l1_sum_reg[24]/C (clocked by clk_fpga_0) and mlp_system_i/mlp_axi_wrapper_0/U0/mlp_inst/l2_sum0__20/A[23] (clocked by clk_fpga_0). Large setup violations at the end of those stages might be difficult to fix during the post-placement implementation flow and could be the result of non-optimal XDC constraints or non-optimal design architecture
Related violations: <none>

TIMING-16#834 Warning
Large setup violation  
There is a large setup violation of -8.809 ns between mlp_system_i/mlp_axi_wrapper_0/U0/mlp_inst/l1_sum_reg[24]/C (clocked by clk_fpga_0) and mlp_system_i/mlp_axi_wrapper_0/U0/mlp_inst/l2_sum0__33/A[7] (clocked by clk_fpga_0). Large setup violations at the end of those stages might be difficult to fix during the post-placement implementation flow and could be the result of non-optimal XDC constraints or non-optimal design architecture
Related violations: <none>

TIMING-16#835 Warning
Large setup violation  
There is a large setup violation of -8.849 ns between mlp_system_i/mlp_axi_wrapper_0/U0/mlp_inst/l1_sum_reg[24]/C (clocked by clk_fpga_0) and mlp_system_i/mlp_axi_wrapper_0/U0/mlp_inst/l2_sum0__17/A[12] (clocked by clk_fpga_0). Large setup violations at the end of those stages might be difficult to fix during the post-placement implementation flow and could be the result of non-optimal XDC constraints or non-optimal design architecture
Related violations: <none>

TIMING-16#836 Warning
Large setup violation  
There is a large setup violation of -8.855 ns between mlp_system_i/mlp_axi_wrapper_0/U0/mlp_inst/l1_sum_reg[24]/C (clocked by clk_fpga_0) and mlp_system_i/mlp_axi_wrapper_0/U0/mlp_inst/l2_sum0__14/A[12] (clocked by clk_fpga_0). Large setup violations at the end of those stages might be difficult to fix during the post-placement implementation flow and could be the result of non-optimal XDC constraints or non-optimal design architecture
Related violations: <none>

TIMING-16#837 Warning
Large setup violation  
There is a large setup violation of -8.876 ns between mlp_system_i/mlp_axi_wrapper_0/U0/mlp_inst/l1_sum_reg[24]/C (clocked by clk_fpga_0) and mlp_system_i/mlp_axi_wrapper_0/U0/mlp_inst/l2_sum0__24/A[0] (clocked by clk_fpga_0). Large setup violations at the end of those stages might be difficult to fix during the post-placement implementation flow and could be the result of non-optimal XDC constraints or non-optimal design architecture
Related violations: <none>

TIMING-16#838 Warning
Large setup violation  
There is a large setup violation of -8.882 ns between mlp_system_i/mlp_axi_wrapper_0/U0/mlp_inst/l1_sum_reg[24]/C (clocked by clk_fpga_0) and mlp_system_i/mlp_axi_wrapper_0/U0/mlp_inst/l2_sum0__3/A[6] (clocked by clk_fpga_0). Large setup violations at the end of those stages might be difficult to fix during the post-placement implementation flow and could be the result of non-optimal XDC constraints or non-optimal design architecture
Related violations: <none>

TIMING-16#839 Warning
Large setup violation  
There is a large setup violation of -8.919 ns between mlp_system_i/mlp_axi_wrapper_0/U0/mlp_inst/l1_sum_reg[24]/C (clocked by clk_fpga_0) and mlp_system_i/mlp_axi_wrapper_0/U0/mlp_inst/l2_sum0__16/A[12] (clocked by clk_fpga_0). Large setup violations at the end of those stages might be difficult to fix during the post-placement implementation flow and could be the result of non-optimal XDC constraints or non-optimal design architecture
Related violations: <none>

TIMING-16#840 Warning
Large setup violation  
There is a large setup violation of -8.921 ns between mlp_system_i/mlp_axi_wrapper_0/U0/mlp_inst/l1_sum_reg[24]/C (clocked by clk_fpga_0) and mlp_system_i/mlp_axi_wrapper_0/U0/mlp_inst/l2_sum0__19/A[12] (clocked by clk_fpga_0). Large setup violations at the end of those stages might be difficult to fix during the post-placement implementation flow and could be the result of non-optimal XDC constraints or non-optimal design architecture
Related violations: <none>

TIMING-16#841 Warning
Large setup violation  
There is a large setup violation of -8.936 ns between mlp_system_i/mlp_axi_wrapper_0/U0/mlp_inst/l1_sum_reg[24]/C (clocked by clk_fpga_0) and mlp_system_i/mlp_axi_wrapper_0/U0/mlp_inst/l2_sum0__33/A[6] (clocked by clk_fpga_0). Large setup violations at the end of those stages might be difficult to fix during the post-placement implementation flow and could be the result of non-optimal XDC constraints or non-optimal design architecture
Related violations: <none>

TIMING-16#842 Warning
Large setup violation  
There is a large setup violation of -8.946 ns between mlp_system_i/mlp_axi_wrapper_0/U0/mlp_inst/l1_sum_reg[24]/C (clocked by clk_fpga_0) and mlp_system_i/mlp_axi_wrapper_0/U0/mlp_inst/l2_sum0__18/A[14] (clocked by clk_fpga_0). Large setup violations at the end of those stages might be difficult to fix during the post-placement implementation flow and could be the result of non-optimal XDC constraints or non-optimal design architecture
Related violations: <none>

TIMING-16#843 Warning
Large setup violation  
There is a large setup violation of -8.971 ns between mlp_system_i/mlp_axi_wrapper_0/U0/mlp_inst/l1_sum_reg[24]/C (clocked by clk_fpga_0) and mlp_system_i/mlp_axi_wrapper_0/U0/mlp_inst/l2_sum0__20/A[9] (clocked by clk_fpga_0). Large setup violations at the end of those stages might be difficult to fix during the post-placement implementation flow and could be the result of non-optimal XDC constraints or non-optimal design architecture
Related violations: <none>

TIMING-16#844 Warning
Large setup violation  
There is a large setup violation of -8.990 ns between mlp_system_i/mlp_axi_wrapper_0/U0/mlp_inst/l1_sum_reg[24]/C (clocked by clk_fpga_0) and mlp_system_i/mlp_axi_wrapper_0/U0/mlp_inst/l2_sum0__16/A[14] (clocked by clk_fpga_0). Large setup violations at the end of those stages might be difficult to fix during the post-placement implementation flow and could be the result of non-optimal XDC constraints or non-optimal design architecture
Related violations: <none>

TIMING-16#845 Warning
Large setup violation  
There is a large setup violation of -9.006 ns between mlp_system_i/mlp_axi_wrapper_0/U0/mlp_inst/l1_sum_reg[24]/C (clocked by clk_fpga_0) and mlp_system_i/mlp_axi_wrapper_0/U0/mlp_inst/l2_sum0__18/A[9] (clocked by clk_fpga_0). Large setup violations at the end of those stages might be difficult to fix during the post-placement implementation flow and could be the result of non-optimal XDC constraints or non-optimal design architecture
Related violations: <none>

TIMING-16#846 Warning
Large setup violation  
There is a large setup violation of -9.070 ns between mlp_system_i/mlp_axi_wrapper_0/U0/mlp_inst/l1_sum_reg[24]/C (clocked by clk_fpga_0) and mlp_system_i/mlp_axi_wrapper_0/U0/mlp_inst/l2_sum0__22/A[9] (clocked by clk_fpga_0). Large setup violations at the end of those stages might be difficult to fix during the post-placement implementation flow and could be the result of non-optimal XDC constraints or non-optimal design architecture
Related violations: <none>

TIMING-16#847 Warning
Large setup violation  
There is a large setup violation of -9.077 ns between mlp_system_i/mlp_axi_wrapper_0/U0/mlp_inst/l1_sum_reg[24]/C (clocked by clk_fpga_0) and mlp_system_i/mlp_axi_wrapper_0/U0/mlp_inst/l2_sum0__26/A[0] (clocked by clk_fpga_0). Large setup violations at the end of those stages might be difficult to fix during the post-placement implementation flow and could be the result of non-optimal XDC constraints or non-optimal design architecture
Related violations: <none>

TIMING-16#848 Warning
Large setup violation  
There is a large setup violation of -9.081 ns between mlp_system_i/mlp_axi_wrapper_0/U0/mlp_inst/l1_sum_reg[24]/C (clocked by clk_fpga_0) and mlp_system_i/mlp_axi_wrapper_0/U0/mlp_inst/l2_sum0__34/A[11] (clocked by clk_fpga_0). Large setup violations at the end of those stages might be difficult to fix during the post-placement implementation flow and could be the result of non-optimal XDC constraints or non-optimal design architecture
Related violations: <none>

TIMING-16#849 Warning
Large setup violation  
There is a large setup violation of -9.095 ns between mlp_system_i/mlp_axi_wrapper_0/U0/mlp_inst/l1_sum_reg[24]/C (clocked by clk_fpga_0) and mlp_system_i/mlp_axi_wrapper_0/U0/mlp_inst/l2_sum0__16/A[4] (clocked by clk_fpga_0). Large setup violations at the end of those stages might be difficult to fix during the post-placement implementation flow and could be the result of non-optimal XDC constraints or non-optimal design architecture
Related violations: <none>

TIMING-16#850 Warning
Large setup violation  
There is a large setup violation of -9.100 ns between mlp_system_i/mlp_axi_wrapper_0/U0/mlp_inst/l1_sum_reg[24]/C (clocked by clk_fpga_0) and mlp_system_i/mlp_axi_wrapper_0/U0/mlp_inst/l2_sum0__3/A[12] (clocked by clk_fpga_0). Large setup violations at the end of those stages might be difficult to fix during the post-placement implementation flow and could be the result of non-optimal XDC constraints or non-optimal design architecture
Related violations: <none>

TIMING-16#851 Warning
Large setup violation  
There is a large setup violation of -9.101 ns between mlp_system_i/mlp_axi_wrapper_0/U0/mlp_inst/l1_sum_reg[24]/C (clocked by clk_fpga_0) and mlp_system_i/mlp_axi_wrapper_0/U0/mlp_inst/l2_sum0__30/A[0] (clocked by clk_fpga_0). Large setup violations at the end of those stages might be difficult to fix during the post-placement implementation flow and could be the result of non-optimal XDC constraints or non-optimal design architecture
Related violations: <none>

TIMING-16#852 Warning
Large setup violation  
There is a large setup violation of -9.104 ns between mlp_system_i/mlp_axi_wrapper_0/U0/mlp_inst/l1_sum_reg[24]/C (clocked by clk_fpga_0) and mlp_system_i/mlp_axi_wrapper_0/U0/mlp_inst/l2_sum0__28/A[0] (clocked by clk_fpga_0). Large setup violations at the end of those stages might be difficult to fix during the post-placement implementation flow and could be the result of non-optimal XDC constraints or non-optimal design architecture
Related violations: <none>

TIMING-16#853 Warning
Large setup violation  
There is a large setup violation of -9.114 ns between mlp_system_i/mlp_axi_wrapper_0/U0/mlp_inst/l1_sum_reg[24]/C (clocked by clk_fpga_0) and mlp_system_i/mlp_axi_wrapper_0/U0/mlp_inst/l2_sum0__24/A[9] (clocked by clk_fpga_0). Large setup violations at the end of those stages might be difficult to fix during the post-placement implementation flow and could be the result of non-optimal XDC constraints or non-optimal design architecture
Related violations: <none>

TIMING-16#854 Warning
Large setup violation  
There is a large setup violation of -9.115 ns between mlp_system_i/mlp_axi_wrapper_0/U0/mlp_inst/l1_sum_reg[24]/C (clocked by clk_fpga_0) and mlp_system_i/mlp_axi_wrapper_0/U0/mlp_inst/l2_sum0__18/A[8] (clocked by clk_fpga_0). Large setup violations at the end of those stages might be difficult to fix during the post-placement implementation flow and could be the result of non-optimal XDC constraints or non-optimal design architecture
Related violations: <none>

TIMING-16#855 Warning
Large setup violation  
There is a large setup violation of -9.120 ns between mlp_system_i/mlp_axi_wrapper_0/U0/mlp_inst/l1_sum_reg[24]/C (clocked by clk_fpga_0) and mlp_system_i/mlp_axi_wrapper_0/U0/mlp_inst/l2_sum0__18/A[6] (clocked by clk_fpga_0). Large setup violations at the end of those stages might be difficult to fix during the post-placement implementation flow and could be the result of non-optimal XDC constraints or non-optimal design architecture
Related violations: <none>

TIMING-16#856 Warning
Large setup violation  
There is a large setup violation of -9.146 ns between mlp_system_i/mlp_axi_wrapper_0/U0/mlp_inst/l1_sum_reg[24]/C (clocked by clk_fpga_0) and mlp_system_i/mlp_axi_wrapper_0/U0/mlp_inst/l2_sum0__20/A[14] (clocked by clk_fpga_0). Large setup violations at the end of those stages might be difficult to fix during the post-placement implementation flow and could be the result of non-optimal XDC constraints or non-optimal design architecture
Related violations: <none>

TIMING-16#857 Warning
Large setup violation  
There is a large setup violation of -9.147 ns between mlp_system_i/mlp_axi_wrapper_0/U0/mlp_inst/l1_sum_reg[24]/C (clocked by clk_fpga_0) and mlp_system_i/mlp_axi_wrapper_0/U0/mlp_inst/l2_sum0__18/A[4] (clocked by clk_fpga_0). Large setup violations at the end of those stages might be difficult to fix during the post-placement implementation flow and could be the result of non-optimal XDC constraints or non-optimal design architecture
Related violations: <none>

TIMING-16#858 Warning
Large setup violation  
There is a large setup violation of -9.151 ns between mlp_system_i/mlp_axi_wrapper_0/U0/mlp_inst/l1_sum_reg[24]/C (clocked by clk_fpga_0) and mlp_system_i/mlp_axi_wrapper_0/U0/mlp_inst/l2_sum0__32/A[0] (clocked by clk_fpga_0). Large setup violations at the end of those stages might be difficult to fix during the post-placement implementation flow and could be the result of non-optimal XDC constraints or non-optimal design architecture
Related violations: <none>

TIMING-16#859 Warning
Large setup violation  
There is a large setup violation of -9.154 ns between mlp_system_i/mlp_axi_wrapper_0/U0/mlp_inst/l1_sum_reg[24]/C (clocked by clk_fpga_0) and mlp_system_i/mlp_axi_wrapper_0/U0/mlp_inst/l2_sum0__14/A[13] (clocked by clk_fpga_0). Large setup violations at the end of those stages might be difficult to fix during the post-placement implementation flow and could be the result of non-optimal XDC constraints or non-optimal design architecture
Related violations: <none>

TIMING-16#860 Warning
Large setup violation  
There is a large setup violation of -9.172 ns between mlp_system_i/mlp_axi_wrapper_0/U0/mlp_inst/l1_sum_reg[24]/C (clocked by clk_fpga_0) and mlp_system_i/mlp_axi_wrapper_0/U0/mlp_inst/l2_sum0__18/A[5] (clocked by clk_fpga_0). Large setup violations at the end of those stages might be difficult to fix during the post-placement implementation flow and could be the result of non-optimal XDC constraints or non-optimal design architecture
Related violations: <none>

TIMING-16#861 Warning
Large setup violation  
There is a large setup violation of -9.172 ns between mlp_system_i/mlp_axi_wrapper_0/U0/mlp_inst/l1_sum_reg[24]/C (clocked by clk_fpga_0) and mlp_system_i/mlp_axi_wrapper_0/U0/mlp_inst/l2_sum0__24/A[14] (clocked by clk_fpga_0). Large setup violations at the end of those stages might be difficult to fix during the post-placement implementation flow and could be the result of non-optimal XDC constraints or non-optimal design architecture
Related violations: <none>

TIMING-16#862 Warning
Large setup violation  
There is a large setup violation of -9.194 ns between mlp_system_i/mlp_axi_wrapper_0/U0/mlp_inst/l1_sum_reg[24]/C (clocked by clk_fpga_0) and mlp_system_i/mlp_axi_wrapper_0/U0/mlp_inst/l2_sum0__22/A[14] (clocked by clk_fpga_0). Large setup violations at the end of those stages might be difficult to fix during the post-placement implementation flow and could be the result of non-optimal XDC constraints or non-optimal design architecture
Related violations: <none>

TIMING-16#863 Warning
Large setup violation  
There is a large setup violation of -9.204 ns between mlp_system_i/mlp_axi_wrapper_0/U0/mlp_inst/l1_sum_reg[24]/C (clocked by clk_fpga_0) and mlp_system_i/mlp_axi_wrapper_0/U0/mlp_inst/l2_sum0__18/A[12] (clocked by clk_fpga_0). Large setup violations at the end of those stages might be difficult to fix during the post-placement implementation flow and could be the result of non-optimal XDC constraints or non-optimal design architecture
Related violations: <none>

TIMING-16#864 Warning
Large setup violation  
There is a large setup violation of -9.206 ns between mlp_system_i/mlp_axi_wrapper_0/U0/mlp_inst/l1_sum_reg[24]/C (clocked by clk_fpga_0) and mlp_system_i/mlp_axi_wrapper_0/U0/mlp_inst/l2_sum0__16/A[6] (clocked by clk_fpga_0). Large setup violations at the end of those stages might be difficult to fix during the post-placement implementation flow and could be the result of non-optimal XDC constraints or non-optimal design architecture
Related violations: <none>

TIMING-16#865 Warning
Large setup violation  
There is a large setup violation of -9.210 ns between mlp_system_i/mlp_axi_wrapper_0/U0/mlp_inst/l1_sum_reg[24]/C (clocked by clk_fpga_0) and mlp_system_i/mlp_axi_wrapper_0/U0/mlp_inst/l2_sum0__26/A[9] (clocked by clk_fpga_0). Large setup violations at the end of those stages might be difficult to fix during the post-placement implementation flow and could be the result of non-optimal XDC constraints or non-optimal design architecture
Related violations: <none>

TIMING-16#866 Warning
Large setup violation  
There is a large setup violation of -9.215 ns between mlp_system_i/mlp_axi_wrapper_0/U0/mlp_inst/l1_sum_reg[24]/C (clocked by clk_fpga_0) and mlp_system_i/mlp_axi_wrapper_0/U0/mlp_inst/l2_sum0__29/A[7] (clocked by clk_fpga_0). Large setup violations at the end of those stages might be difficult to fix during the post-placement implementation flow and could be the result of non-optimal XDC constraints or non-optimal design architecture
Related violations: <none>

TIMING-16#867 Warning
Large setup violation  
There is a large setup violation of -9.224 ns between mlp_system_i/mlp_axi_wrapper_0/U0/mlp_inst/l1_sum_reg[24]/C (clocked by clk_fpga_0) and mlp_system_i/mlp_axi_wrapper_0/U0/mlp_inst/l2_sum0__18/A[13] (clocked by clk_fpga_0). Large setup violations at the end of those stages might be difficult to fix during the post-placement implementation flow and could be the result of non-optimal XDC constraints or non-optimal design architecture
Related violations: <none>

TIMING-16#868 Warning
Large setup violation  
There is a large setup violation of -9.224 ns between mlp_system_i/mlp_axi_wrapper_0/U0/mlp_inst/l1_sum_reg[24]/C (clocked by clk_fpga_0) and mlp_system_i/mlp_axi_wrapper_0/U0/mlp_inst/l2_sum0__20/A[12] (clocked by clk_fpga_0). Large setup violations at the end of those stages might be difficult to fix during the post-placement implementation flow and could be the result of non-optimal XDC constraints or non-optimal design architecture
Related violations: <none>

TIMING-16#869 Warning
Large setup violation  
There is a large setup violation of -9.227 ns between mlp_system_i/mlp_axi_wrapper_0/U0/mlp_inst/l1_sum_reg[24]/C (clocked by clk_fpga_0) and mlp_system_i/mlp_axi_wrapper_0/U0/mlp_inst/l2_sum0__20/A[6] (clocked by clk_fpga_0). Large setup violations at the end of those stages might be difficult to fix during the post-placement implementation flow and could be the result of non-optimal XDC constraints or non-optimal design architecture
Related violations: <none>

TIMING-16#870 Warning
Large setup violation  
There is a large setup violation of -9.247 ns between mlp_system_i/mlp_axi_wrapper_0/U0/mlp_inst/l1_sum_reg[24]/C (clocked by clk_fpga_0) and mlp_system_i/mlp_axi_wrapper_0/U0/mlp_inst/l2_sum0__16/A[13] (clocked by clk_fpga_0). Large setup violations at the end of those stages might be difficult to fix during the post-placement implementation flow and could be the result of non-optimal XDC constraints or non-optimal design architecture
Related violations: <none>

TIMING-16#871 Warning
Large setup violation  
There is a large setup violation of -9.248 ns between mlp_system_i/mlp_axi_wrapper_0/U0/mlp_inst/l1_sum_reg[24]/C (clocked by clk_fpga_0) and mlp_system_i/mlp_axi_wrapper_0/U0/mlp_inst/l2_sum0__18/A[1] (clocked by clk_fpga_0). Large setup violations at the end of those stages might be difficult to fix during the post-placement implementation flow and could be the result of non-optimal XDC constraints or non-optimal design architecture
Related violations: <none>

TIMING-16#872 Warning
Large setup violation  
There is a large setup violation of -9.249 ns between mlp_system_i/mlp_axi_wrapper_0/U0/mlp_inst/l1_sum_reg[24]/C (clocked by clk_fpga_0) and mlp_system_i/mlp_axi_wrapper_0/U0/mlp_inst/l2_sum0__22/A[12] (clocked by clk_fpga_0). Large setup violations at the end of those stages might be difficult to fix during the post-placement implementation flow and could be the result of non-optimal XDC constraints or non-optimal design architecture
Related violations: <none>

TIMING-16#873 Warning
Large setup violation  
There is a large setup violation of -9.252 ns between mlp_system_i/mlp_axi_wrapper_0/U0/mlp_inst/l1_sum_reg[24]/C (clocked by clk_fpga_0) and mlp_system_i/mlp_axi_wrapper_0/U0/mlp_inst/l2_sum0__22/A[6] (clocked by clk_fpga_0). Large setup violations at the end of those stages might be difficult to fix during the post-placement implementation flow and could be the result of non-optimal XDC constraints or non-optimal design architecture
Related violations: <none>

TIMING-16#874 Warning
Large setup violation  
There is a large setup violation of -9.255 ns between mlp_system_i/mlp_axi_wrapper_0/U0/mlp_inst/l1_sum_reg[24]/C (clocked by clk_fpga_0) and mlp_system_i/mlp_axi_wrapper_0/U0/mlp_inst/l2_sum0__16/A[8] (clocked by clk_fpga_0). Large setup violations at the end of those stages might be difficult to fix during the post-placement implementation flow and could be the result of non-optimal XDC constraints or non-optimal design architecture
Related violations: <none>

TIMING-16#875 Warning
Large setup violation  
There is a large setup violation of -9.262 ns between mlp_system_i/mlp_axi_wrapper_0/U0/mlp_inst/l1_sum_reg[24]/C (clocked by clk_fpga_0) and mlp_system_i/mlp_axi_wrapper_0/U0/mlp_inst/l2_sum0__14/A[8] (clocked by clk_fpga_0). Large setup violations at the end of those stages might be difficult to fix during the post-placement implementation flow and could be the result of non-optimal XDC constraints or non-optimal design architecture
Related violations: <none>

TIMING-16#876 Warning
Large setup violation  
There is a large setup violation of -9.264 ns between mlp_system_i/mlp_axi_wrapper_0/U0/mlp_inst/l1_sum_reg[24]/C (clocked by clk_fpga_0) and mlp_system_i/mlp_axi_wrapper_0/U0/mlp_inst/l2_sum0__18/A[2] (clocked by clk_fpga_0). Large setup violations at the end of those stages might be difficult to fix during the post-placement implementation flow and could be the result of non-optimal XDC constraints or non-optimal design architecture
Related violations: <none>

TIMING-16#877 Warning
Large setup violation  
There is a large setup violation of -9.271 ns between mlp_system_i/mlp_axi_wrapper_0/U0/mlp_inst/l1_sum_reg[24]/C (clocked by clk_fpga_0) and mlp_system_i/mlp_axi_wrapper_0/U0/mlp_inst/l2_sum0__16/A[5] (clocked by clk_fpga_0). Large setup violations at the end of those stages might be difficult to fix during the post-placement implementation flow and could be the result of non-optimal XDC constraints or non-optimal design architecture
Related violations: <none>

TIMING-16#878 Warning
Large setup violation  
There is a large setup violation of -9.272 ns between mlp_system_i/mlp_axi_wrapper_0/U0/mlp_inst/l1_sum_reg[24]/C (clocked by clk_fpga_0) and mlp_system_i/mlp_axi_wrapper_0/U0/mlp_inst/l2_sum0__14/A[4] (clocked by clk_fpga_0). Large setup violations at the end of those stages might be difficult to fix during the post-placement implementation flow and could be the result of non-optimal XDC constraints or non-optimal design architecture
Related violations: <none>

TIMING-16#879 Warning
Large setup violation  
There is a large setup violation of -9.286 ns between mlp_system_i/mlp_axi_wrapper_0/U0/mlp_inst/l1_sum_reg[24]/C (clocked by clk_fpga_0) and mlp_system_i/mlp_axi_wrapper_0/U0/mlp_inst/l2_sum0__24/A[12] (clocked by clk_fpga_0). Large setup violations at the end of those stages might be difficult to fix during the post-placement implementation flow and could be the result of non-optimal XDC constraints or non-optimal design architecture
Related violations: <none>

TIMING-16#880 Warning
Large setup violation  
There is a large setup violation of -9.295 ns between mlp_system_i/mlp_axi_wrapper_0/U0/mlp_inst/l1_sum_reg[24]/C (clocked by clk_fpga_0) and mlp_system_i/mlp_axi_wrapper_0/U0/mlp_inst/l2_sum0__16/A[7] (clocked by clk_fpga_0). Large setup violations at the end of those stages might be difficult to fix during the post-placement implementation flow and could be the result of non-optimal XDC constraints or non-optimal design architecture
Related violations: <none>

TIMING-16#881 Warning
Large setup violation  
There is a large setup violation of -9.305 ns between mlp_system_i/mlp_axi_wrapper_0/U0/mlp_inst/l1_sum_reg[24]/C (clocked by clk_fpga_0) and mlp_system_i/mlp_axi_wrapper_0/U0/mlp_inst/l2_sum0__14/A[6] (clocked by clk_fpga_0). Large setup violations at the end of those stages might be difficult to fix during the post-placement implementation flow and could be the result of non-optimal XDC constraints or non-optimal design architecture
Related violations: <none>

TIMING-16#882 Warning
Large setup violation  
There is a large setup violation of -9.313 ns between mlp_system_i/mlp_axi_wrapper_0/U0/mlp_inst/l1_sum_reg[24]/C (clocked by clk_fpga_0) and mlp_system_i/mlp_axi_wrapper_0/U0/mlp_inst/l2_sum0__14/A[5] (clocked by clk_fpga_0). Large setup violations at the end of those stages might be difficult to fix during the post-placement implementation flow and could be the result of non-optimal XDC constraints or non-optimal design architecture
Related violations: <none>

TIMING-16#883 Warning
Large setup violation  
There is a large setup violation of -9.313 ns between mlp_system_i/mlp_axi_wrapper_0/U0/mlp_inst/l1_sum_reg[24]/C (clocked by clk_fpga_0) and mlp_system_i/mlp_axi_wrapper_0/U0/mlp_inst/l2_sum0__20/A[5] (clocked by clk_fpga_0). Large setup violations at the end of those stages might be difficult to fix during the post-placement implementation flow and could be the result of non-optimal XDC constraints or non-optimal design architecture
Related violations: <none>

TIMING-16#884 Warning
Large setup violation  
There is a large setup violation of -9.314 ns between mlp_system_i/mlp_axi_wrapper_0/U0/mlp_inst/l1_sum_reg[24]/C (clocked by clk_fpga_0) and mlp_system_i/mlp_axi_wrapper_0/U0/mlp_inst/l2_sum0__20/A[8] (clocked by clk_fpga_0). Large setup violations at the end of those stages might be difficult to fix during the post-placement implementation flow and could be the result of non-optimal XDC constraints or non-optimal design architecture
Related violations: <none>

TIMING-16#885 Warning
Large setup violation  
There is a large setup violation of -9.326 ns between mlp_system_i/mlp_axi_wrapper_0/U0/mlp_inst/l1_sum_reg[24]/C (clocked by clk_fpga_0) and mlp_system_i/mlp_axi_wrapper_0/U0/mlp_inst/l2_sum0__20/A[3] (clocked by clk_fpga_0). Large setup violations at the end of those stages might be difficult to fix during the post-placement implementation flow and could be the result of non-optimal XDC constraints or non-optimal design architecture
Related violations: <none>

TIMING-16#886 Warning
Large setup violation  
There is a large setup violation of -9.334 ns between mlp_system_i/mlp_axi_wrapper_0/U0/mlp_inst/l1_sum_reg[24]/C (clocked by clk_fpga_0) and mlp_system_i/mlp_axi_wrapper_0/U0/mlp_inst/l2_sum0__14/A[14] (clocked by clk_fpga_0). Large setup violations at the end of those stages might be difficult to fix during the post-placement implementation flow and could be the result of non-optimal XDC constraints or non-optimal design architecture
Related violations: <none>

TIMING-16#887 Warning
Large setup violation  
There is a large setup violation of -9.345 ns between mlp_system_i/mlp_axi_wrapper_0/U0/mlp_inst/l1_sum_reg[24]/C (clocked by clk_fpga_0) and mlp_system_i/mlp_axi_wrapper_0/U0/mlp_inst/l2_sum0__22/A[8] (clocked by clk_fpga_0). Large setup violations at the end of those stages might be difficult to fix during the post-placement implementation flow and could be the result of non-optimal XDC constraints or non-optimal design architecture
Related violations: <none>

TIMING-16#888 Warning
Large setup violation  
There is a large setup violation of -9.350 ns between mlp_system_i/mlp_axi_wrapper_0/U0/mlp_inst/l1_sum_reg[24]/C (clocked by clk_fpga_0) and mlp_system_i/mlp_axi_wrapper_0/U0/mlp_inst/l2_sum0__18/A[3] (clocked by clk_fpga_0). Large setup violations at the end of those stages might be difficult to fix during the post-placement implementation flow and could be the result of non-optimal XDC constraints or non-optimal design architecture
Related violations: <none>

TIMING-16#889 Warning
Large setup violation  
There is a large setup violation of -9.381 ns between mlp_system_i/mlp_axi_wrapper_0/U0/mlp_inst/l1_sum_reg[24]/C (clocked by clk_fpga_0) and mlp_system_i/mlp_axi_wrapper_0/U0/mlp_inst/l2_sum0__26/A[14] (clocked by clk_fpga_0). Large setup violations at the end of those stages might be difficult to fix during the post-placement implementation flow and could be the result of non-optimal XDC constraints or non-optimal design architecture
Related violations: <none>

TIMING-16#890 Warning
Large setup violation  
There is a large setup violation of -9.389 ns between mlp_system_i/mlp_axi_wrapper_0/U0/mlp_inst/l1_sum_reg[24]/C (clocked by clk_fpga_0) and mlp_system_i/mlp_axi_wrapper_0/U0/mlp_inst/l2_sum0__16/A[3] (clocked by clk_fpga_0). Large setup violations at the end of those stages might be difficult to fix during the post-placement implementation flow and could be the result of non-optimal XDC constraints or non-optimal design architecture
Related violations: <none>

TIMING-16#891 Warning
Large setup violation  
There is a large setup violation of -9.395 ns between mlp_system_i/mlp_axi_wrapper_0/U0/mlp_inst/l1_sum_reg[24]/C (clocked by clk_fpga_0) and mlp_system_i/mlp_axi_wrapper_0/U0/mlp_inst/l2_sum0__22/A[5] (clocked by clk_fpga_0). Large setup violations at the end of those stages might be difficult to fix during the post-placement implementation flow and could be the result of non-optimal XDC constraints or non-optimal design architecture
Related violations: <none>

TIMING-16#892 Warning
Large setup violation  
There is a large setup violation of -9.410 ns between mlp_system_i/mlp_axi_wrapper_0/U0/mlp_inst/l1_sum_reg[24]/C (clocked by clk_fpga_0) and mlp_system_i/mlp_axi_wrapper_0/U0/mlp_inst/l2_sum0__16/A[2] (clocked by clk_fpga_0). Large setup violations at the end of those stages might be difficult to fix during the post-placement implementation flow and could be the result of non-optimal XDC constraints or non-optimal design architecture
Related violations: <none>

TIMING-16#893 Warning
Large setup violation  
There is a large setup violation of -9.434 ns between mlp_system_i/mlp_axi_wrapper_0/U0/mlp_inst/l1_sum_reg[24]/C (clocked by clk_fpga_0) and mlp_system_i/mlp_axi_wrapper_0/U0/mlp_inst/l2_sum0__20/A[13] (clocked by clk_fpga_0). Large setup violations at the end of those stages might be difficult to fix during the post-placement implementation flow and could be the result of non-optimal XDC constraints or non-optimal design architecture
Related violations: <none>

TIMING-16#894 Warning
Large setup violation  
There is a large setup violation of -9.438 ns between mlp_system_i/mlp_axi_wrapper_0/U0/mlp_inst/l1_sum_reg[24]/C (clocked by clk_fpga_0) and mlp_system_i/mlp_axi_wrapper_0/U0/mlp_inst/l2_sum0__26/A[5] (clocked by clk_fpga_0). Large setup violations at the end of those stages might be difficult to fix during the post-placement implementation flow and could be the result of non-optimal XDC constraints or non-optimal design architecture
Related violations: <none>

TIMING-16#895 Warning
Large setup violation  
There is a large setup violation of -9.440 ns between mlp_system_i/mlp_axi_wrapper_0/U0/mlp_inst/l1_sum_reg[24]/C (clocked by clk_fpga_0) and mlp_system_i/mlp_axi_wrapper_0/U0/mlp_inst/l2_sum0__24/A[13] (clocked by clk_fpga_0). Large setup violations at the end of those stages might be difficult to fix during the post-placement implementation flow and could be the result of non-optimal XDC constraints or non-optimal design architecture
Related violations: <none>

TIMING-16#896 Warning
Large setup violation  
There is a large setup violation of -9.442 ns between mlp_system_i/mlp_axi_wrapper_0/U0/mlp_inst/l1_sum_reg[24]/C (clocked by clk_fpga_0) and mlp_system_i/mlp_axi_wrapper_0/U0/mlp_inst/l2_sum0__16/A[1] (clocked by clk_fpga_0). Large setup violations at the end of those stages might be difficult to fix during the post-placement implementation flow and could be the result of non-optimal XDC constraints or non-optimal design architecture
Related violations: <none>

TIMING-16#897 Warning
Large setup violation  
There is a large setup violation of -9.444 ns between mlp_system_i/mlp_axi_wrapper_0/U0/mlp_inst/l1_sum_reg[24]/C (clocked by clk_fpga_0) and mlp_system_i/mlp_axi_wrapper_0/U0/mlp_inst/l2_sum0__20/A[1] (clocked by clk_fpga_0). Large setup violations at the end of those stages might be difficult to fix during the post-placement implementation flow and could be the result of non-optimal XDC constraints or non-optimal design architecture
Related violations: <none>

TIMING-16#898 Warning
Large setup violation  
There is a large setup violation of -9.445 ns between mlp_system_i/mlp_axi_wrapper_0/U0/mlp_inst/l1_sum_reg[24]/C (clocked by clk_fpga_0) and mlp_system_i/mlp_axi_wrapper_0/U0/mlp_inst/l2_sum0__18/A[7] (clocked by clk_fpga_0). Large setup violations at the end of those stages might be difficult to fix during the post-placement implementation flow and could be the result of non-optimal XDC constraints or non-optimal design architecture
Related violations: <none>

TIMING-16#899 Warning
Large setup violation  
There is a large setup violation of -9.445 ns between mlp_system_i/mlp_axi_wrapper_0/U0/mlp_inst/l1_sum_reg[24]/C (clocked by clk_fpga_0) and mlp_system_i/mlp_axi_wrapper_0/U0/mlp_inst/l2_sum0__22/A[4] (clocked by clk_fpga_0). Large setup violations at the end of those stages might be difficult to fix during the post-placement implementation flow and could be the result of non-optimal XDC constraints or non-optimal design architecture
Related violations: <none>

TIMING-16#900 Warning
Large setup violation  
There is a large setup violation of -9.450 ns between mlp_system_i/mlp_axi_wrapper_0/U0/mlp_inst/l1_sum_reg[24]/C (clocked by clk_fpga_0) and mlp_system_i/mlp_axi_wrapper_0/U0/mlp_inst/l2_sum0__20/A[7] (clocked by clk_fpga_0). Large setup violations at the end of those stages might be difficult to fix during the post-placement implementation flow and could be the result of non-optimal XDC constraints or non-optimal design architecture
Related violations: <none>

TIMING-16#901 Warning
Large setup violation  
There is a large setup violation of -9.450 ns between mlp_system_i/mlp_axi_wrapper_0/U0/mlp_inst/l1_sum_reg[24]/C (clocked by clk_fpga_0) and mlp_system_i/mlp_axi_wrapper_0/U0/mlp_inst/l2_sum0__26/A[12] (clocked by clk_fpga_0). Large setup violations at the end of those stages might be difficult to fix during the post-placement implementation flow and could be the result of non-optimal XDC constraints or non-optimal design architecture
Related violations: <none>

TIMING-16#902 Warning
Large setup violation  
There is a large setup violation of -9.451 ns between mlp_system_i/mlp_axi_wrapper_0/U0/mlp_inst/l1_sum_reg[24]/C (clocked by clk_fpga_0) and mlp_system_i/mlp_axi_wrapper_0/U0/mlp_inst/l2_sum0__24/A[5] (clocked by clk_fpga_0). Large setup violations at the end of those stages might be difficult to fix during the post-placement implementation flow and could be the result of non-optimal XDC constraints or non-optimal design architecture
Related violations: <none>

TIMING-16#903 Warning
Large setup violation  
There is a large setup violation of -9.463 ns between mlp_system_i/mlp_axi_wrapper_0/U0/mlp_inst/l1_sum_reg[24]/C (clocked by clk_fpga_0) and mlp_system_i/mlp_axi_wrapper_0/U0/mlp_inst/l2_sum0__20/A[2] (clocked by clk_fpga_0). Large setup violations at the end of those stages might be difficult to fix during the post-placement implementation flow and could be the result of non-optimal XDC constraints or non-optimal design architecture
Related violations: <none>

TIMING-16#904 Warning
Large setup violation  
There is a large setup violation of -9.468 ns between mlp_system_i/mlp_axi_wrapper_0/U0/mlp_inst/l1_sum_reg[24]/C (clocked by clk_fpga_0) and mlp_system_i/mlp_axi_wrapper_0/U0/mlp_inst/l2_sum0__25/A[0] (clocked by clk_fpga_0). Large setup violations at the end of those stages might be difficult to fix during the post-placement implementation flow and could be the result of non-optimal XDC constraints or non-optimal design architecture
Related violations: <none>

TIMING-16#905 Warning
Large setup violation  
There is a large setup violation of -9.481 ns between mlp_system_i/mlp_axi_wrapper_0/U0/mlp_inst/l1_sum_reg[24]/C (clocked by clk_fpga_0) and mlp_system_i/mlp_axi_wrapper_0/U0/mlp_inst/l2_sum0__18/A[11] (clocked by clk_fpga_0). Large setup violations at the end of those stages might be difficult to fix during the post-placement implementation flow and could be the result of non-optimal XDC constraints or non-optimal design architecture
Related violations: <none>

TIMING-16#906 Warning
Large setup violation  
There is a large setup violation of -9.486 ns between mlp_system_i/mlp_axi_wrapper_0/U0/mlp_inst/l1_sum_reg[24]/C (clocked by clk_fpga_0) and mlp_system_i/mlp_axi_wrapper_0/U0/mlp_inst/l2_sum0__26/A[4] (clocked by clk_fpga_0). Large setup violations at the end of those stages might be difficult to fix during the post-placement implementation flow and could be the result of non-optimal XDC constraints or non-optimal design architecture
Related violations: <none>

TIMING-16#907 Warning
Large setup violation  
There is a large setup violation of -9.495 ns between mlp_system_i/mlp_axi_wrapper_0/U0/mlp_inst/l1_sum_reg[24]/C (clocked by clk_fpga_0) and mlp_system_i/mlp_axi_wrapper_0/U0/mlp_inst/l2_sum0__22/A[13] (clocked by clk_fpga_0). Large setup violations at the end of those stages might be difficult to fix during the post-placement implementation flow and could be the result of non-optimal XDC constraints or non-optimal design architecture
Related violations: <none>

TIMING-16#908 Warning
Large setup violation  
There is a large setup violation of -9.496 ns between mlp_system_i/mlp_axi_wrapper_0/U0/mlp_inst/l1_sum_reg[24]/C (clocked by clk_fpga_0) and mlp_system_i/mlp_axi_wrapper_0/U0/mlp_inst/l2_sum0__20/A[4] (clocked by clk_fpga_0). Large setup violations at the end of those stages might be difficult to fix during the post-placement implementation flow and could be the result of non-optimal XDC constraints or non-optimal design architecture
Related violations: <none>

TIMING-16#909 Warning
Large setup violation  
There is a large setup violation of -9.501 ns between mlp_system_i/mlp_axi_wrapper_0/U0/mlp_inst/l1_sum_reg[24]/C (clocked by clk_fpga_0) and mlp_system_i/mlp_axi_wrapper_0/U0/mlp_inst/l2_sum0__22/A[1] (clocked by clk_fpga_0). Large setup violations at the end of those stages might be difficult to fix during the post-placement implementation flow and could be the result of non-optimal XDC constraints or non-optimal design architecture
Related violations: <none>

TIMING-16#910 Warning
Large setup violation  
There is a large setup violation of -9.501 ns between mlp_system_i/mlp_axi_wrapper_0/U0/mlp_inst/l1_sum_reg[24]/C (clocked by clk_fpga_0) and mlp_system_i/mlp_axi_wrapper_0/U0/mlp_inst/l2_sum0__22/A[2] (clocked by clk_fpga_0). Large setup violations at the end of those stages might be difficult to fix during the post-placement implementation flow and could be the result of non-optimal XDC constraints or non-optimal design architecture
Related violations: <none>

TIMING-16#911 Warning
Large setup violation  
There is a large setup violation of -9.504 ns between mlp_system_i/mlp_axi_wrapper_0/U0/mlp_inst/l1_sum_reg[24]/C (clocked by clk_fpga_0) and mlp_system_i/mlp_axi_wrapper_0/U0/mlp_inst/l2_sum0__14/A[1] (clocked by clk_fpga_0). Large setup violations at the end of those stages might be difficult to fix during the post-placement implementation flow and could be the result of non-optimal XDC constraints or non-optimal design architecture
Related violations: <none>

TIMING-16#912 Warning
Large setup violation  
There is a large setup violation of -9.505 ns between mlp_system_i/mlp_axi_wrapper_0/U0/mlp_inst/l1_sum_reg[24]/C (clocked by clk_fpga_0) and mlp_system_i/mlp_axi_wrapper_0/U0/mlp_inst/l2_sum0__28/A[5] (clocked by clk_fpga_0). Large setup violations at the end of those stages might be difficult to fix during the post-placement implementation flow and could be the result of non-optimal XDC constraints or non-optimal design architecture
Related violations: <none>

TIMING-16#913 Warning
Large setup violation  
There is a large setup violation of -9.512 ns between mlp_system_i/mlp_axi_wrapper_0/U0/mlp_inst/l1_sum_reg[24]/C (clocked by clk_fpga_0) and mlp_system_i/mlp_axi_wrapper_0/U0/mlp_inst/l2_sum0__22/A[3] (clocked by clk_fpga_0). Large setup violations at the end of those stages might be difficult to fix during the post-placement implementation flow and could be the result of non-optimal XDC constraints or non-optimal design architecture
Related violations: <none>

TIMING-16#914 Warning
Large setup violation  
There is a large setup violation of -9.516 ns between mlp_system_i/mlp_axi_wrapper_0/U0/mlp_inst/l1_sum_reg[24]/C (clocked by clk_fpga_0) and mlp_system_i/mlp_axi_wrapper_0/U0/mlp_inst/l2_sum0__26/A[13] (clocked by clk_fpga_0). Large setup violations at the end of those stages might be difficult to fix during the post-placement implementation flow and could be the result of non-optimal XDC constraints or non-optimal design architecture
Related violations: <none>

TIMING-16#915 Warning
Large setup violation  
There is a large setup violation of -9.522 ns between mlp_system_i/mlp_axi_wrapper_0/U0/mlp_inst/l1_sum_reg[24]/C (clocked by clk_fpga_0) and mlp_system_i/mlp_axi_wrapper_0/U0/mlp_inst/l2_sum0__28/A[4] (clocked by clk_fpga_0). Large setup violations at the end of those stages might be difficult to fix during the post-placement implementation flow and could be the result of non-optimal XDC constraints or non-optimal design architecture
Related violations: <none>

TIMING-16#916 Warning
Large setup violation  
There is a large setup violation of -9.526 ns between mlp_system_i/mlp_axi_wrapper_0/U0/mlp_inst/l1_sum_reg[24]/C (clocked by clk_fpga_0) and mlp_system_i/mlp_axi_wrapper_0/U0/mlp_inst/l2_sum0__14/A[2] (clocked by clk_fpga_0). Large setup violations at the end of those stages might be difficult to fix during the post-placement implementation flow and could be the result of non-optimal XDC constraints or non-optimal design architecture
Related violations: <none>

TIMING-16#917 Warning
Large setup violation  
There is a large setup violation of -9.535 ns between mlp_system_i/mlp_axi_wrapper_0/U0/mlp_inst/l1_sum_reg[24]/C (clocked by clk_fpga_0) and mlp_system_i/mlp_axi_wrapper_0/U0/mlp_inst/l2_sum0__28/A[12] (clocked by clk_fpga_0). Large setup violations at the end of those stages might be difficult to fix during the post-placement implementation flow and could be the result of non-optimal XDC constraints or non-optimal design architecture
Related violations: <none>

TIMING-16#918 Warning
Large setup violation  
There is a large setup violation of -9.536 ns between mlp_system_i/mlp_axi_wrapper_0/U0/mlp_inst/l1_sum_reg[24]/C (clocked by clk_fpga_0) and mlp_system_i/mlp_axi_wrapper_0/U0/mlp_inst/l2_sum0__24/A[8] (clocked by clk_fpga_0). Large setup violations at the end of those stages might be difficult to fix during the post-placement implementation flow and could be the result of non-optimal XDC constraints or non-optimal design architecture
Related violations: <none>

TIMING-16#919 Warning
Large setup violation  
There is a large setup violation of -9.572 ns between mlp_system_i/mlp_axi_wrapper_0/U0/mlp_inst/l1_sum_reg[24]/C (clocked by clk_fpga_0) and mlp_system_i/mlp_axi_wrapper_0/U0/mlp_inst/l2_sum0__14/A[3] (clocked by clk_fpga_0). Large setup violations at the end of those stages might be difficult to fix during the post-placement implementation flow and could be the result of non-optimal XDC constraints or non-optimal design architecture
Related violations: <none>

TIMING-16#920 Warning
Large setup violation  
There is a large setup violation of -9.574 ns between mlp_system_i/mlp_axi_wrapper_0/U0/mlp_inst/l1_sum_reg[24]/C (clocked by clk_fpga_0) and mlp_system_i/mlp_axi_wrapper_0/U0/mlp_inst/l2_sum0__23/A[5] (clocked by clk_fpga_0). Large setup violations at the end of those stages might be difficult to fix during the post-placement implementation flow and could be the result of non-optimal XDC constraints or non-optimal design architecture
Related violations: <none>

TIMING-16#921 Warning
Large setup violation  
There is a large setup violation of -9.586 ns between mlp_system_i/mlp_axi_wrapper_0/U0/mlp_inst/l1_sum_reg[24]/C (clocked by clk_fpga_0) and mlp_system_i/mlp_axi_wrapper_0/U0/mlp_inst/l2_sum0__28/A[9] (clocked by clk_fpga_0). Large setup violations at the end of those stages might be difficult to fix during the post-placement implementation flow and could be the result of non-optimal XDC constraints or non-optimal design architecture
Related violations: <none>

TIMING-16#922 Warning
Large setup violation  
There is a large setup violation of -9.592 ns between mlp_system_i/mlp_axi_wrapper_0/U0/mlp_inst/l1_sum_reg[24]/C (clocked by clk_fpga_0) and mlp_system_i/mlp_axi_wrapper_0/U0/mlp_inst/l2_sum0__24/A[6] (clocked by clk_fpga_0). Large setup violations at the end of those stages might be difficult to fix during the post-placement implementation flow and could be the result of non-optimal XDC constraints or non-optimal design architecture
Related violations: <none>

TIMING-16#923 Warning
Large setup violation  
There is a large setup violation of -9.598 ns between mlp_system_i/mlp_axi_wrapper_0/U0/mlp_inst/l1_sum_reg[24]/C (clocked by clk_fpga_0) and mlp_system_i/mlp_axi_wrapper_0/U0/mlp_inst/l2_sum0__24/A[3] (clocked by clk_fpga_0). Large setup violations at the end of those stages might be difficult to fix during the post-placement implementation flow and could be the result of non-optimal XDC constraints or non-optimal design architecture
Related violations: <none>

TIMING-16#924 Warning
Large setup violation  
There is a large setup violation of -9.602 ns between mlp_system_i/mlp_axi_wrapper_0/U0/mlp_inst/l1_sum_reg[24]/C (clocked by clk_fpga_0) and mlp_system_i/mlp_axi_wrapper_0/U0/mlp_inst/l2_sum0__23/A[4] (clocked by clk_fpga_0). Large setup violations at the end of those stages might be difficult to fix during the post-placement implementation flow and could be the result of non-optimal XDC constraints or non-optimal design architecture
Related violations: <none>

TIMING-16#925 Warning
Large setup violation  
There is a large setup violation of -9.619 ns between mlp_system_i/mlp_axi_wrapper_0/U0/mlp_inst/l1_sum_reg[24]/C (clocked by clk_fpga_0) and mlp_system_i/mlp_axi_wrapper_0/U0/mlp_inst/l2_sum0__23/A[0] (clocked by clk_fpga_0). Large setup violations at the end of those stages might be difficult to fix during the post-placement implementation flow and could be the result of non-optimal XDC constraints or non-optimal design architecture
Related violations: <none>

TIMING-16#926 Warning
Large setup violation  
There is a large setup violation of -9.621 ns between mlp_system_i/mlp_axi_wrapper_0/U0/mlp_inst/l1_sum_reg[24]/C (clocked by clk_fpga_0) and mlp_system_i/mlp_axi_wrapper_0/U0/mlp_inst/l2_sum0__27/A[0] (clocked by clk_fpga_0). Large setup violations at the end of those stages might be difficult to fix during the post-placement implementation flow and could be the result of non-optimal XDC constraints or non-optimal design architecture
Related violations: <none>

TIMING-16#927 Warning
Large setup violation  
There is a large setup violation of -9.624 ns between mlp_system_i/mlp_axi_wrapper_0/U0/mlp_inst/l1_sum_reg[24]/C (clocked by clk_fpga_0) and mlp_system_i/mlp_axi_wrapper_0/U0/mlp_inst/l2_sum0__16/A[11] (clocked by clk_fpga_0). Large setup violations at the end of those stages might be difficult to fix during the post-placement implementation flow and could be the result of non-optimal XDC constraints or non-optimal design architecture
Related violations: <none>

TIMING-16#928 Warning
Large setup violation  
There is a large setup violation of -9.634 ns between mlp_system_i/mlp_axi_wrapper_0/U0/mlp_inst/l1_sum_reg[24]/C (clocked by clk_fpga_0) and mlp_system_i/mlp_axi_wrapper_0/U0/mlp_inst/l2_sum0__16/A[10] (clocked by clk_fpga_0). Large setup violations at the end of those stages might be difficult to fix during the post-placement implementation flow and could be the result of non-optimal XDC constraints or non-optimal design architecture
Related violations: <none>

TIMING-16#929 Warning
Large setup violation  
There is a large setup violation of -9.641 ns between mlp_system_i/mlp_axi_wrapper_0/U0/mlp_inst/l1_sum_reg[24]/C (clocked by clk_fpga_0) and mlp_system_i/mlp_axi_wrapper_0/U0/mlp_inst/l2_sum0__14/A[7] (clocked by clk_fpga_0). Large setup violations at the end of those stages might be difficult to fix during the post-placement implementation flow and could be the result of non-optimal XDC constraints or non-optimal design architecture
Related violations: <none>

TIMING-16#930 Warning
Large setup violation  
There is a large setup violation of -9.645 ns between mlp_system_i/mlp_axi_wrapper_0/U0/mlp_inst/l1_sum_reg[24]/C (clocked by clk_fpga_0) and mlp_system_i/mlp_axi_wrapper_0/U0/mlp_inst/l2_sum0__24/A[2] (clocked by clk_fpga_0). Large setup violations at the end of those stages might be difficult to fix during the post-placement implementation flow and could be the result of non-optimal XDC constraints or non-optimal design architecture
Related violations: <none>

TIMING-16#931 Warning
Large setup violation  
There is a large setup violation of -9.646 ns between mlp_system_i/mlp_axi_wrapper_0/U0/mlp_inst/l1_sum_reg[24]/C (clocked by clk_fpga_0) and mlp_system_i/mlp_axi_wrapper_0/U0/mlp_inst/l2_sum0__23/A[2] (clocked by clk_fpga_0). Large setup violations at the end of those stages might be difficult to fix during the post-placement implementation flow and could be the result of non-optimal XDC constraints or non-optimal design architecture
Related violations: <none>

TIMING-16#932 Warning
Large setup violation  
There is a large setup violation of -9.649 ns between mlp_system_i/mlp_axi_wrapper_0/U0/mlp_inst/l1_sum_reg[24]/C (clocked by clk_fpga_0) and mlp_system_i/mlp_axi_wrapper_0/U0/mlp_inst/l2_sum0__25/A[5] (clocked by clk_fpga_0). Large setup violations at the end of those stages might be difficult to fix during the post-placement implementation flow and could be the result of non-optimal XDC constraints or non-optimal design architecture
Related violations: <none>

TIMING-16#933 Warning
Large setup violation  
There is a large setup violation of -9.649 ns between mlp_system_i/mlp_axi_wrapper_0/U0/mlp_inst/l1_sum_reg[24]/C (clocked by clk_fpga_0) and mlp_system_i/mlp_axi_wrapper_0/U0/mlp_inst/l2_sum0__26/A[8] (clocked by clk_fpga_0). Large setup violations at the end of those stages might be difficult to fix during the post-placement implementation flow and could be the result of non-optimal XDC constraints or non-optimal design architecture
Related violations: <none>

TIMING-16#934 Warning
Large setup violation  
There is a large setup violation of -9.655 ns between mlp_system_i/mlp_axi_wrapper_0/U0/mlp_inst/l1_sum_reg[24]/C (clocked by clk_fpga_0) and mlp_system_i/mlp_axi_wrapper_0/U0/mlp_inst/l2_sum0__26/A[6] (clocked by clk_fpga_0). Large setup violations at the end of those stages might be difficult to fix during the post-placement implementation flow and could be the result of non-optimal XDC constraints or non-optimal design architecture
Related violations: <none>

TIMING-16#935 Warning
Large setup violation  
There is a large setup violation of -9.671 ns between mlp_system_i/mlp_axi_wrapper_0/U0/mlp_inst/l1_sum_reg[24]/C (clocked by clk_fpga_0) and mlp_system_i/mlp_axi_wrapper_0/U0/mlp_inst/l2_sum0__18/A[10] (clocked by clk_fpga_0). Large setup violations at the end of those stages might be difficult to fix during the post-placement implementation flow and could be the result of non-optimal XDC constraints or non-optimal design architecture
Related violations: <none>

TIMING-16#936 Warning
Large setup violation  
There is a large setup violation of -9.673 ns between mlp_system_i/mlp_axi_wrapper_0/U0/mlp_inst/l1_sum_reg[24]/C (clocked by clk_fpga_0) and mlp_system_i/mlp_axi_wrapper_0/U0/mlp_inst/l2_sum0__23/A[9] (clocked by clk_fpga_0). Large setup violations at the end of those stages might be difficult to fix during the post-placement implementation flow and could be the result of non-optimal XDC constraints or non-optimal design architecture
Related violations: <none>

TIMING-16#937 Warning
Large setup violation  
There is a large setup violation of -9.674 ns between mlp_system_i/mlp_axi_wrapper_0/U0/mlp_inst/l1_sum_reg[24]/C (clocked by clk_fpga_0) and mlp_system_i/mlp_axi_wrapper_0/U0/mlp_inst/l2_sum0__25/A[8] (clocked by clk_fpga_0). Large setup violations at the end of those stages might be difficult to fix during the post-placement implementation flow and could be the result of non-optimal XDC constraints or non-optimal design architecture
Related violations: <none>

TIMING-16#938 Warning
Large setup violation  
There is a large setup violation of -9.686 ns between mlp_system_i/mlp_axi_wrapper_0/U0/mlp_inst/l1_sum_reg[24]/C (clocked by clk_fpga_0) and mlp_system_i/mlp_axi_wrapper_0/U0/mlp_inst/l2_sum0__25/A[9] (clocked by clk_fpga_0). Large setup violations at the end of those stages might be difficult to fix during the post-placement implementation flow and could be the result of non-optimal XDC constraints or non-optimal design architecture
Related violations: <none>

TIMING-16#939 Warning
Large setup violation  
There is a large setup violation of -9.687 ns between mlp_system_i/mlp_axi_wrapper_0/U0/mlp_inst/l1_sum_reg[24]/C (clocked by clk_fpga_0) and mlp_system_i/mlp_axi_wrapper_0/U0/mlp_inst/l2_sum0__14/A[11] (clocked by clk_fpga_0). Large setup violations at the end of those stages might be difficult to fix during the post-placement implementation flow and could be the result of non-optimal XDC constraints or non-optimal design architecture
Related violations: <none>

TIMING-16#940 Warning
Large setup violation  
There is a large setup violation of -9.691 ns between mlp_system_i/mlp_axi_wrapper_0/U0/mlp_inst/l1_sum_reg[24]/C (clocked by clk_fpga_0) and mlp_system_i/mlp_axi_wrapper_0/U0/mlp_inst/l2_sum0__28/A[14] (clocked by clk_fpga_0). Large setup violations at the end of those stages might be difficult to fix during the post-placement implementation flow and could be the result of non-optimal XDC constraints or non-optimal design architecture
Related violations: <none>

TIMING-16#941 Warning
Large setup violation  
There is a large setup violation of -9.693 ns between mlp_system_i/mlp_axi_wrapper_0/U0/mlp_inst/l1_sum_reg[24]/C (clocked by clk_fpga_0) and mlp_system_i/mlp_axi_wrapper_0/U0/mlp_inst/l2_sum0__20/A[11] (clocked by clk_fpga_0). Large setup violations at the end of those stages might be difficult to fix during the post-placement implementation flow and could be the result of non-optimal XDC constraints or non-optimal design architecture
Related violations: <none>

TIMING-16#942 Warning
Large setup violation  
There is a large setup violation of -9.700 ns between mlp_system_i/mlp_axi_wrapper_0/U0/mlp_inst/l1_sum_reg[24]/C (clocked by clk_fpga_0) and mlp_system_i/mlp_axi_wrapper_0/U0/mlp_inst/l2_sum0__22/A[7] (clocked by clk_fpga_0). Large setup violations at the end of those stages might be difficult to fix during the post-placement implementation flow and could be the result of non-optimal XDC constraints or non-optimal design architecture
Related violations: <none>

TIMING-16#943 Warning
Large setup violation  
There is a large setup violation of -9.708 ns between mlp_system_i/mlp_axi_wrapper_0/U0/mlp_inst/l1_sum_reg[24]/C (clocked by clk_fpga_0) and mlp_system_i/mlp_axi_wrapper_0/U0/mlp_inst/l2_sum0__24/A[7] (clocked by clk_fpga_0). Large setup violations at the end of those stages might be difficult to fix during the post-placement implementation flow and could be the result of non-optimal XDC constraints or non-optimal design architecture
Related violations: <none>

TIMING-16#944 Warning
Large setup violation  
There is a large setup violation of -9.719 ns between mlp_system_i/mlp_axi_wrapper_0/U0/mlp_inst/l1_sum_reg[24]/C (clocked by clk_fpga_0) and mlp_system_i/mlp_axi_wrapper_0/U0/mlp_inst/l2_sum0__25/A[2] (clocked by clk_fpga_0). Large setup violations at the end of those stages might be difficult to fix during the post-placement implementation flow and could be the result of non-optimal XDC constraints or non-optimal design architecture
Related violations: <none>

TIMING-16#945 Warning
Large setup violation  
There is a large setup violation of -9.721 ns between mlp_system_i/mlp_axi_wrapper_0/U0/mlp_inst/l1_sum_reg[24]/C (clocked by clk_fpga_0) and mlp_system_i/mlp_axi_wrapper_0/U0/mlp_inst/l2_sum0__30/A[5] (clocked by clk_fpga_0). Large setup violations at the end of those stages might be difficult to fix during the post-placement implementation flow and could be the result of non-optimal XDC constraints or non-optimal design architecture
Related violations: <none>

TIMING-16#946 Warning
Large setup violation  
There is a large setup violation of -9.736 ns between mlp_system_i/mlp_axi_wrapper_0/U0/mlp_inst/l1_sum_reg[24]/C (clocked by clk_fpga_0) and mlp_system_i/mlp_axi_wrapper_0/U0/mlp_inst/l2_sum0__23/A[14] (clocked by clk_fpga_0). Large setup violations at the end of those stages might be difficult to fix during the post-placement implementation flow and could be the result of non-optimal XDC constraints or non-optimal design architecture
Related violations: <none>

TIMING-16#947 Warning
Large setup violation  
There is a large setup violation of -9.736 ns between mlp_system_i/mlp_axi_wrapper_0/U0/mlp_inst/l1_sum_reg[24]/C (clocked by clk_fpga_0) and mlp_system_i/mlp_axi_wrapper_0/U0/mlp_inst/l2_sum0__30/A[9] (clocked by clk_fpga_0). Large setup violations at the end of those stages might be difficult to fix during the post-placement implementation flow and could be the result of non-optimal XDC constraints or non-optimal design architecture
Related violations: <none>

TIMING-16#948 Warning
Large setup violation  
There is a large setup violation of -9.753 ns between mlp_system_i/mlp_axi_wrapper_0/U0/mlp_inst/l1_sum_reg[24]/C (clocked by clk_fpga_0) and mlp_system_i/mlp_axi_wrapper_0/U0/mlp_inst/l2_sum0__30/A[12] (clocked by clk_fpga_0). Large setup violations at the end of those stages might be difficult to fix during the post-placement implementation flow and could be the result of non-optimal XDC constraints or non-optimal design architecture
Related violations: <none>

TIMING-16#949 Warning
Large setup violation  
There is a large setup violation of -9.759 ns between mlp_system_i/mlp_axi_wrapper_0/U0/mlp_inst/l1_sum_reg[24]/C (clocked by clk_fpga_0) and mlp_system_i/mlp_axi_wrapper_0/U0/mlp_inst/l2_sum0__23/A[11] (clocked by clk_fpga_0). Large setup violations at the end of those stages might be difficult to fix during the post-placement implementation flow and could be the result of non-optimal XDC constraints or non-optimal design architecture
Related violations: <none>

TIMING-16#950 Warning
Large setup violation  
There is a large setup violation of -9.764 ns between mlp_system_i/mlp_axi_wrapper_0/U0/mlp_inst/l1_sum_reg[24]/C (clocked by clk_fpga_0) and mlp_system_i/mlp_axi_wrapper_0/U0/mlp_inst/l2_sum0__24/A[4] (clocked by clk_fpga_0). Large setup violations at the end of those stages might be difficult to fix during the post-placement implementation flow and could be the result of non-optimal XDC constraints or non-optimal design architecture
Related violations: <none>

TIMING-16#951 Warning
Large setup violation  
There is a large setup violation of -9.773 ns between mlp_system_i/mlp_axi_wrapper_0/U0/mlp_inst/l1_sum_reg[24]/C (clocked by clk_fpga_0) and mlp_system_i/mlp_axi_wrapper_0/U0/mlp_inst/l2_sum0__25/A[4] (clocked by clk_fpga_0). Large setup violations at the end of those stages might be difficult to fix during the post-placement implementation flow and could be the result of non-optimal XDC constraints or non-optimal design architecture
Related violations: <none>

TIMING-16#952 Warning
Large setup violation  
There is a large setup violation of -9.775 ns between mlp_system_i/mlp_axi_wrapper_0/U0/mlp_inst/l1_sum_reg[24]/C (clocked by clk_fpga_0) and mlp_system_i/mlp_axi_wrapper_0/U0/mlp_inst/l2_sum0__28/A[6] (clocked by clk_fpga_0). Large setup violations at the end of those stages might be difficult to fix during the post-placement implementation flow and could be the result of non-optimal XDC constraints or non-optimal design architecture
Related violations: <none>

TIMING-16#953 Warning
Large setup violation  
There is a large setup violation of -9.778 ns between mlp_system_i/mlp_axi_wrapper_0/U0/mlp_inst/l1_sum_reg[24]/C (clocked by clk_fpga_0) and mlp_system_i/mlp_axi_wrapper_0/U0/mlp_inst/l2_sum0__28/A[8] (clocked by clk_fpga_0). Large setup violations at the end of those stages might be difficult to fix during the post-placement implementation flow and could be the result of non-optimal XDC constraints or non-optimal design architecture
Related violations: <none>

TIMING-16#954 Warning
Large setup violation  
There is a large setup violation of -9.785 ns between mlp_system_i/mlp_axi_wrapper_0/U0/mlp_inst/l1_sum_reg[24]/C (clocked by clk_fpga_0) and mlp_system_i/mlp_axi_wrapper_0/U0/mlp_inst/l2_sum0__26/A[3] (clocked by clk_fpga_0). Large setup violations at the end of those stages might be difficult to fix during the post-placement implementation flow and could be the result of non-optimal XDC constraints or non-optimal design architecture
Related violations: <none>

TIMING-16#955 Warning
Large setup violation  
There is a large setup violation of -9.789 ns between mlp_system_i/mlp_axi_wrapper_0/U0/mlp_inst/l1_sum_reg[24]/C (clocked by clk_fpga_0) and mlp_system_i/mlp_axi_wrapper_0/U0/mlp_inst/l2_sum0__24/A[1] (clocked by clk_fpga_0). Large setup violations at the end of those stages might be difficult to fix during the post-placement implementation flow and could be the result of non-optimal XDC constraints or non-optimal design architecture
Related violations: <none>

TIMING-16#956 Warning
Large setup violation  
There is a large setup violation of -9.807 ns between mlp_system_i/mlp_axi_wrapper_0/U0/mlp_inst/l1_sum_reg[24]/C (clocked by clk_fpga_0) and mlp_system_i/mlp_axi_wrapper_0/U0/mlp_inst/l2_sum0__26/A[2] (clocked by clk_fpga_0). Large setup violations at the end of those stages might be difficult to fix during the post-placement implementation flow and could be the result of non-optimal XDC constraints or non-optimal design architecture
Related violations: <none>

TIMING-16#957 Warning
Large setup violation  
There is a large setup violation of -9.815 ns between mlp_system_i/mlp_axi_wrapper_0/U0/mlp_inst/l1_sum_reg[24]/C (clocked by clk_fpga_0) and mlp_system_i/mlp_axi_wrapper_0/U0/mlp_inst/l2_sum0__20/A[10] (clocked by clk_fpga_0). Large setup violations at the end of those stages might be difficult to fix during the post-placement implementation flow and could be the result of non-optimal XDC constraints or non-optimal design architecture
Related violations: <none>

TIMING-16#958 Warning
Large setup violation  
There is a large setup violation of -9.817 ns between mlp_system_i/mlp_axi_wrapper_0/U0/mlp_inst/l1_sum_reg[24]/C (clocked by clk_fpga_0) and mlp_system_i/mlp_axi_wrapper_0/U0/mlp_inst/l2_sum0__23/A[8] (clocked by clk_fpga_0). Large setup violations at the end of those stages might be difficult to fix during the post-placement implementation flow and could be the result of non-optimal XDC constraints or non-optimal design architecture
Related violations: <none>

TIMING-16#959 Warning
Large setup violation  
There is a large setup violation of -9.834 ns between mlp_system_i/mlp_axi_wrapper_0/U0/mlp_inst/l1_sum_reg[24]/C (clocked by clk_fpga_0) and mlp_system_i/mlp_axi_wrapper_0/U0/mlp_inst/l2_sum0__14/A[10] (clocked by clk_fpga_0). Large setup violations at the end of those stages might be difficult to fix during the post-placement implementation flow and could be the result of non-optimal XDC constraints or non-optimal design architecture
Related violations: <none>

TIMING-16#960 Warning
Large setup violation  
There is a large setup violation of -9.835 ns between mlp_system_i/mlp_axi_wrapper_0/U0/mlp_inst/l1_sum_reg[24]/C (clocked by clk_fpga_0) and mlp_system_i/mlp_axi_wrapper_0/U0/mlp_inst/l2_sum0__27/A[2] (clocked by clk_fpga_0). Large setup violations at the end of those stages might be difficult to fix during the post-placement implementation flow and could be the result of non-optimal XDC constraints or non-optimal design architecture
Related violations: <none>

TIMING-16#961 Warning
Large setup violation  
There is a large setup violation of -9.836 ns between mlp_system_i/mlp_axi_wrapper_0/U0/mlp_inst/l1_sum_reg[24]/C (clocked by clk_fpga_0) and mlp_system_i/mlp_axi_wrapper_0/U0/mlp_inst/l2_sum0__27/A[5] (clocked by clk_fpga_0). Large setup violations at the end of those stages might be difficult to fix during the post-placement implementation flow and could be the result of non-optimal XDC constraints or non-optimal design architecture
Related violations: <none>

TIMING-16#962 Warning
Large setup violation  
There is a large setup violation of -9.841 ns between mlp_system_i/mlp_axi_wrapper_0/U0/mlp_inst/l1_sum_reg[24]/C (clocked by clk_fpga_0) and mlp_system_i/mlp_axi_wrapper_0/U0/mlp_inst/l2_sum0__29/A[0] (clocked by clk_fpga_0). Large setup violations at the end of those stages might be difficult to fix during the post-placement implementation flow and could be the result of non-optimal XDC constraints or non-optimal design architecture
Related violations: <none>

TIMING-16#963 Warning
Large setup violation  
There is a large setup violation of -9.847 ns between mlp_system_i/mlp_axi_wrapper_0/U0/mlp_inst/l1_sum_reg[24]/C (clocked by clk_fpga_0) and mlp_system_i/mlp_axi_wrapper_0/U0/mlp_inst/l2_sum0__30/A[8] (clocked by clk_fpga_0). Large setup violations at the end of those stages might be difficult to fix during the post-placement implementation flow and could be the result of non-optimal XDC constraints or non-optimal design architecture
Related violations: <none>

TIMING-16#964 Warning
Large setup violation  
There is a large setup violation of -9.851 ns between mlp_system_i/mlp_axi_wrapper_0/U0/mlp_inst/l1_sum_reg[24]/C (clocked by clk_fpga_0) and mlp_system_i/mlp_axi_wrapper_0/U0/mlp_inst/l2_sum0__22/A[10] (clocked by clk_fpga_0). Large setup violations at the end of those stages might be difficult to fix during the post-placement implementation flow and could be the result of non-optimal XDC constraints or non-optimal design architecture
Related violations: <none>

TIMING-16#965 Warning
Large setup violation  
There is a large setup violation of -9.874 ns between mlp_system_i/mlp_axi_wrapper_0/U0/mlp_inst/l1_sum_reg[24]/C (clocked by clk_fpga_0) and mlp_system_i/mlp_axi_wrapper_0/U0/mlp_inst/l2_sum0__29/A[2] (clocked by clk_fpga_0). Large setup violations at the end of those stages might be difficult to fix during the post-placement implementation flow and could be the result of non-optimal XDC constraints or non-optimal design architecture
Related violations: <none>

TIMING-16#966 Warning
Large setup violation  
There is a large setup violation of -9.875 ns between mlp_system_i/mlp_axi_wrapper_0/U0/mlp_inst/l1_sum_reg[24]/C (clocked by clk_fpga_0) and mlp_system_i/mlp_axi_wrapper_0/U0/mlp_inst/l2_sum0__27/A[8] (clocked by clk_fpga_0). Large setup violations at the end of those stages might be difficult to fix during the post-placement implementation flow and could be the result of non-optimal XDC constraints or non-optimal design architecture
Related violations: <none>

TIMING-16#967 Warning
Large setup violation  
There is a large setup violation of -9.876 ns between mlp_system_i/mlp_axi_wrapper_0/U0/mlp_inst/l1_sum_reg[24]/C (clocked by clk_fpga_0) and mlp_system_i/mlp_axi_wrapper_0/U0/mlp_inst/l2_sum0__30/A[6] (clocked by clk_fpga_0). Large setup violations at the end of those stages might be difficult to fix during the post-placement implementation flow and could be the result of non-optimal XDC constraints or non-optimal design architecture
Related violations: <none>

TIMING-16#968 Warning
Large setup violation  
There is a large setup violation of -9.878 ns between mlp_system_i/mlp_axi_wrapper_0/U0/mlp_inst/l1_sum_reg[24]/C (clocked by clk_fpga_0) and mlp_system_i/mlp_axi_wrapper_0/U0/mlp_inst/l2_sum0__28/A[3] (clocked by clk_fpga_0). Large setup violations at the end of those stages might be difficult to fix during the post-placement implementation flow and could be the result of non-optimal XDC constraints or non-optimal design architecture
Related violations: <none>

TIMING-16#969 Warning
Large setup violation  
There is a large setup violation of -9.880 ns between mlp_system_i/mlp_axi_wrapper_0/U0/mlp_inst/l1_sum_reg[24]/C (clocked by clk_fpga_0) and mlp_system_i/mlp_axi_wrapper_0/U0/mlp_inst/l2_sum0__30/A[14] (clocked by clk_fpga_0). Large setup violations at the end of those stages might be difficult to fix during the post-placement implementation flow and could be the result of non-optimal XDC constraints or non-optimal design architecture
Related violations: <none>

TIMING-16#970 Warning
Large setup violation  
There is a large setup violation of -9.890 ns between mlp_system_i/mlp_axi_wrapper_0/U0/mlp_inst/l1_sum_reg[24]/C (clocked by clk_fpga_0) and mlp_system_i/mlp_axi_wrapper_0/U0/mlp_inst/l2_sum0__23/A[1] (clocked by clk_fpga_0). Large setup violations at the end of those stages might be difficult to fix during the post-placement implementation flow and could be the result of non-optimal XDC constraints or non-optimal design architecture
Related violations: <none>

TIMING-16#971 Warning
Large setup violation  
There is a large setup violation of -9.895 ns between mlp_system_i/mlp_axi_wrapper_0/U0/mlp_inst/l1_sum_reg[24]/C (clocked by clk_fpga_0) and mlp_system_i/mlp_axi_wrapper_0/U0/mlp_inst/l2_sum0__28/A[13] (clocked by clk_fpga_0). Large setup violations at the end of those stages might be difficult to fix during the post-placement implementation flow and could be the result of non-optimal XDC constraints or non-optimal design architecture
Related violations: <none>

TIMING-16#972 Warning
Large setup violation  
There is a large setup violation of -9.896 ns between mlp_system_i/mlp_axi_wrapper_0/U0/mlp_inst/l1_sum_reg[24]/C (clocked by clk_fpga_0) and mlp_system_i/mlp_axi_wrapper_0/U0/mlp_inst/l2_sum0__26/A[1] (clocked by clk_fpga_0). Large setup violations at the end of those stages might be difficult to fix during the post-placement implementation flow and could be the result of non-optimal XDC constraints or non-optimal design architecture
Related violations: <none>

TIMING-16#973 Warning
Large setup violation  
There is a large setup violation of -9.903 ns between mlp_system_i/mlp_axi_wrapper_0/U0/mlp_inst/l1_sum_reg[24]/C (clocked by clk_fpga_0) and mlp_system_i/mlp_axi_wrapper_0/U0/mlp_inst/l2_sum0__31/A[0] (clocked by clk_fpga_0). Large setup violations at the end of those stages might be difficult to fix during the post-placement implementation flow and could be the result of non-optimal XDC constraints or non-optimal design architecture
Related violations: <none>

TIMING-16#974 Warning
Large setup violation  
There is a large setup violation of -9.904 ns between mlp_system_i/mlp_axi_wrapper_0/U0/mlp_inst/l1_sum_reg[24]/C (clocked by clk_fpga_0) and mlp_system_i/mlp_axi_wrapper_0/U0/mlp_inst/l2_sum0__25/A[11] (clocked by clk_fpga_0). Large setup violations at the end of those stages might be difficult to fix during the post-placement implementation flow and could be the result of non-optimal XDC constraints or non-optimal design architecture
Related violations: <none>

TIMING-16#975 Warning
Large setup violation  
There is a large setup violation of -9.904 ns between mlp_system_i/mlp_axi_wrapper_0/U0/mlp_inst/l1_sum_reg[24]/C (clocked by clk_fpga_0) and mlp_system_i/mlp_axi_wrapper_0/U0/mlp_inst/l2_sum0__30/A[1] (clocked by clk_fpga_0). Large setup violations at the end of those stages might be difficult to fix during the post-placement implementation flow and could be the result of non-optimal XDC constraints or non-optimal design architecture
Related violations: <none>

TIMING-16#976 Warning
Large setup violation  
There is a large setup violation of -9.908 ns between mlp_system_i/mlp_axi_wrapper_0/U0/mlp_inst/l1_sum_reg[24]/C (clocked by clk_fpga_0) and mlp_system_i/mlp_axi_wrapper_0/U0/mlp_inst/l2_sum0__22/A[11] (clocked by clk_fpga_0). Large setup violations at the end of those stages might be difficult to fix during the post-placement implementation flow and could be the result of non-optimal XDC constraints or non-optimal design architecture
Related violations: <none>

TIMING-16#977 Warning
Large setup violation  
There is a large setup violation of -9.908 ns between mlp_system_i/mlp_axi_wrapper_0/U0/mlp_inst/l1_sum_reg[24]/C (clocked by clk_fpga_0) and mlp_system_i/mlp_axi_wrapper_0/U0/mlp_inst/l2_sum0__27/A[11] (clocked by clk_fpga_0). Large setup violations at the end of those stages might be difficult to fix during the post-placement implementation flow and could be the result of non-optimal XDC constraints or non-optimal design architecture
Related violations: <none>

TIMING-16#978 Warning
Large setup violation  
There is a large setup violation of -9.915 ns between mlp_system_i/mlp_axi_wrapper_0/U0/mlp_inst/l1_sum_reg[24]/C (clocked by clk_fpga_0) and mlp_system_i/mlp_axi_wrapper_0/U0/mlp_inst/l2_sum0__32/A[6] (clocked by clk_fpga_0). Large setup violations at the end of those stages might be difficult to fix during the post-placement implementation flow and could be the result of non-optimal XDC constraints or non-optimal design architecture
Related violations: <none>

TIMING-16#979 Warning
Large setup violation  
There is a large setup violation of -9.919 ns between mlp_system_i/mlp_axi_wrapper_0/U0/mlp_inst/l1_sum_reg[24]/C (clocked by clk_fpga_0) and mlp_system_i/mlp_axi_wrapper_0/U0/mlp_inst/l2_sum0__32/A[12] (clocked by clk_fpga_0). Large setup violations at the end of those stages might be difficult to fix during the post-placement implementation flow and could be the result of non-optimal XDC constraints or non-optimal design architecture
Related violations: <none>

TIMING-16#980 Warning
Large setup violation  
There is a large setup violation of -9.925 ns between mlp_system_i/mlp_axi_wrapper_0/U0/mlp_inst/l1_sum_reg[24]/C (clocked by clk_fpga_0) and mlp_system_i/mlp_axi_wrapper_0/U0/mlp_inst/l2_sum0__32/A[9] (clocked by clk_fpga_0). Large setup violations at the end of those stages might be difficult to fix during the post-placement implementation flow and could be the result of non-optimal XDC constraints or non-optimal design architecture
Related violations: <none>

TIMING-16#981 Warning
Large setup violation  
There is a large setup violation of -9.927 ns between mlp_system_i/mlp_axi_wrapper_0/U0/mlp_inst/l1_sum_reg[24]/C (clocked by clk_fpga_0) and mlp_system_i/mlp_axi_wrapper_0/U0/mlp_inst/l2_sum0__24/A[11] (clocked by clk_fpga_0). Large setup violations at the end of those stages might be difficult to fix during the post-placement implementation flow and could be the result of non-optimal XDC constraints or non-optimal design architecture
Related violations: <none>

TIMING-16#982 Warning
Large setup violation  
There is a large setup violation of -9.934 ns between mlp_system_i/mlp_axi_wrapper_0/U0/mlp_inst/l1_sum_reg[24]/C (clocked by clk_fpga_0) and mlp_system_i/mlp_axi_wrapper_0/U0/mlp_inst/l2_sum0__28/A[7] (clocked by clk_fpga_0). Large setup violations at the end of those stages might be difficult to fix during the post-placement implementation flow and could be the result of non-optimal XDC constraints or non-optimal design architecture
Related violations: <none>

TIMING-16#983 Warning
Large setup violation  
There is a large setup violation of -9.945 ns between mlp_system_i/mlp_axi_wrapper_0/U0/mlp_inst/l1_sum_reg[24]/C (clocked by clk_fpga_0) and mlp_system_i/mlp_axi_wrapper_0/U0/mlp_inst/l2_sum0__23/A[10] (clocked by clk_fpga_0). Large setup violations at the end of those stages might be difficult to fix during the post-placement implementation flow and could be the result of non-optimal XDC constraints or non-optimal design architecture
Related violations: <none>

TIMING-16#984 Warning
Large setup violation  
There is a large setup violation of -9.945 ns between mlp_system_i/mlp_axi_wrapper_0/U0/mlp_inst/l1_sum_reg[24]/C (clocked by clk_fpga_0) and mlp_system_i/mlp_axi_wrapper_0/U0/mlp_inst/l2_sum0__23/A[3] (clocked by clk_fpga_0). Large setup violations at the end of those stages might be difficult to fix during the post-placement implementation flow and could be the result of non-optimal XDC constraints or non-optimal design architecture
Related violations: <none>

TIMING-16#985 Warning
Large setup violation  
There is a large setup violation of -9.945 ns between mlp_system_i/mlp_axi_wrapper_0/U0/mlp_inst/l1_sum_reg[24]/C (clocked by clk_fpga_0) and mlp_system_i/mlp_axi_wrapper_0/U0/mlp_inst/l2_sum0__28/A[2] (clocked by clk_fpga_0). Large setup violations at the end of those stages might be difficult to fix during the post-placement implementation flow and could be the result of non-optimal XDC constraints or non-optimal design architecture
Related violations: <none>

TIMING-16#986 Warning
Large setup violation  
There is a large setup violation of -9.946 ns between mlp_system_i/mlp_axi_wrapper_0/U0/mlp_inst/l1_sum_reg[24]/C (clocked by clk_fpga_0) and mlp_system_i/mlp_axi_wrapper_0/U0/mlp_inst/l2_sum0__27/A[9] (clocked by clk_fpga_0). Large setup violations at the end of those stages might be difficult to fix during the post-placement implementation flow and could be the result of non-optimal XDC constraints or non-optimal design architecture
Related violations: <none>

TIMING-16#987 Warning
Large setup violation  
There is a large setup violation of -9.951 ns between mlp_system_i/mlp_axi_wrapper_0/U0/mlp_inst/l1_sum_reg[24]/C (clocked by clk_fpga_0) and mlp_system_i/mlp_axi_wrapper_0/U0/mlp_inst/l2_sum0__25/A[14] (clocked by clk_fpga_0). Large setup violations at the end of those stages might be difficult to fix during the post-placement implementation flow and could be the result of non-optimal XDC constraints or non-optimal design architecture
Related violations: <none>

TIMING-16#988 Warning
Large setup violation  
There is a large setup violation of -9.954 ns between mlp_system_i/mlp_axi_wrapper_0/U0/mlp_inst/l1_sum_reg[24]/C (clocked by clk_fpga_0) and mlp_system_i/mlp_axi_wrapper_0/U0/mlp_inst/l2_sum0__28/A[1] (clocked by clk_fpga_0). Large setup violations at the end of those stages might be difficult to fix during the post-placement implementation flow and could be the result of non-optimal XDC constraints or non-optimal design architecture
Related violations: <none>

TIMING-16#989 Warning
Large setup violation  
There is a large setup violation of -9.958 ns between mlp_system_i/mlp_axi_wrapper_0/U0/mlp_inst/l1_sum_reg[24]/C (clocked by clk_fpga_0) and mlp_system_i/mlp_axi_wrapper_0/U0/mlp_inst/l2_sum0__29/A[4] (clocked by clk_fpga_0). Large setup violations at the end of those stages might be difficult to fix during the post-placement implementation flow and could be the result of non-optimal XDC constraints or non-optimal design architecture
Related violations: <none>

TIMING-16#990 Warning
Large setup violation  
There is a large setup violation of -9.960 ns between mlp_system_i/mlp_axi_wrapper_0/U0/mlp_inst/l1_sum_reg[24]/C (clocked by clk_fpga_0) and mlp_system_i/mlp_axi_wrapper_0/U0/mlp_inst/l2_sum0__25/A[20] (clocked by clk_fpga_0). Large setup violations at the end of those stages might be difficult to fix during the post-placement implementation flow and could be the result of non-optimal XDC constraints or non-optimal design architecture
Related violations: <none>

TIMING-16#991 Warning
Large setup violation  
There is a large setup violation of -9.960 ns between mlp_system_i/mlp_axi_wrapper_0/U0/mlp_inst/l1_sum_reg[24]/C (clocked by clk_fpga_0) and mlp_system_i/mlp_axi_wrapper_0/U0/mlp_inst/l2_sum0__25/A[21] (clocked by clk_fpga_0). Large setup violations at the end of those stages might be difficult to fix during the post-placement implementation flow and could be the result of non-optimal XDC constraints or non-optimal design architecture
Related violations: <none>

TIMING-16#992 Warning
Large setup violation  
There is a large setup violation of -9.960 ns between mlp_system_i/mlp_axi_wrapper_0/U0/mlp_inst/l1_sum_reg[24]/C (clocked by clk_fpga_0) and mlp_system_i/mlp_axi_wrapper_0/U0/mlp_inst/l2_sum0__25/A[22] (clocked by clk_fpga_0). Large setup violations at the end of those stages might be difficult to fix during the post-placement implementation flow and could be the result of non-optimal XDC constraints or non-optimal design architecture
Related violations: <none>

TIMING-16#993 Warning
Large setup violation  
There is a large setup violation of -9.961 ns between mlp_system_i/mlp_axi_wrapper_0/U0/mlp_inst/l1_sum_reg[24]/C (clocked by clk_fpga_0) and mlp_system_i/mlp_axi_wrapper_0/U0/mlp_inst/l2_sum0__26/A[7] (clocked by clk_fpga_0). Large setup violations at the end of those stages might be difficult to fix during the post-placement implementation flow and could be the result of non-optimal XDC constraints or non-optimal design architecture
Related violations: <none>

TIMING-16#994 Warning
Large setup violation  
There is a large setup violation of -9.968 ns between mlp_system_i/mlp_axi_wrapper_0/U0/mlp_inst/l1_sum_reg[24]/C (clocked by clk_fpga_0) and mlp_system_i/mlp_axi_wrapper_0/U0/mlp_inst/l2_sum0__32/A[5] (clocked by clk_fpga_0). Large setup violations at the end of those stages might be difficult to fix during the post-placement implementation flow and could be the result of non-optimal XDC constraints or non-optimal design architecture
Related violations: <none>

TIMING-16#995 Warning
Large setup violation  
There is a large setup violation of -9.969 ns between mlp_system_i/mlp_axi_wrapper_0/U0/mlp_inst/l1_sum_reg[24]/C (clocked by clk_fpga_0) and mlp_system_i/mlp_axi_wrapper_0/U0/mlp_inst/l2_sum0__30/A[13] (clocked by clk_fpga_0). Large setup violations at the end of those stages might be difficult to fix during the post-placement implementation flow and could be the result of non-optimal XDC constraints or non-optimal design architecture
Related violations: <none>

TIMING-16#996 Warning
Large setup violation  
There is a large setup violation of -9.970 ns between mlp_system_i/mlp_axi_wrapper_0/U0/mlp_inst/l1_sum_reg[24]/C (clocked by clk_fpga_0) and mlp_system_i/mlp_axi_wrapper_0/U0/mlp_inst/l2_sum0__27/A[4] (clocked by clk_fpga_0). Large setup violations at the end of those stages might be difficult to fix during the post-placement implementation flow and could be the result of non-optimal XDC constraints or non-optimal design architecture
Related violations: <none>

TIMING-16#997 Warning
Large setup violation  
There is a large setup violation of -9.979 ns between mlp_system_i/mlp_axi_wrapper_0/U0/mlp_inst/l1_sum_reg[24]/C (clocked by clk_fpga_0) and mlp_system_i/mlp_axi_wrapper_0/U0/mlp_inst/l2_sum0__30/A[2] (clocked by clk_fpga_0). Large setup violations at the end of those stages might be difficult to fix during the post-placement implementation flow and could be the result of non-optimal XDC constraints or non-optimal design architecture
Related violations: <none>

TIMING-16#998 Warning
Large setup violation  
There is a large setup violation of -9.980 ns between mlp_system_i/mlp_axi_wrapper_0/U0/mlp_inst/l1_sum_reg[24]/C (clocked by clk_fpga_0) and mlp_system_i/mlp_axi_wrapper_0/U0/mlp_inst/l2_sum0__32/A[3] (clocked by clk_fpga_0). Large setup violations at the end of those stages might be difficult to fix during the post-placement implementation flow and could be the result of non-optimal XDC constraints or non-optimal design architecture
Related violations: <none>

TIMING-16#999 Warning
Large setup violation  
There is a large setup violation of -9.981 ns between mlp_system_i/mlp_axi_wrapper_0/U0/mlp_inst/l1_sum_reg[24]/C (clocked by clk_fpga_0) and mlp_system_i/mlp_axi_wrapper_0/U0/mlp_inst/l2_sum0__30/A[3] (clocked by clk_fpga_0). Large setup violations at the end of those stages might be difficult to fix during the post-placement implementation flow and could be the result of non-optimal XDC constraints or non-optimal design architecture
Related violations: <none>

TIMING-16#1000 Warning
Large setup violation  
There is a large setup violation of -9.988 ns between mlp_system_i/mlp_axi_wrapper_0/U0/mlp_inst/l1_sum_reg[24]/C (clocked by clk_fpga_0) and mlp_system_i/mlp_axi_wrapper_0/U0/mlp_inst/l2_sum0__30/A[7] (clocked by clk_fpga_0). Large setup violations at the end of those stages might be difficult to fix during the post-placement implementation flow and could be the result of non-optimal XDC constraints or non-optimal design architecture
Related violations: <none>

TIMING-18#1 Warning
Missing input or output delay  
An output delay is missing on o_led_0[0] relative to the rising and/or falling clock edge(s) of clk_fpga_0.
Related violations: <none>

TIMING-18#2 Warning
Missing input or output delay  
An output delay is missing on o_led_0[1] relative to the rising and/or falling clock edge(s) of clk_fpga_0.
Related violations: <none>

TIMING-18#3 Warning
Missing input or output delay  
An output delay is missing on o_led_0[2] relative to the rising and/or falling clock edge(s) of clk_fpga_0.
Related violations: <none>


