
*** Running vivado
    with args -log mlp_system_mlp_axi_wrapper_0_1.vds -m64 -product Vivado -mode batch -messageDb vivado.pb -notrace -source mlp_system_mlp_axi_wrapper_0_1.tcl



****** Vivado v2025.2 (64-bit)
  **** SW Build 6299465 on Fri Nov 14 19:35:11 GMT 2025
  **** IP Build 6300035 on Fri Nov 14 10:48:45 MST 2025
  **** SharedData Build 6298862 on Thu Nov 13 04:50:51 MST 2025
  **** Start of session at: Thu Apr 16 20:07:24 2026
    ** Copyright 1986-2022 Xilinx, Inc. All Rights Reserved.
    ** Copyright 2022-2025 Advanced Micro Devices, Inc. All Rights Reserved.

source mlp_system_mlp_axi_wrapper_0_1.tcl -notrace
create_project: Time (s): cpu = 00:00:12 ; elapsed = 00:00:08 . Memory (MB): peak = 663.602 ; gain = 222.684
INFO: [IP_Flow 19-234] Refreshing IP repositories
INFO: [IP_Flow 19-1704] No user IP repositories specified
INFO: [IP_Flow 19-2313] Loaded Vivado IP repository 'D:/AMDDesignTools/2025.2/Vivado/data/ip'.
Command: synth_design -top mlp_system_mlp_axi_wrapper_0_1 -part xc7z020clg484-1 -incremental_mode off -mode out_of_context
Starting synth_design
Attempting to get a license for feature 'Synthesis' and/or device 'xc7z020'
INFO: [Common 17-349] Got license for feature 'Synthesis' and/or device 'xc7z020'
INFO: [Device 21-403] Loading part xc7z020clg484-1
INFO: [Synth 8-7079] Multithreading enabled for synth_design using a maximum of 2 processes.
INFO: [Synth 8-7078] Launching helper process for spawning children vivado processes
INFO: [Synth 8-7075] Helper process launched with PID 4232
---------------------------------------------------------------------------------
Starting RTL Elaboration : Time (s): cpu = 00:00:07 ; elapsed = 00:00:09 . Memory (MB): peak = 1452.133 ; gain = 539.625
---------------------------------------------------------------------------------
INFO: [Synth 8-638] synthesizing module 'mlp_system_mlp_axi_wrapper_0_1' [d:/vivado projects/hft/hft.gen/sources_1/bd/mlp_system/ip/mlp_system_mlp_axi_wrapper_0_1/synth/mlp_system_mlp_axi_wrapper_0_1.vhd:89]
WARNING: [Synth 8-5640] Port 'dbg_stream_active' is missing in component declaration [d:/vivado projects/hft/hft.gen/sources_1/bd/mlp_system/ip/mlp_system_mlp_axi_wrapper_0_1/synth/mlp_system_mlp_axi_wrapper_0_1.vhd:92]
WARNING: [Synth 8-5640] Port 'dbg_mlp_busy' is missing in component declaration [d:/vivado projects/hft/hft.gen/sources_1/bd/mlp_system/ip/mlp_system_mlp_axi_wrapper_0_1/synth/mlp_system_mlp_axi_wrapper_0_1.vhd:92]
WARNING: [Synth 8-5640] Port 'dbg_mlp_done' is missing in component declaration [d:/vivado projects/hft/hft.gen/sources_1/bd/mlp_system/ip/mlp_system_mlp_axi_wrapper_0_1/synth/mlp_system_mlp_axi_wrapper_0_1.vhd:92]
WARNING: [Synth 8-5640] Port 'dbg_tlast_seen' is missing in component declaration [d:/vivado projects/hft/hft.gen/sources_1/bd/mlp_system/ip/mlp_system_mlp_axi_wrapper_0_1/synth/mlp_system_mlp_axi_wrapper_0_1.vhd:92]
	Parameter C_S_AXI_DATA_WIDTH bound to: 32 - type: integer 
	Parameter C_S_AXI_ADDR_WIDTH bound to: 4 - type: integer 
INFO: [Synth 8-3491] module 'mlp_axi_wrapper' declared at 'D:/vivado projects/hft/hft.srcs/sources_1/new/mlp_axi_wrapper.vhd:34' bound to instance 'U0' of component 'mlp_axi_wrapper' [d:/vivado projects/hft/hft.gen/sources_1/bd/mlp_system/ip/mlp_system_mlp_axi_wrapper_0_1/synth/mlp_system_mlp_axi_wrapper_0_1.vhd:180]
INFO: [Synth 8-638] synthesizing module 'mlp_axi_wrapper' [D:/vivado projects/hft/hft.srcs/sources_1/new/mlp_axi_wrapper.vhd:93]
INFO: [Synth 8-3491] module 'mlp' declared at 'D:/vivado projects/hft/hft.srcs/sources_1/new/mlp.vhd:10' bound to instance 'mlp_inst' of component 'mlp' [D:/vivado projects/hft/hft.srcs/sources_1/new/mlp_axi_wrapper.vhd:558]
INFO: [Synth 8-638] synthesizing module 'mlp' [D:/vivado projects/hft/hft.srcs/sources_1/new/mlp.vhd:31]
INFO: [Synth 8-256] done synthesizing module 'mlp' (0#1) [D:/vivado projects/hft/hft.srcs/sources_1/new/mlp.vhd:31]
INFO: [Synth 8-256] done synthesizing module 'mlp_axi_wrapper' (0#1) [D:/vivado projects/hft/hft.srcs/sources_1/new/mlp_axi_wrapper.vhd:93]
INFO: [Synth 8-256] done synthesizing module 'mlp_system_mlp_axi_wrapper_0_1' (0#1) [d:/vivado projects/hft/hft.gen/sources_1/bd/mlp_system/ip/mlp_system_mlp_axi_wrapper_0_1/synth/mlp_system_mlp_axi_wrapper_0_1.vhd:89]
INFO: [Synth 8-7129] Port S_AXI_AWPROT[2] in module mlp_axi_wrapper is either unconnected or has no load
INFO: [Synth 8-7129] Port S_AXI_AWPROT[1] in module mlp_axi_wrapper is either unconnected or has no load
INFO: [Synth 8-7129] Port S_AXI_AWPROT[0] in module mlp_axi_wrapper is either unconnected or has no load
INFO: [Synth 8-7129] Port S_AXI_WSTRB[3] in module mlp_axi_wrapper is either unconnected or has no load
INFO: [Synth 8-7129] Port S_AXI_WSTRB[2] in module mlp_axi_wrapper is either unconnected or has no load
INFO: [Synth 8-7129] Port S_AXI_WSTRB[1] in module mlp_axi_wrapper is either unconnected or has no load
INFO: [Synth 8-7129] Port S_AXI_WSTRB[0] in module mlp_axi_wrapper is either unconnected or has no load
INFO: [Synth 8-7129] Port S_AXI_ARPROT[2] in module mlp_axi_wrapper is either unconnected or has no load
INFO: [Synth 8-7129] Port S_AXI_ARPROT[1] in module mlp_axi_wrapper is either unconnected or has no load
INFO: [Synth 8-7129] Port S_AXI_ARPROT[0] in module mlp_axi_wrapper is either unconnected or has no load
INFO: [Synth 8-7129] Port S_AXIS_ACLK in module mlp_axi_wrapper is either unconnected or has no load
INFO: [Synth 8-7129] Port S_AXIS_ARESETN in module mlp_axi_wrapper is either unconnected or has no load
---------------------------------------------------------------------------------
Finished RTL Elaboration : Time (s): cpu = 00:00:12 ; elapsed = 00:00:14 . Memory (MB): peak = 1704.605 ; gain = 792.098
---------------------------------------------------------------------------------
---------------------------------------------------------------------------------
Start Handling Custom Attributes
---------------------------------------------------------------------------------
---------------------------------------------------------------------------------
Finished Handling Custom Attributes : Time (s): cpu = 00:00:12 ; elapsed = 00:00:14 . Memory (MB): peak = 1704.605 ; gain = 792.098
---------------------------------------------------------------------------------
---------------------------------------------------------------------------------
Finished RTL Optimization Phase 1 : Time (s): cpu = 00:00:12 ; elapsed = 00:00:14 . Memory (MB): peak = 1704.605 ; gain = 792.098
---------------------------------------------------------------------------------
Netlist sorting complete. Time (s): cpu = 00:00:00 ; elapsed = 00:00:00.135 . Memory (MB): peak = 1704.605 ; gain = 0.000
INFO: [Project 1-570] Preparing netlist for logic optimization

Processing XDC Constraints
Initializing timing engine
Completed Processing XDC Constraints

Netlist sorting complete. Time (s): cpu = 00:00:00 ; elapsed = 00:00:00.006 . Memory (MB): peak = 1790.012 ; gain = 0.000
INFO: [Project 1-111] Unisim Transformation Summary:
No Unisim elements were transformed.

Constraint Validation Runtime : Time (s): cpu = 00:00:00 ; elapsed = 00:00:00.236 . Memory (MB): peak = 1790.012 ; gain = 0.000
INFO: [Designutils 20-5008] Incremental synthesis strategy off
---------------------------------------------------------------------------------
Finished Constraint Validation : Time (s): cpu = 00:00:23 ; elapsed = 00:00:27 . Memory (MB): peak = 1790.012 ; gain = 877.504
---------------------------------------------------------------------------------
---------------------------------------------------------------------------------
Start Loading Part and Timing Information
---------------------------------------------------------------------------------
Loading part: xc7z020clg484-1
---------------------------------------------------------------------------------
Finished Loading Part and Timing Information : Time (s): cpu = 00:00:23 ; elapsed = 00:00:27 . Memory (MB): peak = 1790.012 ; gain = 877.504
---------------------------------------------------------------------------------
---------------------------------------------------------------------------------
Start Applying 'set_property' XDC Constraints
---------------------------------------------------------------------------------
---------------------------------------------------------------------------------
Finished applying 'set_property' XDC Constraints : Time (s): cpu = 00:00:24 ; elapsed = 00:00:27 . Memory (MB): peak = 1790.012 ; gain = 877.504
---------------------------------------------------------------------------------
INFO: [Synth 8-802] inferred FSM for state register 'state_reg' in module 'mlp'
INFO: [Synth 8-802] inferred FSM for state register 'stream_state_reg' in module 'mlp_axi_wrapper'
---------------------------------------------------------------------------------------------------
                   State |                     New Encoding |                Previous Encoding 
---------------------------------------------------------------------------------------------------
                    idle |                              000 |                              000
                  l1_run |                              001 |                              001
                  l2_run |                              010 |                              010
                  l3_run |                              011 |                              011
                  l4_run |                              100 |                              100
              argmax_run |                              101 |                              101
                    done |                              110 |                              110
---------------------------------------------------------------------------------------------------
INFO: [Synth 8-3354] encoded FSM with state register 'state_reg' using encoding 'sequential' in module 'mlp'
---------------------------------------------------------------------------------------------------
                   State |                     New Encoding |                Previous Encoding 
---------------------------------------------------------------------------------------------------
                 st_idle |                            00001 |                              000
            st_receiving |                            00010 |                              001
             st_odd_last |                            00100 |                              010
            st_start_mlp |                            01000 |                              011
            st_wait_done |                            10000 |                              100
---------------------------------------------------------------------------------------------------
INFO: [Synth 8-3354] encoded FSM with state register 'stream_state_reg' using encoding 'one-hot' in module 'mlp_axi_wrapper'
---------------------------------------------------------------------------------
Finished RTL Optimization Phase 2 : Time (s): cpu = 00:00:28 ; elapsed = 00:00:32 . Memory (MB): peak = 1790.012 ; gain = 877.504
---------------------------------------------------------------------------------
No constraint files found.
---------------------------------------------------------------------------------
Start RTL Component Statistics 
---------------------------------------------------------------------------------
Detailed RTL Component Info : 
+---Adders : 
	   2 Input    6 Bit       Adders := 2     
	   2 Input    5 Bit       Adders := 1     
+---Registers : 
	               40 Bit    Registers := 1     
	               32 Bit    Registers := 2     
	               18 Bit    Registers := 3     
	               16 Bit    Registers := 158   
	                6 Bit    Registers := 4     
	                5 Bit    Registers := 1     
	                4 Bit    Registers := 2     
	                3 Bit    Registers := 1     
	                2 Bit    Registers := 1     
	                1 Bit    Registers := 17    
+---ROMs : 
	                    ROMs := 1     
+---Muxes : 
	   3 Input   16 Bit        Muxes := 17    
	   2 Input   16 Bit        Muxes := 9     
	   2 Input    6 Bit        Muxes := 4     
	   7 Input    6 Bit        Muxes := 1     
	   5 Input    6 Bit        Muxes := 1     
	   5 Input    5 Bit        Muxes := 2     
	   2 Input    5 Bit        Muxes := 1     
	   7 Input    3 Bit        Muxes := 1     
	   2 Input    3 Bit        Muxes := 1     
	   3 Input    3 Bit        Muxes := 1     
	   3 Input    2 Bit        Muxes := 1     
	   2 Input    1 Bit        Muxes := 115   
	   7 Input    1 Bit        Muxes := 134   
	   5 Input    1 Bit        Muxes := 6     
---------------------------------------------------------------------------------
Finished RTL Component Statistics 
---------------------------------------------------------------------------------
---------------------------------------------------------------------------------
Start Part Resource Summary
---------------------------------------------------------------------------------
Part Resources:
DSPs: 220 (col length:60)
BRAMs: 280 (col length: RAMB18 60 RAMB36 30)
---------------------------------------------------------------------------------
Finished Part Resource Summary
---------------------------------------------------------------------------------
No constraint files found.
---------------------------------------------------------------------------------
Start Cross Boundary and Area Optimization
---------------------------------------------------------------------------------
DSP Report: Generating DSP l1_mult_reg[39], operation Mode is: (A2*B)'.
DSP Report: register reg_L0_reg[39] is absorbed into DSP l1_mult_reg[39].
DSP Report: register l1_mult_reg[39] is absorbed into DSP l1_mult_reg[39].
DSP Report: operator l1_mult_reg[39]0 is absorbed into DSP l1_mult_reg[39].
DSP Report: Generating DSP l1_sum0, operation Mode is: PCIN+(A2*B)'.
DSP Report: register reg_L0_reg[0] is absorbed into DSP l1_sum0.
DSP Report: register l1_mult_reg[0] is absorbed into DSP l1_sum0.
DSP Report: operator l1_mult_reg[0]0 is absorbed into DSP l1_sum0.
DSP Report: operator l1_sum0 is absorbed into DSP l1_sum0.
DSP Report: Generating DSP l1_sum0, operation Mode is: PCIN+(A2*B)'.
DSP Report: register reg_L0_reg[38] is absorbed into DSP l1_sum0.
DSP Report: register l1_mult_reg[38] is absorbed into DSP l1_sum0.
DSP Report: operator l1_mult_reg[38]0 is absorbed into DSP l1_sum0.
DSP Report: operator l1_sum0 is absorbed into DSP l1_sum0.
DSP Report: Generating DSP l1_sum0, operation Mode is: PCIN+(A2*B)'.
DSP Report: register reg_L0_reg[37] is absorbed into DSP l1_sum0.
DSP Report: register l1_mult_reg[37] is absorbed into DSP l1_sum0.
DSP Report: operator l1_mult_reg[37]0 is absorbed into DSP l1_sum0.
DSP Report: operator l1_sum0 is absorbed into DSP l1_sum0.
DSP Report: Generating DSP l1_sum0, operation Mode is: PCIN+(A2*B)'.
DSP Report: register reg_L0_reg[36] is absorbed into DSP l1_sum0.
DSP Report: register l1_mult_reg[36] is absorbed into DSP l1_sum0.
DSP Report: operator l1_mult_reg[36]0 is absorbed into DSP l1_sum0.
DSP Report: operator l1_sum0 is absorbed into DSP l1_sum0.
DSP Report: Generating DSP l1_sum0, operation Mode is: PCIN+(A2*B)'.
DSP Report: register reg_L0_reg[35] is absorbed into DSP l1_sum0.
DSP Report: register l1_mult_reg[35] is absorbed into DSP l1_sum0.
DSP Report: operator l1_mult_reg[35]0 is absorbed into DSP l1_sum0.
DSP Report: operator l1_sum0 is absorbed into DSP l1_sum0.
DSP Report: Generating DSP l1_sum0, operation Mode is: PCIN+(A2*B)'.
DSP Report: register reg_L0_reg[34] is absorbed into DSP l1_sum0.
DSP Report: register l1_mult_reg[34] is absorbed into DSP l1_sum0.
DSP Report: operator l1_mult_reg[34]0 is absorbed into DSP l1_sum0.
DSP Report: operator l1_sum0 is absorbed into DSP l1_sum0.
DSP Report: Generating DSP l1_sum0, operation Mode is: PCIN+(A2*B)'.
DSP Report: register reg_L0_reg[33] is absorbed into DSP l1_sum0.
DSP Report: register l1_mult_reg[33] is absorbed into DSP l1_sum0.
DSP Report: operator l1_mult_reg[33]0 is absorbed into DSP l1_sum0.
DSP Report: operator l1_sum0 is absorbed into DSP l1_sum0.
DSP Report: Generating DSP l1_sum0, operation Mode is: PCIN+(A2*B)'.
DSP Report: register reg_L0_reg[32] is absorbed into DSP l1_sum0.
DSP Report: register l1_mult_reg[32] is absorbed into DSP l1_sum0.
DSP Report: operator l1_mult_reg[32]0 is absorbed into DSP l1_sum0.
DSP Report: operator l1_sum0 is absorbed into DSP l1_sum0.
DSP Report: Generating DSP l1_sum0, operation Mode is: PCIN+(A2*B)'.
DSP Report: register reg_L0_reg[31] is absorbed into DSP l1_sum0.
DSP Report: register l1_mult_reg[31] is absorbed into DSP l1_sum0.
DSP Report: operator l1_mult_reg[31]0 is absorbed into DSP l1_sum0.
DSP Report: operator l1_sum0 is absorbed into DSP l1_sum0.
DSP Report: Generating DSP l1_sum0, operation Mode is: PCIN+(A2*B)'.
DSP Report: register reg_L0_reg[30] is absorbed into DSP l1_sum0.
DSP Report: register l1_mult_reg[30] is absorbed into DSP l1_sum0.
DSP Report: operator l1_mult_reg[30]0 is absorbed into DSP l1_sum0.
DSP Report: operator l1_sum0 is absorbed into DSP l1_sum0.
DSP Report: Generating DSP l1_sum0, operation Mode is: PCIN+(A2*B)'.
DSP Report: register reg_L0_reg[29] is absorbed into DSP l1_sum0.
DSP Report: register l1_mult_reg[29] is absorbed into DSP l1_sum0.
DSP Report: operator l1_mult_reg[29]0 is absorbed into DSP l1_sum0.
DSP Report: operator l1_sum0 is absorbed into DSP l1_sum0.
DSP Report: Generating DSP l1_sum0, operation Mode is: PCIN+(A2*B)'.
DSP Report: register reg_L0_reg[28] is absorbed into DSP l1_sum0.
DSP Report: register l1_mult_reg[28] is absorbed into DSP l1_sum0.
DSP Report: operator l1_mult_reg[28]0 is absorbed into DSP l1_sum0.
DSP Report: operator l1_sum0 is absorbed into DSP l1_sum0.
DSP Report: Generating DSP l1_sum0, operation Mode is: PCIN+(A2*B)'.
DSP Report: register reg_L0_reg[27] is absorbed into DSP l1_sum0.
DSP Report: register l1_mult_reg[27] is absorbed into DSP l1_sum0.
DSP Report: operator l1_mult_reg[27]0 is absorbed into DSP l1_sum0.
DSP Report: operator l1_sum0 is absorbed into DSP l1_sum0.
DSP Report: Generating DSP l1_sum0, operation Mode is: PCIN+(A2*B)'.
DSP Report: register reg_L0_reg[26] is absorbed into DSP l1_sum0.
DSP Report: register l1_mult_reg[26] is absorbed into DSP l1_sum0.
DSP Report: operator l1_mult_reg[26]0 is absorbed into DSP l1_sum0.
DSP Report: operator l1_sum0 is absorbed into DSP l1_sum0.
DSP Report: Generating DSP l1_sum0, operation Mode is: PCIN+(A2*B)'.
DSP Report: register reg_L0_reg[25] is absorbed into DSP l1_sum0.
DSP Report: register l1_mult_reg[25] is absorbed into DSP l1_sum0.
DSP Report: operator l1_mult_reg[25]0 is absorbed into DSP l1_sum0.
DSP Report: operator l1_sum0 is absorbed into DSP l1_sum0.
DSP Report: Generating DSP l1_sum0, operation Mode is: PCIN+(A2*B)'.
DSP Report: register reg_L0_reg[24] is absorbed into DSP l1_sum0.
DSP Report: register l1_mult_reg[24] is absorbed into DSP l1_sum0.
DSP Report: operator l1_mult_reg[24]0 is absorbed into DSP l1_sum0.
DSP Report: operator l1_sum0 is absorbed into DSP l1_sum0.
DSP Report: Generating DSP l1_sum0, operation Mode is: PCIN+(A2*B)'.
DSP Report: register reg_L0_reg[23] is absorbed into DSP l1_sum0.
DSP Report: register l1_mult_reg[23] is absorbed into DSP l1_sum0.
DSP Report: operator l1_mult_reg[23]0 is absorbed into DSP l1_sum0.
DSP Report: operator l1_sum0 is absorbed into DSP l1_sum0.
DSP Report: Generating DSP l1_sum0, operation Mode is: PCIN+(A2*B)'.
DSP Report: register reg_L0_reg[22] is absorbed into DSP l1_sum0.
DSP Report: register l1_mult_reg[22] is absorbed into DSP l1_sum0.
DSP Report: operator l1_mult_reg[22]0 is absorbed into DSP l1_sum0.
DSP Report: operator l1_sum0 is absorbed into DSP l1_sum0.
DSP Report: Generating DSP l1_sum0, operation Mode is: PCIN+(A2*B)'.
DSP Report: register reg_L0_reg[21] is absorbed into DSP l1_sum0.
DSP Report: register l1_mult_reg[21] is absorbed into DSP l1_sum0.
DSP Report: operator l1_mult_reg[21]0 is absorbed into DSP l1_sum0.
DSP Report: operator l1_sum0 is absorbed into DSP l1_sum0.
DSP Report: Generating DSP l1_sum0, operation Mode is: PCIN+(A2*B)'.
DSP Report: register reg_L0_reg[20] is absorbed into DSP l1_sum0.
DSP Report: register l1_mult_reg[20] is absorbed into DSP l1_sum0.
DSP Report: operator l1_mult_reg[20]0 is absorbed into DSP l1_sum0.
DSP Report: operator l1_sum0 is absorbed into DSP l1_sum0.
DSP Report: Generating DSP l1_sum0, operation Mode is: PCIN+(A2*B)'.
DSP Report: register reg_L0_reg[19] is absorbed into DSP l1_sum0.
DSP Report: register l1_mult_reg[19] is absorbed into DSP l1_sum0.
DSP Report: operator l1_mult_reg[19]0 is absorbed into DSP l1_sum0.
DSP Report: operator l1_sum0 is absorbed into DSP l1_sum0.
DSP Report: Generating DSP l1_sum0, operation Mode is: PCIN+(A2*B)'.
DSP Report: register reg_L0_reg[18] is absorbed into DSP l1_sum0.
DSP Report: register l1_mult_reg[18] is absorbed into DSP l1_sum0.
DSP Report: operator l1_mult_reg[18]0 is absorbed into DSP l1_sum0.
DSP Report: operator l1_sum0 is absorbed into DSP l1_sum0.
DSP Report: Generating DSP l1_sum0, operation Mode is: PCIN+(A2*B)'.
DSP Report: register reg_L0_reg[17] is absorbed into DSP l1_sum0.
DSP Report: register l1_mult_reg[17] is absorbed into DSP l1_sum0.
DSP Report: operator l1_mult_reg[17]0 is absorbed into DSP l1_sum0.
DSP Report: operator l1_sum0 is absorbed into DSP l1_sum0.
DSP Report: Generating DSP l1_sum0, operation Mode is: PCIN+(A2*B)'.
DSP Report: register reg_L0_reg[16] is absorbed into DSP l1_sum0.
DSP Report: register l1_mult_reg[16] is absorbed into DSP l1_sum0.
DSP Report: operator l1_mult_reg[16]0 is absorbed into DSP l1_sum0.
DSP Report: operator l1_sum0 is absorbed into DSP l1_sum0.
DSP Report: Generating DSP l1_sum0, operation Mode is: PCIN+(A2*B)'.
DSP Report: register reg_L0_reg[15] is absorbed into DSP l1_sum0.
DSP Report: register l1_mult_reg[15] is absorbed into DSP l1_sum0.
DSP Report: operator l1_mult_reg[15]0 is absorbed into DSP l1_sum0.
DSP Report: operator l1_sum0 is absorbed into DSP l1_sum0.
DSP Report: Generating DSP l1_sum0, operation Mode is: PCIN+(A2*B)'.
DSP Report: register reg_L0_reg[14] is absorbed into DSP l1_sum0.
DSP Report: register l1_mult_reg[14] is absorbed into DSP l1_sum0.
DSP Report: operator l1_mult_reg[14]0 is absorbed into DSP l1_sum0.
DSP Report: operator l1_sum0 is absorbed into DSP l1_sum0.
DSP Report: Generating DSP l1_sum0, operation Mode is: PCIN+(A2*B)'.
DSP Report: register reg_L0_reg[13] is absorbed into DSP l1_sum0.
DSP Report: register l1_mult_reg[13] is absorbed into DSP l1_sum0.
DSP Report: operator l1_mult_reg[13]0 is absorbed into DSP l1_sum0.
DSP Report: operator l1_sum0 is absorbed into DSP l1_sum0.
DSP Report: Generating DSP l1_sum0, operation Mode is: PCIN+(A2*B)'.
DSP Report: register reg_L0_reg[12] is absorbed into DSP l1_sum0.
DSP Report: register l1_mult_reg[12] is absorbed into DSP l1_sum0.
DSP Report: operator l1_mult_reg[12]0 is absorbed into DSP l1_sum0.
DSP Report: operator l1_sum0 is absorbed into DSP l1_sum0.
DSP Report: Generating DSP l1_sum0, operation Mode is: PCIN+(A2*B)'.
DSP Report: register reg_L0_reg[11] is absorbed into DSP l1_sum0.
DSP Report: register l1_mult_reg[11] is absorbed into DSP l1_sum0.
DSP Report: operator l1_mult_reg[11]0 is absorbed into DSP l1_sum0.
DSP Report: operator l1_sum0 is absorbed into DSP l1_sum0.
DSP Report: Generating DSP l1_sum0, operation Mode is: PCIN+(A2*B)'.
DSP Report: register reg_L0_reg[10] is absorbed into DSP l1_sum0.
DSP Report: register l1_mult_reg[10] is absorbed into DSP l1_sum0.
DSP Report: operator l1_mult_reg[10]0 is absorbed into DSP l1_sum0.
DSP Report: operator l1_sum0 is absorbed into DSP l1_sum0.
DSP Report: Generating DSP l1_sum0, operation Mode is: PCIN+(A2*B)'.
DSP Report: register reg_L0_reg[9] is absorbed into DSP l1_sum0.
DSP Report: register l1_mult_reg[9] is absorbed into DSP l1_sum0.
DSP Report: operator l1_mult_reg[9]0 is absorbed into DSP l1_sum0.
DSP Report: operator l1_sum0 is absorbed into DSP l1_sum0.
DSP Report: Generating DSP l1_sum0, operation Mode is: PCIN+(A2*B)'.
DSP Report: register reg_L0_reg[8] is absorbed into DSP l1_sum0.
DSP Report: register l1_mult_reg[8] is absorbed into DSP l1_sum0.
DSP Report: operator l1_mult_reg[8]0 is absorbed into DSP l1_sum0.
DSP Report: operator l1_sum0 is absorbed into DSP l1_sum0.
DSP Report: Generating DSP l1_sum0, operation Mode is: PCIN+(A2*B)'.
DSP Report: register reg_L0_reg[7] is absorbed into DSP l1_sum0.
DSP Report: register l1_mult_reg[7] is absorbed into DSP l1_sum0.
DSP Report: operator l1_mult_reg[7]0 is absorbed into DSP l1_sum0.
DSP Report: operator l1_sum0 is absorbed into DSP l1_sum0.
DSP Report: Generating DSP l1_sum0, operation Mode is: PCIN+(A2*B)'.
DSP Report: register reg_L0_reg[6] is absorbed into DSP l1_sum0.
DSP Report: register l1_mult_reg[6] is absorbed into DSP l1_sum0.
DSP Report: operator l1_mult_reg[6]0 is absorbed into DSP l1_sum0.
DSP Report: operator l1_sum0 is absorbed into DSP l1_sum0.
DSP Report: Generating DSP l1_sum0, operation Mode is: PCIN+(A2*B)'.
DSP Report: register reg_L0_reg[5] is absorbed into DSP l1_sum0.
DSP Report: register l1_mult_reg[5] is absorbed into DSP l1_sum0.
DSP Report: operator l1_mult_reg[5]0 is absorbed into DSP l1_sum0.
DSP Report: operator l1_sum0 is absorbed into DSP l1_sum0.
DSP Report: Generating DSP l1_sum0, operation Mode is: PCIN+(A2*B)'.
DSP Report: register reg_L0_reg[4] is absorbed into DSP l1_sum0.
DSP Report: register l1_mult_reg[4] is absorbed into DSP l1_sum0.
DSP Report: operator l1_mult_reg[4]0 is absorbed into DSP l1_sum0.
DSP Report: operator l1_sum0 is absorbed into DSP l1_sum0.
DSP Report: Generating DSP l1_sum0, operation Mode is: PCIN+(A2*B)'.
DSP Report: register reg_L0_reg[3] is absorbed into DSP l1_sum0.
DSP Report: register l1_mult_reg[3] is absorbed into DSP l1_sum0.
DSP Report: operator l1_mult_reg[3]0 is absorbed into DSP l1_sum0.
DSP Report: operator l1_sum0 is absorbed into DSP l1_sum0.
DSP Report: Generating DSP l1_sum0, operation Mode is: PCIN+(A2*B)'.
DSP Report: register reg_L0_reg[2] is absorbed into DSP l1_sum0.
DSP Report: register l1_mult_reg[2] is absorbed into DSP l1_sum0.
DSP Report: operator l1_mult_reg[2]0 is absorbed into DSP l1_sum0.
DSP Report: operator l1_sum0 is absorbed into DSP l1_sum0.
DSP Report: Generating DSP l1_sum0, operation Mode is: PCIN+(A2*B)'.
DSP Report: register reg_L0_reg[1] is absorbed into DSP l1_sum0.
DSP Report: register l1_mult_reg[1] is absorbed into DSP l1_sum0.
DSP Report: operator l1_mult_reg[1]0 is absorbed into DSP l1_sum0.
DSP Report: operator l1_sum0 is absorbed into DSP l1_sum0.
DSP Report: Generating DSP l2_mult_reg[63], operation Mode is: (A2*B)'.
DSP Report: register reg_L1_reg[63] is absorbed into DSP l2_mult_reg[63].
DSP Report: register l2_mult_reg[63] is absorbed into DSP l2_mult_reg[63].
DSP Report: operator l2_mult_reg[63]0 is absorbed into DSP l2_mult_reg[63].
DSP Report: Generating DSP l2_sum0, operation Mode is: PCIN+(A2*B)'.
DSP Report: register reg_L1_reg[0] is absorbed into DSP l2_sum0.
DSP Report: register l2_mult_reg[0] is absorbed into DSP l2_sum0.
DSP Report: operator l2_mult_reg[0]0 is absorbed into DSP l2_sum0.
DSP Report: operator l2_sum0 is absorbed into DSP l2_sum0.
DSP Report: Generating DSP l2_sum0, operation Mode is: PCIN+(A2*B)'.
DSP Report: register reg_L1_reg[62] is absorbed into DSP l2_sum0.
DSP Report: register l2_mult_reg[62] is absorbed into DSP l2_sum0.
DSP Report: operator l2_mult_reg[62]0 is absorbed into DSP l2_sum0.
DSP Report: operator l2_sum0 is absorbed into DSP l2_sum0.
DSP Report: Generating DSP l2_sum0, operation Mode is: PCIN+(A2*B)'.
DSP Report: register reg_L1_reg[61] is absorbed into DSP l2_sum0.
DSP Report: register l2_mult_reg[61] is absorbed into DSP l2_sum0.
DSP Report: operator l2_mult_reg[61]0 is absorbed into DSP l2_sum0.
DSP Report: operator l2_sum0 is absorbed into DSP l2_sum0.
DSP Report: Generating DSP l2_sum0, operation Mode is: PCIN+(A2*B)'.
DSP Report: register reg_L1_reg[60] is absorbed into DSP l2_sum0.
DSP Report: register l2_mult_reg[60] is absorbed into DSP l2_sum0.
DSP Report: operator l2_mult_reg[60]0 is absorbed into DSP l2_sum0.
DSP Report: operator l2_sum0 is absorbed into DSP l2_sum0.
DSP Report: Generating DSP l2_sum0, operation Mode is: PCIN+(A2*B)'.
DSP Report: register reg_L1_reg[59] is absorbed into DSP l2_sum0.
DSP Report: register l2_mult_reg[59] is absorbed into DSP l2_sum0.
DSP Report: operator l2_mult_reg[59]0 is absorbed into DSP l2_sum0.
DSP Report: operator l2_sum0 is absorbed into DSP l2_sum0.
DSP Report: Generating DSP l2_sum0, operation Mode is: PCIN+(A2*B)'.
DSP Report: register reg_L1_reg[58] is absorbed into DSP l2_sum0.
DSP Report: register l2_mult_reg[58] is absorbed into DSP l2_sum0.
DSP Report: operator l2_mult_reg[58]0 is absorbed into DSP l2_sum0.
DSP Report: operator l2_sum0 is absorbed into DSP l2_sum0.
DSP Report: Generating DSP l2_sum0, operation Mode is: PCIN+(A2*B)'.
DSP Report: register reg_L1_reg[57] is absorbed into DSP l2_sum0.
DSP Report: register l2_mult_reg[57] is absorbed into DSP l2_sum0.
DSP Report: operator l2_mult_reg[57]0 is absorbed into DSP l2_sum0.
DSP Report: operator l2_sum0 is absorbed into DSP l2_sum0.
DSP Report: Generating DSP l2_sum0, operation Mode is: PCIN+(A2*B)'.
DSP Report: register reg_L1_reg[56] is absorbed into DSP l2_sum0.
DSP Report: register l2_mult_reg[56] is absorbed into DSP l2_sum0.
DSP Report: operator l2_mult_reg[56]0 is absorbed into DSP l2_sum0.
DSP Report: operator l2_sum0 is absorbed into DSP l2_sum0.
DSP Report: Generating DSP l2_sum0, operation Mode is: PCIN+(A2*B)'.
DSP Report: register reg_L1_reg[55] is absorbed into DSP l2_sum0.
DSP Report: register l2_mult_reg[55] is absorbed into DSP l2_sum0.
DSP Report: operator l2_mult_reg[55]0 is absorbed into DSP l2_sum0.
DSP Report: operator l2_sum0 is absorbed into DSP l2_sum0.
DSP Report: Generating DSP l2_sum0, operation Mode is: PCIN+(A2*B)'.
DSP Report: register reg_L1_reg[54] is absorbed into DSP l2_sum0.
DSP Report: register l2_mult_reg[54] is absorbed into DSP l2_sum0.
DSP Report: operator l2_mult_reg[54]0 is absorbed into DSP l2_sum0.
DSP Report: operator l2_sum0 is absorbed into DSP l2_sum0.
DSP Report: Generating DSP l2_sum0, operation Mode is: PCIN+(A2*B)'.
DSP Report: register reg_L1_reg[53] is absorbed into DSP l2_sum0.
DSP Report: register l2_mult_reg[53] is absorbed into DSP l2_sum0.
DSP Report: operator l2_mult_reg[53]0 is absorbed into DSP l2_sum0.
DSP Report: operator l2_sum0 is absorbed into DSP l2_sum0.
DSP Report: Generating DSP l2_sum0, operation Mode is: PCIN+(A2*B)'.
DSP Report: register reg_L1_reg[52] is absorbed into DSP l2_sum0.
DSP Report: register l2_mult_reg[52] is absorbed into DSP l2_sum0.
DSP Report: operator l2_mult_reg[52]0 is absorbed into DSP l2_sum0.
DSP Report: operator l2_sum0 is absorbed into DSP l2_sum0.
DSP Report: Generating DSP l2_sum0, operation Mode is: PCIN+(A2*B)'.
DSP Report: register reg_L1_reg[51] is absorbed into DSP l2_sum0.
DSP Report: register l2_mult_reg[51] is absorbed into DSP l2_sum0.
DSP Report: operator l2_mult_reg[51]0 is absorbed into DSP l2_sum0.
DSP Report: operator l2_sum0 is absorbed into DSP l2_sum0.
DSP Report: Generating DSP l2_sum0, operation Mode is: PCIN+(A2*B)'.
DSP Report: register reg_L1_reg[50] is absorbed into DSP l2_sum0.
DSP Report: register l2_mult_reg[50] is absorbed into DSP l2_sum0.
DSP Report: operator l2_mult_reg[50]0 is absorbed into DSP l2_sum0.
DSP Report: operator l2_sum0 is absorbed into DSP l2_sum0.
DSP Report: Generating DSP l2_sum0, operation Mode is: PCIN+(A2*B)'.
DSP Report: register reg_L1_reg[49] is absorbed into DSP l2_sum0.
DSP Report: register l2_mult_reg[49] is absorbed into DSP l2_sum0.
DSP Report: operator l2_mult_reg[49]0 is absorbed into DSP l2_sum0.
DSP Report: operator l2_sum0 is absorbed into DSP l2_sum0.
DSP Report: Generating DSP l2_sum0, operation Mode is: PCIN+(A2*B)'.
DSP Report: register reg_L1_reg[48] is absorbed into DSP l2_sum0.
DSP Report: register l2_mult_reg[48] is absorbed into DSP l2_sum0.
DSP Report: operator l2_mult_reg[48]0 is absorbed into DSP l2_sum0.
DSP Report: operator l2_sum0 is absorbed into DSP l2_sum0.
DSP Report: Generating DSP l2_sum0, operation Mode is: PCIN+(A2*B)'.
DSP Report: register reg_L1_reg[47] is absorbed into DSP l2_sum0.
DSP Report: register l2_mult_reg[47] is absorbed into DSP l2_sum0.
DSP Report: operator l2_mult_reg[47]0 is absorbed into DSP l2_sum0.
DSP Report: operator l2_sum0 is absorbed into DSP l2_sum0.
DSP Report: Generating DSP l2_sum0, operation Mode is: PCIN+(A2*B)'.
DSP Report: register reg_L1_reg[46] is absorbed into DSP l2_sum0.
DSP Report: register l2_mult_reg[46] is absorbed into DSP l2_sum0.
DSP Report: operator l2_mult_reg[46]0 is absorbed into DSP l2_sum0.
DSP Report: operator l2_sum0 is absorbed into DSP l2_sum0.
DSP Report: Generating DSP l2_sum0, operation Mode is: PCIN+(A2*B)'.
DSP Report: register reg_L1_reg[45] is absorbed into DSP l2_sum0.
DSP Report: register l2_mult_reg[45] is absorbed into DSP l2_sum0.
DSP Report: operator l2_mult_reg[45]0 is absorbed into DSP l2_sum0.
DSP Report: operator l2_sum0 is absorbed into DSP l2_sum0.
DSP Report: Generating DSP l2_sum0, operation Mode is: PCIN+(A2*B)'.
DSP Report: register reg_L1_reg[44] is absorbed into DSP l2_sum0.
DSP Report: register l2_mult_reg[44] is absorbed into DSP l2_sum0.
DSP Report: operator l2_mult_reg[44]0 is absorbed into DSP l2_sum0.
DSP Report: operator l2_sum0 is absorbed into DSP l2_sum0.
DSP Report: Generating DSP l2_sum0, operation Mode is: PCIN+(A2*B)'.
DSP Report: register reg_L1_reg[43] is absorbed into DSP l2_sum0.
DSP Report: register l2_mult_reg[43] is absorbed into DSP l2_sum0.
DSP Report: operator l2_mult_reg[43]0 is absorbed into DSP l2_sum0.
DSP Report: operator l2_sum0 is absorbed into DSP l2_sum0.
DSP Report: Generating DSP l2_sum0, operation Mode is: PCIN+(A2*B)'.
DSP Report: register reg_L1_reg[42] is absorbed into DSP l2_sum0.
DSP Report: register l2_mult_reg[42] is absorbed into DSP l2_sum0.
DSP Report: operator l2_mult_reg[42]0 is absorbed into DSP l2_sum0.
DSP Report: operator l2_sum0 is absorbed into DSP l2_sum0.
DSP Report: Generating DSP l2_sum0, operation Mode is: PCIN+(A2*B)'.
DSP Report: register reg_L1_reg[41] is absorbed into DSP l2_sum0.
DSP Report: register l2_mult_reg[41] is absorbed into DSP l2_sum0.
DSP Report: operator l2_mult_reg[41]0 is absorbed into DSP l2_sum0.
DSP Report: operator l2_sum0 is absorbed into DSP l2_sum0.
DSP Report: Generating DSP l2_sum0, operation Mode is: PCIN+(A2*B)'.
DSP Report: register reg_L1_reg[40] is absorbed into DSP l2_sum0.
DSP Report: register l2_mult_reg[40] is absorbed into DSP l2_sum0.
DSP Report: operator l2_mult_reg[40]0 is absorbed into DSP l2_sum0.
DSP Report: operator l2_sum0 is absorbed into DSP l2_sum0.
DSP Report: Generating DSP l2_sum0, operation Mode is: PCIN+(A2*B)'.
DSP Report: register reg_L1_reg[39] is absorbed into DSP l2_sum0.
DSP Report: register l2_mult_reg[39] is absorbed into DSP l2_sum0.
DSP Report: operator l2_mult_reg[39]0 is absorbed into DSP l2_sum0.
DSP Report: operator l2_sum0 is absorbed into DSP l2_sum0.
DSP Report: Generating DSP l2_sum0, operation Mode is: PCIN+(A2*B)'.
DSP Report: register reg_L1_reg[38] is absorbed into DSP l2_sum0.
DSP Report: register l2_mult_reg[38] is absorbed into DSP l2_sum0.
DSP Report: operator l2_mult_reg[38]0 is absorbed into DSP l2_sum0.
DSP Report: operator l2_sum0 is absorbed into DSP l2_sum0.
DSP Report: Generating DSP l2_sum0, operation Mode is: PCIN+(A2*B)'.
DSP Report: register reg_L1_reg[37] is absorbed into DSP l2_sum0.
DSP Report: register l2_mult_reg[37] is absorbed into DSP l2_sum0.
DSP Report: operator l2_mult_reg[37]0 is absorbed into DSP l2_sum0.
DSP Report: operator l2_sum0 is absorbed into DSP l2_sum0.
DSP Report: Generating DSP l2_sum0, operation Mode is: PCIN+(A2*B)'.
DSP Report: register reg_L1_reg[36] is absorbed into DSP l2_sum0.
DSP Report: register l2_mult_reg[36] is absorbed into DSP l2_sum0.
DSP Report: operator l2_mult_reg[36]0 is absorbed into DSP l2_sum0.
DSP Report: operator l2_sum0 is absorbed into DSP l2_sum0.
DSP Report: Generating DSP l2_sum0, operation Mode is: PCIN+(A2*B)'.
DSP Report: register reg_L1_reg[35] is absorbed into DSP l2_sum0.
DSP Report: register l2_mult_reg[35] is absorbed into DSP l2_sum0.
DSP Report: operator l2_mult_reg[35]0 is absorbed into DSP l2_sum0.
DSP Report: operator l2_sum0 is absorbed into DSP l2_sum0.
DSP Report: Generating DSP l2_sum0, operation Mode is: PCIN+(A2*B)'.
DSP Report: register reg_L1_reg[34] is absorbed into DSP l2_sum0.
DSP Report: register l2_mult_reg[34] is absorbed into DSP l2_sum0.
DSP Report: operator l2_mult_reg[34]0 is absorbed into DSP l2_sum0.
DSP Report: operator l2_sum0 is absorbed into DSP l2_sum0.
DSP Report: Generating DSP l2_sum0, operation Mode is: PCIN+(A2*B)'.
DSP Report: register reg_L1_reg[33] is absorbed into DSP l2_sum0.
DSP Report: register l2_mult_reg[33] is absorbed into DSP l2_sum0.
DSP Report: operator l2_mult_reg[33]0 is absorbed into DSP l2_sum0.
DSP Report: operator l2_sum0 is absorbed into DSP l2_sum0.
DSP Report: Generating DSP l2_sum0, operation Mode is: PCIN+(A2*B)'.
DSP Report: register reg_L1_reg[32] is absorbed into DSP l2_sum0.
DSP Report: register l2_mult_reg[32] is absorbed into DSP l2_sum0.
DSP Report: operator l2_mult_reg[32]0 is absorbed into DSP l2_sum0.
DSP Report: operator l2_sum0 is absorbed into DSP l2_sum0.
DSP Report: Generating DSP l2_sum0, operation Mode is: PCIN+(A2*B)'.
DSP Report: register reg_L1_reg[31] is absorbed into DSP l2_sum0.
DSP Report: register l2_mult_reg[31] is absorbed into DSP l2_sum0.
DSP Report: operator l2_mult_reg[31]0 is absorbed into DSP l2_sum0.
DSP Report: operator l2_sum0 is absorbed into DSP l2_sum0.
DSP Report: Generating DSP l2_sum0, operation Mode is: PCIN+(A2*B)'.
DSP Report: register reg_L1_reg[30] is absorbed into DSP l2_sum0.
DSP Report: register l2_mult_reg[30] is absorbed into DSP l2_sum0.
DSP Report: operator l2_mult_reg[30]0 is absorbed into DSP l2_sum0.
DSP Report: operator l2_sum0 is absorbed into DSP l2_sum0.
DSP Report: Generating DSP l2_sum0, operation Mode is: PCIN+(A2*B)'.
DSP Report: register reg_L1_reg[29] is absorbed into DSP l2_sum0.
DSP Report: register l2_mult_reg[29] is absorbed into DSP l2_sum0.
DSP Report: operator l2_mult_reg[29]0 is absorbed into DSP l2_sum0.
DSP Report: operator l2_sum0 is absorbed into DSP l2_sum0.
DSP Report: Generating DSP l2_sum0, operation Mode is: PCIN+(A2*B)'.
DSP Report: register reg_L1_reg[28] is absorbed into DSP l2_sum0.
DSP Report: register l2_mult_reg[28] is absorbed into DSP l2_sum0.
DSP Report: operator l2_mult_reg[28]0 is absorbed into DSP l2_sum0.
DSP Report: operator l2_sum0 is absorbed into DSP l2_sum0.
DSP Report: Generating DSP l2_sum0, operation Mode is: PCIN+(A2*B)'.
DSP Report: register reg_L1_reg[27] is absorbed into DSP l2_sum0.
DSP Report: register l2_mult_reg[27] is absorbed into DSP l2_sum0.
DSP Report: operator l2_mult_reg[27]0 is absorbed into DSP l2_sum0.
DSP Report: operator l2_sum0 is absorbed into DSP l2_sum0.
DSP Report: Generating DSP l2_sum0, operation Mode is: PCIN+(A2*B)'.
DSP Report: register reg_L1_reg[26] is absorbed into DSP l2_sum0.
DSP Report: register l2_mult_reg[26] is absorbed into DSP l2_sum0.
DSP Report: operator l2_mult_reg[26]0 is absorbed into DSP l2_sum0.
DSP Report: operator l2_sum0 is absorbed into DSP l2_sum0.
DSP Report: Generating DSP l2_sum0, operation Mode is: PCIN+(A2*B)'.
DSP Report: register reg_L1_reg[25] is absorbed into DSP l2_sum0.
DSP Report: register l2_mult_reg[25] is absorbed into DSP l2_sum0.
DSP Report: operator l2_mult_reg[25]0 is absorbed into DSP l2_sum0.
DSP Report: operator l2_sum0 is absorbed into DSP l2_sum0.
DSP Report: Generating DSP l2_sum0, operation Mode is: PCIN+(A2*B)'.
DSP Report: register reg_L1_reg[24] is absorbed into DSP l2_sum0.
DSP Report: register l2_mult_reg[24] is absorbed into DSP l2_sum0.
DSP Report: operator l2_mult_reg[24]0 is absorbed into DSP l2_sum0.
DSP Report: operator l2_sum0 is absorbed into DSP l2_sum0.
DSP Report: Generating DSP l2_sum0, operation Mode is: PCIN+(A2*B)'.
DSP Report: register reg_L1_reg[23] is absorbed into DSP l2_sum0.
DSP Report: register l2_mult_reg[23] is absorbed into DSP l2_sum0.
DSP Report: operator l2_mult_reg[23]0 is absorbed into DSP l2_sum0.
DSP Report: operator l2_sum0 is absorbed into DSP l2_sum0.
DSP Report: Generating DSP l2_sum0, operation Mode is: PCIN+(A2*B)'.
DSP Report: register reg_L1_reg[22] is absorbed into DSP l2_sum0.
DSP Report: register l2_mult_reg[22] is absorbed into DSP l2_sum0.
DSP Report: operator l2_mult_reg[22]0 is absorbed into DSP l2_sum0.
DSP Report: operator l2_sum0 is absorbed into DSP l2_sum0.
DSP Report: Generating DSP l2_sum0, operation Mode is: PCIN+(A2*B)'.
DSP Report: register reg_L1_reg[21] is absorbed into DSP l2_sum0.
DSP Report: register l2_mult_reg[21] is absorbed into DSP l2_sum0.
DSP Report: operator l2_mult_reg[21]0 is absorbed into DSP l2_sum0.
DSP Report: operator l2_sum0 is absorbed into DSP l2_sum0.
DSP Report: Generating DSP l2_sum0, operation Mode is: PCIN+(A2*B)'.
DSP Report: register reg_L1_reg[20] is absorbed into DSP l2_sum0.
DSP Report: register l2_mult_reg[20] is absorbed into DSP l2_sum0.
DSP Report: operator l2_mult_reg[20]0 is absorbed into DSP l2_sum0.
DSP Report: operator l2_sum0 is absorbed into DSP l2_sum0.
DSP Report: Generating DSP l2_sum0, operation Mode is: PCIN+(A2*B)'.
DSP Report: register reg_L1_reg[19] is absorbed into DSP l2_sum0.
DSP Report: register l2_mult_reg[19] is absorbed into DSP l2_sum0.
DSP Report: operator l2_mult_reg[19]0 is absorbed into DSP l2_sum0.
DSP Report: operator l2_sum0 is absorbed into DSP l2_sum0.
DSP Report: Generating DSP l2_sum0, operation Mode is: PCIN+(A2*B)'.
DSP Report: register reg_L1_reg[18] is absorbed into DSP l2_sum0.
DSP Report: register l2_mult_reg[18] is absorbed into DSP l2_sum0.
DSP Report: operator l2_mult_reg[18]0 is absorbed into DSP l2_sum0.
DSP Report: operator l2_sum0 is absorbed into DSP l2_sum0.
DSP Report: Generating DSP l2_sum0, operation Mode is: PCIN+(A2*B)'.
DSP Report: register reg_L1_reg[17] is absorbed into DSP l2_sum0.
DSP Report: register l2_mult_reg[17] is absorbed into DSP l2_sum0.
DSP Report: operator l2_mult_reg[17]0 is absorbed into DSP l2_sum0.
DSP Report: operator l2_sum0 is absorbed into DSP l2_sum0.
DSP Report: Generating DSP l2_sum0, operation Mode is: PCIN+(A2*B)'.
DSP Report: register reg_L1_reg[16] is absorbed into DSP l2_sum0.
DSP Report: register l2_mult_reg[16] is absorbed into DSP l2_sum0.
DSP Report: operator l2_mult_reg[16]0 is absorbed into DSP l2_sum0.
DSP Report: operator l2_sum0 is absorbed into DSP l2_sum0.
DSP Report: Generating DSP l2_sum0, operation Mode is: PCIN+(A2*B)'.
DSP Report: register reg_L1_reg[15] is absorbed into DSP l2_sum0.
DSP Report: register l2_mult_reg[15] is absorbed into DSP l2_sum0.
DSP Report: operator l2_mult_reg[15]0 is absorbed into DSP l2_sum0.
DSP Report: operator l2_sum0 is absorbed into DSP l2_sum0.
DSP Report: Generating DSP l2_sum0, operation Mode is: PCIN+(A2*B)'.
DSP Report: register reg_L1_reg[14] is absorbed into DSP l2_sum0.
DSP Report: register l2_mult_reg[14] is absorbed into DSP l2_sum0.
DSP Report: operator l2_mult_reg[14]0 is absorbed into DSP l2_sum0.
DSP Report: operator l2_sum0 is absorbed into DSP l2_sum0.
DSP Report: Generating DSP l2_sum0, operation Mode is: PCIN+(A2*B)'.
DSP Report: register reg_L1_reg[13] is absorbed into DSP l2_sum0.
DSP Report: register l2_mult_reg[13] is absorbed into DSP l2_sum0.
DSP Report: operator l2_mult_reg[13]0 is absorbed into DSP l2_sum0.
DSP Report: operator l2_sum0 is absorbed into DSP l2_sum0.
DSP Report: Generating DSP l2_sum0, operation Mode is: PCIN+(A2*B)'.
DSP Report: register reg_L1_reg[12] is absorbed into DSP l2_sum0.
DSP Report: register l2_mult_reg[12] is absorbed into DSP l2_sum0.
DSP Report: operator l2_mult_reg[12]0 is absorbed into DSP l2_sum0.
DSP Report: operator l2_sum0 is absorbed into DSP l2_sum0.
DSP Report: Generating DSP l2_sum0, operation Mode is: PCIN+(A2*B)'.
DSP Report: register reg_L1_reg[11] is absorbed into DSP l2_sum0.
DSP Report: register l2_mult_reg[11] is absorbed into DSP l2_sum0.
DSP Report: operator l2_mult_reg[11]0 is absorbed into DSP l2_sum0.
DSP Report: operator l2_sum0 is absorbed into DSP l2_sum0.
DSP Report: Generating DSP l2_sum0, operation Mode is: PCIN+(A2*B)'.
DSP Report: register reg_L1_reg[10] is absorbed into DSP l2_sum0.
DSP Report: register l2_mult_reg[10] is absorbed into DSP l2_sum0.
DSP Report: operator l2_mult_reg[10]0 is absorbed into DSP l2_sum0.
DSP Report: operator l2_sum0 is absorbed into DSP l2_sum0.
DSP Report: Generating DSP l2_sum0, operation Mode is: PCIN+(A2*B)'.
DSP Report: register reg_L1_reg[9] is absorbed into DSP l2_sum0.
DSP Report: register l2_mult_reg[9] is absorbed into DSP l2_sum0.
DSP Report: operator l2_mult_reg[9]0 is absorbed into DSP l2_sum0.
DSP Report: operator l2_sum0 is absorbed into DSP l2_sum0.
DSP Report: Generating DSP l2_sum0, operation Mode is: PCIN+(A2*B)'.
DSP Report: register reg_L1_reg[8] is absorbed into DSP l2_sum0.
DSP Report: register l2_mult_reg[8] is absorbed into DSP l2_sum0.
DSP Report: operator l2_mult_reg[8]0 is absorbed into DSP l2_sum0.
DSP Report: operator l2_sum0 is absorbed into DSP l2_sum0.
DSP Report: Generating DSP l2_sum0, operation Mode is: PCIN+(A2*B)'.
DSP Report: register reg_L1_reg[7] is absorbed into DSP l2_sum0.
DSP Report: register l2_mult_reg[7] is absorbed into DSP l2_sum0.
DSP Report: operator l2_mult_reg[7]0 is absorbed into DSP l2_sum0.
DSP Report: operator l2_sum0 is absorbed into DSP l2_sum0.
DSP Report: Generating DSP l2_sum0, operation Mode is: PCIN+(A2*B)'.
DSP Report: register reg_L1_reg[6] is absorbed into DSP l2_sum0.
DSP Report: register l2_mult_reg[6] is absorbed into DSP l2_sum0.
DSP Report: operator l2_mult_reg[6]0 is absorbed into DSP l2_sum0.
DSP Report: operator l2_sum0 is absorbed into DSP l2_sum0.
DSP Report: Generating DSP l2_sum0, operation Mode is: PCIN+(A2*B)'.
DSP Report: register reg_L1_reg[5] is absorbed into DSP l2_sum0.
DSP Report: register l2_mult_reg[5] is absorbed into DSP l2_sum0.
DSP Report: operator l2_mult_reg[5]0 is absorbed into DSP l2_sum0.
DSP Report: operator l2_sum0 is absorbed into DSP l2_sum0.
DSP Report: Generating DSP l2_sum0, operation Mode is: PCIN+(A2*B)'.
DSP Report: register reg_L1_reg[4] is absorbed into DSP l2_sum0.
DSP Report: register l2_mult_reg[4] is absorbed into DSP l2_sum0.
DSP Report: operator l2_mult_reg[4]0 is absorbed into DSP l2_sum0.
DSP Report: operator l2_sum0 is absorbed into DSP l2_sum0.
DSP Report: Generating DSP l2_sum0, operation Mode is: PCIN+(A2*B)'.
DSP Report: register reg_L1_reg[3] is absorbed into DSP l2_sum0.
DSP Report: register l2_mult_reg[3] is absorbed into DSP l2_sum0.
DSP Report: operator l2_mult_reg[3]0 is absorbed into DSP l2_sum0.
DSP Report: operator l2_sum0 is absorbed into DSP l2_sum0.
DSP Report: Generating DSP l2_sum0, operation Mode is: PCIN+(A2*B)'.
DSP Report: register reg_L1_reg[2] is absorbed into DSP l2_sum0.
DSP Report: register l2_mult_reg[2] is absorbed into DSP l2_sum0.
DSP Report: operator l2_mult_reg[2]0 is absorbed into DSP l2_sum0.
DSP Report: operator l2_sum0 is absorbed into DSP l2_sum0.
DSP Report: Generating DSP l2_sum0, operation Mode is: PCIN+(A2*B)'.
DSP Report: register reg_L1_reg[1] is absorbed into DSP l2_sum0.
DSP Report: register l2_mult_reg[1] is absorbed into DSP l2_sum0.
DSP Report: operator l2_mult_reg[1]0 is absorbed into DSP l2_sum0.
DSP Report: operator l2_sum0 is absorbed into DSP l2_sum0.
DSP Report: Generating DSP l3_mult_reg[31], operation Mode is: (A2*B)'.
DSP Report: register reg_L2_reg[31] is absorbed into DSP l3_mult_reg[31].
DSP Report: register l3_mult_reg[31] is absorbed into DSP l3_mult_reg[31].
DSP Report: operator l3_mult_reg[31]0 is absorbed into DSP l3_mult_reg[31].
DSP Report: Generating DSP l3_sum0, operation Mode is: PCIN+(A2*B)'.
DSP Report: register reg_L2_reg[0] is absorbed into DSP l3_sum0.
DSP Report: register l3_mult_reg[0] is absorbed into DSP l3_sum0.
DSP Report: operator l3_mult_reg[0]0 is absorbed into DSP l3_sum0.
DSP Report: operator l3_sum0 is absorbed into DSP l3_sum0.
DSP Report: Generating DSP l3_sum0, operation Mode is: PCIN+(A2*B)'.
DSP Report: register reg_L2_reg[30] is absorbed into DSP l3_sum0.
DSP Report: register l3_mult_reg[30] is absorbed into DSP l3_sum0.
DSP Report: operator l3_mult_reg[30]0 is absorbed into DSP l3_sum0.
DSP Report: operator l3_sum0 is absorbed into DSP l3_sum0.
DSP Report: Generating DSP l3_sum0, operation Mode is: PCIN+(A2*B)'.
DSP Report: register reg_L2_reg[29] is absorbed into DSP l3_sum0.
DSP Report: register l3_mult_reg[29] is absorbed into DSP l3_sum0.
DSP Report: operator l3_mult_reg[29]0 is absorbed into DSP l3_sum0.
DSP Report: operator l3_sum0 is absorbed into DSP l3_sum0.
DSP Report: Generating DSP l3_sum0, operation Mode is: PCIN+(A2*B)'.
DSP Report: register reg_L2_reg[28] is absorbed into DSP l3_sum0.
DSP Report: register l3_mult_reg[28] is absorbed into DSP l3_sum0.
DSP Report: operator l3_mult_reg[28]0 is absorbed into DSP l3_sum0.
DSP Report: operator l3_sum0 is absorbed into DSP l3_sum0.
DSP Report: Generating DSP l3_sum0, operation Mode is: PCIN+(A2*B)'.
DSP Report: register reg_L2_reg[27] is absorbed into DSP l3_sum0.
DSP Report: register l3_mult_reg[27] is absorbed into DSP l3_sum0.
DSP Report: operator l3_mult_reg[27]0 is absorbed into DSP l3_sum0.
DSP Report: operator l3_sum0 is absorbed into DSP l3_sum0.
DSP Report: Generating DSP l3_sum0, operation Mode is: PCIN+(A2*B)'.
DSP Report: register reg_L2_reg[26] is absorbed into DSP l3_sum0.
DSP Report: register l3_mult_reg[26] is absorbed into DSP l3_sum0.
DSP Report: operator l3_mult_reg[26]0 is absorbed into DSP l3_sum0.
DSP Report: operator l3_sum0 is absorbed into DSP l3_sum0.
DSP Report: Generating DSP l3_sum0, operation Mode is: PCIN+(A2*B)'.
DSP Report: register reg_L2_reg[25] is absorbed into DSP l3_sum0.
DSP Report: register l3_mult_reg[25] is absorbed into DSP l3_sum0.
DSP Report: operator l3_mult_reg[25]0 is absorbed into DSP l3_sum0.
DSP Report: operator l3_sum0 is absorbed into DSP l3_sum0.
DSP Report: Generating DSP l3_sum0, operation Mode is: PCIN+(A2*B)'.
DSP Report: register reg_L2_reg[24] is absorbed into DSP l3_sum0.
DSP Report: register l3_mult_reg[24] is absorbed into DSP l3_sum0.
DSP Report: operator l3_mult_reg[24]0 is absorbed into DSP l3_sum0.
DSP Report: operator l3_sum0 is absorbed into DSP l3_sum0.
DSP Report: Generating DSP l3_sum0, operation Mode is: PCIN+(A2*B)'.
DSP Report: register reg_L2_reg[23] is absorbed into DSP l3_sum0.
DSP Report: register l3_mult_reg[23] is absorbed into DSP l3_sum0.
DSP Report: operator l3_mult_reg[23]0 is absorbed into DSP l3_sum0.
DSP Report: operator l3_sum0 is absorbed into DSP l3_sum0.
DSP Report: Generating DSP l3_sum0, operation Mode is: PCIN+(A2*B)'.
DSP Report: register reg_L2_reg[22] is absorbed into DSP l3_sum0.
DSP Report: register l3_mult_reg[22] is absorbed into DSP l3_sum0.
DSP Report: operator l3_mult_reg[22]0 is absorbed into DSP l3_sum0.
DSP Report: operator l3_sum0 is absorbed into DSP l3_sum0.
DSP Report: Generating DSP l3_sum0, operation Mode is: PCIN+(A2*B)'.
DSP Report: register reg_L2_reg[21] is absorbed into DSP l3_sum0.
DSP Report: register l3_mult_reg[21] is absorbed into DSP l3_sum0.
DSP Report: operator l3_mult_reg[21]0 is absorbed into DSP l3_sum0.
DSP Report: operator l3_sum0 is absorbed into DSP l3_sum0.
DSP Report: Generating DSP l3_sum0, operation Mode is: PCIN+(A2*B)'.
DSP Report: register reg_L2_reg[20] is absorbed into DSP l3_sum0.
DSP Report: register l3_mult_reg[20] is absorbed into DSP l3_sum0.
DSP Report: operator l3_mult_reg[20]0 is absorbed into DSP l3_sum0.
DSP Report: operator l3_sum0 is absorbed into DSP l3_sum0.
DSP Report: Generating DSP l3_sum0, operation Mode is: PCIN+(A2*B)'.
DSP Report: register reg_L2_reg[19] is absorbed into DSP l3_sum0.
DSP Report: register l3_mult_reg[19] is absorbed into DSP l3_sum0.
DSP Report: operator l3_mult_reg[19]0 is absorbed into DSP l3_sum0.
DSP Report: operator l3_sum0 is absorbed into DSP l3_sum0.
DSP Report: Generating DSP l3_sum0, operation Mode is: PCIN+(A2*B)'.
DSP Report: register reg_L2_reg[18] is absorbed into DSP l3_sum0.
DSP Report: register l3_mult_reg[18] is absorbed into DSP l3_sum0.
DSP Report: operator l3_mult_reg[18]0 is absorbed into DSP l3_sum0.
DSP Report: operator l3_sum0 is absorbed into DSP l3_sum0.
DSP Report: Generating DSP l3_sum0, operation Mode is: PCIN+(A2*B)'.
DSP Report: register reg_L2_reg[17] is absorbed into DSP l3_sum0.
DSP Report: register l3_mult_reg[17] is absorbed into DSP l3_sum0.
DSP Report: operator l3_mult_reg[17]0 is absorbed into DSP l3_sum0.
DSP Report: operator l3_sum0 is absorbed into DSP l3_sum0.
DSP Report: Generating DSP l3_sum0, operation Mode is: PCIN+(A2*B)'.
DSP Report: register reg_L2_reg[16] is absorbed into DSP l3_sum0.
DSP Report: register l3_mult_reg[16] is absorbed into DSP l3_sum0.
DSP Report: operator l3_mult_reg[16]0 is absorbed into DSP l3_sum0.
DSP Report: operator l3_sum0 is absorbed into DSP l3_sum0.
DSP Report: Generating DSP l3_sum0, operation Mode is: PCIN+(A2*B)'.
DSP Report: register reg_L2_reg[15] is absorbed into DSP l3_sum0.
DSP Report: register l3_mult_reg[15] is absorbed into DSP l3_sum0.
DSP Report: operator l3_mult_reg[15]0 is absorbed into DSP l3_sum0.
DSP Report: operator l3_sum0 is absorbed into DSP l3_sum0.
DSP Report: Generating DSP l3_sum0, operation Mode is: PCIN+(A2*B)'.
DSP Report: register reg_L2_reg[14] is absorbed into DSP l3_sum0.
DSP Report: register l3_mult_reg[14] is absorbed into DSP l3_sum0.
DSP Report: operator l3_mult_reg[14]0 is absorbed into DSP l3_sum0.
DSP Report: operator l3_sum0 is absorbed into DSP l3_sum0.
DSP Report: Generating DSP l3_sum0, operation Mode is: PCIN+(A2*B)'.
DSP Report: register reg_L2_reg[13] is absorbed into DSP l3_sum0.
DSP Report: register l3_mult_reg[13] is absorbed into DSP l3_sum0.
DSP Report: operator l3_mult_reg[13]0 is absorbed into DSP l3_sum0.
DSP Report: operator l3_sum0 is absorbed into DSP l3_sum0.
DSP Report: Generating DSP l3_sum0, operation Mode is: PCIN+(A2*B)'.
DSP Report: register reg_L2_reg[12] is absorbed into DSP l3_sum0.
DSP Report: register l3_mult_reg[12] is absorbed into DSP l3_sum0.
DSP Report: operator l3_mult_reg[12]0 is absorbed into DSP l3_sum0.
DSP Report: operator l3_sum0 is absorbed into DSP l3_sum0.
DSP Report: Generating DSP l3_sum0, operation Mode is: PCIN+(A2*B)'.
DSP Report: register reg_L2_reg[11] is absorbed into DSP l3_sum0.
DSP Report: register l3_mult_reg[11] is absorbed into DSP l3_sum0.
DSP Report: operator l3_mult_reg[11]0 is absorbed into DSP l3_sum0.
DSP Report: operator l3_sum0 is absorbed into DSP l3_sum0.
DSP Report: Generating DSP l3_sum0, operation Mode is: PCIN+(A2*B)'.
DSP Report: register reg_L2_reg[10] is absorbed into DSP l3_sum0.
DSP Report: register l3_mult_reg[10] is absorbed into DSP l3_sum0.
DSP Report: operator l3_mult_reg[10]0 is absorbed into DSP l3_sum0.
DSP Report: operator l3_sum0 is absorbed into DSP l3_sum0.
DSP Report: Generating DSP l3_sum0, operation Mode is: PCIN+(A2*B)'.
DSP Report: register reg_L2_reg[9] is absorbed into DSP l3_sum0.
DSP Report: register l3_mult_reg[9] is absorbed into DSP l3_sum0.
DSP Report: operator l3_mult_reg[9]0 is absorbed into DSP l3_sum0.
DSP Report: operator l3_sum0 is absorbed into DSP l3_sum0.
DSP Report: Generating DSP l3_sum0, operation Mode is: PCIN+(A2*B)'.
DSP Report: register reg_L2_reg[8] is absorbed into DSP l3_sum0.
DSP Report: register l3_mult_reg[8] is absorbed into DSP l3_sum0.
DSP Report: operator l3_mult_reg[8]0 is absorbed into DSP l3_sum0.
DSP Report: operator l3_sum0 is absorbed into DSP l3_sum0.
DSP Report: Generating DSP l3_sum0, operation Mode is: PCIN+(A2*B)'.
DSP Report: register reg_L2_reg[7] is absorbed into DSP l3_sum0.
DSP Report: register l3_mult_reg[7] is absorbed into DSP l3_sum0.
DSP Report: operator l3_mult_reg[7]0 is absorbed into DSP l3_sum0.
DSP Report: operator l3_sum0 is absorbed into DSP l3_sum0.
DSP Report: Generating DSP l3_sum0, operation Mode is: PCIN+(A2*B)'.
DSP Report: register reg_L2_reg[6] is absorbed into DSP l3_sum0.
DSP Report: register l3_mult_reg[6] is absorbed into DSP l3_sum0.
DSP Report: operator l3_mult_reg[6]0 is absorbed into DSP l3_sum0.
DSP Report: operator l3_sum0 is absorbed into DSP l3_sum0.
DSP Report: Generating DSP l3_sum0, operation Mode is: PCIN+(A2*B)'.
DSP Report: register reg_L2_reg[5] is absorbed into DSP l3_sum0.
DSP Report: register l3_mult_reg[5] is absorbed into DSP l3_sum0.
DSP Report: operator l3_mult_reg[5]0 is absorbed into DSP l3_sum0.
DSP Report: operator l3_sum0 is absorbed into DSP l3_sum0.
DSP Report: Generating DSP l3_sum0, operation Mode is: PCIN+(A2*B)'.
DSP Report: register reg_L2_reg[4] is absorbed into DSP l3_sum0.
DSP Report: register l3_mult_reg[4] is absorbed into DSP l3_sum0.
DSP Report: operator l3_mult_reg[4]0 is absorbed into DSP l3_sum0.
DSP Report: operator l3_sum0 is absorbed into DSP l3_sum0.
DSP Report: Generating DSP l3_sum0, operation Mode is: PCIN+(A2*B)'.
DSP Report: register reg_L2_reg[3] is absorbed into DSP l3_sum0.
DSP Report: register l3_mult_reg[3] is absorbed into DSP l3_sum0.
DSP Report: operator l3_mult_reg[3]0 is absorbed into DSP l3_sum0.
DSP Report: operator l3_sum0 is absorbed into DSP l3_sum0.
DSP Report: Generating DSP l3_sum0, operation Mode is: PCIN+(A2*B)'.
DSP Report: register reg_L2_reg[2] is absorbed into DSP l3_sum0.
DSP Report: register l3_mult_reg[2] is absorbed into DSP l3_sum0.
DSP Report: operator l3_mult_reg[2]0 is absorbed into DSP l3_sum0.
DSP Report: operator l3_sum0 is absorbed into DSP l3_sum0.
DSP Report: Generating DSP l3_sum0, operation Mode is: PCIN+(A2*B)'.
DSP Report: register reg_L2_reg[1] is absorbed into DSP l3_sum0.
DSP Report: register l3_mult_reg[1] is absorbed into DSP l3_sum0.
DSP Report: operator l3_mult_reg[1]0 is absorbed into DSP l3_sum0.
DSP Report: operator l3_sum0 is absorbed into DSP l3_sum0.
DSP Report: Generating DSP l4_mult_reg[15], operation Mode is: (A2*B)'.
DSP Report: register reg_L3_reg[15] is absorbed into DSP l4_mult_reg[15].
DSP Report: register l4_mult_reg[15] is absorbed into DSP l4_mult_reg[15].
DSP Report: operator l4_mult_reg[15]0 is absorbed into DSP l4_mult_reg[15].
DSP Report: Generating DSP l4_sum0, operation Mode is: PCIN+(A2*B)'.
DSP Report: register reg_L3_reg[0] is absorbed into DSP l4_sum0.
DSP Report: register l4_mult_reg[0] is absorbed into DSP l4_sum0.
DSP Report: operator l4_mult_reg[0]0 is absorbed into DSP l4_sum0.
DSP Report: operator l4_sum0 is absorbed into DSP l4_sum0.
DSP Report: Generating DSP l4_sum0, operation Mode is: PCIN+(A2*B)'.
DSP Report: register reg_L3_reg[14] is absorbed into DSP l4_sum0.
DSP Report: register l4_mult_reg[14] is absorbed into DSP l4_sum0.
DSP Report: operator l4_mult_reg[14]0 is absorbed into DSP l4_sum0.
DSP Report: operator l4_sum0 is absorbed into DSP l4_sum0.
DSP Report: Generating DSP l4_sum0, operation Mode is: PCIN+(A2*B)'.
DSP Report: register reg_L3_reg[13] is absorbed into DSP l4_sum0.
DSP Report: register l4_mult_reg[13] is absorbed into DSP l4_sum0.
DSP Report: operator l4_mult_reg[13]0 is absorbed into DSP l4_sum0.
DSP Report: operator l4_sum0 is absorbed into DSP l4_sum0.
DSP Report: Generating DSP l4_sum0, operation Mode is: PCIN+(A2*B)'.
DSP Report: register reg_L3_reg[12] is absorbed into DSP l4_sum0.
DSP Report: register l4_mult_reg[12] is absorbed into DSP l4_sum0.
DSP Report: operator l4_mult_reg[12]0 is absorbed into DSP l4_sum0.
DSP Report: operator l4_sum0 is absorbed into DSP l4_sum0.
DSP Report: Generating DSP l4_sum0, operation Mode is: PCIN+(A2*B)'.
DSP Report: register reg_L3_reg[11] is absorbed into DSP l4_sum0.
DSP Report: register l4_mult_reg[11] is absorbed into DSP l4_sum0.
DSP Report: operator l4_mult_reg[11]0 is absorbed into DSP l4_sum0.
DSP Report: operator l4_sum0 is absorbed into DSP l4_sum0.
DSP Report: Generating DSP l4_sum0, operation Mode is: PCIN+(A2*B)'.
DSP Report: register reg_L3_reg[10] is absorbed into DSP l4_sum0.
DSP Report: register l4_mult_reg[10] is absorbed into DSP l4_sum0.
DSP Report: operator l4_mult_reg[10]0 is absorbed into DSP l4_sum0.
DSP Report: operator l4_sum0 is absorbed into DSP l4_sum0.
DSP Report: Generating DSP l4_sum0, operation Mode is: PCIN+(A2*B)'.
DSP Report: register reg_L3_reg[9] is absorbed into DSP l4_sum0.
DSP Report: register l4_mult_reg[9] is absorbed into DSP l4_sum0.
DSP Report: operator l4_mult_reg[9]0 is absorbed into DSP l4_sum0.
DSP Report: operator l4_sum0 is absorbed into DSP l4_sum0.
DSP Report: Generating DSP l4_sum0, operation Mode is: PCIN+(A2*B)'.
DSP Report: register reg_L3_reg[8] is absorbed into DSP l4_sum0.
DSP Report: register l4_mult_reg[8] is absorbed into DSP l4_sum0.
DSP Report: operator l4_mult_reg[8]0 is absorbed into DSP l4_sum0.
DSP Report: operator l4_sum0 is absorbed into DSP l4_sum0.
DSP Report: Generating DSP l4_sum0, operation Mode is: PCIN+(A2*B)'.
DSP Report: register reg_L3_reg[7] is absorbed into DSP l4_sum0.
DSP Report: register l4_mult_reg[7] is absorbed into DSP l4_sum0.
DSP Report: operator l4_mult_reg[7]0 is absorbed into DSP l4_sum0.
DSP Report: operator l4_sum0 is absorbed into DSP l4_sum0.
DSP Report: Generating DSP l4_sum0, operation Mode is: PCIN+(A2*B)'.
DSP Report: register reg_L3_reg[6] is absorbed into DSP l4_sum0.
DSP Report: register l4_mult_reg[6] is absorbed into DSP l4_sum0.
DSP Report: operator l4_mult_reg[6]0 is absorbed into DSP l4_sum0.
DSP Report: operator l4_sum0 is absorbed into DSP l4_sum0.
DSP Report: Generating DSP l4_sum0, operation Mode is: PCIN+(A2*B)'.
DSP Report: register reg_L3_reg[5] is absorbed into DSP l4_sum0.
DSP Report: register l4_mult_reg[5] is absorbed into DSP l4_sum0.
DSP Report: operator l4_mult_reg[5]0 is absorbed into DSP l4_sum0.
DSP Report: operator l4_sum0 is absorbed into DSP l4_sum0.
DSP Report: Generating DSP l4_sum0, operation Mode is: PCIN+(A2*B)'.
DSP Report: register reg_L3_reg[4] is absorbed into DSP l4_sum0.
DSP Report: register l4_mult_reg[4] is absorbed into DSP l4_sum0.
DSP Report: operator l4_mult_reg[4]0 is absorbed into DSP l4_sum0.
DSP Report: operator l4_sum0 is absorbed into DSP l4_sum0.
DSP Report: Generating DSP l4_sum0, operation Mode is: PCIN+(A2*B)'.
DSP Report: register reg_L3_reg[3] is absorbed into DSP l4_sum0.
DSP Report: register l4_mult_reg[3] is absorbed into DSP l4_sum0.
DSP Report: operator l4_mult_reg[3]0 is absorbed into DSP l4_sum0.
DSP Report: operator l4_sum0 is absorbed into DSP l4_sum0.
DSP Report: Generating DSP l4_sum0, operation Mode is: PCIN+(A2*B)'.
DSP Report: register reg_L3_reg[2] is absorbed into DSP l4_sum0.
DSP Report: register l4_mult_reg[2] is absorbed into DSP l4_sum0.
DSP Report: operator l4_mult_reg[2]0 is absorbed into DSP l4_sum0.
DSP Report: operator l4_sum0 is absorbed into DSP l4_sum0.
DSP Report: Generating DSP l4_sum0, operation Mode is: PCIN+(A2*B)'.
DSP Report: register reg_L3_reg[1] is absorbed into DSP l4_sum0.
DSP Report: register l4_mult_reg[1] is absorbed into DSP l4_sum0.
DSP Report: operator l4_mult_reg[1]0 is absorbed into DSP l4_sum0.
DSP Report: operator l4_sum0 is absorbed into DSP l4_sum0.
INFO: [Synth 8-3917] design mlp_system_mlp_axi_wrapper_0_1 has port S_AXI_BRESP[1] driven by constant 0
INFO: [Synth 8-3917] design mlp_system_mlp_axi_wrapper_0_1 has port S_AXI_BRESP[0] driven by constant 0
INFO: [Synth 8-3917] design mlp_system_mlp_axi_wrapper_0_1 has port S_AXI_RRESP[1] driven by constant 0
INFO: [Synth 8-3917] design mlp_system_mlp_axi_wrapper_0_1 has port S_AXI_RRESP[0] driven by constant 0
INFO: [Synth 8-7129] Port S_AXI_AWPROT[2] in module mlp_system_mlp_axi_wrapper_0_1 is either unconnected or has no load
INFO: [Synth 8-7129] Port S_AXI_AWPROT[1] in module mlp_system_mlp_axi_wrapper_0_1 is either unconnected or has no load
INFO: [Synth 8-7129] Port S_AXI_AWPROT[0] in module mlp_system_mlp_axi_wrapper_0_1 is either unconnected or has no load
INFO: [Synth 8-7129] Port S_AXI_WSTRB[3] in module mlp_system_mlp_axi_wrapper_0_1 is either unconnected or has no load
INFO: [Synth 8-7129] Port S_AXI_WSTRB[2] in module mlp_system_mlp_axi_wrapper_0_1 is either unconnected or has no load
INFO: [Synth 8-7129] Port S_AXI_WSTRB[1] in module mlp_system_mlp_axi_wrapper_0_1 is either unconnected or has no load
INFO: [Synth 8-7129] Port S_AXI_WSTRB[0] in module mlp_system_mlp_axi_wrapper_0_1 is either unconnected or has no load
INFO: [Synth 8-7129] Port S_AXI_ARPROT[2] in module mlp_system_mlp_axi_wrapper_0_1 is either unconnected or has no load
INFO: [Synth 8-7129] Port S_AXI_ARPROT[1] in module mlp_system_mlp_axi_wrapper_0_1 is either unconnected or has no load
INFO: [Synth 8-7129] Port S_AXI_ARPROT[0] in module mlp_system_mlp_axi_wrapper_0_1 is either unconnected or has no load
INFO: [Synth 8-7129] Port S_AXIS_ACLK in module mlp_system_mlp_axi_wrapper_0_1 is either unconnected or has no load
INFO: [Synth 8-7129] Port S_AXIS_ARESETN in module mlp_system_mlp_axi_wrapper_0_1 is either unconnected or has no load
---------------------------------------------------------------------------------
Finished Cross Boundary and Area Optimization : Time (s): cpu = 00:00:39 ; elapsed = 00:00:46 . Memory (MB): peak = 1790.012 ; gain = 877.504
---------------------------------------------------------------------------------
 Sort Area is  l3_mult_reg[31]_8 : 0 0 : 1985 67511 : Used 1 time 0
 Sort Area is  l3_mult_reg[31]_8 : 0 1 : 2106 67511 : Used 1 time 0
 Sort Area is  l3_mult_reg[31]_8 : 0 2 : 2114 67511 : Used 1 time 0
 Sort Area is  l3_mult_reg[31]_8 : 0 3 : 2114 67511 : Used 1 time 0
 Sort Area is  l3_mult_reg[31]_8 : 0 4 : 2114 67511 : Used 1 time 0
 Sort Area is  l3_mult_reg[31]_8 : 0 5 : 2114 67511 : Used 1 time 0
 Sort Area is  l3_mult_reg[31]_8 : 0 6 : 2114 67511 : Used 1 time 0
 Sort Area is  l3_mult_reg[31]_8 : 0 7 : 2114 67511 : Used 1 time 0
 Sort Area is  l3_mult_reg[31]_8 : 0 8 : 2114 67511 : Used 1 time 0
 Sort Area is  l3_mult_reg[31]_8 : 0 9 : 2114 67511 : Used 1 time 0
 Sort Area is  l3_mult_reg[31]_8 : 0 10 : 2114 67511 : Used 1 time 0
 Sort Area is  l3_mult_reg[31]_8 : 0 11 : 2114 67511 : Used 1 time 0
 Sort Area is  l3_mult_reg[31]_8 : 0 12 : 2114 67511 : Used 1 time 0
 Sort Area is  l3_mult_reg[31]_8 : 0 13 : 2114 67511 : Used 1 time 0
 Sort Area is  l3_mult_reg[31]_8 : 0 14 : 2114 67511 : Used 1 time 0
 Sort Area is  l3_mult_reg[31]_8 : 0 15 : 2114 67511 : Used 1 time 0
 Sort Area is  l3_mult_reg[31]_8 : 0 16 : 2114 67511 : Used 1 time 0
 Sort Area is  l3_mult_reg[31]_8 : 0 17 : 2114 67511 : Used 1 time 0
 Sort Area is  l3_mult_reg[31]_8 : 0 18 : 2114 67511 : Used 1 time 0
 Sort Area is  l3_mult_reg[31]_8 : 0 19 : 2114 67511 : Used 1 time 0
 Sort Area is  l3_mult_reg[31]_8 : 0 20 : 2114 67511 : Used 1 time 0
 Sort Area is  l3_mult_reg[31]_8 : 0 21 : 2114 67511 : Used 1 time 0
 Sort Area is  l3_mult_reg[31]_8 : 0 22 : 2114 67511 : Used 1 time 0
 Sort Area is  l3_mult_reg[31]_8 : 0 23 : 2114 67511 : Used 1 time 0
 Sort Area is  l3_mult_reg[31]_8 : 0 24 : 2114 67511 : Used 1 time 0
 Sort Area is  l3_mult_reg[31]_8 : 0 25 : 2114 67511 : Used 1 time 0
 Sort Area is  l3_mult_reg[31]_8 : 0 26 : 2114 67511 : Used 1 time 0
 Sort Area is  l3_mult_reg[31]_8 : 0 27 : 2114 67511 : Used 1 time 0
 Sort Area is  l3_mult_reg[31]_8 : 0 28 : 2114 67511 : Used 1 time 0
 Sort Area is  l3_mult_reg[31]_8 : 0 29 : 2114 67511 : Used 1 time 0
 Sort Area is  l3_mult_reg[31]_8 : 0 30 : 2114 67511 : Used 1 time 0
 Sort Area is  l3_mult_reg[31]_8 : 0 31 : 2114 67511 : Used 1 time 0
 Sort Area is  l2_mult_reg[63]_4 : 0 0 : 607 49389 : Used 1 time 0
 Sort Area is  l2_mult_reg[63]_4 : 0 1 : 805 49389 : Used 1 time 0
 Sort Area is  l2_mult_reg[63]_4 : 0 2 : 821 49389 : Used 1 time 0
 Sort Area is  l2_mult_reg[63]_4 : 0 3 : 746 49389 : Used 1 time 0
 Sort Area is  l2_mult_reg[63]_4 : 0 4 : 746 49389 : Used 1 time 0
 Sort Area is  l2_mult_reg[63]_4 : 0 5 : 746 49389 : Used 1 time 0
 Sort Area is  l2_mult_reg[63]_4 : 0 6 : 746 49389 : Used 1 time 0
 Sort Area is  l2_mult_reg[63]_4 : 0 7 : 821 49389 : Used 1 time 0
 Sort Area is  l2_mult_reg[63]_4 : 0 8 : 821 49389 : Used 1 time 0
 Sort Area is  l2_mult_reg[63]_4 : 0 9 : 821 49389 : Used 1 time 0
 Sort Area is  l2_mult_reg[63]_4 : 0 10 : 746 49389 : Used 1 time 0
 Sort Area is  l2_mult_reg[63]_4 : 0 11 : 746 49389 : Used 1 time 0
 Sort Area is  l2_mult_reg[63]_4 : 0 12 : 821 49389 : Used 1 time 0
 Sort Area is  l2_mult_reg[63]_4 : 0 13 : 746 49389 : Used 1 time 0
 Sort Area is  l2_mult_reg[63]_4 : 0 14 : 821 49389 : Used 1 time 0
 Sort Area is  l2_mult_reg[63]_4 : 0 15 : 746 49389 : Used 1 time 0
 Sort Area is  l2_mult_reg[63]_4 : 0 16 : 746 49389 : Used 1 time 0
 Sort Area is  l2_mult_reg[63]_4 : 0 17 : 746 49389 : Used 1 time 0
 Sort Area is  l2_mult_reg[63]_4 : 0 18 : 746 49389 : Used 1 time 0
 Sort Area is  l2_mult_reg[63]_4 : 0 19 : 746 49389 : Used 1 time 0
 Sort Area is  l2_mult_reg[63]_4 : 0 20 : 746 49389 : Used 1 time 0
 Sort Area is  l2_mult_reg[63]_4 : 0 21 : 821 49389 : Used 1 time 0
 Sort Area is  l2_mult_reg[63]_4 : 0 22 : 746 49389 : Used 1 time 0
 Sort Area is  l2_mult_reg[63]_4 : 0 23 : 821 49389 : Used 1 time 0
 Sort Area is  l2_mult_reg[63]_4 : 0 24 : 746 49389 : Used 1 time 0
 Sort Area is  l2_mult_reg[63]_4 : 0 25 : 746 49389 : Used 1 time 0
 Sort Area is  l2_mult_reg[63]_4 : 0 26 : 821 49389 : Used 1 time 0
 Sort Area is  l2_mult_reg[63]_4 : 0 27 : 746 49389 : Used 1 time 0
 Sort Area is  l2_mult_reg[63]_4 : 0 28 : 821 49389 : Used 1 time 0
 Sort Area is  l2_mult_reg[63]_4 : 0 29 : 821 49389 : Used 1 time 0
 Sort Area is  l2_mult_reg[63]_4 : 0 30 : 821 49389 : Used 1 time 0
 Sort Area is  l2_mult_reg[63]_4 : 0 31 : 746 49389 : Used 1 time 0
 Sort Area is  l2_mult_reg[63]_4 : 0 32 : 821 49389 : Used 1 time 0
 Sort Area is  l2_mult_reg[63]_4 : 0 33 : 746 49389 : Used 1 time 0
 Sort Area is  l2_mult_reg[63]_4 : 0 34 : 746 49389 : Used 1 time 0
 Sort Area is  l2_mult_reg[63]_4 : 0 35 : 821 49389 : Used 1 time 0
 Sort Area is  l2_mult_reg[63]_4 : 0 36 : 746 49389 : Used 1 time 0
 Sort Area is  l2_mult_reg[63]_4 : 0 37 : 746 49389 : Used 1 time 0
 Sort Area is  l2_mult_reg[63]_4 : 0 38 : 746 49389 : Used 1 time 0
 Sort Area is  l2_mult_reg[63]_4 : 0 39 : 746 49389 : Used 1 time 0
 Sort Area is  l2_mult_reg[63]_4 : 0 40 : 746 49389 : Used 1 time 0
 Sort Area is  l2_mult_reg[63]_4 : 0 41 : 821 49389 : Used 1 time 0
 Sort Area is  l2_mult_reg[63]_4 : 0 42 : 746 49389 : Used 1 time 0
 Sort Area is  l2_mult_reg[63]_4 : 0 43 : 821 49389 : Used 1 time 0
 Sort Area is  l2_mult_reg[63]_4 : 0 44 : 746 49389 : Used 1 time 0
 Sort Area is  l2_mult_reg[63]_4 : 0 45 : 821 49389 : Used 1 time 0
 Sort Area is  l2_mult_reg[63]_4 : 0 46 : 821 49389 : Used 1 time 0
 Sort Area is  l2_mult_reg[63]_4 : 0 47 : 746 49389 : Used 1 time 0
 Sort Area is  l2_mult_reg[63]_4 : 0 48 : 746 49389 : Used 1 time 0
 Sort Area is  l2_mult_reg[63]_4 : 0 49 : 821 49389 : Used 1 time 0
 Sort Area is  l2_mult_reg[63]_4 : 0 50 : 746 49389 : Used 1 time 0
 Sort Area is  l2_mult_reg[63]_4 : 0 51 : 821 49389 : Used 1 time 0
 Sort Area is  l2_mult_reg[63]_4 : 0 52 : 746 49389 : Used 1 time 0
 Sort Area is  l2_mult_reg[63]_4 : 0 53 : 746 49389 : Used 1 time 0
 Sort Area is  l2_mult_reg[63]_4 : 0 54 : 746 49389 : Used 1 time 0
 Sort Area is  l2_mult_reg[63]_4 : 0 55 : 821 49389 : Used 1 time 0
 Sort Area is  l2_mult_reg[63]_4 : 0 56 : 746 49389 : Used 1 time 0
 Sort Area is  l2_mult_reg[63]_4 : 0 57 : 746 49389 : Used 1 time 0
 Sort Area is  l2_mult_reg[63]_4 : 0 58 : 746 49389 : Used 1 time 0
 Sort Area is  l2_mult_reg[63]_4 : 0 59 : 746 49389 : Used 1 time 0
 Sort Area is  l2_mult_reg[63]_4 : 0 60 : 821 49389 : Used 1 time 0
 Sort Area is  l2_mult_reg[63]_4 : 0 61 : 746 49389 : Used 1 time 0
 Sort Area is  l2_mult_reg[63]_4 : 0 62 : 821 49389 : Used 1 time 0
 Sort Area is  l2_mult_reg[63]_4 : 0 63 : 746 49389 : Used 1 time 0
 Sort Area is  l4_mult_reg[15]_c : 0 0 : 1985 33687 : Used 1 time 0
 Sort Area is  l4_mult_reg[15]_c : 0 1 : 2106 33687 : Used 1 time 0
 Sort Area is  l4_mult_reg[15]_c : 0 2 : 2114 33687 : Used 1 time 0
 Sort Area is  l4_mult_reg[15]_c : 0 3 : 2114 33687 : Used 1 time 0
 Sort Area is  l4_mult_reg[15]_c : 0 4 : 2114 33687 : Used 1 time 0
 Sort Area is  l4_mult_reg[15]_c : 0 5 : 2114 33687 : Used 1 time 0
 Sort Area is  l4_mult_reg[15]_c : 0 6 : 2114 33687 : Used 1 time 0
 Sort Area is  l4_mult_reg[15]_c : 0 7 : 2114 33687 : Used 1 time 0
 Sort Area is  l4_mult_reg[15]_c : 0 8 : 2114 33687 : Used 1 time 0
 Sort Area is  l4_mult_reg[15]_c : 0 9 : 2114 33687 : Used 1 time 0
 Sort Area is  l4_mult_reg[15]_c : 0 10 : 2114 33687 : Used 1 time 0
 Sort Area is  l4_mult_reg[15]_c : 0 11 : 2114 33687 : Used 1 time 0
 Sort Area is  l4_mult_reg[15]_c : 0 12 : 2114 33687 : Used 1 time 0
 Sort Area is  l4_mult_reg[15]_c : 0 13 : 2114 33687 : Used 1 time 0
 Sort Area is  l4_mult_reg[15]_c : 0 14 : 2114 33687 : Used 1 time 0
 Sort Area is  l4_mult_reg[15]_c : 0 15 : 2114 33687 : Used 1 time 0
 Sort Area is  l1_mult_reg[39]_0 : 0 0 : 683 32685 : Used 1 time 0
 Sort Area is  l1_mult_reg[39]_0 : 0 1 : 804 32685 : Used 1 time 0
 Sort Area is  l1_mult_reg[39]_0 : 0 2 : 821 32685 : Used 1 time 0
 Sort Area is  l1_mult_reg[39]_0 : 0 3 : 821 32685 : Used 1 time 0
 Sort Area is  l1_mult_reg[39]_0 : 0 4 : 821 32685 : Used 1 time 0
 Sort Area is  l1_mult_reg[39]_0 : 0 5 : 821 32685 : Used 1 time 0
 Sort Area is  l1_mult_reg[39]_0 : 0 6 : 821 32685 : Used 1 time 0
 Sort Area is  l1_mult_reg[39]_0 : 0 7 : 821 32685 : Used 1 time 0
 Sort Area is  l1_mult_reg[39]_0 : 0 8 : 821 32685 : Used 1 time 0
 Sort Area is  l1_mult_reg[39]_0 : 0 9 : 821 32685 : Used 1 time 0
 Sort Area is  l1_mult_reg[39]_0 : 0 10 : 821 32685 : Used 1 time 0
 Sort Area is  l1_mult_reg[39]_0 : 0 11 : 821 32685 : Used 1 time 0
 Sort Area is  l1_mult_reg[39]_0 : 0 12 : 821 32685 : Used 1 time 0
 Sort Area is  l1_mult_reg[39]_0 : 0 13 : 821 32685 : Used 1 time 0
 Sort Area is  l1_mult_reg[39]_0 : 0 14 : 821 32685 : Used 1 time 0
 Sort Area is  l1_mult_reg[39]_0 : 0 15 : 821 32685 : Used 1 time 0
 Sort Area is  l1_mult_reg[39]_0 : 0 16 : 821 32685 : Used 1 time 0
 Sort Area is  l1_mult_reg[39]_0 : 0 17 : 821 32685 : Used 1 time 0
 Sort Area is  l1_mult_reg[39]_0 : 0 18 : 821 32685 : Used 1 time 0
 Sort Area is  l1_mult_reg[39]_0 : 0 19 : 821 32685 : Used 1 time 0
 Sort Area is  l1_mult_reg[39]_0 : 0 20 : 821 32685 : Used 1 time 0
 Sort Area is  l1_mult_reg[39]_0 : 0 21 : 821 32685 : Used 1 time 0
 Sort Area is  l1_mult_reg[39]_0 : 0 22 : 821 32685 : Used 1 time 0
 Sort Area is  l1_mult_reg[39]_0 : 0 23 : 821 32685 : Used 1 time 0
 Sort Area is  l1_mult_reg[39]_0 : 0 24 : 821 32685 : Used 1 time 0
 Sort Area is  l1_mult_reg[39]_0 : 0 25 : 821 32685 : Used 1 time 0
 Sort Area is  l1_mult_reg[39]_0 : 0 26 : 821 32685 : Used 1 time 0
 Sort Area is  l1_mult_reg[39]_0 : 0 27 : 821 32685 : Used 1 time 0
 Sort Area is  l1_mult_reg[39]_0 : 0 28 : 821 32685 : Used 1 time 0
 Sort Area is  l1_mult_reg[39]_0 : 0 29 : 821 32685 : Used 1 time 0
 Sort Area is  l1_mult_reg[39]_0 : 0 30 : 821 32685 : Used 1 time 0
 Sort Area is  l1_mult_reg[39]_0 : 0 31 : 821 32685 : Used 1 time 0
 Sort Area is  l1_mult_reg[39]_0 : 0 32 : 821 32685 : Used 1 time 0
 Sort Area is  l1_mult_reg[39]_0 : 0 33 : 821 32685 : Used 1 time 0
 Sort Area is  l1_mult_reg[39]_0 : 0 34 : 821 32685 : Used 1 time 0
 Sort Area is  l1_mult_reg[39]_0 : 0 35 : 821 32685 : Used 1 time 0
 Sort Area is  l1_mult_reg[39]_0 : 0 36 : 821 32685 : Used 1 time 0
 Sort Area is  l1_mult_reg[39]_0 : 0 37 : 821 32685 : Used 1 time 0
 Sort Area is  l1_mult_reg[39]_0 : 0 38 : 821 32685 : Used 1 time 0
 Sort Area is  l1_mult_reg[39]_0 : 0 39 : 821 32685 : Used 1 time 0
 DSP resource Status: l1_mult_reg[39]_0 0 32685 683: Used 1 time : Accepted (113 < 220) uniquify 0 
 DSP resource Status: l1_mult_reg[39]_0 1 32685 804: Used 1 time : Accepted (114 < 220) uniquify 0 
 DSP resource Status: l1_mult_reg[39]_0 2 32685 821: Used 1 time : Accepted (115 < 220) uniquify 0 
 DSP resource Status: l1_mult_reg[39]_0 3 32685 821: Used 1 time : Accepted (116 < 220) uniquify 0 
 DSP resource Status: l1_mult_reg[39]_0 4 32685 821: Used 1 time : Accepted (117 < 220) uniquify 0 
 DSP resource Status: l1_mult_reg[39]_0 5 32685 821: Used 1 time : Accepted (118 < 220) uniquify 0 
 DSP resource Status: l1_mult_reg[39]_0 6 32685 821: Used 1 time : Accepted (119 < 220) uniquify 0 
 DSP resource Status: l1_mult_reg[39]_0 7 32685 821: Used 1 time : Accepted (120 < 220) uniquify 0 
 DSP resource Status: l1_mult_reg[39]_0 8 32685 821: Used 1 time : Accepted (121 < 220) uniquify 0 
 DSP resource Status: l1_mult_reg[39]_0 9 32685 821: Used 1 time : Accepted (122 < 220) uniquify 0 
 DSP resource Status: l1_mult_reg[39]_0 10 32685 821: Used 1 time : Accepted (123 < 220) uniquify 0 
 DSP resource Status: l1_mult_reg[39]_0 11 32685 821: Used 1 time : Accepted (124 < 220) uniquify 0 
 DSP resource Status: l1_mult_reg[39]_0 12 32685 821: Used 1 time : Accepted (125 < 220) uniquify 0 
 DSP resource Status: l1_mult_reg[39]_0 13 32685 821: Used 1 time : Accepted (126 < 220) uniquify 0 
 DSP resource Status: l1_mult_reg[39]_0 14 32685 821: Used 1 time : Accepted (127 < 220) uniquify 0 
 DSP resource Status: l1_mult_reg[39]_0 15 32685 821: Used 1 time : Accepted (128 < 220) uniquify 0 
 DSP resource Status: l1_mult_reg[39]_0 16 32685 821: Used 1 time : Accepted (129 < 220) uniquify 0 
 DSP resource Status: l1_mult_reg[39]_0 17 32685 821: Used 1 time : Accepted (130 < 220) uniquify 0 
 DSP resource Status: l1_mult_reg[39]_0 18 32685 821: Used 1 time : Accepted (131 < 220) uniquify 0 
 DSP resource Status: l1_mult_reg[39]_0 19 32685 821: Used 1 time : Accepted (132 < 220) uniquify 0 
 DSP resource Status: l1_mult_reg[39]_0 20 32685 821: Used 1 time : Accepted (133 < 220) uniquify 0 
 DSP resource Status: l1_mult_reg[39]_0 21 32685 821: Used 1 time : Accepted (134 < 220) uniquify 0 
 DSP resource Status: l1_mult_reg[39]_0 22 32685 821: Used 1 time : Accepted (135 < 220) uniquify 0 
 DSP resource Status: l1_mult_reg[39]_0 23 32685 821: Used 1 time : Accepted (136 < 220) uniquify 0 
 DSP resource Status: l1_mult_reg[39]_0 24 32685 821: Used 1 time : Accepted (137 < 220) uniquify 0 
 DSP resource Status: l1_mult_reg[39]_0 25 32685 821: Used 1 time : Accepted (138 < 220) uniquify 0 
 DSP resource Status: l1_mult_reg[39]_0 26 32685 821: Used 1 time : Accepted (139 < 220) uniquify 0 
 DSP resource Status: l1_mult_reg[39]_0 27 32685 821: Used 1 time : Accepted (140 < 220) uniquify 0 
 DSP resource Status: l1_mult_reg[39]_0 28 32685 821: Used 1 time : Accepted (141 < 220) uniquify 0 
 DSP resource Status: l1_mult_reg[39]_0 29 32685 821: Used 1 time : Accepted (142 < 220) uniquify 0 
 DSP resource Status: l1_mult_reg[39]_0 30 32685 821: Used 1 time : Accepted (143 < 220) uniquify 0 
 DSP resource Status: l1_mult_reg[39]_0 31 32685 821: Used 1 time : Accepted (144 < 220) uniquify 0 
 DSP resource Status: l1_mult_reg[39]_0 32 32685 821: Used 1 time : Accepted (145 < 220) uniquify 0 
 DSP resource Status: l1_mult_reg[39]_0 33 32685 821: Used 1 time : Accepted (146 < 220) uniquify 0 
 DSP resource Status: l1_mult_reg[39]_0 34 32685 821: Used 1 time : Accepted (147 < 220) uniquify 0 
 DSP resource Status: l1_mult_reg[39]_0 35 32685 821: Used 1 time : Accepted (148 < 220) uniquify 0 
 DSP resource Status: l1_mult_reg[39]_0 36 32685 821: Used 1 time : Accepted (149 < 220) uniquify 0 
 DSP resource Status: l1_mult_reg[39]_0 37 32685 821: Used 1 time : Accepted (150 < 220) uniquify 0 
 DSP resource Status: l1_mult_reg[39]_0 38 32685 821: Used 1 time : Accepted (151 < 220) uniquify 0 
 DSP resource Status: l1_mult_reg[39]_0 39 32685 821: Used 1 time : Accepted (152 < 220) uniquify 0 
 DSP resource Status: l2_mult_reg[63]_4 0 49389 607: Used 1 time : Accepted (33 < 220) uniquify 0 
 DSP resource Status: l2_mult_reg[63]_4 1 49389 805: Used 1 time : Accepted (34 < 220) uniquify 0 
 DSP resource Status: l2_mult_reg[63]_4 2 49389 821: Used 1 time : Accepted (35 < 220) uniquify 0 
 DSP resource Status: l2_mult_reg[63]_4 3 49389 746: Used 1 time : Accepted (36 < 220) uniquify 0 
 DSP resource Status: l2_mult_reg[63]_4 4 49389 746: Used 1 time : Accepted (37 < 220) uniquify 0 
 DSP resource Status: l2_mult_reg[63]_4 5 49389 746: Used 1 time : Accepted (38 < 220) uniquify 0 
 DSP resource Status: l2_mult_reg[63]_4 6 49389 746: Used 1 time : Accepted (39 < 220) uniquify 0 
 DSP resource Status: l2_mult_reg[63]_4 7 49389 821: Used 1 time : Accepted (40 < 220) uniquify 0 
 DSP resource Status: l2_mult_reg[63]_4 8 49389 821: Used 1 time : Accepted (41 < 220) uniquify 0 
 DSP resource Status: l2_mult_reg[63]_4 9 49389 821: Used 1 time : Accepted (42 < 220) uniquify 0 
 DSP resource Status: l2_mult_reg[63]_4 10 49389 746: Used 1 time : Accepted (43 < 220) uniquify 0 
 DSP resource Status: l2_mult_reg[63]_4 11 49389 746: Used 1 time : Accepted (44 < 220) uniquify 0 
 DSP resource Status: l2_mult_reg[63]_4 12 49389 821: Used 1 time : Accepted (45 < 220) uniquify 0 
 DSP resource Status: l2_mult_reg[63]_4 13 49389 746: Used 1 time : Accepted (46 < 220) uniquify 0 
 DSP resource Status: l2_mult_reg[63]_4 14 49389 821: Used 1 time : Accepted (47 < 220) uniquify 0 
 DSP resource Status: l2_mult_reg[63]_4 15 49389 746: Used 1 time : Accepted (48 < 220) uniquify 0 
 DSP resource Status: l2_mult_reg[63]_4 16 49389 746: Used 1 time : Accepted (49 < 220) uniquify 0 
 DSP resource Status: l2_mult_reg[63]_4 17 49389 746: Used 1 time : Accepted (50 < 220) uniquify 0 
 DSP resource Status: l2_mult_reg[63]_4 18 49389 746: Used 1 time : Accepted (51 < 220) uniquify 0 
 DSP resource Status: l2_mult_reg[63]_4 19 49389 746: Used 1 time : Accepted (52 < 220) uniquify 0 
 DSP resource Status: l2_mult_reg[63]_4 20 49389 746: Used 1 time : Accepted (53 < 220) uniquify 0 
 DSP resource Status: l2_mult_reg[63]_4 21 49389 821: Used 1 time : Accepted (54 < 220) uniquify 0 
 DSP resource Status: l2_mult_reg[63]_4 22 49389 746: Used 1 time : Accepted (55 < 220) uniquify 0 
 DSP resource Status: l2_mult_reg[63]_4 23 49389 821: Used 1 time : Accepted (56 < 220) uniquify 0 
 DSP resource Status: l2_mult_reg[63]_4 24 49389 746: Used 1 time : Accepted (57 < 220) uniquify 0 
 DSP resource Status: l2_mult_reg[63]_4 25 49389 746: Used 1 time : Accepted (58 < 220) uniquify 0 
 DSP resource Status: l2_mult_reg[63]_4 26 49389 821: Used 1 time : Accepted (59 < 220) uniquify 0 
 DSP resource Status: l2_mult_reg[63]_4 27 49389 746: Used 1 time : Accepted (60 < 220) uniquify 0 
 DSP resource Status: l2_mult_reg[63]_4 28 49389 821: Used 1 time : Accepted (61 < 220) uniquify 0 
 DSP resource Status: l2_mult_reg[63]_4 29 49389 821: Used 1 time : Accepted (62 < 220) uniquify 0 
 DSP resource Status: l2_mult_reg[63]_4 30 49389 821: Used 1 time : Accepted (63 < 220) uniquify 0 
 DSP resource Status: l2_mult_reg[63]_4 31 49389 746: Used 1 time : Accepted (64 < 220) uniquify 0 
 DSP resource Status: l2_mult_reg[63]_4 32 49389 821: Used 1 time : Accepted (65 < 220) uniquify 0 
 DSP resource Status: l2_mult_reg[63]_4 33 49389 746: Used 1 time : Accepted (66 < 220) uniquify 0 
 DSP resource Status: l2_mult_reg[63]_4 34 49389 746: Used 1 time : Accepted (67 < 220) uniquify 0 
 DSP resource Status: l2_mult_reg[63]_4 35 49389 821: Used 1 time : Accepted (68 < 220) uniquify 0 
 DSP resource Status: l2_mult_reg[63]_4 36 49389 746: Used 1 time : Accepted (69 < 220) uniquify 0 
 DSP resource Status: l2_mult_reg[63]_4 37 49389 746: Used 1 time : Accepted (70 < 220) uniquify 0 
 DSP resource Status: l2_mult_reg[63]_4 38 49389 746: Used 1 time : Accepted (71 < 220) uniquify 0 
 DSP resource Status: l2_mult_reg[63]_4 39 49389 746: Used 1 time : Accepted (72 < 220) uniquify 0 
 DSP resource Status: l2_mult_reg[63]_4 40 49389 746: Used 1 time : Accepted (73 < 220) uniquify 0 
 DSP resource Status: l2_mult_reg[63]_4 41 49389 821: Used 1 time : Accepted (74 < 220) uniquify 0 
 DSP resource Status: l2_mult_reg[63]_4 42 49389 746: Used 1 time : Accepted (75 < 220) uniquify 0 
 DSP resource Status: l2_mult_reg[63]_4 43 49389 821: Used 1 time : Accepted (76 < 220) uniquify 0 
 DSP resource Status: l2_mult_reg[63]_4 44 49389 746: Used 1 time : Accepted (77 < 220) uniquify 0 
 DSP resource Status: l2_mult_reg[63]_4 45 49389 821: Used 1 time : Accepted (78 < 220) uniquify 0 
 DSP resource Status: l2_mult_reg[63]_4 46 49389 821: Used 1 time : Accepted (79 < 220) uniquify 0 
 DSP resource Status: l2_mult_reg[63]_4 47 49389 746: Used 1 time : Accepted (80 < 220) uniquify 0 
 DSP resource Status: l2_mult_reg[63]_4 48 49389 746: Used 1 time : Accepted (81 < 220) uniquify 0 
 DSP resource Status: l2_mult_reg[63]_4 49 49389 821: Used 1 time : Accepted (82 < 220) uniquify 0 
 DSP resource Status: l2_mult_reg[63]_4 50 49389 746: Used 1 time : Accepted (83 < 220) uniquify 0 
 DSP resource Status: l2_mult_reg[63]_4 51 49389 821: Used 1 time : Accepted (84 < 220) uniquify 0 
 DSP resource Status: l2_mult_reg[63]_4 52 49389 746: Used 1 time : Accepted (85 < 220) uniquify 0 
 DSP resource Status: l2_mult_reg[63]_4 53 49389 746: Used 1 time : Accepted (86 < 220) uniquify 0 
 DSP resource Status: l2_mult_reg[63]_4 54 49389 746: Used 1 time : Accepted (87 < 220) uniquify 0 
 DSP resource Status: l2_mult_reg[63]_4 55 49389 821: Used 1 time : Accepted (88 < 220) uniquify 0 
 DSP resource Status: l2_mult_reg[63]_4 56 49389 746: Used 1 time : Accepted (89 < 220) uniquify 0 
 DSP resource Status: l2_mult_reg[63]_4 57 49389 746: Used 1 time : Accepted (90 < 220) uniquify 0 
 DSP resource Status: l2_mult_reg[63]_4 58 49389 746: Used 1 time : Accepted (91 < 220) uniquify 0 
 DSP resource Status: l2_mult_reg[63]_4 59 49389 746: Used 1 time : Accepted (92 < 220) uniquify 0 
 DSP resource Status: l2_mult_reg[63]_4 60 49389 821: Used 1 time : Accepted (93 < 220) uniquify 0 
 DSP resource Status: l2_mult_reg[63]_4 61 49389 746: Used 1 time : Accepted (94 < 220) uniquify 0 
 DSP resource Status: l2_mult_reg[63]_4 62 49389 821: Used 1 time : Accepted (95 < 220) uniquify 0 
 DSP resource Status: l2_mult_reg[63]_4 63 49389 746: Used 1 time : Accepted (96 < 220) uniquify 0 
 DSP resource Status: l3_mult_reg[31]_8 0 67511 1985: Used 1 time : Accepted (1 < 220) uniquify 0 
 DSP resource Status: l3_mult_reg[31]_8 1 67511 2106: Used 1 time : Accepted (2 < 220) uniquify 0 
 DSP resource Status: l3_mult_reg[31]_8 2 67511 2114: Used 1 time : Accepted (3 < 220) uniquify 0 
 DSP resource Status: l3_mult_reg[31]_8 3 67511 2114: Used 1 time : Accepted (4 < 220) uniquify 0 
 DSP resource Status: l3_mult_reg[31]_8 4 67511 2114: Used 1 time : Accepted (5 < 220) uniquify 0 
 DSP resource Status: l3_mult_reg[31]_8 5 67511 2114: Used 1 time : Accepted (6 < 220) uniquify 0 
 DSP resource Status: l3_mult_reg[31]_8 6 67511 2114: Used 1 time : Accepted (7 < 220) uniquify 0 
 DSP resource Status: l3_mult_reg[31]_8 7 67511 2114: Used 1 time : Accepted (8 < 220) uniquify 0 
 DSP resource Status: l3_mult_reg[31]_8 8 67511 2114: Used 1 time : Accepted (9 < 220) uniquify 0 
 DSP resource Status: l3_mult_reg[31]_8 9 67511 2114: Used 1 time : Accepted (10 < 220) uniquify 0 
 DSP resource Status: l3_mult_reg[31]_8 10 67511 2114: Used 1 time : Accepted (11 < 220) uniquify 0 
 DSP resource Status: l3_mult_reg[31]_8 11 67511 2114: Used 1 time : Accepted (12 < 220) uniquify 0 
 DSP resource Status: l3_mult_reg[31]_8 12 67511 2114: Used 1 time : Accepted (13 < 220) uniquify 0 
 DSP resource Status: l3_mult_reg[31]_8 13 67511 2114: Used 1 time : Accepted (14 < 220) uniquify 0 
 DSP resource Status: l3_mult_reg[31]_8 14 67511 2114: Used 1 time : Accepted (15 < 220) uniquify 0 
 DSP resource Status: l3_mult_reg[31]_8 15 67511 2114: Used 1 time : Accepted (16 < 220) uniquify 0 
 DSP resource Status: l3_mult_reg[31]_8 16 67511 2114: Used 1 time : Accepted (17 < 220) uniquify 0 
 DSP resource Status: l3_mult_reg[31]_8 17 67511 2114: Used 1 time : Accepted (18 < 220) uniquify 0 
 DSP resource Status: l3_mult_reg[31]_8 18 67511 2114: Used 1 time : Accepted (19 < 220) uniquify 0 
 DSP resource Status: l3_mult_reg[31]_8 19 67511 2114: Used 1 time : Accepted (20 < 220) uniquify 0 
 DSP resource Status: l3_mult_reg[31]_8 20 67511 2114: Used 1 time : Accepted (21 < 220) uniquify 0 
 DSP resource Status: l3_mult_reg[31]_8 21 67511 2114: Used 1 time : Accepted (22 < 220) uniquify 0 
 DSP resource Status: l3_mult_reg[31]_8 22 67511 2114: Used 1 time : Accepted (23 < 220) uniquify 0 
 DSP resource Status: l3_mult_reg[31]_8 23 67511 2114: Used 1 time : Accepted (24 < 220) uniquify 0 
 DSP resource Status: l3_mult_reg[31]_8 24 67511 2114: Used 1 time : Accepted (25 < 220) uniquify 0 
 DSP resource Status: l3_mult_reg[31]_8 25 67511 2114: Used 1 time : Accepted (26 < 220) uniquify 0 
 DSP resource Status: l3_mult_reg[31]_8 26 67511 2114: Used 1 time : Accepted (27 < 220) uniquify 0 
 DSP resource Status: l3_mult_reg[31]_8 27 67511 2114: Used 1 time : Accepted (28 < 220) uniquify 0 
 DSP resource Status: l3_mult_reg[31]_8 28 67511 2114: Used 1 time : Accepted (29 < 220) uniquify 0 
 DSP resource Status: l3_mult_reg[31]_8 29 67511 2114: Used 1 time : Accepted (30 < 220) uniquify 0 
 DSP resource Status: l3_mult_reg[31]_8 30 67511 2114: Used 1 time : Accepted (31 < 220) uniquify 0 
 DSP resource Status: l3_mult_reg[31]_8 31 67511 2114: Used 1 time : Accepted (32 < 220) uniquify 0 
 DSP resource Status: l4_mult_reg[15]_c 0 33687 1985: Used 1 time : Accepted (97 < 220) uniquify 0 
 DSP resource Status: l4_mult_reg[15]_c 1 33687 2106: Used 1 time : Accepted (98 < 220) uniquify 0 
 DSP resource Status: l4_mult_reg[15]_c 2 33687 2114: Used 1 time : Accepted (99 < 220) uniquify 0 
 DSP resource Status: l4_mult_reg[15]_c 3 33687 2114: Used 1 time : Accepted (100 < 220) uniquify 0 
 DSP resource Status: l4_mult_reg[15]_c 4 33687 2114: Used 1 time : Accepted (101 < 220) uniquify 0 
 DSP resource Status: l4_mult_reg[15]_c 5 33687 2114: Used 1 time : Accepted (102 < 220) uniquify 0 
 DSP resource Status: l4_mult_reg[15]_c 6 33687 2114: Used 1 time : Accepted (103 < 220) uniquify 0 
 DSP resource Status: l4_mult_reg[15]_c 7 33687 2114: Used 1 time : Accepted (104 < 220) uniquify 0 
 DSP resource Status: l4_mult_reg[15]_c 8 33687 2114: Used 1 time : Accepted (105 < 220) uniquify 0 
 DSP resource Status: l4_mult_reg[15]_c 9 33687 2114: Used 1 time : Accepted (106 < 220) uniquify 0 
 DSP resource Status: l4_mult_reg[15]_c 10 33687 2114: Used 1 time : Accepted (107 < 220) uniquify 0 
 DSP resource Status: l4_mult_reg[15]_c 11 33687 2114: Used 1 time : Accepted (108 < 220) uniquify 0 
 DSP resource Status: l4_mult_reg[15]_c 12 33687 2114: Used 1 time : Accepted (109 < 220) uniquify 0 
 DSP resource Status: l4_mult_reg[15]_c 13 33687 2114: Used 1 time : Accepted (110 < 220) uniquify 0 
 DSP resource Status: l4_mult_reg[15]_c 14 33687 2114: Used 1 time : Accepted (111 < 220) uniquify 0 
 DSP resource Status: l4_mult_reg[15]_c 15 33687 2114: Used 1 time : Accepted (112 < 220) uniquify 0 
DSP Report: Generating DSP l1_mult_reg[39], operation Mode is (post resource management): (A2*B)'.
DSP Report: register reg_L0_reg[39] is absorbed into DSP l1_mult_reg[39].
DSP Report: register l1_mult_reg[39] is absorbed into DSP l1_mult_reg[39].
DSP Report: operator l1_mult_reg[39]0 is absorbed into DSP l1_mult_reg[39].
DSP Report: Generating DSP l1_sum0, operation Mode is (post resource management): PCIN+(A2*B)'.
DSP Report: register reg_L0_reg[0] is absorbed into DSP l1_sum0.
DSP Report: register l1_mult_reg[0] is absorbed into DSP l1_sum0.
DSP Report: operator l1_sum0 is absorbed into DSP l1_sum0.
DSP Report: operator l1_mult_reg[0]0 is absorbed into DSP l1_sum0.
DSP Report: Generating DSP l1_sum0, operation Mode is (post resource management): PCIN+(A2*B)'.
DSP Report: register reg_L0_reg[38] is absorbed into DSP l1_sum0.
DSP Report: register l1_mult_reg[38] is absorbed into DSP l1_sum0.
DSP Report: operator l1_sum0 is absorbed into DSP l1_sum0.
DSP Report: operator l1_mult_reg[38]0 is absorbed into DSP l1_sum0.
DSP Report: Generating DSP l1_sum0, operation Mode is (post resource management): PCIN+(A2*B)'.
DSP Report: register reg_L0_reg[37] is absorbed into DSP l1_sum0.
DSP Report: register l1_mult_reg[37] is absorbed into DSP l1_sum0.
DSP Report: operator l1_sum0 is absorbed into DSP l1_sum0.
DSP Report: operator l1_mult_reg[37]0 is absorbed into DSP l1_sum0.
DSP Report: Generating DSP l1_sum0, operation Mode is (post resource management): PCIN+(A2*B)'.
DSP Report: register reg_L0_reg[36] is absorbed into DSP l1_sum0.
DSP Report: register l1_mult_reg[36] is absorbed into DSP l1_sum0.
DSP Report: operator l1_sum0 is absorbed into DSP l1_sum0.
DSP Report: operator l1_mult_reg[36]0 is absorbed into DSP l1_sum0.
DSP Report: Generating DSP l1_sum0, operation Mode is (post resource management): PCIN+(A2*B)'.
DSP Report: register reg_L0_reg[35] is absorbed into DSP l1_sum0.
DSP Report: register l1_mult_reg[35] is absorbed into DSP l1_sum0.
DSP Report: operator l1_sum0 is absorbed into DSP l1_sum0.
DSP Report: operator l1_mult_reg[35]0 is absorbed into DSP l1_sum0.
DSP Report: Generating DSP l1_sum0, operation Mode is (post resource management): PCIN+(A2*B)'.
DSP Report: register reg_L0_reg[34] is absorbed into DSP l1_sum0.
DSP Report: register l1_mult_reg[34] is absorbed into DSP l1_sum0.
DSP Report: operator l1_sum0 is absorbed into DSP l1_sum0.
DSP Report: operator l1_mult_reg[34]0 is absorbed into DSP l1_sum0.
DSP Report: Generating DSP l1_sum0, operation Mode is (post resource management): PCIN+(A2*B)'.
DSP Report: register reg_L0_reg[33] is absorbed into DSP l1_sum0.
DSP Report: register l1_mult_reg[33] is absorbed into DSP l1_sum0.
DSP Report: operator l1_sum0 is absorbed into DSP l1_sum0.
DSP Report: operator l1_mult_reg[33]0 is absorbed into DSP l1_sum0.
DSP Report: Generating DSP l1_sum0, operation Mode is (post resource management): PCIN+(A2*B)'.
DSP Report: register reg_L0_reg[32] is absorbed into DSP l1_sum0.
DSP Report: register l1_mult_reg[32] is absorbed into DSP l1_sum0.
DSP Report: operator l1_sum0 is absorbed into DSP l1_sum0.
DSP Report: operator l1_mult_reg[32]0 is absorbed into DSP l1_sum0.
DSP Report: Generating DSP l1_sum0, operation Mode is (post resource management): PCIN+(A2*B)'.
DSP Report: register reg_L0_reg[31] is absorbed into DSP l1_sum0.
DSP Report: register l1_mult_reg[31] is absorbed into DSP l1_sum0.
DSP Report: operator l1_sum0 is absorbed into DSP l1_sum0.
DSP Report: operator l1_mult_reg[31]0 is absorbed into DSP l1_sum0.
DSP Report: Generating DSP l1_sum0, operation Mode is (post resource management): PCIN+(A2*B)'.
DSP Report: register reg_L0_reg[30] is absorbed into DSP l1_sum0.
DSP Report: register l1_mult_reg[30] is absorbed into DSP l1_sum0.
DSP Report: operator l1_sum0 is absorbed into DSP l1_sum0.
DSP Report: operator l1_mult_reg[30]0 is absorbed into DSP l1_sum0.
DSP Report: Generating DSP l1_sum0, operation Mode is (post resource management): PCIN+(A2*B)'.
DSP Report: register reg_L0_reg[29] is absorbed into DSP l1_sum0.
DSP Report: register l1_mult_reg[29] is absorbed into DSP l1_sum0.
DSP Report: operator l1_sum0 is absorbed into DSP l1_sum0.
DSP Report: operator l1_mult_reg[29]0 is absorbed into DSP l1_sum0.
DSP Report: Generating DSP l1_sum0, operation Mode is (post resource management): PCIN+(A2*B)'.
DSP Report: register reg_L0_reg[28] is absorbed into DSP l1_sum0.
DSP Report: register l1_mult_reg[28] is absorbed into DSP l1_sum0.
DSP Report: operator l1_sum0 is absorbed into DSP l1_sum0.
DSP Report: operator l1_mult_reg[28]0 is absorbed into DSP l1_sum0.
DSP Report: Generating DSP l1_sum0, operation Mode is (post resource management): PCIN+(A2*B)'.
DSP Report: register reg_L0_reg[27] is absorbed into DSP l1_sum0.
DSP Report: register l1_mult_reg[27] is absorbed into DSP l1_sum0.
DSP Report: operator l1_sum0 is absorbed into DSP l1_sum0.
DSP Report: operator l1_mult_reg[27]0 is absorbed into DSP l1_sum0.
DSP Report: Generating DSP l1_sum0, operation Mode is (post resource management): PCIN+(A2*B)'.
DSP Report: register reg_L0_reg[26] is absorbed into DSP l1_sum0.
DSP Report: register l1_mult_reg[26] is absorbed into DSP l1_sum0.
DSP Report: operator l1_sum0 is absorbed into DSP l1_sum0.
DSP Report: operator l1_mult_reg[26]0 is absorbed into DSP l1_sum0.
DSP Report: Generating DSP l1_sum0, operation Mode is (post resource management): PCIN+(A2*B)'.
DSP Report: register reg_L0_reg[25] is absorbed into DSP l1_sum0.
DSP Report: register l1_mult_reg[25] is absorbed into DSP l1_sum0.
DSP Report: operator l1_sum0 is absorbed into DSP l1_sum0.
DSP Report: operator l1_mult_reg[25]0 is absorbed into DSP l1_sum0.
DSP Report: Generating DSP l1_sum0, operation Mode is (post resource management): PCIN+(A2*B)'.
DSP Report: register reg_L0_reg[24] is absorbed into DSP l1_sum0.
DSP Report: register l1_mult_reg[24] is absorbed into DSP l1_sum0.
DSP Report: operator l1_sum0 is absorbed into DSP l1_sum0.
DSP Report: operator l1_mult_reg[24]0 is absorbed into DSP l1_sum0.
DSP Report: Generating DSP l1_sum0, operation Mode is (post resource management): PCIN+(A2*B)'.
DSP Report: register reg_L0_reg[23] is absorbed into DSP l1_sum0.
DSP Report: register l1_mult_reg[23] is absorbed into DSP l1_sum0.
DSP Report: operator l1_sum0 is absorbed into DSP l1_sum0.
DSP Report: operator l1_mult_reg[23]0 is absorbed into DSP l1_sum0.
DSP Report: Generating DSP l1_sum0, operation Mode is (post resource management): PCIN+(A2*B)'.
DSP Report: register reg_L0_reg[22] is absorbed into DSP l1_sum0.
DSP Report: register l1_mult_reg[22] is absorbed into DSP l1_sum0.
DSP Report: operator l1_sum0 is absorbed into DSP l1_sum0.
DSP Report: operator l1_mult_reg[22]0 is absorbed into DSP l1_sum0.
DSP Report: Generating DSP l1_sum0, operation Mode is (post resource management): PCIN+(A2*B)'.
DSP Report: register reg_L0_reg[21] is absorbed into DSP l1_sum0.
DSP Report: register l1_mult_reg[21] is absorbed into DSP l1_sum0.
DSP Report: operator l1_sum0 is absorbed into DSP l1_sum0.
DSP Report: operator l1_mult_reg[21]0 is absorbed into DSP l1_sum0.
DSP Report: Generating DSP l1_sum0, operation Mode is (post resource management): PCIN+(A2*B)'.
DSP Report: register reg_L0_reg[20] is absorbed into DSP l1_sum0.
DSP Report: register l1_mult_reg[20] is absorbed into DSP l1_sum0.
DSP Report: operator l1_sum0 is absorbed into DSP l1_sum0.
DSP Report: operator l1_mult_reg[20]0 is absorbed into DSP l1_sum0.
DSP Report: Generating DSP l1_sum0, operation Mode is (post resource management): PCIN+(A2*B)'.
DSP Report: register reg_L0_reg[19] is absorbed into DSP l1_sum0.
DSP Report: register l1_mult_reg[19] is absorbed into DSP l1_sum0.
DSP Report: operator l1_sum0 is absorbed into DSP l1_sum0.
DSP Report: operator l1_mult_reg[19]0 is absorbed into DSP l1_sum0.
DSP Report: Generating DSP l1_sum0, operation Mode is (post resource management): PCIN+(A2*B)'.
DSP Report: register reg_L0_reg[18] is absorbed into DSP l1_sum0.
DSP Report: register l1_mult_reg[18] is absorbed into DSP l1_sum0.
DSP Report: operator l1_sum0 is absorbed into DSP l1_sum0.
DSP Report: operator l1_mult_reg[18]0 is absorbed into DSP l1_sum0.
DSP Report: Generating DSP l1_sum0, operation Mode is (post resource management): PCIN+(A2*B)'.
DSP Report: register reg_L0_reg[17] is absorbed into DSP l1_sum0.
DSP Report: register l1_mult_reg[17] is absorbed into DSP l1_sum0.
DSP Report: operator l1_sum0 is absorbed into DSP l1_sum0.
DSP Report: operator l1_mult_reg[17]0 is absorbed into DSP l1_sum0.
DSP Report: Generating DSP l1_sum0, operation Mode is (post resource management): PCIN+(A2*B)'.
DSP Report: register reg_L0_reg[16] is absorbed into DSP l1_sum0.
DSP Report: register l1_mult_reg[16] is absorbed into DSP l1_sum0.
DSP Report: operator l1_sum0 is absorbed into DSP l1_sum0.
DSP Report: operator l1_mult_reg[16]0 is absorbed into DSP l1_sum0.
DSP Report: Generating DSP l1_sum0, operation Mode is (post resource management): PCIN+(A2*B)'.
DSP Report: register reg_L0_reg[15] is absorbed into DSP l1_sum0.
DSP Report: register l1_mult_reg[15] is absorbed into DSP l1_sum0.
DSP Report: operator l1_sum0 is absorbed into DSP l1_sum0.
DSP Report: operator l1_mult_reg[15]0 is absorbed into DSP l1_sum0.
DSP Report: Generating DSP l1_sum0, operation Mode is (post resource management): PCIN+(A2*B)'.
DSP Report: register reg_L0_reg[14] is absorbed into DSP l1_sum0.
DSP Report: register l1_mult_reg[14] is absorbed into DSP l1_sum0.
DSP Report: operator l1_sum0 is absorbed into DSP l1_sum0.
DSP Report: operator l1_mult_reg[14]0 is absorbed into DSP l1_sum0.
DSP Report: Generating DSP l1_sum0, operation Mode is (post resource management): PCIN+(A2*B)'.
DSP Report: register reg_L0_reg[13] is absorbed into DSP l1_sum0.
DSP Report: register l1_mult_reg[13] is absorbed into DSP l1_sum0.
DSP Report: operator l1_sum0 is absorbed into DSP l1_sum0.
DSP Report: operator l1_mult_reg[13]0 is absorbed into DSP l1_sum0.
DSP Report: Generating DSP l1_sum0, operation Mode is (post resource management): PCIN+(A2*B)'.
DSP Report: register reg_L0_reg[12] is absorbed into DSP l1_sum0.
DSP Report: register l1_mult_reg[12] is absorbed into DSP l1_sum0.
DSP Report: operator l1_sum0 is absorbed into DSP l1_sum0.
DSP Report: operator l1_mult_reg[12]0 is absorbed into DSP l1_sum0.
DSP Report: Generating DSP l1_sum0, operation Mode is (post resource management): PCIN+(A2*B)'.
DSP Report: register reg_L0_reg[11] is absorbed into DSP l1_sum0.
DSP Report: register l1_mult_reg[11] is absorbed into DSP l1_sum0.
DSP Report: operator l1_sum0 is absorbed into DSP l1_sum0.
DSP Report: operator l1_mult_reg[11]0 is absorbed into DSP l1_sum0.
DSP Report: Generating DSP l1_sum0, operation Mode is (post resource management): PCIN+(A2*B)'.
DSP Report: register reg_L0_reg[10] is absorbed into DSP l1_sum0.
DSP Report: register l1_mult_reg[10] is absorbed into DSP l1_sum0.
DSP Report: operator l1_sum0 is absorbed into DSP l1_sum0.
DSP Report: operator l1_mult_reg[10]0 is absorbed into DSP l1_sum0.
DSP Report: Generating DSP l1_sum0, operation Mode is (post resource management): PCIN+(A2*B)'.
DSP Report: register reg_L0_reg[9] is absorbed into DSP l1_sum0.
DSP Report: register l1_mult_reg[9] is absorbed into DSP l1_sum0.
DSP Report: operator l1_sum0 is absorbed into DSP l1_sum0.
DSP Report: operator l1_mult_reg[9]0 is absorbed into DSP l1_sum0.
DSP Report: Generating DSP l1_sum0, operation Mode is (post resource management): PCIN+(A2*B)'.
DSP Report: register reg_L0_reg[8] is absorbed into DSP l1_sum0.
DSP Report: register l1_mult_reg[8] is absorbed into DSP l1_sum0.
DSP Report: operator l1_sum0 is absorbed into DSP l1_sum0.
DSP Report: operator l1_mult_reg[8]0 is absorbed into DSP l1_sum0.
DSP Report: Generating DSP l1_sum0, operation Mode is (post resource management): PCIN+(A2*B)'.
DSP Report: register reg_L0_reg[7] is absorbed into DSP l1_sum0.
DSP Report: register l1_mult_reg[7] is absorbed into DSP l1_sum0.
DSP Report: operator l1_sum0 is absorbed into DSP l1_sum0.
DSP Report: operator l1_mult_reg[7]0 is absorbed into DSP l1_sum0.
DSP Report: Generating DSP l1_sum0, operation Mode is (post resource management): PCIN+(A2*B)'.
DSP Report: register reg_L0_reg[6] is absorbed into DSP l1_sum0.
DSP Report: register l1_mult_reg[6] is absorbed into DSP l1_sum0.
DSP Report: operator l1_sum0 is absorbed into DSP l1_sum0.
DSP Report: operator l1_mult_reg[6]0 is absorbed into DSP l1_sum0.
DSP Report: Generating DSP l1_sum0, operation Mode is (post resource management): PCIN+(A2*B)'.
DSP Report: register reg_L0_reg[5] is absorbed into DSP l1_sum0.
DSP Report: register l1_mult_reg[5] is absorbed into DSP l1_sum0.
DSP Report: operator l1_sum0 is absorbed into DSP l1_sum0.
DSP Report: operator l1_mult_reg[5]0 is absorbed into DSP l1_sum0.
DSP Report: Generating DSP l1_sum0, operation Mode is (post resource management): PCIN+(A2*B)'.
DSP Report: register reg_L0_reg[4] is absorbed into DSP l1_sum0.
DSP Report: register l1_mult_reg[4] is absorbed into DSP l1_sum0.
DSP Report: operator l1_sum0 is absorbed into DSP l1_sum0.
DSP Report: operator l1_mult_reg[4]0 is absorbed into DSP l1_sum0.
DSP Report: Generating DSP l1_sum0, operation Mode is (post resource management): PCIN+(A2*B)'.
DSP Report: register reg_L0_reg[3] is absorbed into DSP l1_sum0.
DSP Report: register l1_mult_reg[3] is absorbed into DSP l1_sum0.
DSP Report: operator l1_sum0 is absorbed into DSP l1_sum0.
DSP Report: operator l1_mult_reg[3]0 is absorbed into DSP l1_sum0.
DSP Report: Generating DSP l1_sum0, operation Mode is (post resource management): PCIN+(A2*B)'.
DSP Report: register reg_L0_reg[2] is absorbed into DSP l1_sum0.
DSP Report: register l1_mult_reg[2] is absorbed into DSP l1_sum0.
DSP Report: operator l1_sum0 is absorbed into DSP l1_sum0.
DSP Report: operator l1_mult_reg[2]0 is absorbed into DSP l1_sum0.
DSP Report: Generating DSP l1_sum0, operation Mode is (post resource management): PCIN+(A2*B)'.
DSP Report: register reg_L0_reg[1] is absorbed into DSP l1_sum0.
DSP Report: register l1_mult_reg[1] is absorbed into DSP l1_sum0.
DSP Report: operator l1_sum0 is absorbed into DSP l1_sum0.
DSP Report: operator l1_mult_reg[1]0 is absorbed into DSP l1_sum0.
DSP Report: Generating DSP l2_mult_reg[63], operation Mode is (post resource management): (A2*B)'.
DSP Report: register reg_L1_reg[63] is absorbed into DSP l2_mult_reg[63].
DSP Report: register l2_mult_reg[63] is absorbed into DSP l2_mult_reg[63].
DSP Report: operator l2_mult_reg[63]0 is absorbed into DSP l2_mult_reg[63].
DSP Report: Generating DSP l2_sum0, operation Mode is (post resource management): PCIN+(A2*B)'.
DSP Report: register reg_L1_reg[0] is absorbed into DSP l2_sum0.
DSP Report: register l2_mult_reg[0] is absorbed into DSP l2_sum0.
DSP Report: operator l2_sum0 is absorbed into DSP l2_sum0.
DSP Report: operator l2_mult_reg[0]0 is absorbed into DSP l2_sum0.
DSP Report: Generating DSP l2_sum0, operation Mode is (post resource management): PCIN+(A2*B)'.
DSP Report: register reg_L1_reg[62] is absorbed into DSP l2_sum0.
DSP Report: register l2_mult_reg[62] is absorbed into DSP l2_sum0.
DSP Report: operator l2_sum0 is absorbed into DSP l2_sum0.
DSP Report: operator l2_mult_reg[62]0 is absorbed into DSP l2_sum0.
DSP Report: Generating DSP l2_sum0, operation Mode is (post resource management): PCIN+(A2*B)'.
DSP Report: register reg_L1_reg[61] is absorbed into DSP l2_sum0.
DSP Report: register l2_mult_reg[61] is absorbed into DSP l2_sum0.
DSP Report: operator l2_sum0 is absorbed into DSP l2_sum0.
DSP Report: operator l2_mult_reg[61]0 is absorbed into DSP l2_sum0.
DSP Report: Generating DSP l2_sum0, operation Mode is (post resource management): PCIN+(A2*B)'.
DSP Report: register reg_L1_reg[60] is absorbed into DSP l2_sum0.
DSP Report: register l2_mult_reg[60] is absorbed into DSP l2_sum0.
DSP Report: operator l2_sum0 is absorbed into DSP l2_sum0.
DSP Report: operator l2_mult_reg[60]0 is absorbed into DSP l2_sum0.
DSP Report: Generating DSP l2_sum0, operation Mode is (post resource management): PCIN+(A2*B)'.
DSP Report: register reg_L1_reg[59] is absorbed into DSP l2_sum0.
DSP Report: register l2_mult_reg[59] is absorbed into DSP l2_sum0.
DSP Report: operator l2_sum0 is absorbed into DSP l2_sum0.
DSP Report: operator l2_mult_reg[59]0 is absorbed into DSP l2_sum0.
DSP Report: Generating DSP l2_sum0, operation Mode is (post resource management): PCIN+(A2*B)'.
DSP Report: register reg_L1_reg[58] is absorbed into DSP l2_sum0.
DSP Report: register l2_mult_reg[58] is absorbed into DSP l2_sum0.
DSP Report: operator l2_sum0 is absorbed into DSP l2_sum0.
DSP Report: operator l2_mult_reg[58]0 is absorbed into DSP l2_sum0.
DSP Report: Generating DSP l2_sum0, operation Mode is (post resource management): PCIN+(A2*B)'.
DSP Report: register reg_L1_reg[57] is absorbed into DSP l2_sum0.
DSP Report: register l2_mult_reg[57] is absorbed into DSP l2_sum0.
DSP Report: operator l2_sum0 is absorbed into DSP l2_sum0.
DSP Report: operator l2_mult_reg[57]0 is absorbed into DSP l2_sum0.
DSP Report: Generating DSP l2_sum0, operation Mode is (post resource management): PCIN+(A2*B)'.
DSP Report: register reg_L1_reg[56] is absorbed into DSP l2_sum0.
DSP Report: register l2_mult_reg[56] is absorbed into DSP l2_sum0.
DSP Report: operator l2_sum0 is absorbed into DSP l2_sum0.
DSP Report: operator l2_mult_reg[56]0 is absorbed into DSP l2_sum0.
DSP Report: Generating DSP l2_sum0, operation Mode is (post resource management): PCIN+(A2*B)'.
DSP Report: register reg_L1_reg[55] is absorbed into DSP l2_sum0.
DSP Report: register l2_mult_reg[55] is absorbed into DSP l2_sum0.
DSP Report: operator l2_sum0 is absorbed into DSP l2_sum0.
DSP Report: operator l2_mult_reg[55]0 is absorbed into DSP l2_sum0.
DSP Report: Generating DSP l2_sum0, operation Mode is (post resource management): PCIN+(A2*B)'.
DSP Report: register reg_L1_reg[54] is absorbed into DSP l2_sum0.
DSP Report: register l2_mult_reg[54] is absorbed into DSP l2_sum0.
DSP Report: operator l2_sum0 is absorbed into DSP l2_sum0.
DSP Report: operator l2_mult_reg[54]0 is absorbed into DSP l2_sum0.
DSP Report: Generating DSP l2_sum0, operation Mode is (post resource management): PCIN+(A2*B)'.
DSP Report: register reg_L1_reg[53] is absorbed into DSP l2_sum0.
DSP Report: register l2_mult_reg[53] is absorbed into DSP l2_sum0.
DSP Report: operator l2_sum0 is absorbed into DSP l2_sum0.
DSP Report: operator l2_mult_reg[53]0 is absorbed into DSP l2_sum0.
DSP Report: Generating DSP l2_sum0, operation Mode is (post resource management): PCIN+(A2*B)'.
DSP Report: register reg_L1_reg[52] is absorbed into DSP l2_sum0.
DSP Report: register l2_mult_reg[52] is absorbed into DSP l2_sum0.
DSP Report: operator l2_sum0 is absorbed into DSP l2_sum0.
DSP Report: operator l2_mult_reg[52]0 is absorbed into DSP l2_sum0.
DSP Report: Generating DSP l2_sum0, operation Mode is (post resource management): PCIN+(A2*B)'.
DSP Report: register reg_L1_reg[51] is absorbed into DSP l2_sum0.
DSP Report: register l2_mult_reg[51] is absorbed into DSP l2_sum0.
DSP Report: operator l2_sum0 is absorbed into DSP l2_sum0.
DSP Report: operator l2_mult_reg[51]0 is absorbed into DSP l2_sum0.
DSP Report: Generating DSP l2_sum0, operation Mode is (post resource management): PCIN+(A2*B)'.
DSP Report: register reg_L1_reg[50] is absorbed into DSP l2_sum0.
DSP Report: register l2_mult_reg[50] is absorbed into DSP l2_sum0.
DSP Report: operator l2_sum0 is absorbed into DSP l2_sum0.
DSP Report: operator l2_mult_reg[50]0 is absorbed into DSP l2_sum0.
DSP Report: Generating DSP l2_sum0, operation Mode is (post resource management): PCIN+(A2*B)'.
DSP Report: register reg_L1_reg[49] is absorbed into DSP l2_sum0.
DSP Report: register l2_mult_reg[49] is absorbed into DSP l2_sum0.
DSP Report: operator l2_sum0 is absorbed into DSP l2_sum0.
DSP Report: operator l2_mult_reg[49]0 is absorbed into DSP l2_sum0.
DSP Report: Generating DSP l2_sum0, operation Mode is (post resource management): PCIN+(A2*B)'.
DSP Report: register reg_L1_reg[48] is absorbed into DSP l2_sum0.
DSP Report: register l2_mult_reg[48] is absorbed into DSP l2_sum0.
DSP Report: operator l2_sum0 is absorbed into DSP l2_sum0.
DSP Report: operator l2_mult_reg[48]0 is absorbed into DSP l2_sum0.
DSP Report: Generating DSP l2_sum0, operation Mode is (post resource management): PCIN+(A2*B)'.
DSP Report: register reg_L1_reg[47] is absorbed into DSP l2_sum0.
DSP Report: register l2_mult_reg[47] is absorbed into DSP l2_sum0.
DSP Report: operator l2_sum0 is absorbed into DSP l2_sum0.
DSP Report: operator l2_mult_reg[47]0 is absorbed into DSP l2_sum0.
DSP Report: Generating DSP l2_sum0, operation Mode is (post resource management): PCIN+(A2*B)'.
DSP Report: register reg_L1_reg[46] is absorbed into DSP l2_sum0.
DSP Report: register l2_mult_reg[46] is absorbed into DSP l2_sum0.
DSP Report: operator l2_sum0 is absorbed into DSP l2_sum0.
DSP Report: operator l2_mult_reg[46]0 is absorbed into DSP l2_sum0.
DSP Report: Generating DSP l2_sum0, operation Mode is (post resource management): PCIN+(A2*B)'.
DSP Report: register reg_L1_reg[45] is absorbed into DSP l2_sum0.
DSP Report: register l2_mult_reg[45] is absorbed into DSP l2_sum0.
DSP Report: operator l2_sum0 is absorbed into DSP l2_sum0.
DSP Report: operator l2_mult_reg[45]0 is absorbed into DSP l2_sum0.
DSP Report: Generating DSP l2_sum0, operation Mode is (post resource management): PCIN+(A2*B)'.
DSP Report: register reg_L1_reg[44] is absorbed into DSP l2_sum0.
DSP Report: register l2_mult_reg[44] is absorbed into DSP l2_sum0.
DSP Report: operator l2_sum0 is absorbed into DSP l2_sum0.
DSP Report: operator l2_mult_reg[44]0 is absorbed into DSP l2_sum0.
DSP Report: Generating DSP l2_sum0, operation Mode is (post resource management): PCIN+(A2*B)'.
DSP Report: register reg_L1_reg[43] is absorbed into DSP l2_sum0.
DSP Report: register l2_mult_reg[43] is absorbed into DSP l2_sum0.
DSP Report: operator l2_sum0 is absorbed into DSP l2_sum0.
DSP Report: operator l2_mult_reg[43]0 is absorbed into DSP l2_sum0.
DSP Report: Generating DSP l2_sum0, operation Mode is (post resource management): PCIN+(A2*B)'.
DSP Report: register reg_L1_reg[42] is absorbed into DSP l2_sum0.
DSP Report: register l2_mult_reg[42] is absorbed into DSP l2_sum0.
DSP Report: operator l2_sum0 is absorbed into DSP l2_sum0.
DSP Report: operator l2_mult_reg[42]0 is absorbed into DSP l2_sum0.
DSP Report: Generating DSP l2_sum0, operation Mode is (post resource management): PCIN+(A2*B)'.
DSP Report: register reg_L1_reg[41] is absorbed into DSP l2_sum0.
DSP Report: register l2_mult_reg[41] is absorbed into DSP l2_sum0.
DSP Report: operator l2_sum0 is absorbed into DSP l2_sum0.
DSP Report: operator l2_mult_reg[41]0 is absorbed into DSP l2_sum0.
DSP Report: Generating DSP l2_sum0, operation Mode is (post resource management): PCIN+(A2*B)'.
DSP Report: register reg_L1_reg[40] is absorbed into DSP l2_sum0.
DSP Report: register l2_mult_reg[40] is absorbed into DSP l2_sum0.
DSP Report: operator l2_sum0 is absorbed into DSP l2_sum0.
DSP Report: operator l2_mult_reg[40]0 is absorbed into DSP l2_sum0.
DSP Report: Generating DSP l2_sum0, operation Mode is (post resource management): PCIN+(A2*B)'.
DSP Report: register reg_L1_reg[39] is absorbed into DSP l2_sum0.
DSP Report: register l2_mult_reg[39] is absorbed into DSP l2_sum0.
DSP Report: operator l2_sum0 is absorbed into DSP l2_sum0.
DSP Report: operator l2_mult_reg[39]0 is absorbed into DSP l2_sum0.
DSP Report: Generating DSP l2_sum0, operation Mode is (post resource management): PCIN+(A2*B)'.
DSP Report: register reg_L1_reg[38] is absorbed into DSP l2_sum0.
DSP Report: register l2_mult_reg[38] is absorbed into DSP l2_sum0.
DSP Report: operator l2_sum0 is absorbed into DSP l2_sum0.
DSP Report: operator l2_mult_reg[38]0 is absorbed into DSP l2_sum0.
DSP Report: Generating DSP l2_sum0, operation Mode is (post resource management): PCIN+(A2*B)'.
DSP Report: register reg_L1_reg[37] is absorbed into DSP l2_sum0.
DSP Report: register l2_mult_reg[37] is absorbed into DSP l2_sum0.
DSP Report: operator l2_sum0 is absorbed into DSP l2_sum0.
DSP Report: operator l2_mult_reg[37]0 is absorbed into DSP l2_sum0.
DSP Report: Generating DSP l2_sum0, operation Mode is (post resource management): PCIN+(A2*B)'.
DSP Report: register reg_L1_reg[36] is absorbed into DSP l2_sum0.
DSP Report: register l2_mult_reg[36] is absorbed into DSP l2_sum0.
DSP Report: operator l2_sum0 is absorbed into DSP l2_sum0.
DSP Report: operator l2_mult_reg[36]0 is absorbed into DSP l2_sum0.
DSP Report: Generating DSP l2_sum0, operation Mode is (post resource management): PCIN+(A2*B)'.
DSP Report: register reg_L1_reg[35] is absorbed into DSP l2_sum0.
DSP Report: register l2_mult_reg[35] is absorbed into DSP l2_sum0.
DSP Report: operator l2_sum0 is absorbed into DSP l2_sum0.
DSP Report: operator l2_mult_reg[35]0 is absorbed into DSP l2_sum0.
DSP Report: Generating DSP l2_sum0, operation Mode is (post resource management): PCIN+(A2*B)'.
DSP Report: register reg_L1_reg[34] is absorbed into DSP l2_sum0.
DSP Report: register l2_mult_reg[34] is absorbed into DSP l2_sum0.
DSP Report: operator l2_sum0 is absorbed into DSP l2_sum0.
DSP Report: operator l2_mult_reg[34]0 is absorbed into DSP l2_sum0.
DSP Report: Generating DSP l2_sum0, operation Mode is (post resource management): PCIN+(A2*B)'.
DSP Report: register reg_L1_reg[33] is absorbed into DSP l2_sum0.
DSP Report: register l2_mult_reg[33] is absorbed into DSP l2_sum0.
DSP Report: operator l2_sum0 is absorbed into DSP l2_sum0.
DSP Report: operator l2_mult_reg[33]0 is absorbed into DSP l2_sum0.
DSP Report: Generating DSP l2_sum0, operation Mode is (post resource management): PCIN+(A2*B)'.
DSP Report: register reg_L1_reg[32] is absorbed into DSP l2_sum0.
DSP Report: register l2_mult_reg[32] is absorbed into DSP l2_sum0.
DSP Report: operator l2_sum0 is absorbed into DSP l2_sum0.
DSP Report: operator l2_mult_reg[32]0 is absorbed into DSP l2_sum0.
DSP Report: Generating DSP l2_sum0, operation Mode is (post resource management): PCIN+(A2*B)'.
DSP Report: register reg_L1_reg[31] is absorbed into DSP l2_sum0.
DSP Report: register l2_mult_reg[31] is absorbed into DSP l2_sum0.
DSP Report: operator l2_sum0 is absorbed into DSP l2_sum0.
DSP Report: operator l2_mult_reg[31]0 is absorbed into DSP l2_sum0.
DSP Report: Generating DSP l2_sum0, operation Mode is (post resource management): PCIN+(A2*B)'.
DSP Report: register reg_L1_reg[30] is absorbed into DSP l2_sum0.
DSP Report: register l2_mult_reg[30] is absorbed into DSP l2_sum0.
DSP Report: operator l2_sum0 is absorbed into DSP l2_sum0.
DSP Report: operator l2_mult_reg[30]0 is absorbed into DSP l2_sum0.
DSP Report: Generating DSP l2_sum0, operation Mode is (post resource management): PCIN+(A2*B)'.
DSP Report: register reg_L1_reg[29] is absorbed into DSP l2_sum0.
DSP Report: register l2_mult_reg[29] is absorbed into DSP l2_sum0.
DSP Report: operator l2_sum0 is absorbed into DSP l2_sum0.
DSP Report: operator l2_mult_reg[29]0 is absorbed into DSP l2_sum0.
DSP Report: Generating DSP l2_sum0, operation Mode is (post resource management): PCIN+(A2*B)'.
DSP Report: register reg_L1_reg[28] is absorbed into DSP l2_sum0.
DSP Report: register l2_mult_reg[28] is absorbed into DSP l2_sum0.
DSP Report: operator l2_sum0 is absorbed into DSP l2_sum0.
DSP Report: operator l2_mult_reg[28]0 is absorbed into DSP l2_sum0.
DSP Report: Generating DSP l2_sum0, operation Mode is (post resource management): PCIN+(A2*B)'.
DSP Report: register reg_L1_reg[27] is absorbed into DSP l2_sum0.
DSP Report: register l2_mult_reg[27] is absorbed into DSP l2_sum0.
DSP Report: operator l2_sum0 is absorbed into DSP l2_sum0.
DSP Report: operator l2_mult_reg[27]0 is absorbed into DSP l2_sum0.
DSP Report: Generating DSP l2_sum0, operation Mode is (post resource management): PCIN+(A2*B)'.
DSP Report: register reg_L1_reg[26] is absorbed into DSP l2_sum0.
DSP Report: register l2_mult_reg[26] is absorbed into DSP l2_sum0.
DSP Report: operator l2_sum0 is absorbed into DSP l2_sum0.
DSP Report: operator l2_mult_reg[26]0 is absorbed into DSP l2_sum0.
DSP Report: Generating DSP l2_sum0, operation Mode is (post resource management): PCIN+(A2*B)'.
DSP Report: register reg_L1_reg[25] is absorbed into DSP l2_sum0.
DSP Report: register l2_mult_reg[25] is absorbed into DSP l2_sum0.
DSP Report: operator l2_sum0 is absorbed into DSP l2_sum0.
DSP Report: operator l2_mult_reg[25]0 is absorbed into DSP l2_sum0.
DSP Report: Generating DSP l2_sum0, operation Mode is (post resource management): PCIN+(A2*B)'.
DSP Report: register reg_L1_reg[24] is absorbed into DSP l2_sum0.
DSP Report: register l2_mult_reg[24] is absorbed into DSP l2_sum0.
DSP Report: operator l2_sum0 is absorbed into DSP l2_sum0.
DSP Report: operator l2_mult_reg[24]0 is absorbed into DSP l2_sum0.
DSP Report: Generating DSP l2_sum0, operation Mode is (post resource management): PCIN+(A2*B)'.
DSP Report: register reg_L1_reg[23] is absorbed into DSP l2_sum0.
DSP Report: register l2_mult_reg[23] is absorbed into DSP l2_sum0.
DSP Report: operator l2_sum0 is absorbed into DSP l2_sum0.
DSP Report: operator l2_mult_reg[23]0 is absorbed into DSP l2_sum0.
DSP Report: Generating DSP l2_sum0, operation Mode is (post resource management): PCIN+(A2*B)'.
DSP Report: register reg_L1_reg[22] is absorbed into DSP l2_sum0.
DSP Report: register l2_mult_reg[22] is absorbed into DSP l2_sum0.
DSP Report: operator l2_sum0 is absorbed into DSP l2_sum0.
DSP Report: operator l2_mult_reg[22]0 is absorbed into DSP l2_sum0.
DSP Report: Generating DSP l2_sum0, operation Mode is (post resource management): PCIN+(A2*B)'.
DSP Report: register reg_L1_reg[21] is absorbed into DSP l2_sum0.
DSP Report: register l2_mult_reg[21] is absorbed into DSP l2_sum0.
DSP Report: operator l2_sum0 is absorbed into DSP l2_sum0.
DSP Report: operator l2_mult_reg[21]0 is absorbed into DSP l2_sum0.
DSP Report: Generating DSP l2_sum0, operation Mode is (post resource management): PCIN+(A2*B)'.
DSP Report: register reg_L1_reg[20] is absorbed into DSP l2_sum0.
DSP Report: register l2_mult_reg[20] is absorbed into DSP l2_sum0.
DSP Report: operator l2_sum0 is absorbed into DSP l2_sum0.
DSP Report: operator l2_mult_reg[20]0 is absorbed into DSP l2_sum0.
DSP Report: Generating DSP l2_sum0, operation Mode is (post resource management): PCIN+(A2*B)'.
DSP Report: register reg_L1_reg[19] is absorbed into DSP l2_sum0.
DSP Report: register l2_mult_reg[19] is absorbed into DSP l2_sum0.
DSP Report: operator l2_sum0 is absorbed into DSP l2_sum0.
DSP Report: operator l2_mult_reg[19]0 is absorbed into DSP l2_sum0.
DSP Report: Generating DSP l2_sum0, operation Mode is (post resource management): PCIN+(A2*B)'.
DSP Report: register reg_L1_reg[18] is absorbed into DSP l2_sum0.
DSP Report: register l2_mult_reg[18] is absorbed into DSP l2_sum0.
DSP Report: operator l2_sum0 is absorbed into DSP l2_sum0.
DSP Report: operator l2_mult_reg[18]0 is absorbed into DSP l2_sum0.
DSP Report: Generating DSP l2_sum0, operation Mode is (post resource management): PCIN+(A2*B)'.
DSP Report: register reg_L1_reg[17] is absorbed into DSP l2_sum0.
DSP Report: register l2_mult_reg[17] is absorbed into DSP l2_sum0.
DSP Report: operator l2_sum0 is absorbed into DSP l2_sum0.
DSP Report: operator l2_mult_reg[17]0 is absorbed into DSP l2_sum0.
DSP Report: Generating DSP l2_sum0, operation Mode is (post resource management): PCIN+(A2*B)'.
DSP Report: register reg_L1_reg[16] is absorbed into DSP l2_sum0.
DSP Report: register l2_mult_reg[16] is absorbed into DSP l2_sum0.
DSP Report: operator l2_sum0 is absorbed into DSP l2_sum0.
DSP Report: operator l2_mult_reg[16]0 is absorbed into DSP l2_sum0.
DSP Report: Generating DSP l2_sum0, operation Mode is (post resource management): PCIN+(A2*B)'.
DSP Report: register reg_L1_reg[15] is absorbed into DSP l2_sum0.
DSP Report: register l2_mult_reg[15] is absorbed into DSP l2_sum0.
DSP Report: operator l2_sum0 is absorbed into DSP l2_sum0.
DSP Report: operator l2_mult_reg[15]0 is absorbed into DSP l2_sum0.
DSP Report: Generating DSP l2_sum0, operation Mode is (post resource management): PCIN+(A2*B)'.
DSP Report: register reg_L1_reg[14] is absorbed into DSP l2_sum0.
DSP Report: register l2_mult_reg[14] is absorbed into DSP l2_sum0.
DSP Report: operator l2_sum0 is absorbed into DSP l2_sum0.
DSP Report: operator l2_mult_reg[14]0 is absorbed into DSP l2_sum0.
DSP Report: Generating DSP l2_sum0, operation Mode is (post resource management): PCIN+(A2*B)'.
DSP Report: register reg_L1_reg[13] is absorbed into DSP l2_sum0.
DSP Report: register l2_mult_reg[13] is absorbed into DSP l2_sum0.
DSP Report: operator l2_sum0 is absorbed into DSP l2_sum0.
DSP Report: operator l2_mult_reg[13]0 is absorbed into DSP l2_sum0.
DSP Report: Generating DSP l2_sum0, operation Mode is (post resource management): PCIN+(A2*B)'.
DSP Report: register reg_L1_reg[12] is absorbed into DSP l2_sum0.
DSP Report: register l2_mult_reg[12] is absorbed into DSP l2_sum0.
DSP Report: operator l2_sum0 is absorbed into DSP l2_sum0.
DSP Report: operator l2_mult_reg[12]0 is absorbed into DSP l2_sum0.
DSP Report: Generating DSP l2_sum0, operation Mode is (post resource management): PCIN+(A2*B)'.
DSP Report: register reg_L1_reg[11] is absorbed into DSP l2_sum0.
DSP Report: register l2_mult_reg[11] is absorbed into DSP l2_sum0.
DSP Report: operator l2_sum0 is absorbed into DSP l2_sum0.
DSP Report: operator l2_mult_reg[11]0 is absorbed into DSP l2_sum0.
DSP Report: Generating DSP l2_sum0, operation Mode is (post resource management): PCIN+(A2*B)'.
DSP Report: register reg_L1_reg[10] is absorbed into DSP l2_sum0.
DSP Report: register l2_mult_reg[10] is absorbed into DSP l2_sum0.
DSP Report: operator l2_sum0 is absorbed into DSP l2_sum0.
DSP Report: operator l2_mult_reg[10]0 is absorbed into DSP l2_sum0.
DSP Report: Generating DSP l2_sum0, operation Mode is (post resource management): PCIN+(A2*B)'.
DSP Report: register reg_L1_reg[9] is absorbed into DSP l2_sum0.
DSP Report: register l2_mult_reg[9] is absorbed into DSP l2_sum0.
DSP Report: operator l2_sum0 is absorbed into DSP l2_sum0.
DSP Report: operator l2_mult_reg[9]0 is absorbed into DSP l2_sum0.
DSP Report: Generating DSP l2_sum0, operation Mode is (post resource management): PCIN+(A2*B)'.
DSP Report: register reg_L1_reg[8] is absorbed into DSP l2_sum0.
DSP Report: register l2_mult_reg[8] is absorbed into DSP l2_sum0.
DSP Report: operator l2_sum0 is absorbed into DSP l2_sum0.
DSP Report: operator l2_mult_reg[8]0 is absorbed into DSP l2_sum0.
DSP Report: Generating DSP l2_sum0, operation Mode is (post resource management): PCIN+(A2*B)'.
DSP Report: register reg_L1_reg[7] is absorbed into DSP l2_sum0.
DSP Report: register l2_mult_reg[7] is absorbed into DSP l2_sum0.
DSP Report: operator l2_sum0 is absorbed into DSP l2_sum0.
DSP Report: operator l2_mult_reg[7]0 is absorbed into DSP l2_sum0.
DSP Report: Generating DSP l2_sum0, operation Mode is (post resource management): PCIN+(A2*B)'.
DSP Report: register reg_L1_reg[6] is absorbed into DSP l2_sum0.
DSP Report: register l2_mult_reg[6] is absorbed into DSP l2_sum0.
DSP Report: operator l2_sum0 is absorbed into DSP l2_sum0.
DSP Report: operator l2_mult_reg[6]0 is absorbed into DSP l2_sum0.
DSP Report: Generating DSP l2_sum0, operation Mode is (post resource management): PCIN+(A2*B)'.
DSP Report: register reg_L1_reg[5] is absorbed into DSP l2_sum0.
DSP Report: register l2_mult_reg[5] is absorbed into DSP l2_sum0.
DSP Report: operator l2_sum0 is absorbed into DSP l2_sum0.
DSP Report: operator l2_mult_reg[5]0 is absorbed into DSP l2_sum0.
DSP Report: Generating DSP l2_sum0, operation Mode is (post resource management): C+(A2*B)'.
DSP Report: register reg_L1_reg[4] is absorbed into DSP l2_sum0.
DSP Report: register l2_mult_reg[4] is absorbed into DSP l2_sum0.
DSP Report: operator l2_sum0 is absorbed into DSP l2_sum0.
DSP Report: operator l2_mult_reg[4]0 is absorbed into DSP l2_sum0.
DSP Report: Generating DSP l2_sum0, operation Mode is (post resource management): PCIN+(A2*B)'.
DSP Report: register reg_L1_reg[3] is absorbed into DSP l2_sum0.
DSP Report: register l2_mult_reg[3] is absorbed into DSP l2_sum0.
DSP Report: operator l2_sum0 is absorbed into DSP l2_sum0.
DSP Report: operator l2_mult_reg[3]0 is absorbed into DSP l2_sum0.
DSP Report: Generating DSP l2_sum0, operation Mode is (post resource management): PCIN+(A2*B)'.
DSP Report: register reg_L1_reg[2] is absorbed into DSP l2_sum0.
DSP Report: register l2_mult_reg[2] is absorbed into DSP l2_sum0.
DSP Report: operator l2_sum0 is absorbed into DSP l2_sum0.
DSP Report: operator l2_mult_reg[2]0 is absorbed into DSP l2_sum0.
DSP Report: Generating DSP l2_sum0, operation Mode is (post resource management): PCIN+(A2*B)'.
DSP Report: register reg_L1_reg[1] is absorbed into DSP l2_sum0.
DSP Report: register l2_mult_reg[1] is absorbed into DSP l2_sum0.
DSP Report: operator l2_sum0 is absorbed into DSP l2_sum0.
DSP Report: operator l2_mult_reg[1]0 is absorbed into DSP l2_sum0.
DSP Report: Generating DSP l3_mult_reg[31], operation Mode is (post resource management): (A2*B)'.
DSP Report: register reg_L2_reg[31] is absorbed into DSP l3_mult_reg[31].
DSP Report: register l3_mult_reg[31] is absorbed into DSP l3_mult_reg[31].
DSP Report: operator l3_mult_reg[31]0 is absorbed into DSP l3_mult_reg[31].
DSP Report: Generating DSP l3_sum0, operation Mode is (post resource management): PCIN+(A2*B)'.
DSP Report: register reg_L2_reg[0] is absorbed into DSP l3_sum0.
DSP Report: register l3_mult_reg[0] is absorbed into DSP l3_sum0.
DSP Report: operator l3_sum0 is absorbed into DSP l3_sum0.
DSP Report: operator l3_mult_reg[0]0 is absorbed into DSP l3_sum0.
DSP Report: Generating DSP l3_sum0, operation Mode is (post resource management): PCIN+(A2*B)'.
DSP Report: register reg_L2_reg[30] is absorbed into DSP l3_sum0.
DSP Report: register l3_mult_reg[30] is absorbed into DSP l3_sum0.
DSP Report: operator l3_sum0 is absorbed into DSP l3_sum0.
DSP Report: operator l3_mult_reg[30]0 is absorbed into DSP l3_sum0.
DSP Report: Generating DSP l3_sum0, operation Mode is (post resource management): PCIN+(A2*B)'.
DSP Report: register reg_L2_reg[29] is absorbed into DSP l3_sum0.
DSP Report: register l3_mult_reg[29] is absorbed into DSP l3_sum0.
DSP Report: operator l3_sum0 is absorbed into DSP l3_sum0.
DSP Report: operator l3_mult_reg[29]0 is absorbed into DSP l3_sum0.
DSP Report: Generating DSP l3_sum0, operation Mode is (post resource management): PCIN+(A2*B)'.
DSP Report: register reg_L2_reg[28] is absorbed into DSP l3_sum0.
DSP Report: register l3_mult_reg[28] is absorbed into DSP l3_sum0.
DSP Report: operator l3_sum0 is absorbed into DSP l3_sum0.
DSP Report: operator l3_mult_reg[28]0 is absorbed into DSP l3_sum0.
DSP Report: Generating DSP l3_sum0, operation Mode is (post resource management): PCIN+(A2*B)'.
DSP Report: register reg_L2_reg[27] is absorbed into DSP l3_sum0.
DSP Report: register l3_mult_reg[27] is absorbed into DSP l3_sum0.
DSP Report: operator l3_sum0 is absorbed into DSP l3_sum0.
DSP Report: operator l3_mult_reg[27]0 is absorbed into DSP l3_sum0.
DSP Report: Generating DSP l3_sum0, operation Mode is (post resource management): PCIN+(A2*B)'.
DSP Report: register reg_L2_reg[26] is absorbed into DSP l3_sum0.
DSP Report: register l3_mult_reg[26] is absorbed into DSP l3_sum0.
DSP Report: operator l3_sum0 is absorbed into DSP l3_sum0.
DSP Report: operator l3_mult_reg[26]0 is absorbed into DSP l3_sum0.
DSP Report: Generating DSP l3_sum0, operation Mode is (post resource management): PCIN+(A2*B)'.
DSP Report: register reg_L2_reg[25] is absorbed into DSP l3_sum0.
DSP Report: register l3_mult_reg[25] is absorbed into DSP l3_sum0.
DSP Report: operator l3_sum0 is absorbed into DSP l3_sum0.
DSP Report: operator l3_mult_reg[25]0 is absorbed into DSP l3_sum0.
DSP Report: Generating DSP l3_sum0, operation Mode is (post resource management): PCIN+(A2*B)'.
DSP Report: register reg_L2_reg[24] is absorbed into DSP l3_sum0.
DSP Report: register l3_mult_reg[24] is absorbed into DSP l3_sum0.
DSP Report: operator l3_sum0 is absorbed into DSP l3_sum0.
DSP Report: operator l3_mult_reg[24]0 is absorbed into DSP l3_sum0.
DSP Report: Generating DSP l3_sum0, operation Mode is (post resource management): PCIN+(A2*B)'.
DSP Report: register reg_L2_reg[23] is absorbed into DSP l3_sum0.
DSP Report: register l3_mult_reg[23] is absorbed into DSP l3_sum0.
DSP Report: operator l3_sum0 is absorbed into DSP l3_sum0.
DSP Report: operator l3_mult_reg[23]0 is absorbed into DSP l3_sum0.
DSP Report: Generating DSP l3_sum0, operation Mode is (post resource management): PCIN+(A2*B)'.
DSP Report: register reg_L2_reg[22] is absorbed into DSP l3_sum0.
DSP Report: register l3_mult_reg[22] is absorbed into DSP l3_sum0.
DSP Report: operator l3_sum0 is absorbed into DSP l3_sum0.
DSP Report: operator l3_mult_reg[22]0 is absorbed into DSP l3_sum0.
DSP Report: Generating DSP l3_sum0, operation Mode is (post resource management): PCIN+(A2*B)'.
DSP Report: register reg_L2_reg[21] is absorbed into DSP l3_sum0.
DSP Report: register l3_mult_reg[21] is absorbed into DSP l3_sum0.
DSP Report: operator l3_sum0 is absorbed into DSP l3_sum0.
DSP Report: operator l3_mult_reg[21]0 is absorbed into DSP l3_sum0.
DSP Report: Generating DSP l3_sum0, operation Mode is (post resource management): PCIN+(A2*B)'.
DSP Report: register reg_L2_reg[20] is absorbed into DSP l3_sum0.
DSP Report: register l3_mult_reg[20] is absorbed into DSP l3_sum0.
DSP Report: operator l3_sum0 is absorbed into DSP l3_sum0.
DSP Report: operator l3_mult_reg[20]0 is absorbed into DSP l3_sum0.
DSP Report: Generating DSP l3_sum0, operation Mode is (post resource management): PCIN+(A2*B)'.
DSP Report: register reg_L2_reg[19] is absorbed into DSP l3_sum0.
DSP Report: register l3_mult_reg[19] is absorbed into DSP l3_sum0.
DSP Report: operator l3_sum0 is absorbed into DSP l3_sum0.
DSP Report: operator l3_mult_reg[19]0 is absorbed into DSP l3_sum0.
DSP Report: Generating DSP l3_sum0, operation Mode is (post resource management): PCIN+(A2*B)'.
DSP Report: register reg_L2_reg[18] is absorbed into DSP l3_sum0.
DSP Report: register l3_mult_reg[18] is absorbed into DSP l3_sum0.
DSP Report: operator l3_sum0 is absorbed into DSP l3_sum0.
DSP Report: operator l3_mult_reg[18]0 is absorbed into DSP l3_sum0.
DSP Report: Generating DSP l3_sum0, operation Mode is (post resource management): PCIN+(A2*B)'.
DSP Report: register reg_L2_reg[17] is absorbed into DSP l3_sum0.
DSP Report: register l3_mult_reg[17] is absorbed into DSP l3_sum0.
DSP Report: operator l3_sum0 is absorbed into DSP l3_sum0.
DSP Report: operator l3_mult_reg[17]0 is absorbed into DSP l3_sum0.
DSP Report: Generating DSP l3_sum0, operation Mode is (post resource management): PCIN+(A2*B)'.
DSP Report: register reg_L2_reg[16] is absorbed into DSP l3_sum0.
DSP Report: register l3_mult_reg[16] is absorbed into DSP l3_sum0.
DSP Report: operator l3_sum0 is absorbed into DSP l3_sum0.
DSP Report: operator l3_mult_reg[16]0 is absorbed into DSP l3_sum0.
DSP Report: Generating DSP l3_sum0, operation Mode is (post resource management): PCIN+(A2*B)'.
DSP Report: register reg_L2_reg[15] is absorbed into DSP l3_sum0.
DSP Report: register l3_mult_reg[15] is absorbed into DSP l3_sum0.
DSP Report: operator l3_sum0 is absorbed into DSP l3_sum0.
DSP Report: operator l3_mult_reg[15]0 is absorbed into DSP l3_sum0.
DSP Report: Generating DSP l3_sum0, operation Mode is (post resource management): PCIN+(A2*B)'.
DSP Report: register reg_L2_reg[14] is absorbed into DSP l3_sum0.
DSP Report: register l3_mult_reg[14] is absorbed into DSP l3_sum0.
DSP Report: operator l3_sum0 is absorbed into DSP l3_sum0.
DSP Report: operator l3_mult_reg[14]0 is absorbed into DSP l3_sum0.
DSP Report: Generating DSP l3_sum0, operation Mode is (post resource management): PCIN+(A2*B)'.
DSP Report: register reg_L2_reg[13] is absorbed into DSP l3_sum0.
DSP Report: register l3_mult_reg[13] is absorbed into DSP l3_sum0.
DSP Report: operator l3_sum0 is absorbed into DSP l3_sum0.
DSP Report: operator l3_mult_reg[13]0 is absorbed into DSP l3_sum0.
DSP Report: Generating DSP l3_sum0, operation Mode is (post resource management): PCIN+(A2*B)'.
DSP Report: register reg_L2_reg[12] is absorbed into DSP l3_sum0.
DSP Report: register l3_mult_reg[12] is absorbed into DSP l3_sum0.
DSP Report: operator l3_sum0 is absorbed into DSP l3_sum0.
DSP Report: operator l3_mult_reg[12]0 is absorbed into DSP l3_sum0.
DSP Report: Generating DSP l3_sum0, operation Mode is (post resource management): PCIN+(A2*B)'.
DSP Report: register reg_L2_reg[11] is absorbed into DSP l3_sum0.
DSP Report: register l3_mult_reg[11] is absorbed into DSP l3_sum0.
DSP Report: operator l3_sum0 is absorbed into DSP l3_sum0.
DSP Report: operator l3_mult_reg[11]0 is absorbed into DSP l3_sum0.
DSP Report: Generating DSP l3_sum0, operation Mode is (post resource management): PCIN+(A2*B)'.
DSP Report: register reg_L2_reg[10] is absorbed into DSP l3_sum0.
DSP Report: register l3_mult_reg[10] is absorbed into DSP l3_sum0.
DSP Report: operator l3_sum0 is absorbed into DSP l3_sum0.
DSP Report: operator l3_mult_reg[10]0 is absorbed into DSP l3_sum0.
DSP Report: Generating DSP l3_sum0, operation Mode is (post resource management): PCIN+(A2*B)'.
DSP Report: register reg_L2_reg[9] is absorbed into DSP l3_sum0.
DSP Report: register l3_mult_reg[9] is absorbed into DSP l3_sum0.
DSP Report: operator l3_sum0 is absorbed into DSP l3_sum0.
DSP Report: operator l3_mult_reg[9]0 is absorbed into DSP l3_sum0.
DSP Report: Generating DSP l3_sum0, operation Mode is (post resource management): PCIN+(A2*B)'.
DSP Report: register reg_L2_reg[8] is absorbed into DSP l3_sum0.
DSP Report: register l3_mult_reg[8] is absorbed into DSP l3_sum0.
DSP Report: operator l3_sum0 is absorbed into DSP l3_sum0.
DSP Report: operator l3_mult_reg[8]0 is absorbed into DSP l3_sum0.
DSP Report: Generating DSP l3_sum0, operation Mode is (post resource management): PCIN+(A2*B)'.
DSP Report: register reg_L2_reg[7] is absorbed into DSP l3_sum0.
DSP Report: register l3_mult_reg[7] is absorbed into DSP l3_sum0.
DSP Report: operator l3_sum0 is absorbed into DSP l3_sum0.
DSP Report: operator l3_mult_reg[7]0 is absorbed into DSP l3_sum0.
DSP Report: Generating DSP l3_sum0, operation Mode is (post resource management): PCIN+(A2*B)'.
DSP Report: register reg_L2_reg[6] is absorbed into DSP l3_sum0.
DSP Report: register l3_mult_reg[6] is absorbed into DSP l3_sum0.
DSP Report: operator l3_sum0 is absorbed into DSP l3_sum0.
DSP Report: operator l3_mult_reg[6]0 is absorbed into DSP l3_sum0.
DSP Report: Generating DSP l3_sum0, operation Mode is (post resource management): PCIN+(A2*B)'.
DSP Report: register reg_L2_reg[5] is absorbed into DSP l3_sum0.
DSP Report: register l3_mult_reg[5] is absorbed into DSP l3_sum0.
DSP Report: operator l3_sum0 is absorbed into DSP l3_sum0.
DSP Report: operator l3_mult_reg[5]0 is absorbed into DSP l3_sum0.
DSP Report: Generating DSP l3_sum0, operation Mode is (post resource management): PCIN+(A2*B)'.
DSP Report: register reg_L2_reg[4] is absorbed into DSP l3_sum0.
DSP Report: register l3_mult_reg[4] is absorbed into DSP l3_sum0.
DSP Report: operator l3_sum0 is absorbed into DSP l3_sum0.
DSP Report: operator l3_mult_reg[4]0 is absorbed into DSP l3_sum0.
DSP Report: Generating DSP l3_sum0, operation Mode is (post resource management): PCIN+(A2*B)'.
DSP Report: register reg_L2_reg[3] is absorbed into DSP l3_sum0.
DSP Report: register l3_mult_reg[3] is absorbed into DSP l3_sum0.
DSP Report: operator l3_sum0 is absorbed into DSP l3_sum0.
DSP Report: operator l3_mult_reg[3]0 is absorbed into DSP l3_sum0.
DSP Report: Generating DSP l3_sum0, operation Mode is (post resource management): PCIN+(A2*B)'.
DSP Report: register reg_L2_reg[2] is absorbed into DSP l3_sum0.
DSP Report: register l3_mult_reg[2] is absorbed into DSP l3_sum0.
DSP Report: operator l3_sum0 is absorbed into DSP l3_sum0.
DSP Report: operator l3_mult_reg[2]0 is absorbed into DSP l3_sum0.
DSP Report: Generating DSP l3_sum0, operation Mode is (post resource management): PCIN+(A2*B)'.
DSP Report: register reg_L2_reg[1] is absorbed into DSP l3_sum0.
DSP Report: register l3_mult_reg[1] is absorbed into DSP l3_sum0.
DSP Report: operator l3_sum0 is absorbed into DSP l3_sum0.
DSP Report: operator l3_mult_reg[1]0 is absorbed into DSP l3_sum0.
DSP Report: Generating DSP l4_mult_reg[15], operation Mode is (post resource management): (A2*B)'.
DSP Report: register reg_L3_reg[15] is absorbed into DSP l4_mult_reg[15].
DSP Report: register l4_mult_reg[15] is absorbed into DSP l4_mult_reg[15].
DSP Report: operator l4_mult_reg[15]0 is absorbed into DSP l4_mult_reg[15].
DSP Report: Generating DSP l4_sum0, operation Mode is (post resource management): PCIN+(A2*B)'.
DSP Report: register reg_L3_reg[0] is absorbed into DSP l4_sum0.
DSP Report: register l4_mult_reg[0] is absorbed into DSP l4_sum0.
DSP Report: operator l4_sum0 is absorbed into DSP l4_sum0.
DSP Report: operator l4_mult_reg[0]0 is absorbed into DSP l4_sum0.
DSP Report: Generating DSP l4_sum0, operation Mode is (post resource management): PCIN+(A2*B)'.
DSP Report: register reg_L3_reg[14] is absorbed into DSP l4_sum0.
DSP Report: register l4_mult_reg[14] is absorbed into DSP l4_sum0.
DSP Report: operator l4_sum0 is absorbed into DSP l4_sum0.
DSP Report: operator l4_mult_reg[14]0 is absorbed into DSP l4_sum0.
DSP Report: Generating DSP l4_sum0, operation Mode is (post resource management): PCIN+(A2*B)'.
DSP Report: register reg_L3_reg[13] is absorbed into DSP l4_sum0.
DSP Report: register l4_mult_reg[13] is absorbed into DSP l4_sum0.
DSP Report: operator l4_sum0 is absorbed into DSP l4_sum0.
DSP Report: operator l4_mult_reg[13]0 is absorbed into DSP l4_sum0.
DSP Report: Generating DSP l4_sum0, operation Mode is (post resource management): PCIN+(A2*B)'.
DSP Report: register reg_L3_reg[12] is absorbed into DSP l4_sum0.
DSP Report: register l4_mult_reg[12] is absorbed into DSP l4_sum0.
DSP Report: operator l4_sum0 is absorbed into DSP l4_sum0.
DSP Report: operator l4_mult_reg[12]0 is absorbed into DSP l4_sum0.
DSP Report: Generating DSP l4_sum0, operation Mode is (post resource management): PCIN+(A2*B)'.
DSP Report: register reg_L3_reg[11] is absorbed into DSP l4_sum0.
DSP Report: register l4_mult_reg[11] is absorbed into DSP l4_sum0.
DSP Report: operator l4_sum0 is absorbed into DSP l4_sum0.
DSP Report: operator l4_mult_reg[11]0 is absorbed into DSP l4_sum0.
DSP Report: Generating DSP l4_sum0, operation Mode is (post resource management): PCIN+(A2*B)'.
DSP Report: register reg_L3_reg[10] is absorbed into DSP l4_sum0.
DSP Report: register l4_mult_reg[10] is absorbed into DSP l4_sum0.
DSP Report: operator l4_sum0 is absorbed into DSP l4_sum0.
DSP Report: operator l4_mult_reg[10]0 is absorbed into DSP l4_sum0.
DSP Report: Generating DSP l4_sum0, operation Mode is (post resource management): PCIN+(A2*B)'.
DSP Report: register reg_L3_reg[9] is absorbed into DSP l4_sum0.
DSP Report: register l4_mult_reg[9] is absorbed into DSP l4_sum0.
DSP Report: operator l4_sum0 is absorbed into DSP l4_sum0.
DSP Report: operator l4_mult_reg[9]0 is absorbed into DSP l4_sum0.
DSP Report: Generating DSP l4_sum0, operation Mode is (post resource management): PCIN+(A2*B)'.
DSP Report: register reg_L3_reg[8] is absorbed into DSP l4_sum0.
DSP Report: register l4_mult_reg[8] is absorbed into DSP l4_sum0.
DSP Report: operator l4_sum0 is absorbed into DSP l4_sum0.
DSP Report: operator l4_mult_reg[8]0 is absorbed into DSP l4_sum0.
DSP Report: Generating DSP l4_sum0, operation Mode is (post resource management): PCIN+(A2*B)'.
DSP Report: register reg_L3_reg[7] is absorbed into DSP l4_sum0.
DSP Report: register l4_mult_reg[7] is absorbed into DSP l4_sum0.
DSP Report: operator l4_sum0 is absorbed into DSP l4_sum0.
DSP Report: operator l4_mult_reg[7]0 is absorbed into DSP l4_sum0.
DSP Report: Generating DSP l4_sum0, operation Mode is (post resource management): PCIN+(A2*B)'.
DSP Report: register reg_L3_reg[6] is absorbed into DSP l4_sum0.
DSP Report: register l4_mult_reg[6] is absorbed into DSP l4_sum0.
DSP Report: operator l4_sum0 is absorbed into DSP l4_sum0.
DSP Report: operator l4_mult_reg[6]0 is absorbed into DSP l4_sum0.
DSP Report: Generating DSP l4_sum0, operation Mode is (post resource management): PCIN+(A2*B)'.
DSP Report: register reg_L3_reg[5] is absorbed into DSP l4_sum0.
DSP Report: register l4_mult_reg[5] is absorbed into DSP l4_sum0.
DSP Report: operator l4_sum0 is absorbed into DSP l4_sum0.
DSP Report: operator l4_mult_reg[5]0 is absorbed into DSP l4_sum0.
DSP Report: Generating DSP l4_sum0, operation Mode is (post resource management): PCIN+(A2*B)'.
DSP Report: register reg_L3_reg[4] is absorbed into DSP l4_sum0.
DSP Report: register l4_mult_reg[4] is absorbed into DSP l4_sum0.
DSP Report: operator l4_sum0 is absorbed into DSP l4_sum0.
DSP Report: operator l4_mult_reg[4]0 is absorbed into DSP l4_sum0.
DSP Report: Generating DSP l4_sum0, operation Mode is (post resource management): PCIN+(A2*B)'.
DSP Report: register reg_L3_reg[3] is absorbed into DSP l4_sum0.
DSP Report: register l4_mult_reg[3] is absorbed into DSP l4_sum0.
DSP Report: operator l4_sum0 is absorbed into DSP l4_sum0.
DSP Report: operator l4_mult_reg[3]0 is absorbed into DSP l4_sum0.
DSP Report: Generating DSP l4_sum0, operation Mode is (post resource management): PCIN+(A2*B)'.
DSP Report: register reg_L3_reg[2] is absorbed into DSP l4_sum0.
DSP Report: register l4_mult_reg[2] is absorbed into DSP l4_sum0.
DSP Report: operator l4_sum0 is absorbed into DSP l4_sum0.
DSP Report: operator l4_mult_reg[2]0 is absorbed into DSP l4_sum0.
DSP Report: Generating DSP l4_sum0, operation Mode is (post resource management): PCIN+(A2*B)'.
DSP Report: register reg_L3_reg[1] is absorbed into DSP l4_sum0.
DSP Report: register l4_mult_reg[1] is absorbed into DSP l4_sum0.
DSP Report: operator l4_sum0 is absorbed into DSP l4_sum0.
DSP Report: operator l4_mult_reg[1]0 is absorbed into DSP l4_sum0.
---------------------------------------------------------------------------------
Start ROM, RAM, DSP, Shift Register and Retiming Reporting
---------------------------------------------------------------------------------

ROM: Preliminary Mapping Report
+------------+------------------+---------------+----------------+
|Module Name | RTL Object       | Depth x Width | Implemented As | 
+------------+------------------+---------------+----------------+
|mlp         | weights_l2[0,0]  | 32x8          | LUT            | 
|mlp         | weights_l1[0,0]  | 64x8          | LUT            | 
|mlp         | weights_l1[0,39] | 64x8          | LUT            | 
|mlp         | weights_l1[0,38] | 64x8          | LUT            | 
|mlp         | weights_l1[0,37] | 64x8          | LUT            | 
|mlp         | weights_l1[0,36] | 64x8          | LUT            | 
|mlp         | weights_l1[0,35] | 64x8          | LUT            | 
|mlp         | weights_l1[0,34] | 64x8          | LUT            | 
|mlp         | weights_l1[0,33] | 64x8          | LUT            | 
|mlp         | weights_l1[0,32] | 64x8          | LUT            | 
|mlp         | weights_l1[0,31] | 64x8          | LUT            | 
|mlp         | weights_l1[0,30] | 64x8          | LUT            | 
|mlp         | weights_l1[0,29] | 64x8          | LUT            | 
|mlp         | weights_l1[0,28] | 64x8          | LUT            | 
|mlp         | weights_l1[0,27] | 64x8          | LUT            | 
|mlp         | weights_l1[0,26] | 64x8          | LUT            | 
|mlp         | weights_l1[0,25] | 64x8          | LUT            | 
|mlp         | weights_l1[0,24] | 64x8          | LUT            | 
|mlp         | weights_l1[0,23] | 64x8          | LUT            | 
|mlp         | weights_l1[0,22] | 64x8          | LUT            | 
|mlp         | weights_l1[0,21] | 64x8          | LUT            | 
|mlp         | weights_l1[0,20] | 64x8          | LUT            | 
|mlp         | weights_l1[0,19] | 64x8          | LUT            | 
|mlp         | weights_l1[0,18] | 64x8          | LUT            | 
|mlp         | weights_l1[0,17] | 64x8          | LUT            | 
|mlp         | weights_l1[0,16] | 64x8          | LUT            | 
|mlp         | weights_l1[0,15] | 64x8          | LUT            | 
|mlp         | weights_l1[0,14] | 64x8          | LUT            | 
|mlp         | weights_l1[0,13] | 64x8          | LUT            | 
|mlp         | weights_l1[0,12] | 64x8          | LUT            | 
|mlp         | weights_l1[0,11] | 64x8          | LUT            | 
|mlp         | weights_l1[0,10] | 64x8          | LUT            | 
|mlp         | weights_l1[0,9]  | 64x8          | LUT            | 
|mlp         | weights_l1[0,8]  | 64x8          | LUT            | 
|mlp         | weights_l1[0,7]  | 64x8          | LUT            | 
|mlp         | weights_l1[0,6]  | 64x8          | LUT            | 
|mlp         | weights_l1[0,5]  | 64x8          | LUT            | 
|mlp         | weights_l1[0,4]  | 64x8          | LUT            | 
|mlp         | weights_l1[0,3]  | 64x8          | LUT            | 
|mlp         | weights_l1[0,2]  | 64x8          | LUT            | 
|mlp         | weights_l1[0,1]  | 64x8          | LUT            | 
|mlp         | weights_l2[0,63] | 32x7          | LUT            | 
|mlp         | weights_l2[0,62] | 32x8          | LUT            | 
|mlp         | weights_l2[0,61] | 32x7          | LUT            | 
|mlp         | weights_l2[0,60] | 32x7          | LUT            | 
|mlp         | weights_l2[0,59] | 32x7          | LUT            | 
|mlp         | weights_l2[0,58] | 32x7          | LUT            | 
|mlp         | weights_l2[0,57] | 32x8          | LUT            | 
|mlp         | weights_l2[0,56] | 32x8          | LUT            | 
|mlp         | weights_l2[0,55] | 32x8          | LUT            | 
|mlp         | weights_l2[0,54] | 32x7          | LUT            | 
|mlp         | weights_l2[0,53] | 32x7          | LUT            | 
|mlp         | weights_l2[0,52] | 32x8          | LUT            | 
|mlp         | weights_l2[0,51] | 32x7          | LUT            | 
|mlp         | weights_l2[0,50] | 32x8          | LUT            | 
|mlp         | weights_l2[0,49] | 32x7          | LUT            | 
|mlp         | weights_l2[0,48] | 32x7          | LUT            | 
|mlp         | weights_l2[0,47] | 32x7          | LUT            | 
|mlp         | weights_l2[0,46] | 32x7          | LUT            | 
|mlp         | weights_l2[0,45] | 32x7          | LUT            | 
|mlp         | weights_l2[0,44] | 32x7          | LUT            | 
|mlp         | weights_l2[0,43] | 32x8          | LUT            | 
|mlp         | weights_l2[0,42] | 32x7          | LUT            | 
|mlp         | weights_l2[0,41] | 32x8          | LUT            | 
|mlp         | weights_l2[0,40] | 32x7          | LUT            | 
|mlp         | weights_l2[0,39] | 32x7          | LUT            | 
|mlp         | weights_l2[0,38] | 32x8          | LUT            | 
|mlp         | weights_l2[0,37] | 32x7          | LUT            | 
|mlp         | weights_l2[0,36] | 32x8          | LUT            | 
|mlp         | weights_l2[0,35] | 32x8          | LUT            | 
|mlp         | weights_l2[0,34] | 32x8          | LUT            | 
|mlp         | weights_l2[0,33] | 32x7          | LUT            | 
|mlp         | weights_l2[0,32] | 32x8          | LUT            | 
|mlp         | weights_l2[0,31] | 32x7          | LUT            | 
|mlp         | weights_l2[0,30] | 32x7          | LUT            | 
|mlp         | weights_l2[0,29] | 32x8          | LUT            | 
|mlp         | weights_l2[0,28] | 32x7          | LUT            | 
|mlp         | weights_l2[0,27] | 32x7          | LUT            | 
|mlp         | weights_l2[0,26] | 32x7          | LUT            | 
|mlp         | weights_l2[0,25] | 32x7          | LUT            | 
|mlp         | weights_l2[0,24] | 32x7          | LUT            | 
|mlp         | weights_l2[0,23] | 32x8          | LUT            | 
|mlp         | weights_l2[0,22] | 32x7          | LUT            | 
|mlp         | weights_l2[0,21] | 32x8          | LUT            | 
|mlp         | weights_l2[0,20] | 32x7          | LUT            | 
|mlp         | weights_l2[0,19] | 32x8          | LUT            | 
|mlp         | weights_l2[0,18] | 32x8          | LUT            | 
|mlp         | weights_l2[0,17] | 32x7          | LUT            | 
|mlp         | weights_l2[0,16] | 32x7          | LUT            | 
|mlp         | weights_l2[0,15] | 32x8          | LUT            | 
|mlp         | weights_l2[0,14] | 32x7          | LUT            | 
|mlp         | weights_l2[0,13] | 32x8          | LUT            | 
|mlp         | weights_l2[0,12] | 32x7          | LUT            | 
|mlp         | weights_l2[0,11] | 32x7          | LUT            | 
|mlp         | weights_l2[0,10] | 32x7          | LUT            | 
|mlp         | weights_l2[0,9]  | 32x8          | LUT            | 
|mlp         | weights_l2[0,8]  | 32x7          | LUT            | 
|mlp         | weights_l2[0,7]  | 32x7          | LUT            | 
|mlp         | weights_l2[0,6]  | 32x7          | LUT            | 
|mlp         | weights_l2[0,5]  | 32x7          | LUT            | 
|mlp         | weights_l2[0,4]  | 32x8          | LUT            | 
|mlp         | weights_l2[0,3]  | 32x7          | LUT            | 
|mlp         | weights_l2[0,2]  | 32x8          | LUT            | 
|mlp         | weights_l2[0,1]  | 32x7          | LUT            | 
|mlp         | biases_l2[0]     | 32x16         | LUT            | 
|mlp         | weights_l1[0,1]  | 64x8          | LUT            | 
|mlp         | weights_l1[0,2]  | 64x8          | LUT            | 
|mlp         | weights_l1[0,3]  | 64x8          | LUT            | 
|mlp         | weights_l1[0,4]  | 64x8          | LUT            | 
|mlp         | weights_l1[0,5]  | 64x8          | LUT            | 
|mlp         | weights_l1[0,6]  | 64x8          | LUT            | 
|mlp         | weights_l1[0,7]  | 64x8          | LUT            | 
|mlp         | weights_l1[0,8]  | 64x8          | LUT            | 
|mlp         | weights_l1[0,9]  | 64x8          | LUT            | 
|mlp         | weights_l1[0,10] | 64x8          | LUT            | 
|mlp         | weights_l1[0,11] | 64x8          | LUT            | 
|mlp         | weights_l1[0,12] | 64x8          | LUT            | 
|mlp         | weights_l1[0,13] | 64x8          | LUT            | 
|mlp         | weights_l1[0,14] | 64x8          | LUT            | 
|mlp         | weights_l1[0,15] | 64x8          | LUT            | 
|mlp         | weights_l1[0,16] | 64x8          | LUT            | 
|mlp         | weights_l1[0,17] | 64x8          | LUT            | 
|mlp         | weights_l1[0,18] | 64x8          | LUT            | 
|mlp         | weights_l1[0,19] | 64x8          | LUT            | 
|mlp         | weights_l1[0,20] | 64x8          | LUT            | 
|mlp         | weights_l1[0,21] | 64x8          | LUT            | 
|mlp         | weights_l1[0,22] | 64x8          | LUT            | 
|mlp         | weights_l1[0,23] | 64x8          | LUT            | 
|mlp         | weights_l1[0,24] | 64x8          | LUT            | 
|mlp         | weights_l1[0,25] | 64x8          | LUT            | 
|mlp         | weights_l1[0,26] | 64x8          | LUT            | 
|mlp         | weights_l1[0,27] | 64x8          | LUT            | 
|mlp         | weights_l1[0,29] | 64x8          | LUT            | 
|mlp         | weights_l1[0,30] | 64x8          | LUT            | 
|mlp         | weights_l1[0,32] | 64x8          | LUT            | 
|mlp         | weights_l1[0,33] | 64x8          | LUT            | 
|mlp         | weights_l1[0,34] | 64x8          | LUT            | 
|mlp         | weights_l1[0,38] | 64x8          | LUT            | 
|mlp         | l1_bias_reg      | 64x16         | Block RAM      | 
|mlp         | weights_l2[0,1]  | 32x7          | LUT            | 
|mlp         | weights_l2[0,2]  | 32x8          | LUT            | 
|mlp         | weights_l2[0,3]  | 32x7          | LUT            | 
|mlp         | weights_l2[0,4]  | 32x8          | LUT            | 
|mlp         | weights_l2[0,5]  | 32x7          | LUT            | 
|mlp         | weights_l2[0,6]  | 32x7          | LUT            | 
|mlp         | weights_l2[0,7]  | 32x7          | LUT            | 
|mlp         | weights_l2[0,8]  | 32x7          | LUT            | 
|mlp         | weights_l2[0,9]  | 32x8          | LUT            | 
|mlp         | weights_l2[0,10] | 32x7          | LUT            | 
|mlp         | weights_l2[0,11] | 32x7          | LUT            | 
|mlp         | weights_l2[0,12] | 32x7          | LUT            | 
|mlp         | weights_l2[0,13] | 32x8          | LUT            | 
|mlp         | weights_l2[0,14] | 32x7          | LUT            | 
|mlp         | weights_l2[0,15] | 32x8          | LUT            | 
|mlp         | weights_l2[0,17] | 32x7          | LUT            | 
|mlp         | weights_l2[0,18] | 32x8          | LUT            | 
|mlp         | weights_l2[0,19] | 32x8          | LUT            | 
|mlp         | weights_l2[0,20] | 32x7          | LUT            | 
|mlp         | weights_l2[0,21] | 32x8          | LUT            | 
|mlp         | weights_l2[0,25] | 32x7          | LUT            | 
|mlp         | weights_l2[0,28] | 32x7          | LUT            | 
|mlp         | weights_l2[0,29] | 32x8          | LUT            | 
|mlp         | weights_l2[0,33] | 32x7          | LUT            | 
|mlp         | weights_l2[0,34] | 32x8          | LUT            | 
|mlp         | weights_l2[0,37] | 32x7          | LUT            | 
|mlp         | weights_l2[0,38] | 32x8          | LUT            | 
|mlp         | weights_l2[0,39] | 32x7          | LUT            | 
|mlp         | weights_l2[0,40] | 32x7          | LUT            | 
|mlp         | weights_l2[0,41] | 32x8          | LUT            | 
|mlp         | weights_l2[0,42] | 32x7          | LUT            | 
|mlp         | weights_l2[0,44] | 32x7          | LUT            | 
|mlp         | weights_l2[0,45] | 32x7          | LUT            | 
|mlp         | weights_l2[0,46] | 32x7          | LUT            | 
|mlp         | weights_l2[0,48] | 32x7          | LUT            | 
|mlp         | weights_l2[0,51] | 32x7          | LUT            | 
|mlp         | weights_l2[0,53] | 32x7          | LUT            | 
|mlp         | weights_l2[0,55] | 32x8          | LUT            | 
|mlp         | weights_l2[0,56] | 32x8          | LUT            | 
|mlp         | weights_l2[0,57] | 32x8          | LUT            | 
|mlp         | weights_l2[0,58] | 32x7          | LUT            | 
|mlp         | weights_l2[0,59] | 32x7          | LUT            | 
|mlp         | weights_l2[0,60] | 32x7          | LUT            | 
|mlp         | weights_l2[0,61] | 32x7          | LUT            | 
|mlp         | weights_l2[0,62] | 32x8          | LUT            | 
|mlp         | biases_l2[0]     | 32x16         | LUT            | 
+------------+------------------+---------------+----------------+


DSP: Preliminary Mapping Report (see note below. The ' indicates corresponding REG is set)
+------------+--------------+--------+--------+--------+--------+--------+------+------+------+------+-------+------+------+
|Module Name | DSP Mapping  | A Size | B Size | C Size | D Size | P Size | AREG | BREG | CREG | DREG | ADREG | MREG | PREG | 
+------------+--------------+--------+--------+--------+--------+--------+------+------+------+------+-------+------+------+
|mlp         | (A2*B)'      | 16     | 7      | -      | -      | 23     | 1    | 0    | -    | -    | -     | 1    | 0    | 
|mlp         | PCIN+(A2*B)' | 16     | 7      | -      | -      | 40     | 1    | 0    | -    | -    | -     | 1    | 0    | 
|mlp         | PCIN+(A2*B)' | 16     | 7      | -      | -      | 40     | 1    | 0    | -    | -    | -     | 1    | 0    | 
|mlp         | PCIN+(A2*B)' | 16     | 7      | -      | -      | 40     | 1    | 0    | -    | -    | -     | 1    | 0    | 
|mlp         | PCIN+(A2*B)' | 16     | 7      | -      | -      | 40     | 1    | 0    | -    | -    | -     | 1    | 0    | 
|mlp         | PCIN+(A2*B)' | 16     | 7      | -      | -      | 40     | 1    | 0    | -    | -    | -     | 1    | 0    | 
|mlp         | PCIN+(A2*B)' | 16     | 7      | -      | -      | 40     | 1    | 0    | -    | -    | -     | 1    | 0    | 
|mlp         | PCIN+(A2*B)' | 16     | 7      | -      | -      | 40     | 1    | 0    | -    | -    | -     | 1    | 0    | 
|mlp         | PCIN+(A2*B)' | 16     | 7      | -      | -      | 40     | 1    | 0    | -    | -    | -     | 1    | 0    | 
|mlp         | PCIN+(A2*B)' | 16     | 7      | -      | -      | 40     | 1    | 0    | -    | -    | -     | 1    | 0    | 
|mlp         | PCIN+(A2*B)' | 16     | 7      | -      | -      | 40     | 1    | 0    | -    | -    | -     | 1    | 0    | 
|mlp         | PCIN+(A2*B)' | 16     | 7      | -      | -      | 40     | 1    | 0    | -    | -    | -     | 1    | 0    | 
|mlp         | PCIN+(A2*B)' | 16     | 7      | -      | -      | 40     | 1    | 0    | -    | -    | -     | 1    | 0    | 
|mlp         | PCIN+(A2*B)' | 16     | 7      | -      | -      | 40     | 1    | 0    | -    | -    | -     | 1    | 0    | 
|mlp         | PCIN+(A2*B)' | 16     | 7      | -      | -      | 40     | 1    | 0    | -    | -    | -     | 1    | 0    | 
|mlp         | PCIN+(A2*B)' | 16     | 7      | -      | -      | 40     | 1    | 0    | -    | -    | -     | 1    | 0    | 
|mlp         | PCIN+(A2*B)' | 16     | 7      | -      | -      | 40     | 1    | 0    | -    | -    | -     | 1    | 0    | 
|mlp         | PCIN+(A2*B)' | 16     | 7      | -      | -      | 40     | 1    | 0    | -    | -    | -     | 1    | 0    | 
|mlp         | PCIN+(A2*B)' | 16     | 7      | -      | -      | 40     | 1    | 0    | -    | -    | -     | 1    | 0    | 
|mlp         | PCIN+(A2*B)' | 16     | 7      | -      | -      | 40     | 1    | 0    | -    | -    | -     | 1    | 0    | 
|mlp         | PCIN+(A2*B)' | 16     | 7      | -      | -      | 40     | 1    | 0    | -    | -    | -     | 1    | 0    | 
|mlp         | PCIN+(A2*B)' | 16     | 7      | -      | -      | 40     | 1    | 0    | -    | -    | -     | 1    | 0    | 
|mlp         | PCIN+(A2*B)' | 16     | 7      | -      | -      | 40     | 1    | 0    | -    | -    | -     | 1    | 0    | 
|mlp         | PCIN+(A2*B)' | 16     | 7      | -      | -      | 40     | 1    | 0    | -    | -    | -     | 1    | 0    | 
|mlp         | PCIN+(A2*B)' | 16     | 7      | -      | -      | 40     | 1    | 0    | -    | -    | -     | 1    | 0    | 
|mlp         | PCIN+(A2*B)' | 16     | 7      | -      | -      | 40     | 1    | 0    | -    | -    | -     | 1    | 0    | 
|mlp         | PCIN+(A2*B)' | 16     | 7      | -      | -      | 40     | 1    | 0    | -    | -    | -     | 1    | 0    | 
|mlp         | PCIN+(A2*B)' | 16     | 7      | -      | -      | 40     | 1    | 0    | -    | -    | -     | 1    | 0    | 
|mlp         | PCIN+(A2*B)' | 16     | 7      | -      | -      | 40     | 1    | 0    | -    | -    | -     | 1    | 0    | 
|mlp         | PCIN+(A2*B)' | 16     | 7      | -      | -      | 40     | 1    | 0    | -    | -    | -     | 1    | 0    | 
|mlp         | PCIN+(A2*B)' | 16     | 7      | -      | -      | 40     | 1    | 0    | -    | -    | -     | 1    | 0    | 
|mlp         | PCIN+(A2*B)' | 16     | 7      | -      | -      | 40     | 1    | 0    | -    | -    | -     | 1    | 0    | 
|mlp         | PCIN+(A2*B)' | 16     | 7      | -      | -      | 40     | 1    | 0    | -    | -    | -     | 1    | 0    | 
|mlp         | PCIN+(A2*B)' | 16     | 7      | -      | -      | 40     | 1    | 0    | -    | -    | -     | 1    | 0    | 
|mlp         | PCIN+(A2*B)' | 16     | 7      | -      | -      | 40     | 1    | 0    | -    | -    | -     | 1    | 0    | 
|mlp         | PCIN+(A2*B)' | 16     | 7      | -      | -      | 40     | 1    | 0    | -    | -    | -     | 1    | 0    | 
|mlp         | PCIN+(A2*B)' | 16     | 7      | -      | -      | 40     | 1    | 0    | -    | -    | -     | 1    | 0    | 
|mlp         | PCIN+(A2*B)' | 16     | 7      | -      | -      | 40     | 1    | 0    | -    | -    | -     | 1    | 0    | 
|mlp         | PCIN+(A2*B)' | 16     | 7      | -      | -      | 40     | 1    | 0    | -    | -    | -     | 1    | 0    | 
|mlp         | PCIN+(A2*B)' | 16     | 7      | -      | -      | 40     | 1    | 0    | -    | -    | -     | 1    | 0    | 
|mlp         | (A2*B)'      | 16     | 6      | -      | -      | 22     | 1    | 0    | -    | -    | -     | 1    | 0    | 
|mlp         | PCIN+(A2*B)' | 16     | 7      | -      | -      | 40     | 1    | 0    | -    | -    | -     | 1    | 0    | 
|mlp         | PCIN+(A2*B)' | 16     | 7      | -      | -      | 40     | 1    | 0    | -    | -    | -     | 1    | 0    | 
|mlp         | PCIN+(A2*B)' | 16     | 6      | -      | -      | 40     | 1    | 0    | -    | -    | -     | 1    | 0    | 
|mlp         | PCIN+(A2*B)' | 16     | 6      | -      | -      | 40     | 1    | 0    | -    | -    | -     | 1    | 0    | 
|mlp         | PCIN+(A2*B)' | 16     | 6      | -      | -      | 40     | 1    | 0    | -    | -    | -     | 1    | 0    | 
|mlp         | PCIN+(A2*B)' | 16     | 6      | -      | -      | 40     | 1    | 0    | -    | -    | -     | 1    | 0    | 
|mlp         | PCIN+(A2*B)' | 16     | 7      | -      | -      | 40     | 1    | 0    | -    | -    | -     | 1    | 0    | 
|mlp         | PCIN+(A2*B)' | 16     | 7      | -      | -      | 40     | 1    | 0    | -    | -    | -     | 1    | 0    | 
|mlp         | PCIN+(A2*B)' | 16     | 7      | -      | -      | 40     | 1    | 0    | -    | -    | -     | 1    | 0    | 
|mlp         | PCIN+(A2*B)' | 16     | 6      | -      | -      | 40     | 1    | 0    | -    | -    | -     | 1    | 0    | 
|mlp         | PCIN+(A2*B)' | 16     | 6      | -      | -      | 40     | 1    | 0    | -    | -    | -     | 1    | 0    | 
|mlp         | PCIN+(A2*B)' | 16     | 7      | -      | -      | 40     | 1    | 0    | -    | -    | -     | 1    | 0    | 
|mlp         | PCIN+(A2*B)' | 16     | 6      | -      | -      | 40     | 1    | 0    | -    | -    | -     | 1    | 0    | 
|mlp         | PCIN+(A2*B)' | 16     | 7      | -      | -      | 40     | 1    | 0    | -    | -    | -     | 1    | 0    | 
|mlp         | PCIN+(A2*B)' | 16     | 6      | -      | -      | 40     | 1    | 0    | -    | -    | -     | 1    | 0    | 
|mlp         | PCIN+(A2*B)' | 16     | 6      | -      | -      | 40     | 1    | 0    | -    | -    | -     | 1    | 0    | 
|mlp         | PCIN+(A2*B)' | 16     | 6      | -      | -      | 40     | 1    | 0    | -    | -    | -     | 1    | 0    | 
|mlp         | PCIN+(A2*B)' | 16     | 6      | -      | -      | 40     | 1    | 0    | -    | -    | -     | 1    | 0    | 
|mlp         | PCIN+(A2*B)' | 16     | 6      | -      | -      | 40     | 1    | 0    | -    | -    | -     | 1    | 0    | 
|mlp         | PCIN+(A2*B)' | 16     | 6      | -      | -      | 40     | 1    | 0    | -    | -    | -     | 1    | 0    | 
|mlp         | PCIN+(A2*B)' | 16     | 7      | -      | -      | 40     | 1    | 0    | -    | -    | -     | 1    | 0    | 
|mlp         | PCIN+(A2*B)' | 16     | 6      | -      | -      | 40     | 1    | 0    | -    | -    | -     | 1    | 0    | 
|mlp         | PCIN+(A2*B)' | 16     | 7      | -      | -      | 40     | 1    | 0    | -    | -    | -     | 1    | 0    | 
|mlp         | PCIN+(A2*B)' | 16     | 6      | -      | -      | 40     | 1    | 0    | -    | -    | -     | 1    | 0    | 
|mlp         | PCIN+(A2*B)' | 16     | 6      | -      | -      | 40     | 1    | 0    | -    | -    | -     | 1    | 0    | 
|mlp         | PCIN+(A2*B)' | 16     | 7      | -      | -      | 40     | 1    | 0    | -    | -    | -     | 1    | 0    | 
|mlp         | PCIN+(A2*B)' | 16     | 6      | -      | -      | 40     | 1    | 0    | -    | -    | -     | 1    | 0    | 
|mlp         | PCIN+(A2*B)' | 16     | 7      | -      | -      | 40     | 1    | 0    | -    | -    | -     | 1    | 0    | 
|mlp         | PCIN+(A2*B)' | 16     | 7      | -      | -      | 40     | 1    | 0    | -    | -    | -     | 1    | 0    | 
|mlp         | PCIN+(A2*B)' | 16     | 7      | -      | -      | 40     | 1    | 0    | -    | -    | -     | 1    | 0    | 
|mlp         | PCIN+(A2*B)' | 16     | 6      | -      | -      | 40     | 1    | 0    | -    | -    | -     | 1    | 0    | 
|mlp         | PCIN+(A2*B)' | 16     | 7      | -      | -      | 40     | 1    | 0    | -    | -    | -     | 1    | 0    | 
|mlp         | PCIN+(A2*B)' | 16     | 6      | -      | -      | 40     | 1    | 0    | -    | -    | -     | 1    | 0    | 
|mlp         | PCIN+(A2*B)' | 16     | 6      | -      | -      | 40     | 1    | 0    | -    | -    | -     | 1    | 0    | 
|mlp         | PCIN+(A2*B)' | 16     | 7      | -      | -      | 40     | 1    | 0    | -    | -    | -     | 1    | 0    | 
|mlp         | PCIN+(A2*B)' | 16     | 6      | -      | -      | 40     | 1    | 0    | -    | -    | -     | 1    | 0    | 
|mlp         | PCIN+(A2*B)' | 16     | 6      | -      | -      | 40     | 1    | 0    | -    | -    | -     | 1    | 0    | 
|mlp         | PCIN+(A2*B)' | 16     | 6      | -      | -      | 40     | 1    | 0    | -    | -    | -     | 1    | 0    | 
|mlp         | PCIN+(A2*B)' | 16     | 6      | -      | -      | 40     | 1    | 0    | -    | -    | -     | 1    | 0    | 
|mlp         | PCIN+(A2*B)' | 16     | 6      | -      | -      | 40     | 1    | 0    | -    | -    | -     | 1    | 0    | 
|mlp         | PCIN+(A2*B)' | 16     | 7      | -      | -      | 40     | 1    | 0    | -    | -    | -     | 1    | 0    | 
|mlp         | PCIN+(A2*B)' | 16     | 6      | -      | -      | 40     | 1    | 0    | -    | -    | -     | 1    | 0    | 
|mlp         | PCIN+(A2*B)' | 16     | 7      | -      | -      | 40     | 1    | 0    | -    | -    | -     | 1    | 0    | 
|mlp         | PCIN+(A2*B)' | 16     | 6      | -      | -      | 40     | 1    | 0    | -    | -    | -     | 1    | 0    | 
|mlp         | PCIN+(A2*B)' | 16     | 7      | -      | -      | 40     | 1    | 0    | -    | -    | -     | 1    | 0    | 
|mlp         | PCIN+(A2*B)' | 16     | 7      | -      | -      | 40     | 1    | 0    | -    | -    | -     | 1    | 0    | 
|mlp         | PCIN+(A2*B)' | 16     | 6      | -      | -      | 40     | 1    | 0    | -    | -    | -     | 1    | 0    | 
|mlp         | PCIN+(A2*B)' | 16     | 6      | -      | -      | 40     | 1    | 0    | -    | -    | -     | 1    | 0    | 
|mlp         | PCIN+(A2*B)' | 16     | 7      | -      | -      | 40     | 1    | 0    | -    | -    | -     | 1    | 0    | 
|mlp         | PCIN+(A2*B)' | 16     | 6      | -      | -      | 40     | 1    | 0    | -    | -    | -     | 1    | 0    | 
|mlp         | PCIN+(A2*B)' | 16     | 7      | -      | -      | 40     | 1    | 0    | -    | -    | -     | 1    | 0    | 
|mlp         | PCIN+(A2*B)' | 16     | 6      | -      | -      | 40     | 1    | 0    | -    | -    | -     | 1    | 0    | 
|mlp         | PCIN+(A2*B)' | 16     | 6      | -      | -      | 40     | 1    | 0    | -    | -    | -     | 1    | 0    | 
|mlp         | PCIN+(A2*B)' | 16     | 6      | -      | -      | 40     | 1    | 0    | -    | -    | -     | 1    | 0    | 
|mlp         | PCIN+(A2*B)' | 16     | 7      | -      | -      | 40     | 1    | 0    | -    | -    | -     | 1    | 0    | 
|mlp         | PCIN+(A2*B)' | 16     | 6      | -      | -      | 40     | 1    | 0    | -    | -    | -     | 1    | 0    | 
|mlp         | PCIN+(A2*B)' | 16     | 6      | -      | -      | 40     | 1    | 0    | -    | -    | -     | 1    | 0    | 
|mlp         | PCIN+(A2*B)' | 16     | 6      | -      | -      | 40     | 1    | 0    | -    | -    | -     | 1    | 0    | 
|mlp         | PCIN+(A2*B)' | 16     | 6      | -      | -      | 40     | 1    | 0    | -    | -    | -     | 1    | 0    | 
|mlp         | PCIN+(A2*B)' | 16     | 7      | -      | -      | 40     | 1    | 0    | -    | -    | -     | 1    | 0    | 
|mlp         | PCIN+(A2*B)' | 16     | 6      | -      | -      | 40     | 1    | 0    | -    | -    | -     | 1    | 0    | 
|mlp         | PCIN+(A2*B)' | 16     | 7      | -      | -      | 40     | 1    | 0    | -    | -    | -     | 1    | 0    | 
|mlp         | PCIN+(A2*B)' | 16     | 6      | -      | -      | 40     | 1    | 0    | -    | -    | -     | 1    | 0    | 
|mlp         | (A2*B)'      | 16     | 16     | -      | -      | 32     | 1    | 0    | -    | -    | -     | 1    | 0    | 
|mlp         | PCIN+(A2*B)' | 16     | 16     | -      | -      | 40     | 1    | 0    | -    | -    | -     | 1    | 0    | 
|mlp         | PCIN+(A2*B)' | 16     | 16     | -      | -      | 40     | 1    | 0    | -    | -    | -     | 1    | 0    | 
|mlp         | PCIN+(A2*B)' | 16     | 16     | -      | -      | 40     | 1    | 0    | -    | -    | -     | 1    | 0    | 
|mlp         | PCIN+(A2*B)' | 16     | 16     | -      | -      | 40     | 1    | 0    | -    | -    | -     | 1    | 0    | 
|mlp         | PCIN+(A2*B)' | 16     | 16     | -      | -      | 40     | 1    | 0    | -    | -    | -     | 1    | 0    | 
|mlp         | PCIN+(A2*B)' | 16     | 16     | -      | -      | 40     | 1    | 0    | -    | -    | -     | 1    | 0    | 
|mlp         | PCIN+(A2*B)' | 16     | 16     | -      | -      | 40     | 1    | 0    | -    | -    | -     | 1    | 0    | 
|mlp         | PCIN+(A2*B)' | 16     | 16     | -      | -      | 40     | 1    | 0    | -    | -    | -     | 1    | 0    | 
|mlp         | PCIN+(A2*B)' | 16     | 16     | -      | -      | 40     | 1    | 0    | -    | -    | -     | 1    | 0    | 
|mlp         | PCIN+(A2*B)' | 16     | 16     | -      | -      | 40     | 1    | 0    | -    | -    | -     | 1    | 0    | 
|mlp         | PCIN+(A2*B)' | 16     | 16     | -      | -      | 40     | 1    | 0    | -    | -    | -     | 1    | 0    | 
|mlp         | PCIN+(A2*B)' | 16     | 16     | -      | -      | 40     | 1    | 0    | -    | -    | -     | 1    | 0    | 
|mlp         | PCIN+(A2*B)' | 16     | 16     | -      | -      | 40     | 1    | 0    | -    | -    | -     | 1    | 0    | 
|mlp         | PCIN+(A2*B)' | 16     | 16     | -      | -      | 40     | 1    | 0    | -    | -    | -     | 1    | 0    | 
|mlp         | PCIN+(A2*B)' | 16     | 16     | -      | -      | 40     | 1    | 0    | -    | -    | -     | 1    | 0    | 
|mlp         | PCIN+(A2*B)' | 16     | 16     | -      | -      | 40     | 1    | 0    | -    | -    | -     | 1    | 0    | 
|mlp         | PCIN+(A2*B)' | 16     | 16     | -      | -      | 40     | 1    | 0    | -    | -    | -     | 1    | 0    | 
|mlp         | PCIN+(A2*B)' | 16     | 16     | -      | -      | 40     | 1    | 0    | -    | -    | -     | 1    | 0    | 
|mlp         | PCIN+(A2*B)' | 16     | 16     | -      | -      | 40     | 1    | 0    | -    | -    | -     | 1    | 0    | 
|mlp         | PCIN+(A2*B)' | 16     | 16     | -      | -      | 40     | 1    | 0    | -    | -    | -     | 1    | 0    | 
|mlp         | PCIN+(A2*B)' | 16     | 16     | -      | -      | 40     | 1    | 0    | -    | -    | -     | 1    | 0    | 
|mlp         | PCIN+(A2*B)' | 16     | 16     | -      | -      | 40     | 1    | 0    | -    | -    | -     | 1    | 0    | 
|mlp         | PCIN+(A2*B)' | 16     | 16     | -      | -      | 40     | 1    | 0    | -    | -    | -     | 1    | 0    | 
|mlp         | PCIN+(A2*B)' | 16     | 16     | -      | -      | 40     | 1    | 0    | -    | -    | -     | 1    | 0    | 
|mlp         | PCIN+(A2*B)' | 16     | 16     | -      | -      | 40     | 1    | 0    | -    | -    | -     | 1    | 0    | 
|mlp         | PCIN+(A2*B)' | 16     | 16     | -      | -      | 40     | 1    | 0    | -    | -    | -     | 1    | 0    | 
|mlp         | PCIN+(A2*B)' | 16     | 16     | -      | -      | 40     | 1    | 0    | -    | -    | -     | 1    | 0    | 
|mlp         | PCIN+(A2*B)' | 16     | 16     | -      | -      | 40     | 1    | 0    | -    | -    | -     | 1    | 0    | 
|mlp         | PCIN+(A2*B)' | 16     | 16     | -      | -      | 40     | 1    | 0    | -    | -    | -     | 1    | 0    | 
|mlp         | PCIN+(A2*B)' | 16     | 16     | -      | -      | 40     | 1    | 0    | -    | -    | -     | 1    | 0    | 
|mlp         | PCIN+(A2*B)' | 16     | 16     | -      | -      | 40     | 1    | 0    | -    | -    | -     | 1    | 0    | 
|mlp         | (A2*B)'      | 16     | 16     | -      | -      | 32     | 1    | 0    | -    | -    | -     | 1    | 0    | 
|mlp         | PCIN+(A2*B)' | 16     | 16     | -      | -      | 40     | 1    | 0    | -    | -    | -     | 1    | 0    | 
|mlp         | PCIN+(A2*B)' | 16     | 16     | -      | -      | 40     | 1    | 0    | -    | -    | -     | 1    | 0    | 
|mlp         | PCIN+(A2*B)' | 16     | 16     | -      | -      | 40     | 1    | 0    | -    | -    | -     | 1    | 0    | 
|mlp         | PCIN+(A2*B)' | 16     | 16     | -      | -      | 40     | 1    | 0    | -    | -    | -     | 1    | 0    | 
|mlp         | PCIN+(A2*B)' | 16     | 16     | -      | -      | 40     | 1    | 0    | -    | -    | -     | 1    | 0    | 
|mlp         | PCIN+(A2*B)' | 16     | 16     | -      | -      | 40     | 1    | 0    | -    | -    | -     | 1    | 0    | 
|mlp         | PCIN+(A2*B)' | 16     | 16     | -      | -      | 40     | 1    | 0    | -    | -    | -     | 1    | 0    | 
|mlp         | PCIN+(A2*B)' | 16     | 16     | -      | -      | 40     | 1    | 0    | -    | -    | -     | 1    | 0    | 
|mlp         | PCIN+(A2*B)' | 16     | 16     | -      | -      | 40     | 1    | 0    | -    | -    | -     | 1    | 0    | 
|mlp         | PCIN+(A2*B)' | 16     | 16     | -      | -      | 40     | 1    | 0    | -    | -    | -     | 1    | 0    | 
|mlp         | PCIN+(A2*B)' | 16     | 16     | -      | -      | 40     | 1    | 0    | -    | -    | -     | 1    | 0    | 
|mlp         | PCIN+(A2*B)' | 16     | 16     | -      | -      | 40     | 1    | 0    | -    | -    | -     | 1    | 0    | 
|mlp         | PCIN+(A2*B)' | 16     | 16     | -      | -      | 40     | 1    | 0    | -    | -    | -     | 1    | 0    | 
|mlp         | PCIN+(A2*B)' | 16     | 16     | -      | -      | 40     | 1    | 0    | -    | -    | -     | 1    | 0    | 
|mlp         | PCIN+(A2*B)' | 16     | 16     | -      | -      | 40     | 1    | 0    | -    | -    | -     | 1    | 0    | 
+------------+--------------+--------+--------+--------+--------+--------+------+------+------+------+-------+------+------+

Note: The table above is a preliminary report that shows the DSPs inferred at the current stage of the synthesis flow. Some DSP may be reimplemented as non DSP primitives later in the synthesis flow. Multiple instantiated DSPs are reported only once.
---------------------------------------------------------------------------------
Finished ROM, RAM, DSP, Shift Register and Retiming Reporting
---------------------------------------------------------------------------------
No constraint files found.
---------------------------------------------------------------------------------
Start Timing Optimization
---------------------------------------------------------------------------------
---------------------------------------------------------------------------------
Finished Timing Optimization : Time (s): cpu = 00:00:42 ; elapsed = 00:00:49 . Memory (MB): peak = 1790.012 ; gain = 877.504
---------------------------------------------------------------------------------
---------------------------------------------------------------------------------
Start Technology Mapping
---------------------------------------------------------------------------------
INFO: [Synth 8-7052] The timing for the instance U0/mlp_inst/l1_bias_reg (implemented as a Block RAM) might be sub-optimal as no optional output register could be merged into the ram block. Providing additional output register may help in improving timing.
---------------------------------------------------------------------------------
Finished Technology Mapping : Time (s): cpu = 00:00:43 ; elapsed = 00:00:51 . Memory (MB): peak = 1790.012 ; gain = 877.504
---------------------------------------------------------------------------------
---------------------------------------------------------------------------------
Start IO Insertion
---------------------------------------------------------------------------------
---------------------------------------------------------------------------------
Start Flattening Before IO Insertion
---------------------------------------------------------------------------------
---------------------------------------------------------------------------------
Finished Flattening Before IO Insertion
---------------------------------------------------------------------------------
---------------------------------------------------------------------------------
Start Final Netlist Cleanup
---------------------------------------------------------------------------------
---------------------------------------------------------------------------------
Finished Final Netlist Cleanup
---------------------------------------------------------------------------------
---------------------------------------------------------------------------------
Finished IO Insertion : Time (s): cpu = 00:00:49 ; elapsed = 00:00:57 . Memory (MB): peak = 1913.531 ; gain = 1001.023
---------------------------------------------------------------------------------
---------------------------------------------------------------------------------
Start Renaming Generated Instances
---------------------------------------------------------------------------------
---------------------------------------------------------------------------------
Finished Renaming Generated Instances : Time (s): cpu = 00:00:49 ; elapsed = 00:00:57 . Memory (MB): peak = 1913.531 ; gain = 1001.023
---------------------------------------------------------------------------------
---------------------------------------------------------------------------------
Start Rebuilding User Hierarchy
---------------------------------------------------------------------------------
---------------------------------------------------------------------------------
Finished Rebuilding User Hierarchy : Time (s): cpu = 00:00:49 ; elapsed = 00:00:57 . Memory (MB): peak = 1913.531 ; gain = 1001.023
---------------------------------------------------------------------------------
---------------------------------------------------------------------------------
Start Renaming Generated Ports
---------------------------------------------------------------------------------
---------------------------------------------------------------------------------
Finished Renaming Generated Ports : Time (s): cpu = 00:00:49 ; elapsed = 00:00:57 . Memory (MB): peak = 1913.531 ; gain = 1001.023
---------------------------------------------------------------------------------
---------------------------------------------------------------------------------
Start Handling Custom Attributes
---------------------------------------------------------------------------------
---------------------------------------------------------------------------------
Finished Handling Custom Attributes : Time (s): cpu = 00:00:49 ; elapsed = 00:00:57 . Memory (MB): peak = 1914.570 ; gain = 1002.062
---------------------------------------------------------------------------------
---------------------------------------------------------------------------------
Start Renaming Generated Nets
---------------------------------------------------------------------------------
---------------------------------------------------------------------------------
Finished Renaming Generated Nets : Time (s): cpu = 00:00:49 ; elapsed = 00:00:57 . Memory (MB): peak = 1914.570 ; gain = 1002.062
---------------------------------------------------------------------------------
---------------------------------------------------------------------------------
Start Writing Synthesis Report
---------------------------------------------------------------------------------

DSP Final Report (the ' indicates corresponding REG is set)
+------------+--------------+--------+--------+--------+--------+--------+------+------+------+------+-------+------+------+
|Module Name | DSP Mapping  | A Size | B Size | C Size | D Size | P Size | AREG | BREG | CREG | DREG | ADREG | MREG | PREG | 
+------------+--------------+--------+--------+--------+--------+--------+------+------+------+------+-------+------+------+
|mlp         | (A'*B)'      | 30     | 18     | -      | -      | 0      | 1    | 0    | -    | -    | -     | 0    | 1    | 
|mlp         | PCIN+(A'*B)' | 30     | 18     | -      | -      | 0      | 1    | 0    | -    | -    | -     | 1    | 0    | 
|mlp         | PCIN+(A'*B)' | 30     | 18     | -      | -      | 0      | 1    | 0    | -    | -    | -     | 1    | 0    | 
|mlp         | PCIN+(A'*B)' | 30     | 18     | -      | -      | 0      | 1    | 0    | -    | -    | -     | 1    | 0    | 
|mlp         | PCIN+(A'*B)' | 30     | 18     | -      | -      | 0      | 1    | 0    | -    | -    | -     | 1    | 0    | 
|mlp         | PCIN+(A'*B)' | 30     | 18     | -      | -      | 0      | 1    | 0    | -    | -    | -     | 1    | 0    | 
|mlp         | PCIN+(A'*B)' | 30     | 18     | -      | -      | 0      | 1    | 0    | -    | -    | -     | 1    | 0    | 
|mlp         | PCIN+(A'*B)' | 30     | 18     | -      | -      | 0      | 1    | 0    | -    | -    | -     | 1    | 0    | 
|mlp         | PCIN+(A'*B)' | 30     | 18     | -      | -      | 0      | 1    | 0    | -    | -    | -     | 1    | 0    | 
|mlp         | PCIN+(A'*B)' | 30     | 18     | -      | -      | 0      | 1    | 0    | -    | -    | -     | 1    | 0    | 
|mlp         | PCIN+(A'*B)' | 30     | 18     | -      | -      | 0      | 1    | 0    | -    | -    | -     | 1    | 0    | 
|mlp         | PCIN+(A'*B)' | 30     | 18     | -      | -      | 0      | 1    | 0    | -    | -    | -     | 1    | 0    | 
|mlp         | PCIN+(A'*B)' | 30     | 18     | -      | -      | 0      | 1    | 0    | -    | -    | -     | 1    | 0    | 
|mlp         | PCIN+(A'*B)' | 30     | 18     | -      | -      | 0      | 1    | 0    | -    | -    | -     | 1    | 0    | 
|mlp         | PCIN+(A'*B)' | 30     | 18     | -      | -      | 0      | 1    | 0    | -    | -    | -     | 1    | 0    | 
|mlp         | PCIN+(A'*B)' | 30     | 18     | -      | -      | 0      | 1    | 0    | -    | -    | -     | 1    | 0    | 
|mlp         | PCIN+(A'*B)' | 30     | 18     | -      | -      | 0      | 1    | 0    | -    | -    | -     | 1    | 0    | 
|mlp         | PCIN+(A'*B)' | 30     | 18     | -      | -      | 0      | 1    | 0    | -    | -    | -     | 1    | 0    | 
|mlp         | PCIN+(A'*B)' | 30     | 18     | -      | -      | 0      | 1    | 0    | -    | -    | -     | 1    | 0    | 
|mlp         | PCIN+(A'*B)' | 30     | 18     | -      | -      | 0      | 1    | 0    | -    | -    | -     | 1    | 0    | 
|mlp         | PCIN+(A'*B)' | 30     | 18     | -      | -      | 0      | 1    | 0    | -    | -    | -     | 1    | 0    | 
|mlp         | PCIN+(A'*B)' | 30     | 18     | -      | -      | 0      | 1    | 0    | -    | -    | -     | 1    | 0    | 
|mlp         | PCIN+(A'*B)' | 30     | 18     | -      | -      | 0      | 1    | 0    | -    | -    | -     | 1    | 0    | 
|mlp         | PCIN+(A'*B)' | 30     | 18     | -      | -      | 0      | 1    | 0    | -    | -    | -     | 1    | 0    | 
|mlp         | PCIN+(A'*B)' | 30     | 18     | -      | -      | 0      | 1    | 0    | -    | -    | -     | 1    | 0    | 
|mlp         | PCIN+(A'*B)' | 30     | 18     | -      | -      | 0      | 1    | 0    | -    | -    | -     | 1    | 0    | 
|mlp         | PCIN+(A'*B)' | 30     | 18     | -      | -      | 0      | 1    | 0    | -    | -    | -     | 1    | 0    | 
|mlp         | PCIN+(A'*B)' | 30     | 18     | -      | -      | 0      | 1    | 0    | -    | -    | -     | 1    | 0    | 
|mlp         | PCIN+(A'*B)' | 30     | 18     | -      | -      | 0      | 1    | 0    | -    | -    | -     | 1    | 0    | 
|mlp         | PCIN+(A'*B)' | 30     | 18     | -      | -      | 0      | 1    | 0    | -    | -    | -     | 1    | 0    | 
|mlp         | PCIN+(A'*B)' | 30     | 18     | -      | -      | 0      | 1    | 0    | -    | -    | -     | 1    | 0    | 
|mlp         | PCIN+(A'*B)' | 30     | 18     | -      | -      | 0      | 1    | 0    | -    | -    | -     | 1    | 0    | 
|mlp         | PCIN+(A'*B)' | 30     | 18     | -      | -      | 0      | 1    | 0    | -    | -    | -     | 1    | 0    | 
|mlp         | PCIN+(A'*B)' | 30     | 18     | -      | -      | 0      | 1    | 0    | -    | -    | -     | 1    | 0    | 
|mlp         | PCIN+(A'*B)' | 30     | 18     | -      | -      | 0      | 1    | 0    | -    | -    | -     | 1    | 0    | 
|mlp         | PCIN+(A'*B)' | 30     | 18     | -      | -      | 0      | 1    | 0    | -    | -    | -     | 1    | 0    | 
|mlp         | PCIN+(A'*B)' | 30     | 18     | -      | -      | 0      | 1    | 0    | -    | -    | -     | 1    | 0    | 
|mlp         | PCIN+(A'*B)' | 30     | 18     | -      | -      | 0      | 1    | 0    | -    | -    | -     | 1    | 0    | 
|mlp         | PCIN+(A'*B)' | 30     | 18     | -      | -      | 0      | 1    | 0    | -    | -    | -     | 1    | 0    | 
|mlp         | PCIN+(A'*B)' | 30     | 18     | -      | -      | 40     | 1    | 0    | -    | -    | -     | 1    | 0    | 
|mlp         | (A'*B)'      | 30     | 18     | -      | -      | 0      | 1    | 0    | -    | -    | -     | 0    | 1    | 
|mlp         | PCIN+(A'*B)' | 30     | 18     | -      | -      | 0      | 1    | 0    | -    | -    | -     | 1    | 0    | 
|mlp         | PCIN+(A'*B)' | 30     | 18     | -      | -      | 0      | 1    | 0    | -    | -    | -     | 1    | 0    | 
|mlp         | PCIN+(A'*B)' | 30     | 18     | -      | -      | 0      | 1    | 0    | -    | -    | -     | 1    | 0    | 
|mlp         | PCIN+(A'*B)' | 30     | 18     | -      | -      | 0      | 1    | 0    | -    | -    | -     | 1    | 0    | 
|mlp         | PCIN+(A'*B)' | 30     | 18     | -      | -      | 0      | 1    | 0    | -    | -    | -     | 1    | 0    | 
|mlp         | PCIN+(A'*B)' | 30     | 18     | -      | -      | 0      | 1    | 0    | -    | -    | -     | 1    | 0    | 
|mlp         | PCIN+(A'*B)' | 30     | 18     | -      | -      | 0      | 1    | 0    | -    | -    | -     | 1    | 0    | 
|mlp         | PCIN+(A'*B)' | 30     | 18     | -      | -      | 0      | 1    | 0    | -    | -    | -     | 1    | 0    | 
|mlp         | PCIN+(A'*B)' | 30     | 18     | -      | -      | 0      | 1    | 0    | -    | -    | -     | 1    | 0    | 
|mlp         | PCIN+(A'*B)' | 30     | 18     | -      | -      | 0      | 1    | 0    | -    | -    | -     | 1    | 0    | 
|mlp         | PCIN+(A'*B)' | 30     | 18     | -      | -      | 0      | 1    | 0    | -    | -    | -     | 1    | 0    | 
|mlp         | PCIN+(A'*B)' | 30     | 18     | -      | -      | 0      | 1    | 0    | -    | -    | -     | 1    | 0    | 
|mlp         | PCIN+(A'*B)' | 30     | 18     | -      | -      | 0      | 1    | 0    | -    | -    | -     | 1    | 0    | 
|mlp         | PCIN+(A'*B)' | 30     | 18     | -      | -      | 0      | 1    | 0    | -    | -    | -     | 1    | 0    | 
|mlp         | PCIN+(A'*B)' | 30     | 18     | -      | -      | 0      | 1    | 0    | -    | -    | -     | 1    | 0    | 
|mlp         | PCIN+(A'*B)' | 30     | 18     | -      | -      | 0      | 1    | 0    | -    | -    | -     | 1    | 0    | 
|mlp         | PCIN+(A'*B)' | 30     | 18     | -      | -      | 0      | 1    | 0    | -    | -    | -     | 1    | 0    | 
|mlp         | PCIN+(A'*B)' | 30     | 18     | -      | -      | 0      | 1    | 0    | -    | -    | -     | 1    | 0    | 
|mlp         | PCIN+(A'*B)' | 30     | 18     | -      | -      | 0      | 1    | 0    | -    | -    | -     | 1    | 0    | 
|mlp         | PCIN+(A'*B)' | 30     | 18     | -      | -      | 0      | 1    | 0    | -    | -    | -     | 1    | 0    | 
|mlp         | PCIN+(A'*B)' | 30     | 18     | -      | -      | 0      | 1    | 0    | -    | -    | -     | 1    | 0    | 
|mlp         | PCIN+(A'*B)' | 30     | 18     | -      | -      | 0      | 1    | 0    | -    | -    | -     | 1    | 0    | 
|mlp         | PCIN+(A'*B)' | 30     | 18     | -      | -      | 0      | 1    | 0    | -    | -    | -     | 1    | 0    | 
|mlp         | PCIN+(A'*B)' | 30     | 18     | -      | -      | 0      | 1    | 0    | -    | -    | -     | 1    | 0    | 
|mlp         | PCIN+(A'*B)' | 30     | 18     | -      | -      | 0      | 1    | 0    | -    | -    | -     | 1    | 0    | 
|mlp         | PCIN+(A'*B)' | 30     | 18     | -      | -      | 0      | 1    | 0    | -    | -    | -     | 1    | 0    | 
|mlp         | PCIN+(A'*B)' | 30     | 18     | -      | -      | 0      | 1    | 0    | -    | -    | -     | 1    | 0    | 
|mlp         | PCIN+(A'*B)' | 30     | 18     | -      | -      | 0      | 1    | 0    | -    | -    | -     | 1    | 0    | 
|mlp         | PCIN+(A'*B)' | 30     | 18     | -      | -      | 0      | 1    | 0    | -    | -    | -     | 1    | 0    | 
|mlp         | PCIN+(A'*B)' | 30     | 18     | -      | -      | 0      | 1    | 0    | -    | -    | -     | 1    | 0    | 
|mlp         | PCIN+(A'*B)' | 30     | 18     | -      | -      | 0      | 1    | 0    | -    | -    | -     | 1    | 0    | 
|mlp         | PCIN+(A'*B)' | 30     | 18     | -      | -      | 0      | 1    | 0    | -    | -    | -     | 1    | 0    | 
|mlp         | PCIN+(A'*B)' | 30     | 18     | -      | -      | 0      | 1    | 0    | -    | -    | -     | 1    | 0    | 
|mlp         | PCIN+(A'*B)' | 30     | 18     | -      | -      | 0      | 1    | 0    | -    | -    | -     | 1    | 0    | 
|mlp         | PCIN+(A'*B)' | 30     | 18     | -      | -      | 0      | 1    | 0    | -    | -    | -     | 1    | 0    | 
|mlp         | PCIN+(A'*B)' | 30     | 18     | -      | -      | 0      | 1    | 0    | -    | -    | -     | 1    | 0    | 
|mlp         | PCIN+(A'*B)' | 30     | 18     | -      | -      | 0      | 1    | 0    | -    | -    | -     | 1    | 0    | 
|mlp         | PCIN+(A'*B)' | 30     | 18     | -      | -      | 0      | 1    | 0    | -    | -    | -     | 1    | 0    | 
|mlp         | PCIN+(A'*B)' | 30     | 18     | -      | -      | 0      | 1    | 0    | -    | -    | -     | 1    | 0    | 
|mlp         | PCIN+(A'*B)' | 30     | 18     | -      | -      | 0      | 1    | 0    | -    | -    | -     | 1    | 0    | 
|mlp         | PCIN+(A'*B)' | 30     | 18     | -      | -      | 0      | 1    | 0    | -    | -    | -     | 1    | 0    | 
|mlp         | PCIN+(A'*B)' | 30     | 18     | -      | -      | 0      | 1    | 0    | -    | -    | -     | 1    | 0    | 
|mlp         | PCIN+(A'*B)' | 30     | 18     | -      | -      | 0      | 1    | 0    | -    | -    | -     | 1    | 0    | 
|mlp         | PCIN+(A'*B)' | 30     | 18     | -      | -      | 0      | 1    | 0    | -    | -    | -     | 1    | 0    | 
|mlp         | PCIN+(A'*B)' | 30     | 18     | -      | -      | 0      | 1    | 0    | -    | -    | -     | 1    | 0    | 
|mlp         | PCIN+(A'*B)' | 30     | 18     | -      | -      | 0      | 1    | 0    | -    | -    | -     | 1    | 0    | 
|mlp         | PCIN+(A'*B)' | 30     | 18     | -      | -      | 0      | 1    | 0    | -    | -    | -     | 1    | 0    | 
|mlp         | PCIN+(A'*B)' | 30     | 18     | -      | -      | 0      | 1    | 0    | -    | -    | -     | 1    | 0    | 
|mlp         | PCIN+(A'*B)' | 30     | 18     | -      | -      | 0      | 1    | 0    | -    | -    | -     | 1    | 0    | 
|mlp         | PCIN+(A'*B)' | 30     | 18     | -      | -      | 0      | 1    | 0    | -    | -    | -     | 1    | 0    | 
|mlp         | PCIN+(A'*B)' | 30     | 18     | -      | -      | 0      | 1    | 0    | -    | -    | -     | 1    | 0    | 
|mlp         | PCIN+(A'*B)' | 30     | 18     | -      | -      | 0      | 1    | 0    | -    | -    | -     | 1    | 0    | 
|mlp         | PCIN+(A'*B)' | 30     | 18     | -      | -      | 0      | 1    | 0    | -    | -    | -     | 1    | 0    | 
|mlp         | PCIN+(A'*B)' | 30     | 18     | -      | -      | 0      | 1    | 0    | -    | -    | -     | 1    | 0    | 
|mlp         | PCIN+(A'*B)' | 30     | 18     | -      | -      | 0      | 1    | 0    | -    | -    | -     | 1    | 0    | 
|mlp         | PCIN+(A'*B)' | 30     | 18     | -      | -      | 0      | 1    | 0    | -    | -    | -     | 1    | 0    | 
|mlp         | PCIN+(A'*B)' | 30     | 18     | -      | -      | 0      | 1    | 0    | -    | -    | -     | 1    | 0    | 
|mlp         | PCIN+(A'*B)' | 30     | 18     | -      | -      | 0      | 1    | 0    | -    | -    | -     | 1    | 0    | 
|mlp         | PCIN+(A'*B)' | 30     | 18     | -      | -      | 40     | 1    | 0    | -    | -    | -     | 1    | 0    | 
|mlp         | C+(A'*B)'    | 30     | 18     | 48     | -      | 0      | 1    | 0    | 0    | -    | -     | 1    | 0    | 
|mlp         | PCIN+(A'*B)' | 30     | 18     | -      | -      | 0      | 1    | 0    | -    | -    | -     | 1    | 0    | 
|mlp         | PCIN+(A'*B)' | 30     | 18     | -      | -      | 0      | 1    | 0    | -    | -    | -     | 1    | 0    | 
|mlp         | PCIN+(A'*B)' | 30     | 18     | -      | -      | 40     | 1    | 0    | -    | -    | -     | 1    | 0    | 
|mlp         | (A'*B)'      | 30     | 18     | -      | -      | 0      | 1    | 0    | -    | -    | -     | 0    | 1    | 
|mlp         | PCIN+(A'*B)' | 30     | 18     | -      | -      | 0      | 1    | 0    | -    | -    | -     | 1    | 0    | 
|mlp         | PCIN+(A'*B)' | 30     | 18     | -      | -      | 0      | 1    | 0    | -    | -    | -     | 1    | 0    | 
|mlp         | PCIN+(A'*B)' | 30     | 18     | -      | -      | 0      | 1    | 0    | -    | -    | -     | 1    | 0    | 
|mlp         | PCIN+(A'*B)' | 30     | 18     | -      | -      | 0      | 1    | 0    | -    | -    | -     | 1    | 0    | 
|mlp         | PCIN+(A'*B)' | 30     | 18     | -      | -      | 0      | 1    | 0    | -    | -    | -     | 1    | 0    | 
|mlp         | PCIN+(A'*B)' | 30     | 18     | -      | -      | 0      | 1    | 0    | -    | -    | -     | 1    | 0    | 
|mlp         | PCIN+(A'*B)' | 30     | 18     | -      | -      | 0      | 1    | 0    | -    | -    | -     | 1    | 0    | 
|mlp         | PCIN+(A'*B)' | 30     | 18     | -      | -      | 0      | 1    | 0    | -    | -    | -     | 1    | 0    | 
|mlp         | PCIN+(A'*B)' | 30     | 18     | -      | -      | 0      | 1    | 0    | -    | -    | -     | 1    | 0    | 
|mlp         | PCIN+(A'*B)' | 30     | 18     | -      | -      | 0      | 1    | 0    | -    | -    | -     | 1    | 0    | 
|mlp         | PCIN+(A'*B)' | 30     | 18     | -      | -      | 0      | 1    | 0    | -    | -    | -     | 1    | 0    | 
|mlp         | PCIN+(A'*B)' | 30     | 18     | -      | -      | 0      | 1    | 0    | -    | -    | -     | 1    | 0    | 
|mlp         | PCIN+(A'*B)' | 30     | 18     | -      | -      | 0      | 1    | 0    | -    | -    | -     | 1    | 0    | 
|mlp         | PCIN+(A'*B)' | 30     | 18     | -      | -      | 0      | 1    | 0    | -    | -    | -     | 1    | 0    | 
|mlp         | PCIN+(A'*B)' | 30     | 18     | -      | -      | 0      | 1    | 0    | -    | -    | -     | 1    | 0    | 
|mlp         | PCIN+(A'*B)' | 30     | 18     | -      | -      | 0      | 1    | 0    | -    | -    | -     | 1    | 0    | 
|mlp         | PCIN+(A'*B)' | 30     | 18     | -      | -      | 0      | 1    | 0    | -    | -    | -     | 1    | 0    | 
|mlp         | PCIN+(A'*B)' | 30     | 18     | -      | -      | 0      | 1    | 0    | -    | -    | -     | 1    | 0    | 
|mlp         | PCIN+(A'*B)' | 30     | 18     | -      | -      | 0      | 1    | 0    | -    | -    | -     | 1    | 0    | 
|mlp         | PCIN+(A'*B)' | 30     | 18     | -      | -      | 0      | 1    | 0    | -    | -    | -     | 1    | 0    | 
|mlp         | PCIN+(A'*B)' | 30     | 18     | -      | -      | 0      | 1    | 0    | -    | -    | -     | 1    | 0    | 
|mlp         | PCIN+(A'*B)' | 30     | 18     | -      | -      | 0      | 1    | 0    | -    | -    | -     | 1    | 0    | 
|mlp         | PCIN+(A'*B)' | 30     | 18     | -      | -      | 0      | 1    | 0    | -    | -    | -     | 1    | 0    | 
|mlp         | PCIN+(A'*B)' | 30     | 18     | -      | -      | 0      | 1    | 0    | -    | -    | -     | 1    | 0    | 
|mlp         | PCIN+(A'*B)' | 30     | 18     | -      | -      | 0      | 1    | 0    | -    | -    | -     | 1    | 0    | 
|mlp         | PCIN+(A'*B)' | 30     | 18     | -      | -      | 0      | 1    | 0    | -    | -    | -     | 1    | 0    | 
|mlp         | PCIN+(A'*B)' | 30     | 18     | -      | -      | 0      | 1    | 0    | -    | -    | -     | 1    | 0    | 
|mlp         | PCIN+(A'*B)' | 30     | 18     | -      | -      | 0      | 1    | 0    | -    | -    | -     | 1    | 0    | 
|mlp         | PCIN+(A'*B)' | 30     | 18     | -      | -      | 0      | 1    | 0    | -    | -    | -     | 1    | 0    | 
|mlp         | PCIN+(A'*B)' | 30     | 18     | -      | -      | 0      | 1    | 0    | -    | -    | -     | 1    | 0    | 
|mlp         | PCIN+(A'*B)' | 30     | 18     | -      | -      | 40     | 1    | 0    | -    | -    | -     | 1    | 0    | 
|mlp         | (A'*B)'      | 30     | 18     | -      | -      | 0      | 1    | 0    | -    | -    | -     | 0    | 1    | 
|mlp         | PCIN+(A'*B)' | 30     | 18     | -      | -      | 0      | 1    | 0    | -    | -    | -     | 1    | 0    | 
|mlp         | PCIN+(A'*B)' | 30     | 18     | -      | -      | 0      | 1    | 0    | -    | -    | -     | 1    | 0    | 
|mlp         | PCIN+(A'*B)' | 30     | 18     | -      | -      | 0      | 1    | 0    | -    | -    | -     | 1    | 0    | 
|mlp         | PCIN+(A'*B)' | 30     | 18     | -      | -      | 0      | 1    | 0    | -    | -    | -     | 1    | 0    | 
|mlp         | PCIN+(A'*B)' | 30     | 18     | -      | -      | 0      | 1    | 0    | -    | -    | -     | 1    | 0    | 
|mlp         | PCIN+(A'*B)' | 30     | 18     | -      | -      | 0      | 1    | 0    | -    | -    | -     | 1    | 0    | 
|mlp         | PCIN+(A'*B)' | 30     | 18     | -      | -      | 0      | 1    | 0    | -    | -    | -     | 1    | 0    | 
|mlp         | PCIN+(A'*B)' | 30     | 18     | -      | -      | 0      | 1    | 0    | -    | -    | -     | 1    | 0    | 
|mlp         | PCIN+(A'*B)' | 30     | 18     | -      | -      | 0      | 1    | 0    | -    | -    | -     | 1    | 0    | 
|mlp         | PCIN+(A'*B)' | 30     | 18     | -      | -      | 0      | 1    | 0    | -    | -    | -     | 1    | 0    | 
|mlp         | PCIN+(A'*B)' | 30     | 18     | -      | -      | 0      | 1    | 0    | -    | -    | -     | 1    | 0    | 
|mlp         | PCIN+(A'*B)' | 30     | 18     | -      | -      | 0      | 1    | 0    | -    | -    | -     | 1    | 0    | 
|mlp         | PCIN+(A'*B)' | 30     | 18     | -      | -      | 0      | 1    | 0    | -    | -    | -     | 1    | 0    | 
|mlp         | PCIN+(A'*B)' | 30     | 18     | -      | -      | 0      | 1    | 0    | -    | -    | -     | 1    | 0    | 
|mlp         | PCIN+(A'*B)' | 30     | 18     | -      | -      | 40     | 1    | 0    | -    | -    | -     | 1    | 0    | 
+------------+--------------+--------+--------+--------+--------+--------+------+------+------+------+-------+------+------+


Report BlackBoxes: 
+-+--------------+----------+
| |BlackBox name |Instances |
+-+--------------+----------+
+-+--------------+----------+

Report Cell Usage: 
+------+---------+------+
|      |Cell     |Count |
+------+---------+------+
|1     |CARRY4   |    79|
|2     |DSP48E1  |   152|
|3     |LUT1     |    43|
|4     |LUT2     |   305|
|5     |LUT3     |   100|
|6     |LUT4     |   719|
|7     |LUT5     |   520|
|8     |LUT6     |   408|
|9     |RAMB18E1 |     1|
|10    |FDRE     |   352|
|11    |FDSE     |    47|
+------+---------+------+
---------------------------------------------------------------------------------
Finished Writing Synthesis Report : Time (s): cpu = 00:00:49 ; elapsed = 00:00:57 . Memory (MB): peak = 1914.570 ; gain = 1002.062
---------------------------------------------------------------------------------
Synthesis finished with 0 errors, 0 critical warnings and 0 warnings.
Synthesis Optimization Runtime : Time (s): cpu = 00:00:33 ; elapsed = 00:00:53 . Memory (MB): peak = 1914.570 ; gain = 916.656
Synthesis Optimization Complete : Time (s): cpu = 00:00:49 ; elapsed = 00:00:57 . Memory (MB): peak = 1914.570 ; gain = 1002.062
INFO: [Project 1-571] Translating synthesized netlist
Netlist sorting complete. Time (s): cpu = 00:00:00 ; elapsed = 00:00:00.060 . Memory (MB): peak = 1926.617 ; gain = 0.000
INFO: [Netlist 29-17] Analyzing 232 Unisim elements for replacement
INFO: [Netlist 29-28] Unisim Transformation completed in 0 CPU seconds
WARNING: [Netlist 29-101] Netlist 'mlp_system_mlp_axi_wrapper_0_1' is not ideal for floorplanning, since the cellview 'mlp' contains a large number of primitives.  Please consider enabling hierarchy in synthesis if you want to do floorplanning.
INFO: [Project 1-570] Preparing netlist for logic optimization
INFO: [Opt 31-138] Pushed 0 inverter(s) to 0 load pin(s).
Netlist sorting complete. Time (s): cpu = 00:00:00 ; elapsed = 00:00:00.002 . Memory (MB): peak = 2026.660 ; gain = 0.000
INFO: [Project 1-111] Unisim Transformation Summary:
No Unisim elements were transformed.

Synth Design complete | Checksum: f1c276a3
INFO: [Common 17-83] Releasing license: Synthesis
59 Infos, 5 Warnings, 0 Critical Warnings and 0 Errors encountered.
synth_design completed successfully
synth_design: Time (s): cpu = 00:00:55 ; elapsed = 00:01:07 . Memory (MB): peak = 2026.660 ; gain = 1337.484
INFO: [Coretcl 2-1174] Renamed 2 cell refs.
Write ShapeDB Complete: Time (s): cpu = 00:00:00 ; elapsed = 00:00:00.009 . Memory (MB): peak = 2026.660 ; gain = 0.000
INFO: [Common 17-1381] The checkpoint 'D:/vivado projects/hft/hft.runs/mlp_system_mlp_axi_wrapper_0_1_synth_1/mlp_system_mlp_axi_wrapper_0_1.dcp' has been generated.
INFO: [Vivado 12-24828] Executing command : report_utilization -file mlp_system_mlp_axi_wrapper_0_1_utilization_synth.rpt -pb mlp_system_mlp_axi_wrapper_0_1_utilization_synth.pb
INFO: [Common 17-206] Exiting Vivado at Thu Apr 16 20:08:46 2026...
